#! /usr/bin/vvp
:ivl_version "12.0 (stable)";
:ivl_delay_selection "TYPICAL";
:vpi_time_precision - 12;
:vpi_module "/usr/lib/x86_64-linux-gnu/ivl/system.vpi";
:vpi_module "/usr/lib/x86_64-linux-gnu/ivl/vhdl_sys.vpi";
:vpi_module "/usr/lib/x86_64-linux-gnu/ivl/vhdl_textio.vpi";
:vpi_module "/usr/lib/x86_64-linux-gnu/ivl/v2005_math.vpi";
:vpi_module "/usr/lib/x86_64-linux-gnu/ivl/va_math.vpi";
S_0x6470d7422800 .scope module, "ga_ops_tb" "ga_ops_tb" 2 29;
 .timescale -9 -12;
v0x6470d76533d0_0 .var "A", 11 0;
v0x6470d76534b0_0 .var "B", 11 0;
v0x6470d7653570_0 .var "C", 11 0;
v0x6470d7653610_0 .var "D", 11 0;
v0x6470d76536d0 .array/i "bv", 8 0, 31 0;
v0x6470d7653790_0 .net "cj_a", 13 0, v0x6470d7603a10_0;  1 drivers
v0x6470d76538a0_0 .net "cj_b", 11 0, L_0x6470d7654d10;  1 drivers
v0x6470d7653960_0 .net "dt", 25 0, v0x6470d7611b30_0;  1 drivers
v0x6470d7653a50_0 .var/i "i", 31 0;
v0x6470d7653bc0_0 .var/i "nfail", 31 0;
v0x6470d7653ca0_0 .var/i "npass", 31 0;
v0x6470d7653d80_0 .var/i "nvec", 31 0;
v0x6470d7653e60_0 .net "sd", 25 0, L_0x6470d7657630;  1 drivers
v0x6470d7653f20_0 .var/i "seed", 31 0;
v0x6470d7653fe0_0 .var "tmp", 63 0;
v0x6470d76540c0_0 .net "wg", 25 0, v0x6470d76526a0_0;  1 drivers
S_0x6470d73b5630 .scope task, "check_quad" "check_quad" 2 85, 2 85 0, S_0x6470d7422800;
 .timescale -9 -12;
v0x6470d75e7dd0_0 .var/i "a", 31 0;
v0x6470d75fd5c0_0 .var/i "b", 31 0;
v0x6470d75fd6a0_0 .var/i "c", 31 0;
v0x6470d75fd760_0 .var/i "d", 31 0;
v0x6470d75fd840_0 .var/i "ea", 31 0;
v0x6470d75fd970_0 .var/i "eb", 31 0;
v0x6470d75fda50_0 .var/i "ed", 31 0;
v0x6470d75fdb30_0 .var/i "es", 31 0;
v0x6470d75fdc10_0 .var/i "ew", 31 0;
v0x6470d75fdcf0_0 .var/i "ra", 31 0;
v0x6470d75fddd0_0 .var/i "rb", 31 0;
v0x6470d75fdeb0_0 .var/i "rd", 31 0;
v0x6470d75fdf90_0 .var/i "rs", 31 0;
v0x6470d75fe070_0 .var/i "rw", 31 0;
TD_ga_ops_tb.check_quad ;
    %load/vec4 v0x6470d75e7dd0_0;
    %pushi/vec4 6, 0, 32;
    %store/vec4 v0x6470d75fe580_0, 0, 32;
    %store/vec4 v0x6470d75fe790_0, 0, 32;
    %callf/vec4 TD_ga_ops_tb.encN, S_0x6470d75fe150;
    %store/vec4 v0x6470d7653fe0_0, 0, 64;
    %load/vec4 v0x6470d7653fe0_0;
    %parti/s 12, 0, 2;
    %store/vec4 v0x6470d76533d0_0, 0, 12;
    %load/vec4 v0x6470d75fd5c0_0;
    %pushi/vec4 6, 0, 32;
    %store/vec4 v0x6470d75fe580_0, 0, 32;
    %store/vec4 v0x6470d75fe790_0, 0, 32;
    %callf/vec4 TD_ga_ops_tb.encN, S_0x6470d75fe150;
    %store/vec4 v0x6470d7653fe0_0, 0, 64;
    %load/vec4 v0x6470d7653fe0_0;
    %parti/s 12, 0, 2;
    %store/vec4 v0x6470d76534b0_0, 0, 12;
    %load/vec4 v0x6470d75fd6a0_0;
    %pushi/vec4 6, 0, 32;
    %store/vec4 v0x6470d75fe580_0, 0, 32;
    %store/vec4 v0x6470d75fe790_0, 0, 32;
    %callf/vec4 TD_ga_ops_tb.encN, S_0x6470d75fe150;
    %store/vec4 v0x6470d7653fe0_0, 0, 64;
    %load/vec4 v0x6470d7653fe0_0;
    %parti/s 12, 0, 2;
    %store/vec4 v0x6470d7653570_0, 0, 12;
    %load/vec4 v0x6470d75fd760_0;
    %pushi/vec4 6, 0, 32;
    %store/vec4 v0x6470d75fe580_0, 0, 32;
    %store/vec4 v0x6470d75fe790_0, 0, 32;
    %callf/vec4 TD_ga_ops_tb.encN, S_0x6470d75fe150;
    %store/vec4 v0x6470d7653fe0_0, 0, 64;
    %load/vec4 v0x6470d7653fe0_0;
    %parti/s 12, 0, 2;
    %store/vec4 v0x6470d7653610_0, 0, 12;
    %delay 1000, 0;
    %load/vec4 v0x6470d75e7dd0_0;
    %load/vec4 v0x6470d75fd5c0_0;
    %add;
    %store/vec4 v0x6470d75fd840_0, 0, 32;
    %load/vec4 v0x6470d75fd5c0_0;
    %inv;
    %pushi/vec4 1, 0, 32;
    %add;
    %store/vec4 v0x6470d75fd970_0, 0, 32;
    %load/vec4 v0x6470d75e7dd0_0;
    %load/vec4 v0x6470d75fd6a0_0;
    %mul;
    %load/vec4 v0x6470d75e7dd0_0;
    %load/vec4 v0x6470d75fd760_0;
    %mul;
    %add;
    %load/vec4 v0x6470d75fd5c0_0;
    %load/vec4 v0x6470d75fd760_0;
    %mul;
    %add;
    %store/vec4 v0x6470d75fda50_0, 0, 32;
    %load/vec4 v0x6470d75fd5c0_0;
    %load/vec4 v0x6470d75fd6a0_0;
    %mul;
    %load/vec4 v0x6470d75e7dd0_0;
    %load/vec4 v0x6470d75fd760_0;
    %mul;
    %sub;
    %store/vec4 v0x6470d75fdc10_0, 0, 32;
    %load/vec4 v0x6470d75e7dd0_0;
    %load/vec4 v0x6470d75fd6a0_0;
    %add;
    %load/vec4 v0x6470d75fd5c0_0;
    %load/vec4 v0x6470d75fd760_0;
    %add;
    %store/vec4 v0x6470d75fec10_0, 0, 32;
    %store/vec4 v0x6470d75feb30_0, 0, 32;
    %callf/vec4 TD_ga_ops_tb.f_norm, S_0x6470d75fe870;
    %load/vec4 v0x6470d75e7dd0_0;
    %load/vec4 v0x6470d75fd5c0_0;
    %store/vec4 v0x6470d75fec10_0, 0, 32;
    %store/vec4 v0x6470d75feb30_0, 0, 32;
    %callf/vec4 TD_ga_ops_tb.f_norm, S_0x6470d75fe870;
    %sub;
    %load/vec4 v0x6470d75fd6a0_0;
    %load/vec4 v0x6470d75fd760_0;
    %store/vec4 v0x6470d75fec10_0, 0, 32;
    %store/vec4 v0x6470d75feb30_0, 0, 32;
    %callf/vec4 TD_ga_ops_tb.f_norm, S_0x6470d75fe870;
    %sub;
    %store/vec4 v0x6470d75fdb30_0, 0, 32;
    %pushi/vec4 0, 0, 50;
    %load/vec4 v0x6470d7653790_0;
    %concat/vec4; draw_concat_vec4
    %pushi/vec4 7, 0, 32;
    %store/vec4 v0x6470d75ff090_0, 0, 32;
    %store/vec4 v0x6470d75feeb0_0, 0, 64;
    %callf/vec4 TD_ga_ops_tb.tfvaln, S_0x6470d75fecd0;
    %store/vec4 v0x6470d75fdcf0_0, 0, 32;
    %pushi/vec4 0, 0, 52;
    %load/vec4 v0x6470d76538a0_0;
    %concat/vec4; draw_concat_vec4
    %pushi/vec4 6, 0, 32;
    %store/vec4 v0x6470d75ff090_0, 0, 32;
    %store/vec4 v0x6470d75feeb0_0, 0, 64;
    %callf/vec4 TD_ga_ops_tb.tfvaln, S_0x6470d75fecd0;
    %store/vec4 v0x6470d75fddd0_0, 0, 32;
    %pushi/vec4 0, 0, 38;
    %load/vec4 v0x6470d7653960_0;
    %concat/vec4; draw_concat_vec4
    %pushi/vec4 13, 0, 32;
    %store/vec4 v0x6470d75ff090_0, 0, 32;
    %store/vec4 v0x6470d75feeb0_0, 0, 64;
    %callf/vec4 TD_ga_ops_tb.tfvaln, S_0x6470d75fecd0;
    %store/vec4 v0x6470d75fdeb0_0, 0, 32;
    %pushi/vec4 0, 0, 38;
    %load/vec4 v0x6470d76540c0_0;
    %concat/vec4; draw_concat_vec4
    %pushi/vec4 13, 0, 32;
    %store/vec4 v0x6470d75ff090_0, 0, 32;
    %store/vec4 v0x6470d75feeb0_0, 0, 64;
    %callf/vec4 TD_ga_ops_tb.tfvaln, S_0x6470d75fecd0;
    %store/vec4 v0x6470d75fe070_0, 0, 32;
    %pushi/vec4 0, 0, 38;
    %load/vec4 v0x6470d7653e60_0;
    %concat/vec4; draw_concat_vec4
    %pushi/vec4 13, 0, 32;
    %store/vec4 v0x6470d75ff090_0, 0, 32;
    %store/vec4 v0x6470d75feeb0_0, 0, 64;
    %callf/vec4 TD_ga_ops_tb.tfvaln, S_0x6470d75fecd0;
    %store/vec4 v0x6470d75fdf90_0, 0, 32;
    %load/vec4 v0x6470d75fdcf0_0;
    %load/vec4 v0x6470d75fd840_0;
    %cmp/ne;
    %jmp/0xz  T_0.0, 6;
    %vpi_call 2 109 "$display", "TCONJ.a FAIL (%0d,%0d): got %0d want %0d", v0x6470d75e7dd0_0, v0x6470d75fd5c0_0, v0x6470d75fdcf0_0, v0x6470d75fd840_0 {0 0 0};
    %load/vec4 v0x6470d7653bc0_0;
    %addi 1, 0, 32;
    %store/vec4 v0x6470d7653bc0_0, 0, 32;
    %jmp T_0.1;
T_0.0 ;
    %load/vec4 v0x6470d7653ca0_0;
    %addi 1, 0, 32;
    %store/vec4 v0x6470d7653ca0_0, 0, 32;
T_0.1 ;
    %load/vec4 v0x6470d75fddd0_0;
    %load/vec4 v0x6470d75fd970_0;
    %cmp/ne;
    %jmp/0xz  T_0.2, 6;
    %vpi_call 2 114 "$display", "TCONJ.b FAIL (%0d,%0d): got %0d want %0d", v0x6470d75e7dd0_0, v0x6470d75fd5c0_0, v0x6470d75fddd0_0, v0x6470d75fd970_0 {0 0 0};
    %load/vec4 v0x6470d7653bc0_0;
    %addi 1, 0, 32;
    %store/vec4 v0x6470d7653bc0_0, 0, 32;
    %jmp T_0.3;
T_0.2 ;
    %load/vec4 v0x6470d7653ca0_0;
    %addi 1, 0, 32;
    %store/vec4 v0x6470d7653ca0_0, 0, 32;
T_0.3 ;
    %load/vec4 v0x6470d75fdeb0_0;
    %load/vec4 v0x6470d75fda50_0;
    %cmp/ne;
    %jmp/0xz  T_0.4, 6;
    %vpi_call 2 119 "$display", "TDOT FAIL (%0d,%0d)x(%0d,%0d): got %0d want %0d", v0x6470d75e7dd0_0, v0x6470d75fd5c0_0, v0x6470d75fd6a0_0, v0x6470d75fd760_0, v0x6470d75fdeb0_0, v0x6470d75fda50_0 {0 0 0};
    %load/vec4 v0x6470d7653bc0_0;
    %addi 1, 0, 32;
    %store/vec4 v0x6470d7653bc0_0, 0, 32;
    %jmp T_0.5;
T_0.4 ;
    %load/vec4 v0x6470d7653ca0_0;
    %addi 1, 0, 32;
    %store/vec4 v0x6470d7653ca0_0, 0, 32;
T_0.5 ;
    %load/vec4 v0x6470d75fe070_0;
    %load/vec4 v0x6470d75fdc10_0;
    %cmp/ne;
    %jmp/0xz  T_0.6, 6;
    %vpi_call 2 124 "$display", "TWEDGE FAIL (%0d,%0d)x(%0d,%0d): got %0d want %0d", v0x6470d75e7dd0_0, v0x6470d75fd5c0_0, v0x6470d75fd6a0_0, v0x6470d75fd760_0, v0x6470d75fe070_0, v0x6470d75fdc10_0 {0 0 0};
    %load/vec4 v0x6470d7653bc0_0;
    %addi 1, 0, 32;
    %store/vec4 v0x6470d7653bc0_0, 0, 32;
    %jmp T_0.7;
T_0.6 ;
    %load/vec4 v0x6470d7653ca0_0;
    %addi 1, 0, 32;
    %store/vec4 v0x6470d7653ca0_0, 0, 32;
T_0.7 ;
    %load/vec4 v0x6470d75fdf90_0;
    %load/vec4 v0x6470d75fdb30_0;
    %cmp/ne;
    %jmp/0xz  T_0.8, 6;
    %vpi_call 2 129 "$display", "TSYMDOT FAIL (%0d,%0d)x(%0d,%0d): got %0d want %0d", v0x6470d75e7dd0_0, v0x6470d75fd5c0_0, v0x6470d75fd6a0_0, v0x6470d75fd760_0, v0x6470d75fdf90_0, v0x6470d75fdb30_0 {0 0 0};
    %load/vec4 v0x6470d7653bc0_0;
    %addi 1, 0, 32;
    %store/vec4 v0x6470d7653bc0_0, 0, 32;
    %jmp T_0.9;
T_0.8 ;
    %load/vec4 v0x6470d7653ca0_0;
    %addi 1, 0, 32;
    %store/vec4 v0x6470d7653ca0_0, 0, 32;
T_0.9 ;
    %load/vec4 v0x6470d7653d80_0;
    %addi 1, 0, 32;
    %store/vec4 v0x6470d7653d80_0, 0, 32;
    %end;
S_0x6470d75fe150 .scope function.vec4.s64, "encN" "encN" 2 44, 2 44 0, S_0x6470d7422800;
 .timescale -9 -12;
v0x6470d75fe300_0 .var/i "d", 31 0;
; Variable encN is vec4 return value of scope S_0x6470d75fe150
v0x6470d75fe4c0_0 .var/i "j", 31 0;
v0x6470d75fe580_0 .var/i "nt", 31 0;
v0x6470d75fe660_0 .var/i "r", 31 0;
v0x6470d75fe790_0 .var/i "v", 31 0;
TD_ga_ops_tb.encN ;
    %load/vec4 v0x6470d75fe790_0;
    %store/vec4 v0x6470d75fe660_0, 0, 32;
    %pushi/vec4 0, 0, 64;
    %ret/vec4 0, 0, 64;  Assign to encN (store_vec4_to_lval)
    %pushi/vec4 0, 0, 32;
    %store/vec4 v0x6470d75fe4c0_0, 0, 32;
T_1.10 ;
    %load/vec4 v0x6470d75fe4c0_0;
    %load/vec4 v0x6470d75fe580_0;
    %cmp/s;
    %jmp/0xz T_1.11, 5;
    %load/vec4 v0x6470d75fe660_0;
    %pushi/vec4 3, 0, 32;
    %mod/s;
    %store/vec4 v0x6470d75fe300_0, 0, 32;
    %load/vec4 v0x6470d75fe300_0;
    %cmpi/e 2, 0, 32;
    %jmp/0xz  T_1.12, 4;
    %pushi/vec4 2, 0, 2;
    %load/vec4 v0x6470d75fe4c0_0;
    %muli 2, 0, 32;
    %ix/vec4/s 4;
    %ret/vec4 0, 4, 2; Assign to encN (store_vec4_to_lval)
    %load/vec4 v0x6470d75fe660_0;
    %addi 1, 0, 32;
    %pushi/vec4 3, 0, 32;
    %div/s;
    %store/vec4 v0x6470d75fe660_0, 0, 32;
    %jmp T_1.13;
T_1.12 ;
    %load/vec4 v0x6470d75fe300_0;
    %cmpi/e 4294967294, 0, 32;
    %jmp/0xz  T_1.14, 4;
    %pushi/vec4 1, 0, 2;
    %load/vec4 v0x6470d75fe4c0_0;
    %muli 2, 0, 32;
    %ix/vec4/s 4;
    %ret/vec4 0, 4, 2; Assign to encN (store_vec4_to_lval)
    %load/vec4 v0x6470d75fe660_0;
    %subi 1, 0, 32;
    %pushi/vec4 3, 0, 32;
    %div/s;
    %store/vec4 v0x6470d75fe660_0, 0, 32;
    %jmp T_1.15;
T_1.14 ;
    %load/vec4 v0x6470d75fe300_0;
    %cmpi/e 1, 0, 32;
    %jmp/0xz  T_1.16, 4;
    %pushi/vec4 1, 0, 2;
    %load/vec4 v0x6470d75fe4c0_0;
    %muli 2, 0, 32;
    %ix/vec4/s 4;
    %ret/vec4 0, 4, 2; Assign to encN (store_vec4_to_lval)
    %jmp T_1.17;
T_1.16 ;
    %load/vec4 v0x6470d75fe300_0;
    %cmpi/e 4294967295, 0, 32;
    %jmp/0xz  T_1.18, 4;
    %pushi/vec4 2, 0, 2;
    %load/vec4 v0x6470d75fe4c0_0;
    %muli 2, 0, 32;
    %ix/vec4/s 4;
    %ret/vec4 0, 4, 2; Assign to encN (store_vec4_to_lval)
    %jmp T_1.19;
T_1.18 ;
    %pushi/vec4 0, 0, 2;
    %load/vec4 v0x6470d75fe4c0_0;
    %muli 2, 0, 32;
    %ix/vec4/s 4;
    %ret/vec4 0, 4, 2; Assign to encN (store_vec4_to_lval)
T_1.19 ;
T_1.17 ;
    %load/vec4 v0x6470d75fe660_0;
    %pushi/vec4 3, 0, 32;
    %div/s;
    %store/vec4 v0x6470d75fe660_0, 0, 32;
T_1.15 ;
T_1.13 ;
    %load/vec4 v0x6470d75fe4c0_0;
    %addi 1, 0, 32;
    %store/vec4 v0x6470d75fe4c0_0, 0, 32;
    %jmp T_1.10;
T_1.11 ;
    %end;
S_0x6470d75fe870 .scope function.vec4.u32, "f_norm" "f_norm" 2 76, 2 76 0, S_0x6470d7422800;
 .timescale -9 -12;
; Variable f_norm is vec4 return value of scope S_0x6470d75fe870
v0x6470d75feb30_0 .var/i "x", 31 0;
v0x6470d75fec10_0 .var/i "y", 31 0;
TD_ga_ops_tb.f_norm ;
    %load/vec4 v0x6470d75feb30_0;
    %load/vec4 v0x6470d75feb30_0;
    %mul;
    %load/vec4 v0x6470d75feb30_0;
    %load/vec4 v0x6470d75fec10_0;
    %mul;
    %add;
    %load/vec4 v0x6470d75fec10_0;
    %load/vec4 v0x6470d75fec10_0;
    %mul;
    %add;
    %ret/vec4 0, 0, 32;  Assign to f_norm (store_vec4_to_lval)
    %end;
S_0x6470d75fecd0 .scope function.vec4.u32, "tfvaln" "tfvaln" 2 62, 2 62 0, S_0x6470d7422800;
 .timescale -9 -12;
v0x6470d75feeb0_0 .var "f", 63 0;
v0x6470d75fefb0_0 .var/i "j", 31 0;
v0x6470d75ff090_0 .var/i "nt", 31 0;
v0x6470d75ff150_0 .var/i "p", 31 0;
; Variable tfvaln is vec4 return value of scope S_0x6470d75fecd0
TD_ga_ops_tb.tfvaln ;
    %pushi/vec4 0, 0, 32;
    %ret/vec4 0, 0, 32;  Assign to tfvaln (store_vec4_to_lval)
    %pushi/vec4 1, 0, 32;
    %store/vec4 v0x6470d75ff150_0, 0, 32;
    %pushi/vec4 0, 0, 32;
    %store/vec4 v0x6470d75fefb0_0, 0, 32;
T_3.20 ;
    %load/vec4 v0x6470d75fefb0_0;
    %load/vec4 v0x6470d75ff090_0;
    %cmp/s;
    %jmp/0xz T_3.21, 5;
    %load/vec4 v0x6470d75feeb0_0;
    %load/vec4 v0x6470d75fefb0_0;
    %muli 2, 0, 32;
    %part/s 2;
    %dup/vec4;
    %pushi/vec4 1, 0, 2;
    %cmp/u;
    %jmp/1 T_3.22, 6;
    %dup/vec4;
    %pushi/vec4 2, 0, 2;
    %cmp/u;
    %jmp/1 T_3.23, 6;
    %jmp T_3.24;
T_3.22 ;
    %retload/vec4 0; Load tfvaln (draw_signal_vec4)
    %load/vec4 v0x6470d75ff150_0;
    %add;
    %ret/vec4 0, 0, 32;  Assign to tfvaln (store_vec4_to_lval)
    %jmp T_3.24;
T_3.23 ;
    %retload/vec4 0; Load tfvaln (draw_signal_vec4)
    %load/vec4 v0x6470d75ff150_0;
    %sub;
    %ret/vec4 0, 0, 32;  Assign to tfvaln (store_vec4_to_lval)
    %jmp T_3.24;
T_3.24 ;
    %pop/vec4 1;
    %load/vec4 v0x6470d75ff150_0;
    %muli 3, 0, 32;
    %store/vec4 v0x6470d75ff150_0, 0, 32;
    %load/vec4 v0x6470d75fefb0_0;
    %addi 1, 0, 32;
    %store/vec4 v0x6470d75fefb0_0, 0, 32;
    %jmp T_3.20;
T_3.21 ;
    %end;
S_0x6470d75ff360 .scope module, "u_conj" "tconj" 2 36, 3 170 0, S_0x6470d7422800;
 .timescale -9 -12;
    .port_info 0 /OUTPUT 14 "a_out";
    .port_info 1 /OUTPUT 12 "b_out";
    .port_info 2 /INPUT 12 "a";
    .port_info 3 /INPUT 12 "b";
L_0x72137824a018 .functor BUFT 1, C4<00>, C4<0>, C4<0>, C4<0>;
v0x6470d7603b90_0 .net/2u *"_ivl_37", 1 0, L_0x72137824a018;  1 drivers
L_0x72137824a060 .functor BUFT 1, C4<00>, C4<0>, C4<0>, C4<0>;
v0x6470d7603c90_0 .net/2u *"_ivl_41", 1 0, L_0x72137824a060;  1 drivers
v0x6470d7603d70_0 .net "a", 11 0, v0x6470d76533d0_0;  1 drivers
v0x6470d7603e30_0 .net "a_out", 13 0, v0x6470d7603a10_0;  alias, 1 drivers
v0x6470d7603f20_0 .net "b", 11 0, v0x6470d76534b0_0;  1 drivers
v0x6470d7604030_0 .net "b_out", 11 0, L_0x6470d7654d10;  alias, 1 drivers
L_0x6470d7654180 .part v0x6470d76534b0_0, 1, 1;
L_0x6470d7654220 .part v0x6470d76534b0_0, 0, 1;
L_0x6470d76542c0 .part v0x6470d76534b0_0, 3, 1;
L_0x6470d7654390 .part v0x6470d76534b0_0, 2, 1;
L_0x6470d7654490 .part v0x6470d76534b0_0, 5, 1;
L_0x6470d7654560 .part v0x6470d76534b0_0, 4, 1;
L_0x6470d7654880 .part v0x6470d76534b0_0, 7, 1;
L_0x6470d7654920 .part v0x6470d76534b0_0, 6, 1;
L_0x6470d7654a40 .part v0x6470d76534b0_0, 9, 1;
L_0x6470d7654b10 .part v0x6470d76534b0_0, 8, 1;
L_0x6470d7654c40 .part v0x6470d76534b0_0, 11, 1;
LS_0x6470d7654d10_0_0 .concat8 [ 1 1 1 1], L_0x6470d7654180, L_0x6470d7654220, L_0x6470d76542c0, L_0x6470d7654390;
LS_0x6470d7654d10_0_4 .concat8 [ 1 1 1 1], L_0x6470d7654490, L_0x6470d7654560, L_0x6470d7654880, L_0x6470d7654920;
LS_0x6470d7654d10_0_8 .concat8 [ 1 1 1 1], L_0x6470d7654a40, L_0x6470d7654b10, L_0x6470d7654c40, L_0x6470d7655200;
L_0x6470d7654d10 .concat8 [ 4 4 4 0], LS_0x6470d7654d10_0_0, LS_0x6470d7654d10_0_4, LS_0x6470d7654d10_0_8;
L_0x6470d7655200 .part v0x6470d76534b0_0, 10, 1;
L_0x6470d76552f0 .concat [ 12 2 0 0], v0x6470d76533d0_0, L_0x72137824a018;
L_0x6470d7655410 .concat [ 12 2 0 0], v0x6470d76534b0_0, L_0x72137824a060;
S_0x6470d75ff590 .scope generate, "g_neg[0]" "g_neg[0]" 3 177, 3 177 0, S_0x6470d75ff360;
 .timescale -9 -12;
P_0x6470d75ff7b0 .param/l "g" 1 3 177, +C4<00>;
v0x6470d75ff890_0 .net *"_ivl_0", 0 0, L_0x6470d7654180;  1 drivers
v0x6470d75ff970_0 .net *"_ivl_1", 0 0, L_0x6470d7654220;  1 drivers
S_0x6470d75ffa50 .scope generate, "g_neg[1]" "g_neg[1]" 3 177, 3 177 0, S_0x6470d75ff360;
 .timescale -9 -12;
P_0x6470d75ffc70 .param/l "g" 1 3 177, +C4<01>;
v0x6470d75ffd30_0 .net *"_ivl_0", 0 0, L_0x6470d76542c0;  1 drivers
v0x6470d75ffe10_0 .net *"_ivl_1", 0 0, L_0x6470d7654390;  1 drivers
S_0x6470d75ffef0 .scope generate, "g_neg[2]" "g_neg[2]" 3 177, 3 177 0, S_0x6470d75ff360;
 .timescale -9 -12;
P_0x6470d76000f0 .param/l "g" 1 3 177, +C4<010>;
v0x6470d76001b0_0 .net *"_ivl_0", 0 0, L_0x6470d7654490;  1 drivers
v0x6470d7600290_0 .net *"_ivl_1", 0 0, L_0x6470d7654560;  1 drivers
S_0x6470d7600370 .scope generate, "g_neg[3]" "g_neg[3]" 3 177, 3 177 0, S_0x6470d75ff360;
 .timescale -9 -12;
P_0x6470d7600570 .param/l "g" 1 3 177, +C4<011>;
v0x6470d7600650_0 .net *"_ivl_0", 0 0, L_0x6470d7654880;  1 drivers
v0x6470d7600730_0 .net *"_ivl_1", 0 0, L_0x6470d7654920;  1 drivers
S_0x6470d7600810 .scope generate, "g_neg[4]" "g_neg[4]" 3 177, 3 177 0, S_0x6470d75ff360;
 .timescale -9 -12;
P_0x6470d7600a60 .param/l "g" 1 3 177, +C4<0100>;
v0x6470d7600b40_0 .net *"_ivl_0", 0 0, L_0x6470d7654a40;  1 drivers
v0x6470d7600c20_0 .net *"_ivl_1", 0 0, L_0x6470d7654b10;  1 drivers
S_0x6470d7600d00 .scope generate, "g_neg[5]" "g_neg[5]" 3 177, 3 177 0, S_0x6470d75ff360;
 .timescale -9 -12;
P_0x6470d7600f00 .param/l "g" 1 3 177, +C4<0101>;
v0x6470d7600fe0_0 .net *"_ivl_0", 0 0, L_0x6470d7654c40;  1 drivers
v0x6470d76010c0_0 .net *"_ivl_1", 0 0, L_0x6470d7655200;  1 drivers
S_0x6470d76011a0 .scope module, "u_add" "tadd_n" 3 183, 4 71 0, S_0x6470d75ff360;
 .timescale -9 -12;
    .port_info 0 /OUTPUT 14 "sum";
    .port_info 1 /OUTPUT 2 "cout";
    .port_info 2 /INPUT 14 "a";
    .port_info 3 /INPUT 14 "b";
    .port_info 4 /INPUT 2 "cin";
P_0x6470d7601380 .param/l "NTRITS" 0 4 71, +C4<00000000000000000000000000000111>;
v0x6470d7603450_0 .net "a", 13 0, L_0x6470d76552f0;  1 drivers
v0x6470d7603550_0 .net "b", 13 0, L_0x6470d7655410;  1 drivers
v0x6470d7603630_0 .var "c", 1 0;
L_0x72137824a0a8 .functor BUFT 1, C4<00>, C4<0>, C4<0>, C4<0>;
v0x6470d7603720_0 .net "cin", 1 0, L_0x72137824a0a8;  1 drivers
v0x6470d7603800_0 .var "cout", 1 0;
v0x6470d7603930_0 .var/i "i", 31 0;
v0x6470d7603a10_0 .var "sum", 13 0;
E_0x6470d73efca0 .event anyedge, v0x6470d7603720_0, v0x6470d7603450_0, v0x6470d7603550_0, v0x6470d7603630_0;
S_0x6470d7601550 .scope function.vec4.s4, "tadd1" "tadd1" 4 109, 4 109 0, S_0x6470d76011a0;
 .timescale -9 -12;
v0x6470d7601750_0 .var "a", 1 0;
v0x6470d7601850_0 .var "an", 0 0;
v0x6470d7601910_0 .var "ap", 0 0;
v0x6470d76019e0_0 .var "b", 1 0;
v0x6470d7601ac0_0 .var "bn", 0 0;
v0x6470d7601bd0_0 .var "bp", 0 0;
v0x6470d7601c90_0 .var "cin", 1 0;
v0x6470d7601d70_0 .var "cn", 0 0;
v0x6470d7601e30_0 .var "con", 0 0;
v0x6470d7601ef0_0 .var "cop", 0 0;
v0x6470d7601fb0_0 .var "cp", 0 0;
v0x6470d7602070_0 .var "sn", 0 0;
v0x6470d7602130_0 .var "sp", 0 0;
; Variable tadd1 is vec4 return value of scope S_0x6470d7601550
TD_ga_ops_tb.u_conj.u_add.tadd1 ;
    %load/vec4 v0x6470d7601750_0;
    %parti/s 1, 0, 2;
    %store/vec4 v0x6470d7601910_0, 0, 1;
    %load/vec4 v0x6470d7601750_0;
    %parti/s 1, 1, 2;
    %store/vec4 v0x6470d7601850_0, 0, 1;
    %load/vec4 v0x6470d76019e0_0;
    %parti/s 1, 0, 2;
    %store/vec4 v0x6470d7601bd0_0, 0, 1;
    %load/vec4 v0x6470d76019e0_0;
    %parti/s 1, 1, 2;
    %store/vec4 v0x6470d7601ac0_0, 0, 1;
    %load/vec4 v0x6470d7601c90_0;
    %parti/s 1, 0, 2;
    %store/vec4 v0x6470d7601fb0_0, 0, 1;
    %load/vec4 v0x6470d7601c90_0;
    %parti/s 1, 1, 2;
    %store/vec4 v0x6470d7601d70_0, 0, 1;
    %load/vec4 v0x6470d7601850_0;
    %inv;
    %load/vec4 v0x6470d7601ac0_0;
    %inv;
    %and;
    %load/vec4 v0x6470d7601d70_0;
    %inv;
    %and;
    %load/vec4 v0x6470d7601910_0;
    %load/vec4 v0x6470d7601bd0_0;
    %and;
    %load/vec4 v0x6470d7601910_0;
    %load/vec4 v0x6470d7601fb0_0;
    %and;
    %or;
    %load/vec4 v0x6470d7601bd0_0;
    %load/vec4 v0x6470d7601fb0_0;
    %and;
    %or;
    %and;
    %store/vec4 v0x6470d7601ef0_0, 0, 1;
    %load/vec4 v0x6470d7601910_0;
    %inv;
    %load/vec4 v0x6470d7601bd0_0;
    %inv;
    %and;
    %load/vec4 v0x6470d7601fb0_0;
    %inv;
    %and;
    %load/vec4 v0x6470d7601850_0;
    %load/vec4 v0x6470d7601ac0_0;
    %and;
    %load/vec4 v0x6470d7601850_0;
    %load/vec4 v0x6470d7601d70_0;
    %and;
    %or;
    %load/vec4 v0x6470d7601ac0_0;
    %load/vec4 v0x6470d7601d70_0;
    %and;
    %or;
    %and;
    %store/vec4 v0x6470d7601e30_0, 0, 1;
    %load/vec4 v0x6470d7601910_0;
    %load/vec4 v0x6470d7601bd0_0;
    %inv;
    %and;
    %load/vec4 v0x6470d7601ac0_0;
    %inv;
    %and;
    %load/vec4 v0x6470d7601fb0_0;
    %inv;
    %and;
    %load/vec4 v0x6470d7601d70_0;
    %inv;
    %and;
    %load/vec4 v0x6470d7601bd0_0;
    %load/vec4 v0x6470d7601910_0;
    %inv;
    %and;
    %load/vec4 v0x6470d7601850_0;
    %inv;
    %and;
    %load/vec4 v0x6470d7601fb0_0;
    %inv;
    %and;
    %load/vec4 v0x6470d7601d70_0;
    %inv;
    %and;
    %or;
    %load/vec4 v0x6470d7601fb0_0;
    %load/vec4 v0x6470d7601910_0;
    %inv;
    %and;
    %load/vec4 v0x6470d7601850_0;
    %inv;
    %and;
    %load/vec4 v0x6470d7601bd0_0;
    %inv;
    %and;
    %load/vec4 v0x6470d7601ac0_0;
    %inv;
    %and;
    %or;
    %load/vec4 v0x6470d7601910_0;
    %load/vec4 v0x6470d7601bd0_0;
    %and;
    %load/vec4 v0x6470d7601d70_0;
    %and;
    %or;
    %load/vec4 v0x6470d7601910_0;
    %load/vec4 v0x6470d7601fb0_0;
    %and;
    %load/vec4 v0x6470d7601ac0_0;
    %and;
    %or;
    %load/vec4 v0x6470d7601bd0_0;
    %load/vec4 v0x6470d7601fb0_0;
    %and;
    %load/vec4 v0x6470d7601850_0;
    %and;
    %or;
    %load/vec4 v0x6470d7601910_0;
    %inv;
    %load/vec4 v0x6470d7601bd0_0;
    %inv;
    %and;
    %load/vec4 v0x6470d7601fb0_0;
    %inv;
    %and;
    %load/vec4 v0x6470d7601850_0;
    %load/vec4 v0x6470d7601ac0_0;
    %and;
    %load/vec4 v0x6470d7601d70_0;
    %inv;
    %and;
    %load/vec4 v0x6470d7601850_0;
    %load/vec4 v0x6470d7601d70_0;
    %and;
    %load/vec4 v0x6470d7601ac0_0;
    %inv;
    %and;
    %or;
    %load/vec4 v0x6470d7601ac0_0;
    %load/vec4 v0x6470d7601d70_0;
    %and;
    %load/vec4 v0x6470d7601850_0;
    %inv;
    %and;
    %or;
    %and;
    %or;
    %store/vec4 v0x6470d7602130_0, 0, 1;
    %load/vec4 v0x6470d7601850_0;
    %load/vec4 v0x6470d7601ac0_0;
    %inv;
    %and;
    %load/vec4 v0x6470d7601d70_0;
    %inv;
    %and;
    %load/vec4 v0x6470d7601910_0;
    %inv;
    %and;
    %load/vec4 v0x6470d7601bd0_0;
    %inv;
    %and;
    %load/vec4 v0x6470d7601fb0_0;
    %inv;
    %and;
    %load/vec4 v0x6470d7601ac0_0;
    %load/vec4 v0x6470d7601850_0;
    %inv;
    %and;
    %load/vec4 v0x6470d7601d70_0;
    %inv;
    %and;
    %load/vec4 v0x6470d7601910_0;
    %inv;
    %and;
    %load/vec4 v0x6470d7601bd0_0;
    %inv;
    %and;
    %load/vec4 v0x6470d7601fb0_0;
    %inv;
    %and;
    %or;
    %load/vec4 v0x6470d7601d70_0;
    %load/vec4 v0x6470d7601850_0;
    %inv;
    %and;
    %load/vec4 v0x6470d7601ac0_0;
    %inv;
    %and;
    %load/vec4 v0x6470d7601910_0;
    %inv;
    %and;
    %load/vec4 v0x6470d7601bd0_0;
    %inv;
    %and;
    %load/vec4 v0x6470d7601fb0_0;
    %inv;
    %and;
    %or;
    %load/vec4 v0x6470d7601910_0;
    %load/vec4 v0x6470d7601ac0_0;
    %and;
    %load/vec4 v0x6470d7601d70_0;
    %and;
    %or;
    %load/vec4 v0x6470d7601bd0_0;
    %load/vec4 v0x6470d7601850_0;
    %and;
    %load/vec4 v0x6470d7601d70_0;
    %and;
    %or;
    %load/vec4 v0x6470d7601fb0_0;
    %load/vec4 v0x6470d7601850_0;
    %and;
    %load/vec4 v0x6470d7601ac0_0;
    %and;
    %or;
    %load/vec4 v0x6470d7601850_0;
    %inv;
    %load/vec4 v0x6470d7601ac0_0;
    %inv;
    %and;
    %load/vec4 v0x6470d7601d70_0;
    %inv;
    %and;
    %load/vec4 v0x6470d7601910_0;
    %load/vec4 v0x6470d7601bd0_0;
    %and;
    %load/vec4 v0x6470d7601fb0_0;
    %inv;
    %and;
    %load/vec4 v0x6470d7601910_0;
    %load/vec4 v0x6470d7601fb0_0;
    %and;
    %load/vec4 v0x6470d7601bd0_0;
    %inv;
    %and;
    %or;
    %load/vec4 v0x6470d7601bd0_0;
    %load/vec4 v0x6470d7601fb0_0;
    %and;
    %load/vec4 v0x6470d7601910_0;
    %inv;
    %and;
    %or;
    %and;
    %or;
    %store/vec4 v0x6470d7602070_0, 0, 1;
    %load/vec4 v0x6470d7601e30_0;
    %load/vec4 v0x6470d7601ef0_0;
    %concat/vec4; draw_concat_vec4
    %load/vec4 v0x6470d7602070_0;
    %concat/vec4; draw_concat_vec4
    %load/vec4 v0x6470d7602130_0;
    %concat/vec4; draw_concat_vec4
    %ret/vec4 0, 0, 4;  Assign to tadd1 (store_vec4_to_lval)
    %end;
S_0x6470d76022d0 .scope function.vec4.s2, "tand" "tand" 4 95, 4 95 0, S_0x6470d76011a0;
 .timescale -9 -12;
v0x6470d7602480_0 .var "a", 1 0;
v0x6470d7602560_0 .var "b", 1 0;
; Variable tand is vec4 return value of scope S_0x6470d76022d0
TD_ga_ops_tb.u_conj.u_add.tand ;
    %load/vec4 v0x6470d7602480_0;
    %parti/s 1, 1, 2;
    %load/vec4 v0x6470d7602560_0;
    %parti/s 1, 1, 2;
    %or;
    %load/vec4 v0x6470d7602480_0;
    %parti/s 1, 0, 2;
    %load/vec4 v0x6470d7602560_0;
    %parti/s 1, 0, 2;
    %and;
    %concat/vec4; draw_concat_vec4
    %ret/vec4 0, 0, 2;  Assign to tand (store_vec4_to_lval)
    %end;
S_0x6470d7602700 .scope function.vec4.s2, "tmul" "tmul" 4 85, 4 85 0, S_0x6470d76011a0;
 .timescale -9 -12;
v0x6470d7602910_0 .var "a", 1 0;
v0x6470d76029f0_0 .var "b", 1 0;
; Variable tmul is vec4 return value of scope S_0x6470d7602700
TD_ga_ops_tb.u_conj.u_add.tmul ;
    %pushi/vec4 0, 0, 2;
    %ret/vec4 0, 0, 2;  Assign to tmul (store_vec4_to_lval)
    %load/vec4 v0x6470d7602910_0;
    %parti/s 1, 0, 2;
    %load/vec4 v0x6470d76029f0_0;
    %parti/s 1, 0, 2;
    %and;
    %flag_set/vec4 8;
    %jmp/0xz  T_6.25, 8;
    %pushi/vec4 1, 0, 2;
    %ret/vec4 0, 0, 2;  Assign to tmul (store_vec4_to_lval)
    %jmp T_6.26;
T_6.25 ;
    %load/vec4 v0x6470d7602910_0;
    %parti/s 1, 1, 2;
    %load/vec4 v0x6470d76029f0_0;
    %parti/s 1, 1, 2;
    %and;
    %flag_set/vec4 8;
    %jmp/0xz  T_6.27, 8;
    %pushi/vec4 1, 0, 2;
    %ret/vec4 0, 0, 2;  Assign to tmul (store_vec4_to_lval)
    %jmp T_6.28;
T_6.27 ;
    %load/vec4 v0x6470d7602910_0;
    %parti/s 1, 0, 2;
    %load/vec4 v0x6470d76029f0_0;
    %parti/s 1, 1, 2;
    %and;
    %load/vec4 v0x6470d7602910_0;
    %parti/s 1, 1, 2;
    %load/vec4 v0x6470d76029f0_0;
    %parti/s 1, 0, 2;
    %and;
    %or;
    %flag_set/vec4 8;
    %jmp/0xz  T_6.29, 8;
    %pushi/vec4 2, 0, 2;
    %ret/vec4 0, 0, 2;  Assign to tmul (store_vec4_to_lval)
T_6.29 ;
T_6.28 ;
T_6.26 ;
    %end;
S_0x6470d7602bc0 .scope function.vec4.s2, "tneg" "tneg" 4 78, 4 78 0, S_0x6470d76011a0;
 .timescale -9 -12;
v0x6470d7602da0_0 .var "t", 1 0;
; Variable tneg is vec4 return value of scope S_0x6470d7602bc0
TD_ga_ops_tb.u_conj.u_add.tneg ;
    %load/vec4 v0x6470d7602da0_0;
    %parti/s 1, 0, 2;
    %load/vec4 v0x6470d7602da0_0;
    %parti/s 1, 1, 2;
    %concat/vec4; draw_concat_vec4
    %ret/vec4 0, 0, 2;  Assign to tneg (store_vec4_to_lval)
    %end;
S_0x6470d7602f80 .scope function.vec4.s2, "tor" "tor" 4 102, 4 102 0, S_0x6470d76011a0;
 .timescale -9 -12;
v0x6470d76031b0_0 .var "a", 1 0;
v0x6470d76032b0_0 .var "b", 1 0;
; Variable tor is vec4 return value of scope S_0x6470d7602f80
TD_ga_ops_tb.u_conj.u_add.tor ;
    %load/vec4 v0x6470d76031b0_0;
    %parti/s 1, 1, 2;
    %load/vec4 v0x6470d76032b0_0;
    %parti/s 1, 1, 2;
    %and;
    %load/vec4 v0x6470d76031b0_0;
    %parti/s 1, 0, 2;
    %load/vec4 v0x6470d76032b0_0;
    %parti/s 1, 0, 2;
    %or;
    %concat/vec4; draw_concat_vec4
    %ret/vec4 0, 0, 2;  Assign to tor (store_vec4_to_lval)
    %end;
S_0x6470d7604190 .scope module, "u_dot" "tdot" 2 37, 3 196 0, S_0x6470d7422800;
 .timescale -9 -12;
    .port_info 0 /OUTPUT 26 "d_out";
    .port_info 1 /INPUT 12 "a";
    .port_info 2 /INPUT 12 "b";
    .port_info 3 /INPUT 12 "c";
    .port_info 4 /INPUT 12 "d";
P_0x6470d7604370 .param/l "R" 1 3 201, +C4<00000000000000000000000000001101>;
L_0x72137824a0f0 .functor BUFT 1, C4<00>, C4<0>, C4<0>, C4<0>;
v0x6470d7611cb0_0 .net/2u *"_ivl_0", 1 0, L_0x72137824a0f0;  1 drivers
L_0x72137824a138 .functor BUFT 1, C4<00>, C4<0>, C4<0>, C4<0>;
v0x6470d7611db0_0 .net/2u *"_ivl_4", 1 0, L_0x72137824a138;  1 drivers
L_0x72137824a180 .functor BUFT 1, C4<00>, C4<0>, C4<0>, C4<0>;
v0x6470d7611e90_0 .net/2u *"_ivl_8", 1 0, L_0x72137824a180;  1 drivers
v0x6470d7611f50_0 .net "a", 11 0, v0x6470d76533d0_0;  alias, 1 drivers
v0x6470d7612010_0 .net "b", 11 0, v0x6470d76534b0_0;  alias, 1 drivers
v0x6470d7612170_0 .net "c", 11 0, v0x6470d7653570_0;  1 drivers
v0x6470d7612230_0 .net "d", 11 0, v0x6470d7653610_0;  1 drivers
v0x6470d7612320_0 .net "d_out", 25 0, v0x6470d7611b30_0;  alias, 1 drivers
v0x6470d76123e0_0 .net "p_ac", 23 0, v0x6470d7606f70_0;  1 drivers
v0x6470d7612510_0 .net "p_ac_e", 25 0, L_0x6470d7655500;  1 drivers
v0x6470d76125e0_0 .net "p_ad", 23 0, v0x6470d7609b20_0;  1 drivers
v0x6470d76126b0_0 .net "p_ad_e", 25 0, L_0x6470d76556e0;  1 drivers
v0x6470d7612780_0 .net "p_bd", 23 0, v0x6470d760c6c0_0;  1 drivers
v0x6470d7612850_0 .net "p_bd_e", 25 0, L_0x6470d7655870;  1 drivers
v0x6470d7612920_0 .net "s1", 25 0, v0x6470d760f0d0_0;  1 drivers
L_0x6470d7655500 .concat [ 24 2 0 0], v0x6470d7606f70_0, L_0x72137824a0f0;
L_0x6470d76556e0 .concat [ 24 2 0 0], v0x6470d7609b20_0, L_0x72137824a138;
L_0x6470d7655870 .concat [ 24 2 0 0], v0x6470d760c6c0_0, L_0x72137824a180;
S_0x6470d7604550 .scope module, "m_ac" "tmul_sa" 3 204, 4 42 0, S_0x6470d7604190;
 .timescale -9 -12;
    .port_info 0 /OUTPUT 24 "prod";
    .port_info 1 /INPUT 12 "a";
    .port_info 2 /INPUT 12 "b";
P_0x6470d7604410 .param/l "ACCBITS" 1 4 48, +C4<0000000000000000000000000000000000000000000000000000000000000000000000000000000000000000000011010>;
P_0x6470d7604450 .param/l "NTRITS" 0 4 42, +C4<00000000000000000000000000000110>;
v0x6470d76068e0_0 .net "a", 11 0, v0x6470d76533d0_0;  alias, 1 drivers
v0x6470d76069f0_0 .var "acc", 25 0;
v0x6470d7606ab0_0 .net "b", 11 0, v0x6470d7653570_0;  alias, 1 drivers
v0x6470d7606ba0_0 .var "c", 1 0;
v0x6470d7606c80_0 .var/i "i", 31 0;
v0x6470d7606db0_0 .var/i "j", 31 0;
v0x6470d7606e90_0 .var "pp", 25 0;
v0x6470d7606f70_0 .var "prod", 23 0;
E_0x6470d73f7060/0 .event anyedge, v0x6470d7603d70_0, v0x6470d7606ab0_0, v0x6470d76069f0_0, v0x6470d7606e90_0;
E_0x6470d73f7060/1 .event anyedge, v0x6470d7606ba0_0;
E_0x6470d73f7060 .event/or E_0x6470d73f7060/0, E_0x6470d73f7060/1;
S_0x6470d76047a0 .scope function.vec4.s4, "tadd1" "tadd1" 4 78, 4 78 0, S_0x6470d7604550;
 .timescale -9 -12;
v0x6470d7604be0_0 .var "a", 1 0;
v0x6470d7604ce0_0 .var "an", 0 0;
v0x6470d7604da0_0 .var "ap", 0 0;
v0x6470d7604e70_0 .var "b", 1 0;
v0x6470d7604f50_0 .var "bn", 0 0;
v0x6470d7605060_0 .var "bp", 0 0;
v0x6470d7605120_0 .var "cin", 1 0;
v0x6470d7605200_0 .var "cn", 0 0;
v0x6470d76052c0_0 .var "con", 0 0;
v0x6470d7605380_0 .var "cop", 0 0;
v0x6470d7605440_0 .var "cp", 0 0;
v0x6470d7605500_0 .var "sn", 0 0;
v0x6470d76055c0_0 .var "sp", 0 0;
; Variable tadd1 is vec4 return value of scope S_0x6470d76047a0
TD_ga_ops_tb.u_dot.m_ac.tadd1 ;
    %load/vec4 v0x6470d7604be0_0;
    %parti/s 1, 0, 2;
    %store/vec4 v0x6470d7604da0_0, 0, 1;
    %load/vec4 v0x6470d7604be0_0;
    %parti/s 1, 1, 2;
    %store/vec4 v0x6470d7604ce0_0, 0, 1;
    %load/vec4 v0x6470d7604e70_0;
    %parti/s 1, 0, 2;
    %store/vec4 v0x6470d7605060_0, 0, 1;
    %load/vec4 v0x6470d7604e70_0;
    %parti/s 1, 1, 2;
    %store/vec4 v0x6470d7604f50_0, 0, 1;
    %load/vec4 v0x6470d7605120_0;
    %parti/s 1, 0, 2;
    %store/vec4 v0x6470d7605440_0, 0, 1;
    %load/vec4 v0x6470d7605120_0;
    %parti/s 1, 1, 2;
    %store/vec4 v0x6470d7605200_0, 0, 1;
    %load/vec4 v0x6470d7604ce0_0;
    %inv;
    %load/vec4 v0x6470d7604f50_0;
    %inv;
    %and;
    %load/vec4 v0x6470d7605200_0;
    %inv;
    %and;
    %load/vec4 v0x6470d7604da0_0;
    %load/vec4 v0x6470d7605060_0;
    %and;
    %load/vec4 v0x6470d7604da0_0;
    %load/vec4 v0x6470d7605440_0;
    %and;
    %or;
    %load/vec4 v0x6470d7605060_0;
    %load/vec4 v0x6470d7605440_0;
    %and;
    %or;
    %and;
    %store/vec4 v0x6470d7605380_0, 0, 1;
    %load/vec4 v0x6470d7604da0_0;
    %inv;
    %load/vec4 v0x6470d7605060_0;
    %inv;
    %and;
    %load/vec4 v0x6470d7605440_0;
    %inv;
    %and;
    %load/vec4 v0x6470d7604ce0_0;
    %load/vec4 v0x6470d7604f50_0;
    %and;
    %load/vec4 v0x6470d7604ce0_0;
    %load/vec4 v0x6470d7605200_0;
    %and;
    %or;
    %load/vec4 v0x6470d7604f50_0;
    %load/vec4 v0x6470d7605200_0;
    %and;
    %or;
    %and;
    %store/vec4 v0x6470d76052c0_0, 0, 1;
    %load/vec4 v0x6470d7604da0_0;
    %load/vec4 v0x6470d7605060_0;
    %inv;
    %and;
    %load/vec4 v0x6470d7604f50_0;
    %inv;
    %and;
    %load/vec4 v0x6470d7605440_0;
    %inv;
    %and;
    %load/vec4 v0x6470d7605200_0;
    %inv;
    %and;
    %load/vec4 v0x6470d7605060_0;
    %load/vec4 v0x6470d7604da0_0;
    %inv;
    %and;
    %load/vec4 v0x6470d7604ce0_0;
    %inv;
    %and;
    %load/vec4 v0x6470d7605440_0;
    %inv;
    %and;
    %load/vec4 v0x6470d7605200_0;
    %inv;
    %and;
    %or;
    %load/vec4 v0x6470d7605440_0;
    %load/vec4 v0x6470d7604da0_0;
    %inv;
    %and;
    %load/vec4 v0x6470d7604ce0_0;
    %inv;
    %and;
    %load/vec4 v0x6470d7605060_0;
    %inv;
    %and;
    %load/vec4 v0x6470d7604f50_0;
    %inv;
    %and;
    %or;
    %load/vec4 v0x6470d7604da0_0;
    %load/vec4 v0x6470d7605060_0;
    %and;
    %load/vec4 v0x6470d7605200_0;
    %and;
    %or;
    %load/vec4 v0x6470d7604da0_0;
    %load/vec4 v0x6470d7605440_0;
    %and;
    %load/vec4 v0x6470d7604f50_0;
    %and;
    %or;
    %load/vec4 v0x6470d7605060_0;
    %load/vec4 v0x6470d7605440_0;
    %and;
    %load/vec4 v0x6470d7604ce0_0;
    %and;
    %or;
    %load/vec4 v0x6470d7604da0_0;
    %inv;
    %load/vec4 v0x6470d7605060_0;
    %inv;
    %and;
    %load/vec4 v0x6470d7605440_0;
    %inv;
    %and;
    %load/vec4 v0x6470d7604ce0_0;
    %load/vec4 v0x6470d7604f50_0;
    %and;
    %load/vec4 v0x6470d7605200_0;
    %inv;
    %and;
    %load/vec4 v0x6470d7604ce0_0;
    %load/vec4 v0x6470d7605200_0;
    %and;
    %load/vec4 v0x6470d7604f50_0;
    %inv;
    %and;
    %or;
    %load/vec4 v0x6470d7604f50_0;
    %load/vec4 v0x6470d7605200_0;
    %and;
    %load/vec4 v0x6470d7604ce0_0;
    %inv;
    %and;
    %or;
    %and;
    %or;
    %store/vec4 v0x6470d76055c0_0, 0, 1;
    %load/vec4 v0x6470d7604ce0_0;
    %load/vec4 v0x6470d7604f50_0;
    %inv;
    %and;
    %load/vec4 v0x6470d7605200_0;
    %inv;
    %and;
    %load/vec4 v0x6470d7604da0_0;
    %inv;
    %and;
    %load/vec4 v0x6470d7605060_0;
    %inv;
    %and;
    %load/vec4 v0x6470d7605440_0;
    %inv;
    %and;
    %load/vec4 v0x6470d7604f50_0;
    %load/vec4 v0x6470d7604ce0_0;
    %inv;
    %and;
    %load/vec4 v0x6470d7605200_0;
    %inv;
    %and;
    %load/vec4 v0x6470d7604da0_0;
    %inv;
    %and;
    %load/vec4 v0x6470d7605060_0;
    %inv;
    %and;
    %load/vec4 v0x6470d7605440_0;
    %inv;
    %and;
    %or;
    %load/vec4 v0x6470d7605200_0;
    %load/vec4 v0x6470d7604ce0_0;
    %inv;
    %and;
    %load/vec4 v0x6470d7604f50_0;
    %inv;
    %and;
    %load/vec4 v0x6470d7604da0_0;
    %inv;
    %and;
    %load/vec4 v0x6470d7605060_0;
    %inv;
    %and;
    %load/vec4 v0x6470d7605440_0;
    %inv;
    %and;
    %or;
    %load/vec4 v0x6470d7604da0_0;
    %load/vec4 v0x6470d7604f50_0;
    %and;
    %load/vec4 v0x6470d7605200_0;
    %and;
    %or;
    %load/vec4 v0x6470d7605060_0;
    %load/vec4 v0x6470d7604ce0_0;
    %and;
    %load/vec4 v0x6470d7605200_0;
    %and;
    %or;
    %load/vec4 v0x6470d7605440_0;
    %load/vec4 v0x6470d7604ce0_0;
    %and;
    %load/vec4 v0x6470d7604f50_0;
    %and;
    %or;
    %load/vec4 v0x6470d7604ce0_0;
    %inv;
    %load/vec4 v0x6470d7604f50_0;
    %inv;
    %and;
    %load/vec4 v0x6470d7605200_0;
    %inv;
    %and;
    %load/vec4 v0x6470d7604da0_0;
    %load/vec4 v0x6470d7605060_0;
    %and;
    %load/vec4 v0x6470d7605440_0;
    %inv;
    %and;
    %load/vec4 v0x6470d7604da0_0;
    %load/vec4 v0x6470d7605440_0;
    %and;
    %load/vec4 v0x6470d7605060_0;
    %inv;
    %and;
    %or;
    %load/vec4 v0x6470d7605060_0;
    %load/vec4 v0x6470d7605440_0;
    %and;
    %load/vec4 v0x6470d7604da0_0;
    %inv;
    %and;
    %or;
    %and;
    %or;
    %store/vec4 v0x6470d7605500_0, 0, 1;
    %load/vec4 v0x6470d76052c0_0;
    %load/vec4 v0x6470d7605380_0;
    %concat/vec4; draw_concat_vec4
    %load/vec4 v0x6470d7605500_0;
    %concat/vec4; draw_concat_vec4
    %load/vec4 v0x6470d76055c0_0;
    %concat/vec4; draw_concat_vec4
    %ret/vec4 0, 0, 4;  Assign to tadd1 (store_vec4_to_lval)
    %end;
S_0x6470d7605760 .scope function.vec4.s2, "tand" "tand" 4 64, 4 64 0, S_0x6470d7604550;
 .timescale -9 -12;
v0x6470d7605910_0 .var "a", 1 0;
v0x6470d76059f0_0 .var "b", 1 0;
; Variable tand is vec4 return value of scope S_0x6470d7605760
TD_ga_ops_tb.u_dot.m_ac.tand ;
    %load/vec4 v0x6470d7605910_0;
    %parti/s 1, 1, 2;
    %load/vec4 v0x6470d76059f0_0;
    %parti/s 1, 1, 2;
    %or;
    %load/vec4 v0x6470d7605910_0;
    %parti/s 1, 0, 2;
    %load/vec4 v0x6470d76059f0_0;
    %parti/s 1, 0, 2;
    %and;
    %concat/vec4; draw_concat_vec4
    %ret/vec4 0, 0, 2;  Assign to tand (store_vec4_to_lval)
    %end;
S_0x6470d7605b90 .scope function.vec4.s2, "tmul" "tmul" 4 54, 4 54 0, S_0x6470d7604550;
 .timescale -9 -12;
v0x6470d7605da0_0 .var "a", 1 0;
v0x6470d7605e80_0 .var "b", 1 0;
; Variable tmul is vec4 return value of scope S_0x6470d7605b90
TD_ga_ops_tb.u_dot.m_ac.tmul ;
    %pushi/vec4 0, 0, 2;
    %ret/vec4 0, 0, 2;  Assign to tmul (store_vec4_to_lval)
    %load/vec4 v0x6470d7605da0_0;
    %parti/s 1, 0, 2;
    %load/vec4 v0x6470d7605e80_0;
    %parti/s 1, 0, 2;
    %and;
    %flag_set/vec4 8;
    %jmp/0xz  T_11.31, 8;
    %pushi/vec4 1, 0, 2;
    %ret/vec4 0, 0, 2;  Assign to tmul (store_vec4_to_lval)
    %jmp T_11.32;
T_11.31 ;
    %load/vec4 v0x6470d7605da0_0;
    %parti/s 1, 1, 2;
    %load/vec4 v0x6470d7605e80_0;
    %parti/s 1, 1, 2;
    %and;
    %flag_set/vec4 8;
    %jmp/0xz  T_11.33, 8;
    %pushi/vec4 1, 0, 2;
    %ret/vec4 0, 0, 2;  Assign to tmul (store_vec4_to_lval)
    %jmp T_11.34;
T_11.33 ;
    %load/vec4 v0x6470d7605da0_0;
    %parti/s 1, 0, 2;
    %load/vec4 v0x6470d7605e80_0;
    %parti/s 1, 1, 2;
    %and;
    %load/vec4 v0x6470d7605da0_0;
    %parti/s 1, 1, 2;
    %load/vec4 v0x6470d7605e80_0;
    %parti/s 1, 0, 2;
    %and;
    %or;
    %flag_set/vec4 8;
    %jmp/0xz  T_11.35, 8;
    %pushi/vec4 2, 0, 2;
    %ret/vec4 0, 0, 2;  Assign to tmul (store_vec4_to_lval)
T_11.35 ;
T_11.34 ;
T_11.32 ;
    %end;
S_0x6470d7606050 .scope function.vec4.s2, "tneg" "tneg" 4 47, 4 47 0, S_0x6470d7604550;
 .timescale -9 -12;
v0x6470d7606230_0 .var "t", 1 0;
; Variable tneg is vec4 return value of scope S_0x6470d7606050
TD_ga_ops_tb.u_dot.m_ac.tneg ;
    %load/vec4 v0x6470d7606230_0;
    %parti/s 1, 0, 2;
    %load/vec4 v0x6470d7606230_0;
    %parti/s 1, 1, 2;
    %concat/vec4; draw_concat_vec4
    %ret/vec4 0, 0, 2;  Assign to tneg (store_vec4_to_lval)
    %end;
S_0x6470d7606410 .scope function.vec4.s2, "tor" "tor" 4 71, 4 71 0, S_0x6470d7604550;
 .timescale -9 -12;
v0x6470d7606640_0 .var "a", 1 0;
v0x6470d7606740_0 .var "b", 1 0;
; Variable tor is vec4 return value of scope S_0x6470d7606410
TD_ga_ops_tb.u_dot.m_ac.tor ;
    %load/vec4 v0x6470d7606640_0;
    %parti/s 1, 1, 2;
    %load/vec4 v0x6470d7606740_0;
    %parti/s 1, 1, 2;
    %and;
    %load/vec4 v0x6470d7606640_0;
    %parti/s 1, 0, 2;
    %load/vec4 v0x6470d7606740_0;
    %parti/s 1, 0, 2;
    %or;
    %concat/vec4; draw_concat_vec4
    %ret/vec4 0, 0, 2;  Assign to tor (store_vec4_to_lval)
    %end;
S_0x6470d76070d0 .scope module, "m_ad" "tmul_sa" 3 205, 4 42 0, S_0x6470d7604190;
 .timescale -9 -12;
    .port_info 0 /OUTPUT 24 "prod";
    .port_info 1 /INPUT 12 "a";
    .port_info 2 /INPUT 12 "b";
P_0x6470d76072b0 .param/l "ACCBITS" 1 4 48, +C4<0000000000000000000000000000000000000000000000000000000000000000000000000000000000000000000011010>;
P_0x6470d76072f0 .param/l "NTRITS" 0 4 42, +C4<00000000000000000000000000000110>;
v0x6470d7609480_0 .net "a", 11 0, v0x6470d76533d0_0;  alias, 1 drivers
v0x6470d76095b0_0 .var "acc", 25 0;
v0x6470d7609690_0 .net "b", 11 0, v0x6470d7653610_0;  alias, 1 drivers
v0x6470d7609750_0 .var "c", 1 0;
v0x6470d7609830_0 .var/i "i", 31 0;
v0x6470d7609960_0 .var/i "j", 31 0;
v0x6470d7609a40_0 .var "pp", 25 0;
v0x6470d7609b20_0 .var "prod", 23 0;
E_0x6470d73f47f0/0 .event anyedge, v0x6470d7603d70_0, v0x6470d7609690_0, v0x6470d76095b0_0, v0x6470d7609a40_0;
E_0x6470d73f47f0/1 .event anyedge, v0x6470d7609750_0;
E_0x6470d73f47f0 .event/or E_0x6470d73f47f0/0, E_0x6470d73f47f0/1;
S_0x6470d7607390 .scope function.vec4.s4, "tadd1" "tadd1" 4 78, 4 78 0, S_0x6470d76070d0;
 .timescale -9 -12;
v0x6470d7607780_0 .var "a", 1 0;
v0x6470d7607880_0 .var "an", 0 0;
v0x6470d7607940_0 .var "ap", 0 0;
v0x6470d7607a10_0 .var "b", 1 0;
v0x6470d7607af0_0 .var "bn", 0 0;
v0x6470d7607c00_0 .var "bp", 0 0;
v0x6470d7607cc0_0 .var "cin", 1 0;
v0x6470d7607da0_0 .var "cn", 0 0;
v0x6470d7607e60_0 .var "con", 0 0;
v0x6470d7607f20_0 .var "cop", 0 0;
v0x6470d7607fe0_0 .var "cp", 0 0;
v0x6470d76080a0_0 .var "sn", 0 0;
v0x6470d7608160_0 .var "sp", 0 0;
; Variable tadd1 is vec4 return value of scope S_0x6470d7607390
TD_ga_ops_tb.u_dot.m_ad.tadd1 ;
    %load/vec4 v0x6470d7607780_0;
    %parti/s 1, 0, 2;
    %store/vec4 v0x6470d7607940_0, 0, 1;
    %load/vec4 v0x6470d7607780_0;
    %parti/s 1, 1, 2;
    %store/vec4 v0x6470d7607880_0, 0, 1;
    %load/vec4 v0x6470d7607a10_0;
    %parti/s 1, 0, 2;
    %store/vec4 v0x6470d7607c00_0, 0, 1;
    %load/vec4 v0x6470d7607a10_0;
    %parti/s 1, 1, 2;
    %store/vec4 v0x6470d7607af0_0, 0, 1;
    %load/vec4 v0x6470d7607cc0_0;
    %parti/s 1, 0, 2;
    %store/vec4 v0x6470d7607fe0_0, 0, 1;
    %load/vec4 v0x6470d7607cc0_0;
    %parti/s 1, 1, 2;
    %store/vec4 v0x6470d7607da0_0, 0, 1;
    %load/vec4 v0x6470d7607880_0;
    %inv;
    %load/vec4 v0x6470d7607af0_0;
    %inv;
    %and;
    %load/vec4 v0x6470d7607da0_0;
    %inv;
    %and;
    %load/vec4 v0x6470d7607940_0;
    %load/vec4 v0x6470d7607c00_0;
    %and;
    %load/vec4 v0x6470d7607940_0;
    %load/vec4 v0x6470d7607fe0_0;
    %and;
    %or;
    %load/vec4 v0x6470d7607c00_0;
    %load/vec4 v0x6470d7607fe0_0;
    %and;
    %or;
    %and;
    %store/vec4 v0x6470d7607f20_0, 0, 1;
    %load/vec4 v0x6470d7607940_0;
    %inv;
    %load/vec4 v0x6470d7607c00_0;
    %inv;
    %and;
    %load/vec4 v0x6470d7607fe0_0;
    %inv;
    %and;
    %load/vec4 v0x6470d7607880_0;
    %load/vec4 v0x6470d7607af0_0;
    %and;
    %load/vec4 v0x6470d7607880_0;
    %load/vec4 v0x6470d7607da0_0;
    %and;
    %or;
    %load/vec4 v0x6470d7607af0_0;
    %load/vec4 v0x6470d7607da0_0;
    %and;
    %or;
    %and;
    %store/vec4 v0x6470d7607e60_0, 0, 1;
    %load/vec4 v0x6470d7607940_0;
    %load/vec4 v0x6470d7607c00_0;
    %inv;
    %and;
    %load/vec4 v0x6470d7607af0_0;
    %inv;
    %and;
    %load/vec4 v0x6470d7607fe0_0;
    %inv;
    %and;
    %load/vec4 v0x6470d7607da0_0;
    %inv;
    %and;
    %load/vec4 v0x6470d7607c00_0;
    %load/vec4 v0x6470d7607940_0;
    %inv;
    %and;
    %load/vec4 v0x6470d7607880_0;
    %inv;
    %and;
    %load/vec4 v0x6470d7607fe0_0;
    %inv;
    %and;
    %load/vec4 v0x6470d7607da0_0;
    %inv;
    %and;
    %or;
    %load/vec4 v0x6470d7607fe0_0;
    %load/vec4 v0x6470d7607940_0;
    %inv;
    %and;
    %load/vec4 v0x6470d7607880_0;
    %inv;
    %and;
    %load/vec4 v0x6470d7607c00_0;
    %inv;
    %and;
    %load/vec4 v0x6470d7607af0_0;
    %inv;
    %and;
    %or;
    %load/vec4 v0x6470d7607940_0;
    %load/vec4 v0x6470d7607c00_0;
    %and;
    %load/vec4 v0x6470d7607da0_0;
    %and;
    %or;
    %load/vec4 v0x6470d7607940_0;
    %load/vec4 v0x6470d7607fe0_0;
    %and;
    %load/vec4 v0x6470d7607af0_0;
    %and;
    %or;
    %load/vec4 v0x6470d7607c00_0;
    %load/vec4 v0x6470d7607fe0_0;
    %and;
    %load/vec4 v0x6470d7607880_0;
    %and;
    %or;
    %load/vec4 v0x6470d7607940_0;
    %inv;
    %load/vec4 v0x6470d7607c00_0;
    %inv;
    %and;
    %load/vec4 v0x6470d7607fe0_0;
    %inv;
    %and;
    %load/vec4 v0x6470d7607880_0;
    %load/vec4 v0x6470d7607af0_0;
    %and;
    %load/vec4 v0x6470d7607da0_0;
    %inv;
    %and;
    %load/vec4 v0x6470d7607880_0;
    %load/vec4 v0x6470d7607da0_0;
    %and;
    %load/vec4 v0x6470d7607af0_0;
    %inv;
    %and;
    %or;
    %load/vec4 v0x6470d7607af0_0;
    %load/vec4 v0x6470d7607da0_0;
    %and;
    %load/vec4 v0x6470d7607880_0;
    %inv;
    %and;
    %or;
    %and;
    %or;
    %store/vec4 v0x6470d7608160_0, 0, 1;
    %load/vec4 v0x6470d7607880_0;
    %load/vec4 v0x6470d7607af0_0;
    %inv;
    %and;
    %load/vec4 v0x6470d7607da0_0;
    %inv;
    %and;
    %load/vec4 v0x6470d7607940_0;
    %inv;
    %and;
    %load/vec4 v0x6470d7607c00_0;
    %inv;
    %and;
    %load/vec4 v0x6470d7607fe0_0;
    %inv;
    %and;
    %load/vec4 v0x6470d7607af0_0;
    %load/vec4 v0x6470d7607880_0;
    %inv;
    %and;
    %load/vec4 v0x6470d7607da0_0;
    %inv;
    %and;
    %load/vec4 v0x6470d7607940_0;
    %inv;
    %and;
    %load/vec4 v0x6470d7607c00_0;
    %inv;
    %and;
    %load/vec4 v0x6470d7607fe0_0;
    %inv;
    %and;
    %or;
    %load/vec4 v0x6470d7607da0_0;
    %load/vec4 v0x6470d7607880_0;
    %inv;
    %and;
    %load/vec4 v0x6470d7607af0_0;
    %inv;
    %and;
    %load/vec4 v0x6470d7607940_0;
    %inv;
    %and;
    %load/vec4 v0x6470d7607c00_0;
    %inv;
    %and;
    %load/vec4 v0x6470d7607fe0_0;
    %inv;
    %and;
    %or;
    %load/vec4 v0x6470d7607940_0;
    %load/vec4 v0x6470d7607af0_0;
    %and;
    %load/vec4 v0x6470d7607da0_0;
    %and;
    %or;
    %load/vec4 v0x6470d7607c00_0;
    %load/vec4 v0x6470d7607880_0;
    %and;
    %load/vec4 v0x6470d7607da0_0;
    %and;
    %or;
    %load/vec4 v0x6470d7607fe0_0;
    %load/vec4 v0x6470d7607880_0;
    %and;
    %load/vec4 v0x6470d7607af0_0;
    %and;
    %or;
    %load/vec4 v0x6470d7607880_0;
    %inv;
    %load/vec4 v0x6470d7607af0_0;
    %inv;
    %and;
    %load/vec4 v0x6470d7607da0_0;
    %inv;
    %and;
    %load/vec4 v0x6470d7607940_0;
    %load/vec4 v0x6470d7607c00_0;
    %and;
    %load/vec4 v0x6470d7607fe0_0;
    %inv;
    %and;
    %load/vec4 v0x6470d7607940_0;
    %load/vec4 v0x6470d7607fe0_0;
    %and;
    %load/vec4 v0x6470d7607c00_0;
    %inv;
    %and;
    %or;
    %load/vec4 v0x6470d7607c00_0;
    %load/vec4 v0x6470d7607fe0_0;
    %and;
    %load/vec4 v0x6470d7607940_0;
    %inv;
    %and;
    %or;
    %and;
    %or;
    %store/vec4 v0x6470d76080a0_0, 0, 1;
    %load/vec4 v0x6470d7607e60_0;
    %load/vec4 v0x6470d7607f20_0;
    %concat/vec4; draw_concat_vec4
    %load/vec4 v0x6470d76080a0_0;
    %concat/vec4; draw_concat_vec4
    %load/vec4 v0x6470d7608160_0;
    %concat/vec4; draw_concat_vec4
    %ret/vec4 0, 0, 4;  Assign to tadd1 (store_vec4_to_lval)
    %end;
S_0x6470d7608300 .scope function.vec4.s2, "tand" "tand" 4 64, 4 64 0, S_0x6470d76070d0;
 .timescale -9 -12;
v0x6470d76084b0_0 .var "a", 1 0;
v0x6470d7608590_0 .var "b", 1 0;
; Variable tand is vec4 return value of scope S_0x6470d7608300
TD_ga_ops_tb.u_dot.m_ad.tand ;
    %load/vec4 v0x6470d76084b0_0;
    %parti/s 1, 1, 2;
    %load/vec4 v0x6470d7608590_0;
    %parti/s 1, 1, 2;
    %or;
    %load/vec4 v0x6470d76084b0_0;
    %parti/s 1, 0, 2;
    %load/vec4 v0x6470d7608590_0;
    %parti/s 1, 0, 2;
    %and;
    %concat/vec4; draw_concat_vec4
    %ret/vec4 0, 0, 2;  Assign to tand (store_vec4_to_lval)
    %end;
S_0x6470d7608730 .scope function.vec4.s2, "tmul" "tmul" 4 54, 4 54 0, S_0x6470d76070d0;
 .timescale -9 -12;
v0x6470d7608940_0 .var "a", 1 0;
v0x6470d7608a20_0 .var "b", 1 0;
; Variable tmul is vec4 return value of scope S_0x6470d7608730
TD_ga_ops_tb.u_dot.m_ad.tmul ;
    %pushi/vec4 0, 0, 2;
    %ret/vec4 0, 0, 2;  Assign to tmul (store_vec4_to_lval)
    %load/vec4 v0x6470d7608940_0;
    %parti/s 1, 0, 2;
    %load/vec4 v0x6470d7608a20_0;
    %parti/s 1, 0, 2;
    %and;
    %flag_set/vec4 8;
    %jmp/0xz  T_16.37, 8;
    %pushi/vec4 1, 0, 2;
    %ret/vec4 0, 0, 2;  Assign to tmul (store_vec4_to_lval)
    %jmp T_16.38;
T_16.37 ;
    %load/vec4 v0x6470d7608940_0;
    %parti/s 1, 1, 2;
    %load/vec4 v0x6470d7608a20_0;
    %parti/s 1, 1, 2;
    %and;
    %flag_set/vec4 8;
    %jmp/0xz  T_16.39, 8;
    %pushi/vec4 1, 0, 2;
    %ret/vec4 0, 0, 2;  Assign to tmul (store_vec4_to_lval)
    %jmp T_16.40;
T_16.39 ;
    %load/vec4 v0x6470d7608940_0;
    %parti/s 1, 0, 2;
    %load/vec4 v0x6470d7608a20_0;
    %parti/s 1, 1, 2;
    %and;
    %load/vec4 v0x6470d7608940_0;
    %parti/s 1, 1, 2;
    %load/vec4 v0x6470d7608a20_0;
    %parti/s 1, 0, 2;
    %and;
    %or;
    %flag_set/vec4 8;
    %jmp/0xz  T_16.41, 8;
    %pushi/vec4 2, 0, 2;
    %ret/vec4 0, 0, 2;  Assign to tmul (store_vec4_to_lval)
T_16.41 ;
T_16.40 ;
T_16.38 ;
    %end;
S_0x6470d7608bf0 .scope function.vec4.s2, "tneg" "tneg" 4 47, 4 47 0, S_0x6470d76070d0;
 .timescale -9 -12;
v0x6470d7608dd0_0 .var "t", 1 0;
; Variable tneg is vec4 return value of scope S_0x6470d7608bf0
TD_ga_ops_tb.u_dot.m_ad.tneg ;
    %load/vec4 v0x6470d7608dd0_0;
    %parti/s 1, 0, 2;
    %load/vec4 v0x6470d7608dd0_0;
    %parti/s 1, 1, 2;
    %concat/vec4; draw_concat_vec4
    %ret/vec4 0, 0, 2;  Assign to tneg (store_vec4_to_lval)
    %end;
S_0x6470d7608fb0 .scope function.vec4.s2, "tor" "tor" 4 71, 4 71 0, S_0x6470d76070d0;
 .timescale -9 -12;
v0x6470d76091e0_0 .var "a", 1 0;
v0x6470d76092e0_0 .var "b", 1 0;
; Variable tor is vec4 return value of scope S_0x6470d7608fb0
TD_ga_ops_tb.u_dot.m_ad.tor ;
    %load/vec4 v0x6470d76091e0_0;
    %parti/s 1, 1, 2;
    %load/vec4 v0x6470d76092e0_0;
    %parti/s 1, 1, 2;
    %and;
    %load/vec4 v0x6470d76091e0_0;
    %parti/s 1, 0, 2;
    %load/vec4 v0x6470d76092e0_0;
    %parti/s 1, 0, 2;
    %or;
    %concat/vec4; draw_concat_vec4
    %ret/vec4 0, 0, 2;  Assign to tor (store_vec4_to_lval)
    %end;
S_0x6470d7609c80 .scope module, "m_bd" "tmul_sa" 3 206, 4 42 0, S_0x6470d7604190;
 .timescale -9 -12;
    .port_info 0 /OUTPUT 24 "prod";
    .port_info 1 /INPUT 12 "a";
    .port_info 2 /INPUT 12 "b";
P_0x6470d7609e60 .param/l "ACCBITS" 1 4 48, +C4<0000000000000000000000000000000000000000000000000000000000000000000000000000000000000000000011010>;
P_0x6470d7609ea0 .param/l "NTRITS" 0 4 42, +C4<00000000000000000000000000000110>;
v0x6470d760c040_0 .net "a", 11 0, v0x6470d76534b0_0;  alias, 1 drivers
v0x6470d760c150_0 .var "acc", 25 0;
v0x6470d760c210_0 .net "b", 11 0, v0x6470d7653610_0;  alias, 1 drivers
v0x6470d760c310_0 .var "c", 1 0;
v0x6470d760c3d0_0 .var/i "i", 31 0;
v0x6470d760c500_0 .var/i "j", 31 0;
v0x6470d760c5e0_0 .var "pp", 25 0;
v0x6470d760c6c0_0 .var "prod", 23 0;
E_0x6470d72ee780/0 .event anyedge, v0x6470d7603f20_0, v0x6470d7609690_0, v0x6470d760c150_0, v0x6470d760c5e0_0;
E_0x6470d72ee780/1 .event anyedge, v0x6470d760c310_0;
E_0x6470d72ee780 .event/or E_0x6470d72ee780/0, E_0x6470d72ee780/1;
S_0x6470d7609f40 .scope function.vec4.s4, "tadd1" "tadd1" 4 78, 4 78 0, S_0x6470d7609c80;
 .timescale -9 -12;
v0x6470d760a340_0 .var "a", 1 0;
v0x6470d760a440_0 .var "an", 0 0;
v0x6470d760a500_0 .var "ap", 0 0;
v0x6470d760a5d0_0 .var "b", 1 0;
v0x6470d760a6b0_0 .var "bn", 0 0;
v0x6470d760a7c0_0 .var "bp", 0 0;
v0x6470d760a880_0 .var "cin", 1 0;
v0x6470d760a960_0 .var "cn", 0 0;
v0x6470d760aa20_0 .var "con", 0 0;
v0x6470d760aae0_0 .var "cop", 0 0;
v0x6470d760aba0_0 .var "cp", 0 0;
v0x6470d760ac60_0 .var "sn", 0 0;
v0x6470d760ad20_0 .var "sp", 0 0;
; Variable tadd1 is vec4 return value of scope S_0x6470d7609f40
TD_ga_ops_tb.u_dot.m_bd.tadd1 ;
    %load/vec4 v0x6470d760a340_0;
    %parti/s 1, 0, 2;
    %store/vec4 v0x6470d760a500_0, 0, 1;
    %load/vec4 v0x6470d760a340_0;
    %parti/s 1, 1, 2;
    %store/vec4 v0x6470d760a440_0, 0, 1;
    %load/vec4 v0x6470d760a5d0_0;
    %parti/s 1, 0, 2;
    %store/vec4 v0x6470d760a7c0_0, 0, 1;
    %load/vec4 v0x6470d760a5d0_0;
    %parti/s 1, 1, 2;
    %store/vec4 v0x6470d760a6b0_0, 0, 1;
    %load/vec4 v0x6470d760a880_0;
    %parti/s 1, 0, 2;
    %store/vec4 v0x6470d760aba0_0, 0, 1;
    %load/vec4 v0x6470d760a880_0;
    %parti/s 1, 1, 2;
    %store/vec4 v0x6470d760a960_0, 0, 1;
    %load/vec4 v0x6470d760a440_0;
    %inv;
    %load/vec4 v0x6470d760a6b0_0;
    %inv;
    %and;
    %load/vec4 v0x6470d760a960_0;
    %inv;
    %and;
    %load/vec4 v0x6470d760a500_0;
    %load/vec4 v0x6470d760a7c0_0;
    %and;
    %load/vec4 v0x6470d760a500_0;
    %load/vec4 v0x6470d760aba0_0;
    %and;
    %or;
    %load/vec4 v0x6470d760a7c0_0;
    %load/vec4 v0x6470d760aba0_0;
    %and;
    %or;
    %and;
    %store/vec4 v0x6470d760aae0_0, 0, 1;
    %load/vec4 v0x6470d760a500_0;
    %inv;
    %load/vec4 v0x6470d760a7c0_0;
    %inv;
    %and;
    %load/vec4 v0x6470d760aba0_0;
    %inv;
    %and;
    %load/vec4 v0x6470d760a440_0;
    %load/vec4 v0x6470d760a6b0_0;
    %and;
    %load/vec4 v0x6470d760a440_0;
    %load/vec4 v0x6470d760a960_0;
    %and;
    %or;
    %load/vec4 v0x6470d760a6b0_0;
    %load/vec4 v0x6470d760a960_0;
    %and;
    %or;
    %and;
    %store/vec4 v0x6470d760aa20_0, 0, 1;
    %load/vec4 v0x6470d760a500_0;
    %load/vec4 v0x6470d760a7c0_0;
    %inv;
    %and;
    %load/vec4 v0x6470d760a6b0_0;
    %inv;
    %and;
    %load/vec4 v0x6470d760aba0_0;
    %inv;
    %and;
    %load/vec4 v0x6470d760a960_0;
    %inv;
    %and;
    %load/vec4 v0x6470d760a7c0_0;
    %load/vec4 v0x6470d760a500_0;
    %inv;
    %and;
    %load/vec4 v0x6470d760a440_0;
    %inv;
    %and;
    %load/vec4 v0x6470d760aba0_0;
    %inv;
    %and;
    %load/vec4 v0x6470d760a960_0;
    %inv;
    %and;
    %or;
    %load/vec4 v0x6470d760aba0_0;
    %load/vec4 v0x6470d760a500_0;
    %inv;
    %and;
    %load/vec4 v0x6470d760a440_0;
    %inv;
    %and;
    %load/vec4 v0x6470d760a7c0_0;
    %inv;
    %and;
    %load/vec4 v0x6470d760a6b0_0;
    %inv;
    %and;
    %or;
    %load/vec4 v0x6470d760a500_0;
    %load/vec4 v0x6470d760a7c0_0;
    %and;
    %load/vec4 v0x6470d760a960_0;
    %and;
    %or;
    %load/vec4 v0x6470d760a500_0;
    %load/vec4 v0x6470d760aba0_0;
    %and;
    %load/vec4 v0x6470d760a6b0_0;
    %and;
    %or;
    %load/vec4 v0x6470d760a7c0_0;
    %load/vec4 v0x6470d760aba0_0;
    %and;
    %load/vec4 v0x6470d760a440_0;
    %and;
    %or;
    %load/vec4 v0x6470d760a500_0;
    %inv;
    %load/vec4 v0x6470d760a7c0_0;
    %inv;
    %and;
    %load/vec4 v0x6470d760aba0_0;
    %inv;
    %and;
    %load/vec4 v0x6470d760a440_0;
    %load/vec4 v0x6470d760a6b0_0;
    %and;
    %load/vec4 v0x6470d760a960_0;
    %inv;
    %and;
    %load/vec4 v0x6470d760a440_0;
    %load/vec4 v0x6470d760a960_0;
    %and;
    %load/vec4 v0x6470d760a6b0_0;
    %inv;
    %and;
    %or;
    %load/vec4 v0x6470d760a6b0_0;
    %load/vec4 v0x6470d760a960_0;
    %and;
    %load/vec4 v0x6470d760a440_0;
    %inv;
    %and;
    %or;
    %and;
    %or;
    %store/vec4 v0x6470d760ad20_0, 0, 1;
    %load/vec4 v0x6470d760a440_0;
    %load/vec4 v0x6470d760a6b0_0;
    %inv;
    %and;
    %load/vec4 v0x6470d760a960_0;
    %inv;
    %and;
    %load/vec4 v0x6470d760a500_0;
    %inv;
    %and;
    %load/vec4 v0x6470d760a7c0_0;
    %inv;
    %and;
    %load/vec4 v0x6470d760aba0_0;
    %inv;
    %and;
    %load/vec4 v0x6470d760a6b0_0;
    %load/vec4 v0x6470d760a440_0;
    %inv;
    %and;
    %load/vec4 v0x6470d760a960_0;
    %inv;
    %and;
    %load/vec4 v0x6470d760a500_0;
    %inv;
    %and;
    %load/vec4 v0x6470d760a7c0_0;
    %inv;
    %and;
    %load/vec4 v0x6470d760aba0_0;
    %inv;
    %and;
    %or;
    %load/vec4 v0x6470d760a960_0;
    %load/vec4 v0x6470d760a440_0;
    %inv;
    %and;
    %load/vec4 v0x6470d760a6b0_0;
    %inv;
    %and;
    %load/vec4 v0x6470d760a500_0;
    %inv;
    %and;
    %load/vec4 v0x6470d760a7c0_0;
    %inv;
    %and;
    %load/vec4 v0x6470d760aba0_0;
    %inv;
    %and;
    %or;
    %load/vec4 v0x6470d760a500_0;
    %load/vec4 v0x6470d760a6b0_0;
    %and;
    %load/vec4 v0x6470d760a960_0;
    %and;
    %or;
    %load/vec4 v0x6470d760a7c0_0;
    %load/vec4 v0x6470d760a440_0;
    %and;
    %load/vec4 v0x6470d760a960_0;
    %and;
    %or;
    %load/vec4 v0x6470d760aba0_0;
    %load/vec4 v0x6470d760a440_0;
    %and;
    %load/vec4 v0x6470d760a6b0_0;
    %and;
    %or;
    %load/vec4 v0x6470d760a440_0;
    %inv;
    %load/vec4 v0x6470d760a6b0_0;
    %inv;
    %and;
    %load/vec4 v0x6470d760a960_0;
    %inv;
    %and;
    %load/vec4 v0x6470d760a500_0;
    %load/vec4 v0x6470d760a7c0_0;
    %and;
    %load/vec4 v0x6470d760aba0_0;
    %inv;
    %and;
    %load/vec4 v0x6470d760a500_0;
    %load/vec4 v0x6470d760aba0_0;
    %and;
    %load/vec4 v0x6470d760a7c0_0;
    %inv;
    %and;
    %or;
    %load/vec4 v0x6470d760a7c0_0;
    %load/vec4 v0x6470d760aba0_0;
    %and;
    %load/vec4 v0x6470d760a500_0;
    %inv;
    %and;
    %or;
    %and;
    %or;
    %store/vec4 v0x6470d760ac60_0, 0, 1;
    %load/vec4 v0x6470d760aa20_0;
    %load/vec4 v0x6470d760aae0_0;
    %concat/vec4; draw_concat_vec4
    %load/vec4 v0x6470d760ac60_0;
    %concat/vec4; draw_concat_vec4
    %load/vec4 v0x6470d760ad20_0;
    %concat/vec4; draw_concat_vec4
    %ret/vec4 0, 0, 4;  Assign to tadd1 (store_vec4_to_lval)
    %end;
S_0x6470d760aec0 .scope function.vec4.s2, "tand" "tand" 4 64, 4 64 0, S_0x6470d7609c80;
 .timescale -9 -12;
v0x6470d760b070_0 .var "a", 1 0;
v0x6470d760b150_0 .var "b", 1 0;
; Variable tand is vec4 return value of scope S_0x6470d760aec0
TD_ga_ops_tb.u_dot.m_bd.tand ;
    %load/vec4 v0x6470d760b070_0;
    %parti/s 1, 1, 2;
    %load/vec4 v0x6470d760b150_0;
    %parti/s 1, 1, 2;
    %or;
    %load/vec4 v0x6470d760b070_0;
    %parti/s 1, 0, 2;
    %load/vec4 v0x6470d760b150_0;
    %parti/s 1, 0, 2;
    %and;
    %concat/vec4; draw_concat_vec4
    %ret/vec4 0, 0, 2;  Assign to tand (store_vec4_to_lval)
    %end;
S_0x6470d760b2f0 .scope function.vec4.s2, "tmul" "tmul" 4 54, 4 54 0, S_0x6470d7609c80;
 .timescale -9 -12;
v0x6470d760b500_0 .var "a", 1 0;
v0x6470d760b5e0_0 .var "b", 1 0;
; Variable tmul is vec4 return value of scope S_0x6470d760b2f0
TD_ga_ops_tb.u_dot.m_bd.tmul ;
    %pushi/vec4 0, 0, 2;
    %ret/vec4 0, 0, 2;  Assign to tmul (store_vec4_to_lval)
    %load/vec4 v0x6470d760b500_0;
    %parti/s 1, 0, 2;
    %load/vec4 v0x6470d760b5e0_0;
    %parti/s 1, 0, 2;
    %and;
    %flag_set/vec4 8;
    %jmp/0xz  T_21.43, 8;
    %pushi/vec4 1, 0, 2;
    %ret/vec4 0, 0, 2;  Assign to tmul (store_vec4_to_lval)
    %jmp T_21.44;
T_21.43 ;
    %load/vec4 v0x6470d760b500_0;
    %parti/s 1, 1, 2;
    %load/vec4 v0x6470d760b5e0_0;
    %parti/s 1, 1, 2;
    %and;
    %flag_set/vec4 8;
    %jmp/0xz  T_21.45, 8;
    %pushi/vec4 1, 0, 2;
    %ret/vec4 0, 0, 2;  Assign to tmul (store_vec4_to_lval)
    %jmp T_21.46;
T_21.45 ;
    %load/vec4 v0x6470d760b500_0;
    %parti/s 1, 0, 2;
    %load/vec4 v0x6470d760b5e0_0;
    %parti/s 1, 1, 2;
    %and;
    %load/vec4 v0x6470d760b500_0;
    %parti/s 1, 1, 2;
    %load/vec4 v0x6470d760b5e0_0;
    %parti/s 1, 0, 2;
    %and;
    %or;
    %flag_set/vec4 8;
    %jmp/0xz  T_21.47, 8;
    %pushi/vec4 2, 0, 2;
    %ret/vec4 0, 0, 2;  Assign to tmul (store_vec4_to_lval)
T_21.47 ;
T_21.46 ;
T_21.44 ;
    %end;
S_0x6470d760b7b0 .scope function.vec4.s2, "tneg" "tneg" 4 47, 4 47 0, S_0x6470d7609c80;
 .timescale -9 -12;
v0x6470d760b990_0 .var "t", 1 0;
; Variable tneg is vec4 return value of scope S_0x6470d760b7b0
TD_ga_ops_tb.u_dot.m_bd.tneg ;
    %load/vec4 v0x6470d760b990_0;
    %parti/s 1, 0, 2;
    %load/vec4 v0x6470d760b990_0;
    %parti/s 1, 1, 2;
    %concat/vec4; draw_concat_vec4
    %ret/vec4 0, 0, 2;  Assign to tneg (store_vec4_to_lval)
    %end;
S_0x6470d760bb70 .scope function.vec4.s2, "tor" "tor" 4 71, 4 71 0, S_0x6470d7609c80;
 .timescale -9 -12;
v0x6470d760bda0_0 .var "a", 1 0;
v0x6470d760bea0_0 .var "b", 1 0;
; Variable tor is vec4 return value of scope S_0x6470d760bb70
TD_ga_ops_tb.u_dot.m_bd.tor ;
    %load/vec4 v0x6470d760bda0_0;
    %parti/s 1, 1, 2;
    %load/vec4 v0x6470d760bea0_0;
    %parti/s 1, 1, 2;
    %and;
    %load/vec4 v0x6470d760bda0_0;
    %parti/s 1, 0, 2;
    %load/vec4 v0x6470d760bea0_0;
    %parti/s 1, 0, 2;
    %or;
    %concat/vec4; draw_concat_vec4
    %ret/vec4 0, 0, 2;  Assign to tor (store_vec4_to_lval)
    %end;
S_0x6470d760c820 .scope module, "u1" "tadd_n" 3 213, 4 71 0, S_0x6470d7604190;
 .timescale -9 -12;
    .port_info 0 /OUTPUT 26 "sum";
    .port_info 1 /OUTPUT 2 "cout";
    .port_info 2 /INPUT 26 "a";
    .port_info 3 /INPUT 26 "b";
    .port_info 4 /INPUT 2 "cin";
P_0x6470d760ca00 .param/l "NTRITS" 0 4 71, +C4<00000000000000000000000000001101>;
v0x6470d760eb10_0 .net "a", 25 0, L_0x6470d7655500;  alias, 1 drivers
v0x6470d760ec10_0 .net "b", 25 0, L_0x6470d76556e0;  alias, 1 drivers
v0x6470d760ecf0_0 .var "c", 1 0;
L_0x72137824a1c8 .functor BUFT 1, C4<00>, C4<0>, C4<0>, C4<0>;
v0x6470d760ede0_0 .net "cin", 1 0, L_0x72137824a1c8;  1 drivers
v0x6470d760eec0_0 .var "cout", 1 0;
v0x6470d760eff0_0 .var/i "i", 31 0;
v0x6470d760f0d0_0 .var "sum", 25 0;
E_0x6470d75ee4f0 .event anyedge, v0x6470d760ede0_0, v0x6470d760eb10_0, v0x6470d760ec10_0, v0x6470d760ecf0_0;
S_0x6470d760cc10 .scope function.vec4.s4, "tadd1" "tadd1" 4 109, 4 109 0, S_0x6470d760c820;
 .timescale -9 -12;
v0x6470d760ce10_0 .var "a", 1 0;
v0x6470d760cf10_0 .var "an", 0 0;
v0x6470d760cfd0_0 .var "ap", 0 0;
v0x6470d760d0a0_0 .var "b", 1 0;
v0x6470d760d180_0 .var "bn", 0 0;
v0x6470d760d290_0 .var "bp", 0 0;
v0x6470d760d350_0 .var "cin", 1 0;
v0x6470d760d430_0 .var "cn", 0 0;
v0x6470d760d4f0_0 .var "con", 0 0;
v0x6470d760d5b0_0 .var "cop", 0 0;
v0x6470d760d670_0 .var "cp", 0 0;
v0x6470d760d730_0 .var "sn", 0 0;
v0x6470d760d7f0_0 .var "sp", 0 0;
; Variable tadd1 is vec4 return value of scope S_0x6470d760cc10
TD_ga_ops_tb.u_dot.u1.tadd1 ;
    %load/vec4 v0x6470d760ce10_0;
    %parti/s 1, 0, 2;
    %store/vec4 v0x6470d760cfd0_0, 0, 1;
    %load/vec4 v0x6470d760ce10_0;
    %parti/s 1, 1, 2;
    %store/vec4 v0x6470d760cf10_0, 0, 1;
    %load/vec4 v0x6470d760d0a0_0;
    %parti/s 1, 0, 2;
    %store/vec4 v0x6470d760d290_0, 0, 1;
    %load/vec4 v0x6470d760d0a0_0;
    %parti/s 1, 1, 2;
    %store/vec4 v0x6470d760d180_0, 0, 1;
    %load/vec4 v0x6470d760d350_0;
    %parti/s 1, 0, 2;
    %store/vec4 v0x6470d760d670_0, 0, 1;
    %load/vec4 v0x6470d760d350_0;
    %parti/s 1, 1, 2;
    %store/vec4 v0x6470d760d430_0, 0, 1;
    %load/vec4 v0x6470d760cf10_0;
    %inv;
    %load/vec4 v0x6470d760d180_0;
    %inv;
    %and;
    %load/vec4 v0x6470d760d430_0;
    %inv;
    %and;
    %load/vec4 v0x6470d760cfd0_0;
    %load/vec4 v0x6470d760d290_0;
    %and;
    %load/vec4 v0x6470d760cfd0_0;
    %load/vec4 v0x6470d760d670_0;
    %and;
    %or;
    %load/vec4 v0x6470d760d290_0;
    %load/vec4 v0x6470d760d670_0;
    %and;
    %or;
    %and;
    %store/vec4 v0x6470d760d5b0_0, 0, 1;
    %load/vec4 v0x6470d760cfd0_0;
    %inv;
    %load/vec4 v0x6470d760d290_0;
    %inv;
    %and;
    %load/vec4 v0x6470d760d670_0;
    %inv;
    %and;
    %load/vec4 v0x6470d760cf10_0;
    %load/vec4 v0x6470d760d180_0;
    %and;
    %load/vec4 v0x6470d760cf10_0;
    %load/vec4 v0x6470d760d430_0;
    %and;
    %or;
    %load/vec4 v0x6470d760d180_0;
    %load/vec4 v0x6470d760d430_0;
    %and;
    %or;
    %and;
    %store/vec4 v0x6470d760d4f0_0, 0, 1;
    %load/vec4 v0x6470d760cfd0_0;
    %load/vec4 v0x6470d760d290_0;
    %inv;
    %and;
    %load/vec4 v0x6470d760d180_0;
    %inv;
    %and;
    %load/vec4 v0x6470d760d670_0;
    %inv;
    %and;
    %load/vec4 v0x6470d760d430_0;
    %inv;
    %and;
    %load/vec4 v0x6470d760d290_0;
    %load/vec4 v0x6470d760cfd0_0;
    %inv;
    %and;
    %load/vec4 v0x6470d760cf10_0;
    %inv;
    %and;
    %load/vec4 v0x6470d760d670_0;
    %inv;
    %and;
    %load/vec4 v0x6470d760d430_0;
    %inv;
    %and;
    %or;
    %load/vec4 v0x6470d760d670_0;
    %load/vec4 v0x6470d760cfd0_0;
    %inv;
    %and;
    %load/vec4 v0x6470d760cf10_0;
    %inv;
    %and;
    %load/vec4 v0x6470d760d290_0;
    %inv;
    %and;
    %load/vec4 v0x6470d760d180_0;
    %inv;
    %and;
    %or;
    %load/vec4 v0x6470d760cfd0_0;
    %load/vec4 v0x6470d760d290_0;
    %and;
    %load/vec4 v0x6470d760d430_0;
    %and;
    %or;
    %load/vec4 v0x6470d760cfd0_0;
    %load/vec4 v0x6470d760d670_0;
    %and;
    %load/vec4 v0x6470d760d180_0;
    %and;
    %or;
    %load/vec4 v0x6470d760d290_0;
    %load/vec4 v0x6470d760d670_0;
    %and;
    %load/vec4 v0x6470d760cf10_0;
    %and;
    %or;
    %load/vec4 v0x6470d760cfd0_0;
    %inv;
    %load/vec4 v0x6470d760d290_0;
    %inv;
    %and;
    %load/vec4 v0x6470d760d670_0;
    %inv;
    %and;
    %load/vec4 v0x6470d760cf10_0;
    %load/vec4 v0x6470d760d180_0;
    %and;
    %load/vec4 v0x6470d760d430_0;
    %inv;
    %and;
    %load/vec4 v0x6470d760cf10_0;
    %load/vec4 v0x6470d760d430_0;
    %and;
    %load/vec4 v0x6470d760d180_0;
    %inv;
    %and;
    %or;
    %load/vec4 v0x6470d760d180_0;
    %load/vec4 v0x6470d760d430_0;
    %and;
    %load/vec4 v0x6470d760cf10_0;
    %inv;
    %and;
    %or;
    %and;
    %or;
    %store/vec4 v0x6470d760d7f0_0, 0, 1;
    %load/vec4 v0x6470d760cf10_0;
    %load/vec4 v0x6470d760d180_0;
    %inv;
    %and;
    %load/vec4 v0x6470d760d430_0;
    %inv;
    %and;
    %load/vec4 v0x6470d760cfd0_0;
    %inv;
    %and;
    %load/vec4 v0x6470d760d290_0;
    %inv;
    %and;
    %load/vec4 v0x6470d760d670_0;
    %inv;
    %and;
    %load/vec4 v0x6470d760d180_0;
    %load/vec4 v0x6470d760cf10_0;
    %inv;
    %and;
    %load/vec4 v0x6470d760d430_0;
    %inv;
    %and;
    %load/vec4 v0x6470d760cfd0_0;
    %inv;
    %and;
    %load/vec4 v0x6470d760d290_0;
    %inv;
    %and;
    %load/vec4 v0x6470d760d670_0;
    %inv;
    %and;
    %or;
    %load/vec4 v0x6470d760d430_0;
    %load/vec4 v0x6470d760cf10_0;
    %inv;
    %and;
    %load/vec4 v0x6470d760d180_0;
    %inv;
    %and;
    %load/vec4 v0x6470d760cfd0_0;
    %inv;
    %and;
    %load/vec4 v0x6470d760d290_0;
    %inv;
    %and;
    %load/vec4 v0x6470d760d670_0;
    %inv;
    %and;
    %or;
    %load/vec4 v0x6470d760cfd0_0;
    %load/vec4 v0x6470d760d180_0;
    %and;
    %load/vec4 v0x6470d760d430_0;
    %and;
    %or;
    %load/vec4 v0x6470d760d290_0;
    %load/vec4 v0x6470d760cf10_0;
    %and;
    %load/vec4 v0x6470d760d430_0;
    %and;
    %or;
    %load/vec4 v0x6470d760d670_0;
    %load/vec4 v0x6470d760cf10_0;
    %and;
    %load/vec4 v0x6470d760d180_0;
    %and;
    %or;
    %load/vec4 v0x6470d760cf10_0;
    %inv;
    %load/vec4 v0x6470d760d180_0;
    %inv;
    %and;
    %load/vec4 v0x6470d760d430_0;
    %inv;
    %and;
    %load/vec4 v0x6470d760cfd0_0;
    %load/vec4 v0x6470d760d290_0;
    %and;
    %load/vec4 v0x6470d760d670_0;
    %inv;
    %and;
    %load/vec4 v0x6470d760cfd0_0;
    %load/vec4 v0x6470d760d670_0;
    %and;
    %load/vec4 v0x6470d760d290_0;
    %inv;
    %and;
    %or;
    %load/vec4 v0x6470d760d290_0;
    %load/vec4 v0x6470d760d670_0;
    %and;
    %load/vec4 v0x6470d760cfd0_0;
    %inv;
    %and;
    %or;
    %and;
    %or;
    %store/vec4 v0x6470d760d730_0, 0, 1;
    %load/vec4 v0x6470d760d4f0_0;
    %load/vec4 v0x6470d760d5b0_0;
    %concat/vec4; draw_concat_vec4
    %load/vec4 v0x6470d760d730_0;
    %concat/vec4; draw_concat_vec4
    %load/vec4 v0x6470d760d7f0_0;
    %concat/vec4; draw_concat_vec4
    %ret/vec4 0, 0, 4;  Assign to tadd1 (store_vec4_to_lval)
    %end;
S_0x6470d760d990 .scope function.vec4.s2, "tand" "tand" 4 95, 4 95 0, S_0x6470d760c820;
 .timescale -9 -12;
v0x6470d760db40_0 .var "a", 1 0;
v0x6470d760dc20_0 .var "b", 1 0;
; Variable tand is vec4 return value of scope S_0x6470d760d990
TD_ga_ops_tb.u_dot.u1.tand ;
    %load/vec4 v0x6470d760db40_0;
    %parti/s 1, 1, 2;
    %load/vec4 v0x6470d760dc20_0;
    %parti/s 1, 1, 2;
    %or;
    %load/vec4 v0x6470d760db40_0;
    %parti/s 1, 0, 2;
    %load/vec4 v0x6470d760dc20_0;
    %parti/s 1, 0, 2;
    %and;
    %concat/vec4; draw_concat_vec4
    %ret/vec4 0, 0, 2;  Assign to tand (store_vec4_to_lval)
    %end;
S_0x6470d760ddc0 .scope function.vec4.s2, "tmul" "tmul" 4 85, 4 85 0, S_0x6470d760c820;
 .timescale -9 -12;
v0x6470d760dfd0_0 .var "a", 1 0;
v0x6470d760e0b0_0 .var "b", 1 0;
; Variable tmul is vec4 return value of scope S_0x6470d760ddc0
TD_ga_ops_tb.u_dot.u1.tmul ;
    %pushi/vec4 0, 0, 2;
    %ret/vec4 0, 0, 2;  Assign to tmul (store_vec4_to_lval)
    %load/vec4 v0x6470d760dfd0_0;
    %parti/s 1, 0, 2;
    %load/vec4 v0x6470d760e0b0_0;
    %parti/s 1, 0, 2;
    %and;
    %flag_set/vec4 8;
    %jmp/0xz  T_26.49, 8;
    %pushi/vec4 1, 0, 2;
    %ret/vec4 0, 0, 2;  Assign to tmul (store_vec4_to_lval)
    %jmp T_26.50;
T_26.49 ;
    %load/vec4 v0x6470d760dfd0_0;
    %parti/s 1, 1, 2;
    %load/vec4 v0x6470d760e0b0_0;
    %parti/s 1, 1, 2;
    %and;
    %flag_set/vec4 8;
    %jmp/0xz  T_26.51, 8;
    %pushi/vec4 1, 0, 2;
    %ret/vec4 0, 0, 2;  Assign to tmul (store_vec4_to_lval)
    %jmp T_26.52;
T_26.51 ;
    %load/vec4 v0x6470d760dfd0_0;
    %parti/s 1, 0, 2;
    %load/vec4 v0x6470d760e0b0_0;
    %parti/s 1, 1, 2;
    %and;
    %load/vec4 v0x6470d760dfd0_0;
    %parti/s 1, 1, 2;
    %load/vec4 v0x6470d760e0b0_0;
    %parti/s 1, 0, 2;
    %and;
    %or;
    %flag_set/vec4 8;
    %jmp/0xz  T_26.53, 8;
    %pushi/vec4 2, 0, 2;
    %ret/vec4 0, 0, 2;  Assign to tmul (store_vec4_to_lval)
T_26.53 ;
T_26.52 ;
T_26.50 ;
    %end;
S_0x6470d760e280 .scope function.vec4.s2, "tneg" "tneg" 4 78, 4 78 0, S_0x6470d760c820;
 .timescale -9 -12;
v0x6470d760e460_0 .var "t", 1 0;
; Variable tneg is vec4 return value of scope S_0x6470d760e280
TD_ga_ops_tb.u_dot.u1.tneg ;
    %load/vec4 v0x6470d760e460_0;
    %parti/s 1, 0, 2;
    %load/vec4 v0x6470d760e460_0;
    %parti/s 1, 1, 2;
    %concat/vec4; draw_concat_vec4
    %ret/vec4 0, 0, 2;  Assign to tneg (store_vec4_to_lval)
    %end;
S_0x6470d760e640 .scope function.vec4.s2, "tor" "tor" 4 102, 4 102 0, S_0x6470d760c820;
 .timescale -9 -12;
v0x6470d760e870_0 .var "a", 1 0;
v0x6470d760e970_0 .var "b", 1 0;
; Variable tor is vec4 return value of scope S_0x6470d760e640
TD_ga_ops_tb.u_dot.u1.tor ;
    %load/vec4 v0x6470d760e870_0;
    %parti/s 1, 1, 2;
    %load/vec4 v0x6470d760e970_0;
    %parti/s 1, 1, 2;
    %and;
    %load/vec4 v0x6470d760e870_0;
    %parti/s 1, 0, 2;
    %load/vec4 v0x6470d760e970_0;
    %parti/s 1, 0, 2;
    %or;
    %concat/vec4; draw_concat_vec4
    %ret/vec4 0, 0, 2;  Assign to tor (store_vec4_to_lval)
    %end;
S_0x6470d760f250 .scope module, "u2" "tadd_n" 3 214, 4 71 0, S_0x6470d7604190;
 .timescale -9 -12;
    .port_info 0 /OUTPUT 26 "sum";
    .port_info 1 /OUTPUT 2 "cout";
    .port_info 2 /INPUT 26 "a";
    .port_info 3 /INPUT 26 "b";
    .port_info 4 /INPUT 2 "cin";
P_0x6470d760f480 .param/l "NTRITS" 0 4 71, +C4<00000000000000000000000000001101>;
v0x6470d7611580_0 .net "a", 25 0, v0x6470d760f0d0_0;  alias, 1 drivers
v0x6470d7611690_0 .net "b", 25 0, L_0x6470d7655870;  alias, 1 drivers
v0x6470d7611750_0 .var "c", 1 0;
L_0x72137824a210 .functor BUFT 1, C4<00>, C4<0>, C4<0>, C4<0>;
v0x6470d7611840_0 .net "cin", 1 0, L_0x72137824a210;  1 drivers
v0x6470d7611920_0 .var "cout", 1 0;
v0x6470d7611a50_0 .var/i "i", 31 0;
v0x6470d7611b30_0 .var "sum", 25 0;
E_0x6470d75ee530 .event anyedge, v0x6470d7611840_0, v0x6470d760f0d0_0, v0x6470d7611690_0, v0x6470d7611750_0;
S_0x6470d760f680 .scope function.vec4.s4, "tadd1" "tadd1" 4 109, 4 109 0, S_0x6470d760f250;
 .timescale -9 -12;
v0x6470d760f880_0 .var "a", 1 0;
v0x6470d760f980_0 .var "an", 0 0;
v0x6470d760fa40_0 .var "ap", 0 0;
v0x6470d760fb10_0 .var "b", 1 0;
v0x6470d760fbf0_0 .var "bn", 0 0;
v0x6470d760fd00_0 .var "bp", 0 0;
v0x6470d760fdc0_0 .var "cin", 1 0;
v0x6470d760fea0_0 .var "cn", 0 0;
v0x6470d760ff60_0 .var "con", 0 0;
v0x6470d7610020_0 .var "cop", 0 0;
v0x6470d76100e0_0 .var "cp", 0 0;
v0x6470d76101a0_0 .var "sn", 0 0;
v0x6470d7610260_0 .var "sp", 0 0;
; Variable tadd1 is vec4 return value of scope S_0x6470d760f680
TD_ga_ops_tb.u_dot.u2.tadd1 ;
    %load/vec4 v0x6470d760f880_0;
    %parti/s 1, 0, 2;
    %store/vec4 v0x6470d760fa40_0, 0, 1;
    %load/vec4 v0x6470d760f880_0;
    %parti/s 1, 1, 2;
    %store/vec4 v0x6470d760f980_0, 0, 1;
    %load/vec4 v0x6470d760fb10_0;
    %parti/s 1, 0, 2;
    %store/vec4 v0x6470d760fd00_0, 0, 1;
    %load/vec4 v0x6470d760fb10_0;
    %parti/s 1, 1, 2;
    %store/vec4 v0x6470d760fbf0_0, 0, 1;
    %load/vec4 v0x6470d760fdc0_0;
    %parti/s 1, 0, 2;
    %store/vec4 v0x6470d76100e0_0, 0, 1;
    %load/vec4 v0x6470d760fdc0_0;
    %parti/s 1, 1, 2;
    %store/vec4 v0x6470d760fea0_0, 0, 1;
    %load/vec4 v0x6470d760f980_0;
    %inv;
    %load/vec4 v0x6470d760fbf0_0;
    %inv;
    %and;
    %load/vec4 v0x6470d760fea0_0;
    %inv;
    %and;
    %load/vec4 v0x6470d760fa40_0;
    %load/vec4 v0x6470d760fd00_0;
    %and;
    %load/vec4 v0x6470d760fa40_0;
    %load/vec4 v0x6470d76100e0_0;
    %and;
    %or;
    %load/vec4 v0x6470d760fd00_0;
    %load/vec4 v0x6470d76100e0_0;
    %and;
    %or;
    %and;
    %store/vec4 v0x6470d7610020_0, 0, 1;
    %load/vec4 v0x6470d760fa40_0;
    %inv;
    %load/vec4 v0x6470d760fd00_0;
    %inv;
    %and;
    %load/vec4 v0x6470d76100e0_0;
    %inv;
    %and;
    %load/vec4 v0x6470d760f980_0;
    %load/vec4 v0x6470d760fbf0_0;
    %and;
    %load/vec4 v0x6470d760f980_0;
    %load/vec4 v0x6470d760fea0_0;
    %and;
    %or;
    %load/vec4 v0x6470d760fbf0_0;
    %load/vec4 v0x6470d760fea0_0;
    %and;
    %or;
    %and;
    %store/vec4 v0x6470d760ff60_0, 0, 1;
    %load/vec4 v0x6470d760fa40_0;
    %load/vec4 v0x6470d760fd00_0;
    %inv;
    %and;
    %load/vec4 v0x6470d760fbf0_0;
    %inv;
    %and;
    %load/vec4 v0x6470d76100e0_0;
    %inv;
    %and;
    %load/vec4 v0x6470d760fea0_0;
    %inv;
    %and;
    %load/vec4 v0x6470d760fd00_0;
    %load/vec4 v0x6470d760fa40_0;
    %inv;
    %and;
    %load/vec4 v0x6470d760f980_0;
    %inv;
    %and;
    %load/vec4 v0x6470d76100e0_0;
    %inv;
    %and;
    %load/vec4 v0x6470d760fea0_0;
    %inv;
    %and;
    %or;
    %load/vec4 v0x6470d76100e0_0;
    %load/vec4 v0x6470d760fa40_0;
    %inv;
    %and;
    %load/vec4 v0x6470d760f980_0;
    %inv;
    %and;
    %load/vec4 v0x6470d760fd00_0;
    %inv;
    %and;
    %load/vec4 v0x6470d760fbf0_0;
    %inv;
    %and;
    %or;
    %load/vec4 v0x6470d760fa40_0;
    %load/vec4 v0x6470d760fd00_0;
    %and;
    %load/vec4 v0x6470d760fea0_0;
    %and;
    %or;
    %load/vec4 v0x6470d760fa40_0;
    %load/vec4 v0x6470d76100e0_0;
    %and;
    %load/vec4 v0x6470d760fbf0_0;
    %and;
    %or;
    %load/vec4 v0x6470d760fd00_0;
    %load/vec4 v0x6470d76100e0_0;
    %and;
    %load/vec4 v0x6470d760f980_0;
    %and;
    %or;
    %load/vec4 v0x6470d760fa40_0;
    %inv;
    %load/vec4 v0x6470d760fd00_0;
    %inv;
    %and;
    %load/vec4 v0x6470d76100e0_0;
    %inv;
    %and;
    %load/vec4 v0x6470d760f980_0;
    %load/vec4 v0x6470d760fbf0_0;
    %and;
    %load/vec4 v0x6470d760fea0_0;
    %inv;
    %and;
    %load/vec4 v0x6470d760f980_0;
    %load/vec4 v0x6470d760fea0_0;
    %and;
    %load/vec4 v0x6470d760fbf0_0;
    %inv;
    %and;
    %or;
    %load/vec4 v0x6470d760fbf0_0;
    %load/vec4 v0x6470d760fea0_0;
    %and;
    %load/vec4 v0x6470d760f980_0;
    %inv;
    %and;
    %or;
    %and;
    %or;
    %store/vec4 v0x6470d7610260_0, 0, 1;
    %load/vec4 v0x6470d760f980_0;
    %load/vec4 v0x6470d760fbf0_0;
    %inv;
    %and;
    %load/vec4 v0x6470d760fea0_0;
    %inv;
    %and;
    %load/vec4 v0x6470d760fa40_0;
    %inv;
    %and;
    %load/vec4 v0x6470d760fd00_0;
    %inv;
    %and;
    %load/vec4 v0x6470d76100e0_0;
    %inv;
    %and;
    %load/vec4 v0x6470d760fbf0_0;
    %load/vec4 v0x6470d760f980_0;
    %inv;
    %and;
    %load/vec4 v0x6470d760fea0_0;
    %inv;
    %and;
    %load/vec4 v0x6470d760fa40_0;
    %inv;
    %and;
    %load/vec4 v0x6470d760fd00_0;
    %inv;
    %and;
    %load/vec4 v0x6470d76100e0_0;
    %inv;
    %and;
    %or;
    %load/vec4 v0x6470d760fea0_0;
    %load/vec4 v0x6470d760f980_0;
    %inv;
    %and;
    %load/vec4 v0x6470d760fbf0_0;
    %inv;
    %and;
    %load/vec4 v0x6470d760fa40_0;
    %inv;
    %and;
    %load/vec4 v0x6470d760fd00_0;
    %inv;
    %and;
    %load/vec4 v0x6470d76100e0_0;
    %inv;
    %and;
    %or;
    %load/vec4 v0x6470d760fa40_0;
    %load/vec4 v0x6470d760fbf0_0;
    %and;
    %load/vec4 v0x6470d760fea0_0;
    %and;
    %or;
    %load/vec4 v0x6470d760fd00_0;
    %load/vec4 v0x6470d760f980_0;
    %and;
    %load/vec4 v0x6470d760fea0_0;
    %and;
    %or;
    %load/vec4 v0x6470d76100e0_0;
    %load/vec4 v0x6470d760f980_0;
    %and;
    %load/vec4 v0x6470d760fbf0_0;
    %and;
    %or;
    %load/vec4 v0x6470d760f980_0;
    %inv;
    %load/vec4 v0x6470d760fbf0_0;
    %inv;
    %and;
    %load/vec4 v0x6470d760fea0_0;
    %inv;
    %and;
    %load/vec4 v0x6470d760fa40_0;
    %load/vec4 v0x6470d760fd00_0;
    %and;
    %load/vec4 v0x6470d76100e0_0;
    %inv;
    %and;
    %load/vec4 v0x6470d760fa40_0;
    %load/vec4 v0x6470d76100e0_0;
    %and;
    %load/vec4 v0x6470d760fd00_0;
    %inv;
    %and;
    %or;
    %load/vec4 v0x6470d760fd00_0;
    %load/vec4 v0x6470d76100e0_0;
    %and;
    %load/vec4 v0x6470d760fa40_0;
    %inv;
    %and;
    %or;
    %and;
    %or;
    %store/vec4 v0x6470d76101a0_0, 0, 1;
    %load/vec4 v0x6470d760ff60_0;
    %load/vec4 v0x6470d7610020_0;
    %concat/vec4; draw_concat_vec4
    %load/vec4 v0x6470d76101a0_0;
    %concat/vec4; draw_concat_vec4
    %load/vec4 v0x6470d7610260_0;
    %concat/vec4; draw_concat_vec4
    %ret/vec4 0, 0, 4;  Assign to tadd1 (store_vec4_to_lval)
    %end;
S_0x6470d7610400 .scope function.vec4.s2, "tand" "tand" 4 95, 4 95 0, S_0x6470d760f250;
 .timescale -9 -12;
v0x6470d76105b0_0 .var "a", 1 0;
v0x6470d7610690_0 .var "b", 1 0;
; Variable tand is vec4 return value of scope S_0x6470d7610400
TD_ga_ops_tb.u_dot.u2.tand ;
    %load/vec4 v0x6470d76105b0_0;
    %parti/s 1, 1, 2;
    %load/vec4 v0x6470d7610690_0;
    %parti/s 1, 1, 2;
    %or;
    %load/vec4 v0x6470d76105b0_0;
    %parti/s 1, 0, 2;
    %load/vec4 v0x6470d7610690_0;
    %parti/s 1, 0, 2;
    %and;
    %concat/vec4; draw_concat_vec4
    %ret/vec4 0, 0, 2;  Assign to tand (store_vec4_to_lval)
    %end;
S_0x6470d7610830 .scope function.vec4.s2, "tmul" "tmul" 4 85, 4 85 0, S_0x6470d760f250;
 .timescale -9 -12;
v0x6470d7610a40_0 .var "a", 1 0;
v0x6470d7610b20_0 .var "b", 1 0;
; Variable tmul is vec4 return value of scope S_0x6470d7610830
TD_ga_ops_tb.u_dot.u2.tmul ;
    %pushi/vec4 0, 0, 2;
    %ret/vec4 0, 0, 2;  Assign to tmul (store_vec4_to_lval)
    %load/vec4 v0x6470d7610a40_0;
    %parti/s 1, 0, 2;
    %load/vec4 v0x6470d7610b20_0;
    %parti/s 1, 0, 2;
    %and;
    %flag_set/vec4 8;
    %jmp/0xz  T_31.55, 8;
    %pushi/vec4 1, 0, 2;
    %ret/vec4 0, 0, 2;  Assign to tmul (store_vec4_to_lval)
    %jmp T_31.56;
T_31.55 ;
    %load/vec4 v0x6470d7610a40_0;
    %parti/s 1, 1, 2;
    %load/vec4 v0x6470d7610b20_0;
    %parti/s 1, 1, 2;
    %and;
    %flag_set/vec4 8;
    %jmp/0xz  T_31.57, 8;
    %pushi/vec4 1, 0, 2;
    %ret/vec4 0, 0, 2;  Assign to tmul (store_vec4_to_lval)
    %jmp T_31.58;
T_31.57 ;
    %load/vec4 v0x6470d7610a40_0;
    %parti/s 1, 0, 2;
    %load/vec4 v0x6470d7610b20_0;
    %parti/s 1, 1, 2;
    %and;
    %load/vec4 v0x6470d7610a40_0;
    %parti/s 1, 1, 2;
    %load/vec4 v0x6470d7610b20_0;
    %parti/s 1, 0, 2;
    %and;
    %or;
    %flag_set/vec4 8;
    %jmp/0xz  T_31.59, 8;
    %pushi/vec4 2, 0, 2;
    %ret/vec4 0, 0, 2;  Assign to tmul (store_vec4_to_lval)
T_31.59 ;
T_31.58 ;
T_31.56 ;
    %end;
S_0x6470d7610cf0 .scope function.vec4.s2, "tneg" "tneg" 4 78, 4 78 0, S_0x6470d760f250;
 .timescale -9 -12;
v0x6470d7610ed0_0 .var "t", 1 0;
; Variable tneg is vec4 return value of scope S_0x6470d7610cf0
TD_ga_ops_tb.u_dot.u2.tneg ;
    %load/vec4 v0x6470d7610ed0_0;
    %parti/s 1, 0, 2;
    %load/vec4 v0x6470d7610ed0_0;
    %parti/s 1, 1, 2;
    %concat/vec4; draw_concat_vec4
    %ret/vec4 0, 0, 2;  Assign to tneg (store_vec4_to_lval)
    %end;
S_0x6470d76110b0 .scope function.vec4.s2, "tor" "tor" 4 102, 4 102 0, S_0x6470d760f250;
 .timescale -9 -12;
v0x6470d76112e0_0 .var "a", 1 0;
v0x6470d76113e0_0 .var "b", 1 0;
; Variable tor is vec4 return value of scope S_0x6470d76110b0
TD_ga_ops_tb.u_dot.u2.tor ;
    %load/vec4 v0x6470d76112e0_0;
    %parti/s 1, 1, 2;
    %load/vec4 v0x6470d76113e0_0;
    %parti/s 1, 1, 2;
    %and;
    %load/vec4 v0x6470d76112e0_0;
    %parti/s 1, 0, 2;
    %load/vec4 v0x6470d76113e0_0;
    %parti/s 1, 0, 2;
    %or;
    %concat/vec4; draw_concat_vec4
    %ret/vec4 0, 0, 2;  Assign to tor (store_vec4_to_lval)
    %end;
S_0x6470d7612a60 .scope module, "u_sym" "tsymdot" 2 39, 3 244 0, S_0x6470d7422800;
 .timescale -9 -12;
    .port_info 0 /OUTPUT 26 "s_out";
    .port_info 1 /INPUT 12 "a";
    .port_info 2 /INPUT 12 "b";
    .port_info 3 /INPUT 12 "c";
    .port_info 4 /INPUT 12 "d";
P_0x6470d7612c40 .param/l "RW" 1 3 249, +C4<00000000000000000000000000001111>;
L_0x72137824a2e8 .functor BUFT 1, C4<00>, C4<0>, C4<0>, C4<0>;
v0x6470d76495a0_0 .net/2u *"_ivl_0", 1 0, L_0x72137824a2e8;  1 drivers
L_0x72137824a3c0 .functor BUFT 1, C4<00>, C4<0>, C4<0>, C4<0>;
v0x6470d7649680_0 .net/2u *"_ivl_10", 1 0, L_0x72137824a3c0;  1 drivers
L_0x72137824a408 .functor BUFT 1, C4<00>, C4<0>, C4<0>, C4<0>;
v0x6470d7649760_0 .net/2u *"_ivl_14", 1 0, L_0x72137824a408;  1 drivers
L_0x72137824a8d0 .functor BUFT 1, C4<0000>, C4<0>, C4<0>, C4<0>;
v0x6470d7649850_0 .net/2u *"_ivl_20", 3 0, L_0x72137824a8d0;  1 drivers
L_0x72137824a918 .functor BUFT 1, C4<0000>, C4<0>, C4<0>, C4<0>;
v0x6470d7649930_0 .net/2u *"_ivl_24", 3 0, L_0x72137824a918;  1 drivers
L_0x72137824a330 .functor BUFT 1, C4<00>, C4<0>, C4<0>, C4<0>;
v0x6470d7649a10_0 .net/2u *"_ivl_4", 1 0, L_0x72137824a330;  1 drivers
v0x6470d7649af0_0 .net "a", 11 0, v0x6470d76533d0_0;  alias, 1 drivers
v0x6470d7649bb0_0 .net "ac", 13 0, v0x6470d761abb0_0;  1 drivers
v0x6470d7649c70_0 .net "b", 11 0, v0x6470d76534b0_0;  alias, 1 drivers
v0x6470d7649d30_0 .net "bd", 13 0, v0x6470d761d640_0;  1 drivers
v0x6470d7649df0_0 .net "c", 11 0, v0x6470d7653570_0;  alias, 1 drivers
v0x6470d7649eb0_0 .net "d", 11 0, v0x6470d7653610_0;  alias, 1 drivers
v0x6470d7649f70_0 .net "n_w", 25 0, L_0x6470d7657090;  1 drivers
v0x6470d764a030_0 .net "n_w_e", 29 0, L_0x6470d76574f0;  1 drivers
v0x6470d764a100_0 .net "n_z", 25 0, L_0x6470d7656ad0;  1 drivers
v0x6470d764a1d0_0 .net "n_z_e", 29 0, L_0x6470d76571a0;  1 drivers
v0x6470d764a2a0_0 .net "n_zw", 29 0, L_0x6470d7655190;  1 drivers
v0x6470d764a340_0 .net "s_out", 25 0, L_0x6470d7657630;  alias, 1 drivers
v0x6470d764a420_0 .net "t1", 29 0, v0x6470d76154d0_0;  1 drivers
v0x6470d764a530_0 .net "t2", 29 0, v0x6470d7617f20_0;  1 drivers
L_0x6470d7655d60 .concat [ 12 2 0 0], v0x6470d76533d0_0, L_0x72137824a2e8;
L_0x6470d7655e50 .concat [ 12 2 0 0], v0x6470d7653570_0, L_0x72137824a330;
L_0x6470d7655f40 .concat [ 12 2 0 0], v0x6470d76534b0_0, L_0x72137824a3c0;
L_0x6470d7656030 .concat [ 12 2 0 0], v0x6470d7653610_0, L_0x72137824a408;
L_0x6470d76571a0 .concat [ 26 4 0 0], L_0x6470d7656ad0, L_0x72137824a8d0;
L_0x6470d76574f0 .concat [ 26 4 0 0], L_0x6470d7657090, L_0x72137824a918;
L_0x6470d7657630 .part v0x6470d7617f20_0, 0, 26;
S_0x6470d7612e20 .scope module, "u1" "tsub_n" 3 265, 4 93 0, S_0x6470d7612a60;
 .timescale -9 -12;
    .port_info 0 /OUTPUT 30 "diff";
    .port_info 1 /OUTPUT 2 "cout";
    .port_info 2 /INPUT 30 "a";
    .port_info 3 /INPUT 30 "b";
P_0x6470d7613020 .param/l "NTRITS" 0 4 93, +C4<00000000000000000000000000001111>;
v0x6470d7615120_0 .net "a", 29 0, L_0x6470d7655190;  alias, 1 drivers
v0x6470d7615220_0 .net "b", 29 0, L_0x6470d76571a0;  alias, 1 drivers
v0x6470d7615300_0 .var "c", 1 0;
v0x6470d76153f0_0 .var "cout", 1 0;
v0x6470d76154d0_0 .var "diff", 29 0;
v0x6470d7615600_0 .var/i "i", 31 0;
v0x6470d76156e0_0 .var "nb", 29 0;
E_0x6470d7613190 .event anyedge, v0x6470d7615220_0, v0x6470d7615120_0, v0x6470d76156e0_0, v0x6470d7615300_0;
S_0x6470d7613220 .scope function.vec4.s4, "tadd1" "tadd1" 4 130, 4 130 0, S_0x6470d7612e20;
 .timescale -9 -12;
v0x6470d7613420_0 .var "a", 1 0;
v0x6470d7613520_0 .var "an", 0 0;
v0x6470d76135e0_0 .var "ap", 0 0;
v0x6470d76136b0_0 .var "b", 1 0;
v0x6470d7613790_0 .var "bn", 0 0;
v0x6470d76138a0_0 .var "bp", 0 0;
v0x6470d7613960_0 .var "cin", 1 0;
v0x6470d7613a40_0 .var "cn", 0 0;
v0x6470d7613b00_0 .var "con", 0 0;
v0x6470d7613bc0_0 .var "cop", 0 0;
v0x6470d7613c80_0 .var "cp", 0 0;
v0x6470d7613d40_0 .var "sn", 0 0;
v0x6470d7613e00_0 .var "sp", 0 0;
; Variable tadd1 is vec4 return value of scope S_0x6470d7613220
TD_ga_ops_tb.u_sym.u1.tadd1 ;
    %load/vec4 v0x6470d7613420_0;
    %parti/s 1, 0, 2;
    %store/vec4 v0x6470d76135e0_0, 0, 1;
    %load/vec4 v0x6470d7613420_0;
    %parti/s 1, 1, 2;
    %store/vec4 v0x6470d7613520_0, 0, 1;
    %load/vec4 v0x6470d76136b0_0;
    %parti/s 1, 0, 2;
    %store/vec4 v0x6470d76138a0_0, 0, 1;
    %load/vec4 v0x6470d76136b0_0;
    %parti/s 1, 1, 2;
    %store/vec4 v0x6470d7613790_0, 0, 1;
    %load/vec4 v0x6470d7613960_0;
    %parti/s 1, 0, 2;
    %store/vec4 v0x6470d7613c80_0, 0, 1;
    %load/vec4 v0x6470d7613960_0;
    %parti/s 1, 1, 2;
    %store/vec4 v0x6470d7613a40_0, 0, 1;
    %load/vec4 v0x6470d7613520_0;
    %inv;
    %load/vec4 v0x6470d7613790_0;
    %inv;
    %and;
    %load/vec4 v0x6470d7613a40_0;
    %inv;
    %and;
    %load/vec4 v0x6470d76135e0_0;
    %load/vec4 v0x6470d76138a0_0;
    %and;
    %load/vec4 v0x6470d76135e0_0;
    %load/vec4 v0x6470d7613c80_0;
    %and;
    %or;
    %load/vec4 v0x6470d76138a0_0;
    %load/vec4 v0x6470d7613c80_0;
    %and;
    %or;
    %and;
    %store/vec4 v0x6470d7613bc0_0, 0, 1;
    %load/vec4 v0x6470d76135e0_0;
    %inv;
    %load/vec4 v0x6470d76138a0_0;
    %inv;
    %and;
    %load/vec4 v0x6470d7613c80_0;
    %inv;
    %and;
    %load/vec4 v0x6470d7613520_0;
    %load/vec4 v0x6470d7613790_0;
    %and;
    %load/vec4 v0x6470d7613520_0;
    %load/vec4 v0x6470d7613a40_0;
    %and;
    %or;
    %load/vec4 v0x6470d7613790_0;
    %load/vec4 v0x6470d7613a40_0;
    %and;
    %or;
    %and;
    %store/vec4 v0x6470d7613b00_0, 0, 1;
    %load/vec4 v0x6470d76135e0_0;
    %load/vec4 v0x6470d76138a0_0;
    %inv;
    %and;
    %load/vec4 v0x6470d7613790_0;
    %inv;
    %and;
    %load/vec4 v0x6470d7613c80_0;
    %inv;
    %and;
    %load/vec4 v0x6470d7613a40_0;
    %inv;
    %and;
    %load/vec4 v0x6470d76138a0_0;
    %load/vec4 v0x6470d76135e0_0;
    %inv;
    %and;
    %load/vec4 v0x6470d7613520_0;
    %inv;
    %and;
    %load/vec4 v0x6470d7613c80_0;
    %inv;
    %and;
    %load/vec4 v0x6470d7613a40_0;
    %inv;
    %and;
    %or;
    %load/vec4 v0x6470d7613c80_0;
    %load/vec4 v0x6470d76135e0_0;
    %inv;
    %and;
    %load/vec4 v0x6470d7613520_0;
    %inv;
    %and;
    %load/vec4 v0x6470d76138a0_0;
    %inv;
    %and;
    %load/vec4 v0x6470d7613790_0;
    %inv;
    %and;
    %or;
    %load/vec4 v0x6470d76135e0_0;
    %load/vec4 v0x6470d76138a0_0;
    %and;
    %load/vec4 v0x6470d7613a40_0;
    %and;
    %or;
    %load/vec4 v0x6470d76135e0_0;
    %load/vec4 v0x6470d7613c80_0;
    %and;
    %load/vec4 v0x6470d7613790_0;
    %and;
    %or;
    %load/vec4 v0x6470d76138a0_0;
    %load/vec4 v0x6470d7613c80_0;
    %and;
    %load/vec4 v0x6470d7613520_0;
    %and;
    %or;
    %load/vec4 v0x6470d76135e0_0;
    %inv;
    %load/vec4 v0x6470d76138a0_0;
    %inv;
    %and;
    %load/vec4 v0x6470d7613c80_0;
    %inv;
    %and;
    %load/vec4 v0x6470d7613520_0;
    %load/vec4 v0x6470d7613790_0;
    %and;
    %load/vec4 v0x6470d7613a40_0;
    %inv;
    %and;
    %load/vec4 v0x6470d7613520_0;
    %load/vec4 v0x6470d7613a40_0;
    %and;
    %load/vec4 v0x6470d7613790_0;
    %inv;
    %and;
    %or;
    %load/vec4 v0x6470d7613790_0;
    %load/vec4 v0x6470d7613a40_0;
    %and;
    %load/vec4 v0x6470d7613520_0;
    %inv;
    %and;
    %or;
    %and;
    %or;
    %store/vec4 v0x6470d7613e00_0, 0, 1;
    %load/vec4 v0x6470d7613520_0;
    %load/vec4 v0x6470d7613790_0;
    %inv;
    %and;
    %load/vec4 v0x6470d7613a40_0;
    %inv;
    %and;
    %load/vec4 v0x6470d76135e0_0;
    %inv;
    %and;
    %load/vec4 v0x6470d76138a0_0;
    %inv;
    %and;
    %load/vec4 v0x6470d7613c80_0;
    %inv;
    %and;
    %load/vec4 v0x6470d7613790_0;
    %load/vec4 v0x6470d7613520_0;
    %inv;
    %and;
    %load/vec4 v0x6470d7613a40_0;
    %inv;
    %and;
    %load/vec4 v0x6470d76135e0_0;
    %inv;
    %and;
    %load/vec4 v0x6470d76138a0_0;
    %inv;
    %and;
    %load/vec4 v0x6470d7613c80_0;
    %inv;
    %and;
    %or;
    %load/vec4 v0x6470d7613a40_0;
    %load/vec4 v0x6470d7613520_0;
    %inv;
    %and;
    %load/vec4 v0x6470d7613790_0;
    %inv;
    %and;
    %load/vec4 v0x6470d76135e0_0;
    %inv;
    %and;
    %load/vec4 v0x6470d76138a0_0;
    %inv;
    %and;
    %load/vec4 v0x6470d7613c80_0;
    %inv;
    %and;
    %or;
    %load/vec4 v0x6470d76135e0_0;
    %load/vec4 v0x6470d7613790_0;
    %and;
    %load/vec4 v0x6470d7613a40_0;
    %and;
    %or;
    %load/vec4 v0x6470d76138a0_0;
    %load/vec4 v0x6470d7613520_0;
    %and;
    %load/vec4 v0x6470d7613a40_0;
    %and;
    %or;
    %load/vec4 v0x6470d7613c80_0;
    %load/vec4 v0x6470d7613520_0;
    %and;
    %load/vec4 v0x6470d7613790_0;
    %and;
    %or;
    %load/vec4 v0x6470d7613520_0;
    %inv;
    %load/vec4 v0x6470d7613790_0;
    %inv;
    %and;
    %load/vec4 v0x6470d7613a40_0;
    %inv;
    %and;
    %load/vec4 v0x6470d76135e0_0;
    %load/vec4 v0x6470d76138a0_0;
    %and;
    %load/vec4 v0x6470d7613c80_0;
    %inv;
    %and;
    %load/vec4 v0x6470d76135e0_0;
    %load/vec4 v0x6470d7613c80_0;
    %and;
    %load/vec4 v0x6470d76138a0_0;
    %inv;
    %and;
    %or;
    %load/vec4 v0x6470d76138a0_0;
    %load/vec4 v0x6470d7613c80_0;
    %and;
    %load/vec4 v0x6470d76135e0_0;
    %inv;
    %and;
    %or;
    %and;
    %or;
    %store/vec4 v0x6470d7613d40_0, 0, 1;
    %load/vec4 v0x6470d7613b00_0;
    %load/vec4 v0x6470d7613bc0_0;
    %concat/vec4; draw_concat_vec4
    %load/vec4 v0x6470d7613d40_0;
    %concat/vec4; draw_concat_vec4
    %load/vec4 v0x6470d7613e00_0;
    %concat/vec4; draw_concat_vec4
    %ret/vec4 0, 0, 4;  Assign to tadd1 (store_vec4_to_lval)
    %end;
S_0x6470d7613fa0 .scope function.vec4.s2, "tand" "tand" 4 116, 4 116 0, S_0x6470d7612e20;
 .timescale -9 -12;
v0x6470d7614150_0 .var "a", 1 0;
v0x6470d7614230_0 .var "b", 1 0;
; Variable tand is vec4 return value of scope S_0x6470d7613fa0
TD_ga_ops_tb.u_sym.u1.tand ;
    %load/vec4 v0x6470d7614150_0;
    %parti/s 1, 1, 2;
    %load/vec4 v0x6470d7614230_0;
    %parti/s 1, 1, 2;
    %or;
    %load/vec4 v0x6470d7614150_0;
    %parti/s 1, 0, 2;
    %load/vec4 v0x6470d7614230_0;
    %parti/s 1, 0, 2;
    %and;
    %concat/vec4; draw_concat_vec4
    %ret/vec4 0, 0, 2;  Assign to tand (store_vec4_to_lval)
    %end;
S_0x6470d76143d0 .scope function.vec4.s2, "tmul" "tmul" 4 106, 4 106 0, S_0x6470d7612e20;
 .timescale -9 -12;
v0x6470d76145e0_0 .var "a", 1 0;
v0x6470d76146c0_0 .var "b", 1 0;
; Variable tmul is vec4 return value of scope S_0x6470d76143d0
TD_ga_ops_tb.u_sym.u1.tmul ;
    %pushi/vec4 0, 0, 2;
    %ret/vec4 0, 0, 2;  Assign to tmul (store_vec4_to_lval)
    %load/vec4 v0x6470d76145e0_0;
    %parti/s 1, 0, 2;
    %load/vec4 v0x6470d76146c0_0;
    %parti/s 1, 0, 2;
    %and;
    %flag_set/vec4 8;
    %jmp/0xz  T_36.61, 8;
    %pushi/vec4 1, 0, 2;
    %ret/vec4 0, 0, 2;  Assign to tmul (store_vec4_to_lval)
    %jmp T_36.62;
T_36.61 ;
    %load/vec4 v0x6470d76145e0_0;
    %parti/s 1, 1, 2;
    %load/vec4 v0x6470d76146c0_0;
    %parti/s 1, 1, 2;
    %and;
    %flag_set/vec4 8;
    %jmp/0xz  T_36.63, 8;
    %pushi/vec4 1, 0, 2;
    %ret/vec4 0, 0, 2;  Assign to tmul (store_vec4_to_lval)
    %jmp T_36.64;
T_36.63 ;
    %load/vec4 v0x6470d76145e0_0;
    %parti/s 1, 0, 2;
    %load/vec4 v0x6470d76146c0_0;
    %parti/s 1, 1, 2;
    %and;
    %load/vec4 v0x6470d76145e0_0;
    %parti/s 1, 1, 2;
    %load/vec4 v0x6470d76146c0_0;
    %parti/s 1, 0, 2;
    %and;
    %or;
    %flag_set/vec4 8;
    %jmp/0xz  T_36.65, 8;
    %pushi/vec4 2, 0, 2;
    %ret/vec4 0, 0, 2;  Assign to tmul (store_vec4_to_lval)
T_36.65 ;
T_36.64 ;
T_36.62 ;
    %end;
S_0x6470d7614890 .scope function.vec4.s2, "tneg" "tneg" 4 99, 4 99 0, S_0x6470d7612e20;
 .timescale -9 -12;
v0x6470d7614a70_0 .var "t", 1 0;
; Variable tneg is vec4 return value of scope S_0x6470d7614890
TD_ga_ops_tb.u_sym.u1.tneg ;
    %load/vec4 v0x6470d7614a70_0;
    %parti/s 1, 0, 2;
    %load/vec4 v0x6470d7614a70_0;
    %parti/s 1, 1, 2;
    %concat/vec4; draw_concat_vec4
    %ret/vec4 0, 0, 2;  Assign to tneg (store_vec4_to_lval)
    %end;
S_0x6470d7614c50 .scope function.vec4.s2, "tor" "tor" 4 123, 4 123 0, S_0x6470d7612e20;
 .timescale -9 -12;
v0x6470d7614e80_0 .var "a", 1 0;
v0x6470d7614f80_0 .var "b", 1 0;
; Variable tor is vec4 return value of scope S_0x6470d7614c50
TD_ga_ops_tb.u_sym.u1.tor ;
    %load/vec4 v0x6470d7614e80_0;
    %parti/s 1, 1, 2;
    %load/vec4 v0x6470d7614f80_0;
    %parti/s 1, 1, 2;
    %and;
    %load/vec4 v0x6470d7614e80_0;
    %parti/s 1, 0, 2;
    %load/vec4 v0x6470d7614f80_0;
    %parti/s 1, 0, 2;
    %or;
    %concat/vec4; draw_concat_vec4
    %ret/vec4 0, 0, 2;  Assign to tor (store_vec4_to_lval)
    %end;
S_0x6470d7615840 .scope module, "u2" "tsub_n" 3 266, 4 93 0, S_0x6470d7612a60;
 .timescale -9 -12;
    .port_info 0 /OUTPUT 30 "diff";
    .port_info 1 /OUTPUT 2 "cout";
    .port_info 2 /INPUT 30 "a";
    .port_info 3 /INPUT 30 "b";
P_0x6470d7615a40 .param/l "NTRITS" 0 4 93, +C4<00000000000000000000000000001111>;
v0x6470d7617b80_0 .net "a", 29 0, v0x6470d76154d0_0;  alias, 1 drivers
v0x6470d7617c90_0 .net "b", 29 0, L_0x6470d76574f0;  alias, 1 drivers
v0x6470d7617d50_0 .var "c", 1 0;
v0x6470d7617e40_0 .var "cout", 1 0;
v0x6470d7617f20_0 .var "diff", 29 0;
v0x6470d7618050_0 .var/i "i", 31 0;
v0x6470d7618130_0 .var "nb", 29 0;
E_0x6470d7615c10 .event anyedge, v0x6470d7617c90_0, v0x6470d76154d0_0, v0x6470d7618130_0, v0x6470d7617d50_0;
S_0x6470d7615c80 .scope function.vec4.s4, "tadd1" "tadd1" 4 130, 4 130 0, S_0x6470d7615840;
 .timescale -9 -12;
v0x6470d7615e80_0 .var "a", 1 0;
v0x6470d7615f80_0 .var "an", 0 0;
v0x6470d7616040_0 .var "ap", 0 0;
v0x6470d7616110_0 .var "b", 1 0;
v0x6470d76161f0_0 .var "bn", 0 0;
v0x6470d7616300_0 .var "bp", 0 0;
v0x6470d76163c0_0 .var "cin", 1 0;
v0x6470d76164a0_0 .var "cn", 0 0;
v0x6470d7616560_0 .var "con", 0 0;
v0x6470d7616620_0 .var "cop", 0 0;
v0x6470d76166e0_0 .var "cp", 0 0;
v0x6470d76167a0_0 .var "sn", 0 0;
v0x6470d7616860_0 .var "sp", 0 0;
; Variable tadd1 is vec4 return value of scope S_0x6470d7615c80
TD_ga_ops_tb.u_sym.u2.tadd1 ;
    %load/vec4 v0x6470d7615e80_0;
    %parti/s 1, 0, 2;
    %store/vec4 v0x6470d7616040_0, 0, 1;
    %load/vec4 v0x6470d7615e80_0;
    %parti/s 1, 1, 2;
    %store/vec4 v0x6470d7615f80_0, 0, 1;
    %load/vec4 v0x6470d7616110_0;
    %parti/s 1, 0, 2;
    %store/vec4 v0x6470d7616300_0, 0, 1;
    %load/vec4 v0x6470d7616110_0;
    %parti/s 1, 1, 2;
    %store/vec4 v0x6470d76161f0_0, 0, 1;
    %load/vec4 v0x6470d76163c0_0;
    %parti/s 1, 0, 2;
    %store/vec4 v0x6470d76166e0_0, 0, 1;
    %load/vec4 v0x6470d76163c0_0;
    %parti/s 1, 1, 2;
    %store/vec4 v0x6470d76164a0_0, 0, 1;
    %load/vec4 v0x6470d7615f80_0;
    %inv;
    %load/vec4 v0x6470d76161f0_0;
    %inv;
    %and;
    %load/vec4 v0x6470d76164a0_0;
    %inv;
    %and;
    %load/vec4 v0x6470d7616040_0;
    %load/vec4 v0x6470d7616300_0;
    %and;
    %load/vec4 v0x6470d7616040_0;
    %load/vec4 v0x6470d76166e0_0;
    %and;
    %or;
    %load/vec4 v0x6470d7616300_0;
    %load/vec4 v0x6470d76166e0_0;
    %and;
    %or;
    %and;
    %store/vec4 v0x6470d7616620_0, 0, 1;
    %load/vec4 v0x6470d7616040_0;
    %inv;
    %load/vec4 v0x6470d7616300_0;
    %inv;
    %and;
    %load/vec4 v0x6470d76166e0_0;
    %inv;
    %and;
    %load/vec4 v0x6470d7615f80_0;
    %load/vec4 v0x6470d76161f0_0;
    %and;
    %load/vec4 v0x6470d7615f80_0;
    %load/vec4 v0x6470d76164a0_0;
    %and;
    %or;
    %load/vec4 v0x6470d76161f0_0;
    %load/vec4 v0x6470d76164a0_0;
    %and;
    %or;
    %and;
    %store/vec4 v0x6470d7616560_0, 0, 1;
    %load/vec4 v0x6470d7616040_0;
    %load/vec4 v0x6470d7616300_0;
    %inv;
    %and;
    %load/vec4 v0x6470d76161f0_0;
    %inv;
    %and;
    %load/vec4 v0x6470d76166e0_0;
    %inv;
    %and;
    %load/vec4 v0x6470d76164a0_0;
    %inv;
    %and;
    %load/vec4 v0x6470d7616300_0;
    %load/vec4 v0x6470d7616040_0;
    %inv;
    %and;
    %load/vec4 v0x6470d7615f80_0;
    %inv;
    %and;
    %load/vec4 v0x6470d76166e0_0;
    %inv;
    %and;
    %load/vec4 v0x6470d76164a0_0;
    %inv;
    %and;
    %or;
    %load/vec4 v0x6470d76166e0_0;
    %load/vec4 v0x6470d7616040_0;
    %inv;
    %and;
    %load/vec4 v0x6470d7615f80_0;
    %inv;
    %and;
    %load/vec4 v0x6470d7616300_0;
    %inv;
    %and;
    %load/vec4 v0x6470d76161f0_0;
    %inv;
    %and;
    %or;
    %load/vec4 v0x6470d7616040_0;
    %load/vec4 v0x6470d7616300_0;
    %and;
    %load/vec4 v0x6470d76164a0_0;
    %and;
    %or;
    %load/vec4 v0x6470d7616040_0;
    %load/vec4 v0x6470d76166e0_0;
    %and;
    %load/vec4 v0x6470d76161f0_0;
    %and;
    %or;
    %load/vec4 v0x6470d7616300_0;
    %load/vec4 v0x6470d76166e0_0;
    %and;
    %load/vec4 v0x6470d7615f80_0;
    %and;
    %or;
    %load/vec4 v0x6470d7616040_0;
    %inv;
    %load/vec4 v0x6470d7616300_0;
    %inv;
    %and;
    %load/vec4 v0x6470d76166e0_0;
    %inv;
    %and;
    %load/vec4 v0x6470d7615f80_0;
    %load/vec4 v0x6470d76161f0_0;
    %and;
    %load/vec4 v0x6470d76164a0_0;
    %inv;
    %and;
    %load/vec4 v0x6470d7615f80_0;
    %load/vec4 v0x6470d76164a0_0;
    %and;
    %load/vec4 v0x6470d76161f0_0;
    %inv;
    %and;
    %or;
    %load/vec4 v0x6470d76161f0_0;
    %load/vec4 v0x6470d76164a0_0;
    %and;
    %load/vec4 v0x6470d7615f80_0;
    %inv;
    %and;
    %or;
    %and;
    %or;
    %store/vec4 v0x6470d7616860_0, 0, 1;
    %load/vec4 v0x6470d7615f80_0;
    %load/vec4 v0x6470d76161f0_0;
    %inv;
    %and;
    %load/vec4 v0x6470d76164a0_0;
    %inv;
    %and;
    %load/vec4 v0x6470d7616040_0;
    %inv;
    %and;
    %load/vec4 v0x6470d7616300_0;
    %inv;
    %and;
    %load/vec4 v0x6470d76166e0_0;
    %inv;
    %and;
    %load/vec4 v0x6470d76161f0_0;
    %load/vec4 v0x6470d7615f80_0;
    %inv;
    %and;
    %load/vec4 v0x6470d76164a0_0;
    %inv;
    %and;
    %load/vec4 v0x6470d7616040_0;
    %inv;
    %and;
    %load/vec4 v0x6470d7616300_0;
    %inv;
    %and;
    %load/vec4 v0x6470d76166e0_0;
    %inv;
    %and;
    %or;
    %load/vec4 v0x6470d76164a0_0;
    %load/vec4 v0x6470d7615f80_0;
    %inv;
    %and;
    %load/vec4 v0x6470d76161f0_0;
    %inv;
    %and;
    %load/vec4 v0x6470d7616040_0;
    %inv;
    %and;
    %load/vec4 v0x6470d7616300_0;
    %inv;
    %and;
    %load/vec4 v0x6470d76166e0_0;
    %inv;
    %and;
    %or;
    %load/vec4 v0x6470d7616040_0;
    %load/vec4 v0x6470d76161f0_0;
    %and;
    %load/vec4 v0x6470d76164a0_0;
    %and;
    %or;
    %load/vec4 v0x6470d7616300_0;
    %load/vec4 v0x6470d7615f80_0;
    %and;
    %load/vec4 v0x6470d76164a0_0;
    %and;
    %or;
    %load/vec4 v0x6470d76166e0_0;
    %load/vec4 v0x6470d7615f80_0;
    %and;
    %load/vec4 v0x6470d76161f0_0;
    %and;
    %or;
    %load/vec4 v0x6470d7615f80_0;
    %inv;
    %load/vec4 v0x6470d76161f0_0;
    %inv;
    %and;
    %load/vec4 v0x6470d76164a0_0;
    %inv;
    %and;
    %load/vec4 v0x6470d7616040_0;
    %load/vec4 v0x6470d7616300_0;
    %and;
    %load/vec4 v0x6470d76166e0_0;
    %inv;
    %and;
    %load/vec4 v0x6470d7616040_0;
    %load/vec4 v0x6470d76166e0_0;
    %and;
    %load/vec4 v0x6470d7616300_0;
    %inv;
    %and;
    %or;
    %load/vec4 v0x6470d7616300_0;
    %load/vec4 v0x6470d76166e0_0;
    %and;
    %load/vec4 v0x6470d7616040_0;
    %inv;
    %and;
    %or;
    %and;
    %or;
    %store/vec4 v0x6470d76167a0_0, 0, 1;
    %load/vec4 v0x6470d7616560_0;
    %load/vec4 v0x6470d7616620_0;
    %concat/vec4; draw_concat_vec4
    %load/vec4 v0x6470d76167a0_0;
    %concat/vec4; draw_concat_vec4
    %load/vec4 v0x6470d7616860_0;
    %concat/vec4; draw_concat_vec4
    %ret/vec4 0, 0, 4;  Assign to tadd1 (store_vec4_to_lval)
    %end;
S_0x6470d7616a00 .scope function.vec4.s2, "tand" "tand" 4 116, 4 116 0, S_0x6470d7615840;
 .timescale -9 -12;
v0x6470d7616bb0_0 .var "a", 1 0;
v0x6470d7616c90_0 .var "b", 1 0;
; Variable tand is vec4 return value of scope S_0x6470d7616a00
TD_ga_ops_tb.u_sym.u2.tand ;
    %load/vec4 v0x6470d7616bb0_0;
    %parti/s 1, 1, 2;
    %load/vec4 v0x6470d7616c90_0;
    %parti/s 1, 1, 2;
    %or;
    %load/vec4 v0x6470d7616bb0_0;
    %parti/s 1, 0, 2;
    %load/vec4 v0x6470d7616c90_0;
    %parti/s 1, 0, 2;
    %and;
    %concat/vec4; draw_concat_vec4
    %ret/vec4 0, 0, 2;  Assign to tand (store_vec4_to_lval)
    %end;
S_0x6470d7616e30 .scope function.vec4.s2, "tmul" "tmul" 4 106, 4 106 0, S_0x6470d7615840;
 .timescale -9 -12;
v0x6470d7617040_0 .var "a", 1 0;
v0x6470d7617120_0 .var "b", 1 0;
; Variable tmul is vec4 return value of scope S_0x6470d7616e30
TD_ga_ops_tb.u_sym.u2.tmul ;
    %pushi/vec4 0, 0, 2;
    %ret/vec4 0, 0, 2;  Assign to tmul (store_vec4_to_lval)
    %load/vec4 v0x6470d7617040_0;
    %parti/s 1, 0, 2;
    %load/vec4 v0x6470d7617120_0;
    %parti/s 1, 0, 2;
    %and;
    %flag_set/vec4 8;
    %jmp/0xz  T_41.67, 8;
    %pushi/vec4 1, 0, 2;
    %ret/vec4 0, 0, 2;  Assign to tmul (store_vec4_to_lval)
    %jmp T_41.68;
T_41.67 ;
    %load/vec4 v0x6470d7617040_0;
    %parti/s 1, 1, 2;
    %load/vec4 v0x6470d7617120_0;
    %parti/s 1, 1, 2;
    %and;
    %flag_set/vec4 8;
    %jmp/0xz  T_41.69, 8;
    %pushi/vec4 1, 0, 2;
    %ret/vec4 0, 0, 2;  Assign to tmul (store_vec4_to_lval)
    %jmp T_41.70;
T_41.69 ;
    %load/vec4 v0x6470d7617040_0;
    %parti/s 1, 0, 2;
    %load/vec4 v0x6470d7617120_0;
    %parti/s 1, 1, 2;
    %and;
    %load/vec4 v0x6470d7617040_0;
    %parti/s 1, 1, 2;
    %load/vec4 v0x6470d7617120_0;
    %parti/s 1, 0, 2;
    %and;
    %or;
    %flag_set/vec4 8;
    %jmp/0xz  T_41.71, 8;
    %pushi/vec4 2, 0, 2;
    %ret/vec4 0, 0, 2;  Assign to tmul (store_vec4_to_lval)
T_41.71 ;
T_41.70 ;
T_41.68 ;
    %end;
S_0x6470d76172f0 .scope function.vec4.s2, "tneg" "tneg" 4 99, 4 99 0, S_0x6470d7615840;
 .timescale -9 -12;
v0x6470d76174d0_0 .var "t", 1 0;
; Variable tneg is vec4 return value of scope S_0x6470d76172f0
TD_ga_ops_tb.u_sym.u2.tneg ;
    %load/vec4 v0x6470d76174d0_0;
    %parti/s 1, 0, 2;
    %load/vec4 v0x6470d76174d0_0;
    %parti/s 1, 1, 2;
    %concat/vec4; draw_concat_vec4
    %ret/vec4 0, 0, 2;  Assign to tneg (store_vec4_to_lval)
    %end;
S_0x6470d76176b0 .scope function.vec4.s2, "tor" "tor" 4 123, 4 123 0, S_0x6470d7615840;
 .timescale -9 -12;
v0x6470d76178e0_0 .var "a", 1 0;
v0x6470d76179e0_0 .var "b", 1 0;
; Variable tor is vec4 return value of scope S_0x6470d76176b0
TD_ga_ops_tb.u_sym.u2.tor ;
    %load/vec4 v0x6470d76178e0_0;
    %parti/s 1, 1, 2;
    %load/vec4 v0x6470d76179e0_0;
    %parti/s 1, 1, 2;
    %and;
    %load/vec4 v0x6470d76178e0_0;
    %parti/s 1, 0, 2;
    %load/vec4 v0x6470d76179e0_0;
    %parti/s 1, 0, 2;
    %or;
    %concat/vec4; draw_concat_vec4
    %ret/vec4 0, 0, 2;  Assign to tor (store_vec4_to_lval)
    %end;
S_0x6470d7618290 .scope module, "u_ac" "tadd_n" 3 252, 4 71 0, S_0x6470d7612a60;
 .timescale -9 -12;
    .port_info 0 /OUTPUT 14 "sum";
    .port_info 1 /OUTPUT 2 "cout";
    .port_info 2 /INPUT 14 "a";
    .port_info 3 /INPUT 14 "b";
    .port_info 4 /INPUT 2 "cin";
P_0x6470d7618470 .param/l "NTRITS" 0 4 71, +C4<00000000000000000000000000000111>;
v0x6470d761a5f0_0 .net "a", 13 0, L_0x6470d7655d60;  1 drivers
v0x6470d761a6f0_0 .net "b", 13 0, L_0x6470d7655e50;  1 drivers
v0x6470d761a7d0_0 .var "c", 1 0;
L_0x72137824a378 .functor BUFT 1, C4<00>, C4<0>, C4<0>, C4<0>;
v0x6470d761a8c0_0 .net "cin", 1 0, L_0x72137824a378;  1 drivers
v0x6470d761a9a0_0 .var "cout", 1 0;
v0x6470d761aad0_0 .var/i "i", 31 0;
v0x6470d761abb0_0 .var "sum", 13 0;
E_0x6470d7618680 .event anyedge, v0x6470d761a8c0_0, v0x6470d761a5f0_0, v0x6470d761a6f0_0, v0x6470d761a7d0_0;
S_0x6470d76186f0 .scope function.vec4.s4, "tadd1" "tadd1" 4 109, 4 109 0, S_0x6470d7618290;
 .timescale -9 -12;
v0x6470d76188f0_0 .var "a", 1 0;
v0x6470d76189f0_0 .var "an", 0 0;
v0x6470d7618ab0_0 .var "ap", 0 0;
v0x6470d7618b80_0 .var "b", 1 0;
v0x6470d7618c60_0 .var "bn", 0 0;
v0x6470d7618d70_0 .var "bp", 0 0;
v0x6470d7618e30_0 .var "cin", 1 0;
v0x6470d7618f10_0 .var "cn", 0 0;
v0x6470d7618fd0_0 .var "con", 0 0;
v0x6470d7619090_0 .var "cop", 0 0;
v0x6470d7619150_0 .var "cp", 0 0;
v0x6470d7619210_0 .var "sn", 0 0;
v0x6470d76192d0_0 .var "sp", 0 0;
; Variable tadd1 is vec4 return value of scope S_0x6470d76186f0
TD_ga_ops_tb.u_sym.u_ac.tadd1 ;
    %load/vec4 v0x6470d76188f0_0;
    %parti/s 1, 0, 2;
    %store/vec4 v0x6470d7618ab0_0, 0, 1;
    %load/vec4 v0x6470d76188f0_0;
    %parti/s 1, 1, 2;
    %store/vec4 v0x6470d76189f0_0, 0, 1;
    %load/vec4 v0x6470d7618b80_0;
    %parti/s 1, 0, 2;
    %store/vec4 v0x6470d7618d70_0, 0, 1;
    %load/vec4 v0x6470d7618b80_0;
    %parti/s 1, 1, 2;
    %store/vec4 v0x6470d7618c60_0, 0, 1;
    %load/vec4 v0x6470d7618e30_0;
    %parti/s 1, 0, 2;
    %store/vec4 v0x6470d7619150_0, 0, 1;
    %load/vec4 v0x6470d7618e30_0;
    %parti/s 1, 1, 2;
    %store/vec4 v0x6470d7618f10_0, 0, 1;
    %load/vec4 v0x6470d76189f0_0;
    %inv;
    %load/vec4 v0x6470d7618c60_0;
    %inv;
    %and;
    %load/vec4 v0x6470d7618f10_0;
    %inv;
    %and;
    %load/vec4 v0x6470d7618ab0_0;
    %load/vec4 v0x6470d7618d70_0;
    %and;
    %load/vec4 v0x6470d7618ab0_0;
    %load/vec4 v0x6470d7619150_0;
    %and;
    %or;
    %load/vec4 v0x6470d7618d70_0;
    %load/vec4 v0x6470d7619150_0;
    %and;
    %or;
    %and;
    %store/vec4 v0x6470d7619090_0, 0, 1;
    %load/vec4 v0x6470d7618ab0_0;
    %inv;
    %load/vec4 v0x6470d7618d70_0;
    %inv;
    %and;
    %load/vec4 v0x6470d7619150_0;
    %inv;
    %and;
    %load/vec4 v0x6470d76189f0_0;
    %load/vec4 v0x6470d7618c60_0;
    %and;
    %load/vec4 v0x6470d76189f0_0;
    %load/vec4 v0x6470d7618f10_0;
    %and;
    %or;
    %load/vec4 v0x6470d7618c60_0;
    %load/vec4 v0x6470d7618f10_0;
    %and;
    %or;
    %and;
    %store/vec4 v0x6470d7618fd0_0, 0, 1;
    %load/vec4 v0x6470d7618ab0_0;
    %load/vec4 v0x6470d7618d70_0;
    %inv;
    %and;
    %load/vec4 v0x6470d7618c60_0;
    %inv;
    %and;
    %load/vec4 v0x6470d7619150_0;
    %inv;
    %and;
    %load/vec4 v0x6470d7618f10_0;
    %inv;
    %and;
    %load/vec4 v0x6470d7618d70_0;
    %load/vec4 v0x6470d7618ab0_0;
    %inv;
    %and;
    %load/vec4 v0x6470d76189f0_0;
    %inv;
    %and;
    %load/vec4 v0x6470d7619150_0;
    %inv;
    %and;
    %load/vec4 v0x6470d7618f10_0;
    %inv;
    %and;
    %or;
    %load/vec4 v0x6470d7619150_0;
    %load/vec4 v0x6470d7618ab0_0;
    %inv;
    %and;
    %load/vec4 v0x6470d76189f0_0;
    %inv;
    %and;
    %load/vec4 v0x6470d7618d70_0;
    %inv;
    %and;
    %load/vec4 v0x6470d7618c60_0;
    %inv;
    %and;
    %or;
    %load/vec4 v0x6470d7618ab0_0;
    %load/vec4 v0x6470d7618d70_0;
    %and;
    %load/vec4 v0x6470d7618f10_0;
    %and;
    %or;
    %load/vec4 v0x6470d7618ab0_0;
    %load/vec4 v0x6470d7619150_0;
    %and;
    %load/vec4 v0x6470d7618c60_0;
    %and;
    %or;
    %load/vec4 v0x6470d7618d70_0;
    %load/vec4 v0x6470d7619150_0;
    %and;
    %load/vec4 v0x6470d76189f0_0;
    %and;
    %or;
    %load/vec4 v0x6470d7618ab0_0;
    %inv;
    %load/vec4 v0x6470d7618d70_0;
    %inv;
    %and;
    %load/vec4 v0x6470d7619150_0;
    %inv;
    %and;
    %load/vec4 v0x6470d76189f0_0;
    %load/vec4 v0x6470d7618c60_0;
    %and;
    %load/vec4 v0x6470d7618f10_0;
    %inv;
    %and;
    %load/vec4 v0x6470d76189f0_0;
    %load/vec4 v0x6470d7618f10_0;
    %and;
    %load/vec4 v0x6470d7618c60_0;
    %inv;
    %and;
    %or;
    %load/vec4 v0x6470d7618c60_0;
    %load/vec4 v0x6470d7618f10_0;
    %and;
    %load/vec4 v0x6470d76189f0_0;
    %inv;
    %and;
    %or;
    %and;
    %or;
    %store/vec4 v0x6470d76192d0_0, 0, 1;
    %load/vec4 v0x6470d76189f0_0;
    %load/vec4 v0x6470d7618c60_0;
    %inv;
    %and;
    %load/vec4 v0x6470d7618f10_0;
    %inv;
    %and;
    %load/vec4 v0x6470d7618ab0_0;
    %inv;
    %and;
    %load/vec4 v0x6470d7618d70_0;
    %inv;
    %and;
    %load/vec4 v0x6470d7619150_0;
    %inv;
    %and;
    %load/vec4 v0x6470d7618c60_0;
    %load/vec4 v0x6470d76189f0_0;
    %inv;
    %and;
    %load/vec4 v0x6470d7618f10_0;
    %inv;
    %and;
    %load/vec4 v0x6470d7618ab0_0;
    %inv;
    %and;
    %load/vec4 v0x6470d7618d70_0;
    %inv;
    %and;
    %load/vec4 v0x6470d7619150_0;
    %inv;
    %and;
    %or;
    %load/vec4 v0x6470d7618f10_0;
    %load/vec4 v0x6470d76189f0_0;
    %inv;
    %and;
    %load/vec4 v0x6470d7618c60_0;
    %inv;
    %and;
    %load/vec4 v0x6470d7618ab0_0;
    %inv;
    %and;
    %load/vec4 v0x6470d7618d70_0;
    %inv;
    %and;
    %load/vec4 v0x6470d7619150_0;
    %inv;
    %and;
    %or;
    %load/vec4 v0x6470d7618ab0_0;
    %load/vec4 v0x6470d7618c60_0;
    %and;
    %load/vec4 v0x6470d7618f10_0;
    %and;
    %or;
    %load/vec4 v0x6470d7618d70_0;
    %load/vec4 v0x6470d76189f0_0;
    %and;
    %load/vec4 v0x6470d7618f10_0;
    %and;
    %or;
    %load/vec4 v0x6470d7619150_0;
    %load/vec4 v0x6470d76189f0_0;
    %and;
    %load/vec4 v0x6470d7618c60_0;
    %and;
    %or;
    %load/vec4 v0x6470d76189f0_0;
    %inv;
    %load/vec4 v0x6470d7618c60_0;
    %inv;
    %and;
    %load/vec4 v0x6470d7618f10_0;
    %inv;
    %and;
    %load/vec4 v0x6470d7618ab0_0;
    %load/vec4 v0x6470d7618d70_0;
    %and;
    %load/vec4 v0x6470d7619150_0;
    %inv;
    %and;
    %load/vec4 v0x6470d7618ab0_0;
    %load/vec4 v0x6470d7619150_0;
    %and;
    %load/vec4 v0x6470d7618d70_0;
    %inv;
    %and;
    %or;
    %load/vec4 v0x6470d7618d70_0;
    %load/vec4 v0x6470d7619150_0;
    %and;
    %load/vec4 v0x6470d7618ab0_0;
    %inv;
    %and;
    %or;
    %and;
    %or;
    %store/vec4 v0x6470d7619210_0, 0, 1;
    %load/vec4 v0x6470d7618fd0_0;
    %load/vec4 v0x6470d7619090_0;
    %concat/vec4; draw_concat_vec4
    %load/vec4 v0x6470d7619210_0;
    %concat/vec4; draw_concat_vec4
    %load/vec4 v0x6470d76192d0_0;
    %concat/vec4; draw_concat_vec4
    %ret/vec4 0, 0, 4;  Assign to tadd1 (store_vec4_to_lval)
    %end;
S_0x6470d7619470 .scope function.vec4.s2, "tand" "tand" 4 95, 4 95 0, S_0x6470d7618290;
 .timescale -9 -12;
v0x6470d7619620_0 .var "a", 1 0;
v0x6470d7619700_0 .var "b", 1 0;
; Variable tand is vec4 return value of scope S_0x6470d7619470
TD_ga_ops_tb.u_sym.u_ac.tand ;
    %load/vec4 v0x6470d7619620_0;
    %parti/s 1, 1, 2;
    %load/vec4 v0x6470d7619700_0;
    %parti/s 1, 1, 2;
    %or;
    %load/vec4 v0x6470d7619620_0;
    %parti/s 1, 0, 2;
    %load/vec4 v0x6470d7619700_0;
    %parti/s 1, 0, 2;
    %and;
    %concat/vec4; draw_concat_vec4
    %ret/vec4 0, 0, 2;  Assign to tand (store_vec4_to_lval)
    %end;
S_0x6470d76198a0 .scope function.vec4.s2, "tmul" "tmul" 4 85, 4 85 0, S_0x6470d7618290;
 .timescale -9 -12;
v0x6470d7619ab0_0 .var "a", 1 0;
v0x6470d7619b90_0 .var "b", 1 0;
; Variable tmul is vec4 return value of scope S_0x6470d76198a0
TD_ga_ops_tb.u_sym.u_ac.tmul ;
    %pushi/vec4 0, 0, 2;
    %ret/vec4 0, 0, 2;  Assign to tmul (store_vec4_to_lval)
    %load/vec4 v0x6470d7619ab0_0;
    %parti/s 1, 0, 2;
    %load/vec4 v0x6470d7619b90_0;
    %parti/s 1, 0, 2;
    %and;
    %flag_set/vec4 8;
    %jmp/0xz  T_46.73, 8;
    %pushi/vec4 1, 0, 2;
    %ret/vec4 0, 0, 2;  Assign to tmul (store_vec4_to_lval)
    %jmp T_46.74;
T_46.73 ;
    %load/vec4 v0x6470d7619ab0_0;
    %parti/s 1, 1, 2;
    %load/vec4 v0x6470d7619b90_0;
    %parti/s 1, 1, 2;
    %and;
    %flag_set/vec4 8;
    %jmp/0xz  T_46.75, 8;
    %pushi/vec4 1, 0, 2;
    %ret/vec4 0, 0, 2;  Assign to tmul (store_vec4_to_lval)
    %jmp T_46.76;
T_46.75 ;
    %load/vec4 v0x6470d7619ab0_0;
    %parti/s 1, 0, 2;
    %load/vec4 v0x6470d7619b90_0;
    %parti/s 1, 1, 2;
    %and;
    %load/vec4 v0x6470d7619ab0_0;
    %parti/s 1, 1, 2;
    %load/vec4 v0x6470d7619b90_0;
    %parti/s 1, 0, 2;
    %and;
    %or;
    %flag_set/vec4 8;
    %jmp/0xz  T_46.77, 8;
    %pushi/vec4 2, 0, 2;
    %ret/vec4 0, 0, 2;  Assign to tmul (store_vec4_to_lval)
T_46.77 ;
T_46.76 ;
T_46.74 ;
    %end;
S_0x6470d7619d60 .scope function.vec4.s2, "tneg" "tneg" 4 78, 4 78 0, S_0x6470d7618290;
 .timescale -9 -12;
v0x6470d7619f40_0 .var "t", 1 0;
; Variable tneg is vec4 return value of scope S_0x6470d7619d60
TD_ga_ops_tb.u_sym.u_ac.tneg ;
    %load/vec4 v0x6470d7619f40_0;
    %parti/s 1, 0, 2;
    %load/vec4 v0x6470d7619f40_0;
    %parti/s 1, 1, 2;
    %concat/vec4; draw_concat_vec4
    %ret/vec4 0, 0, 2;  Assign to tneg (store_vec4_to_lval)
    %end;
S_0x6470d761a120 .scope function.vec4.s2, "tor" "tor" 4 102, 4 102 0, S_0x6470d7618290;
 .timescale -9 -12;
v0x6470d761a350_0 .var "a", 1 0;
v0x6470d761a450_0 .var "b", 1 0;
; Variable tor is vec4 return value of scope S_0x6470d761a120
TD_ga_ops_tb.u_sym.u_ac.tor ;
    %load/vec4 v0x6470d761a350_0;
    %parti/s 1, 1, 2;
    %load/vec4 v0x6470d761a450_0;
    %parti/s 1, 1, 2;
    %and;
    %load/vec4 v0x6470d761a350_0;
    %parti/s 1, 0, 2;
    %load/vec4 v0x6470d761a450_0;
    %parti/s 1, 0, 2;
    %or;
    %concat/vec4; draw_concat_vec4
    %ret/vec4 0, 0, 2;  Assign to tor (store_vec4_to_lval)
    %end;
S_0x6470d761ad30 .scope module, "u_bd" "tadd_n" 3 253, 4 71 0, S_0x6470d7612a60;
 .timescale -9 -12;
    .port_info 0 /OUTPUT 14 "sum";
    .port_info 1 /OUTPUT 2 "cout";
    .port_info 2 /INPUT 14 "a";
    .port_info 3 /INPUT 14 "b";
    .port_info 4 /INPUT 2 "cin";
P_0x6470d761af10 .param/l "NTRITS" 0 4 71, +C4<00000000000000000000000000000111>;
v0x6470d761d080_0 .net "a", 13 0, L_0x6470d7655f40;  1 drivers
v0x6470d761d180_0 .net "b", 13 0, L_0x6470d7656030;  1 drivers
v0x6470d761d260_0 .var "c", 1 0;
L_0x72137824a450 .functor BUFT 1, C4<00>, C4<0>, C4<0>, C4<0>;
v0x6470d761d350_0 .net "cin", 1 0, L_0x72137824a450;  1 drivers
v0x6470d761d430_0 .var "cout", 1 0;
v0x6470d761d560_0 .var/i "i", 31 0;
v0x6470d761d640_0 .var "sum", 13 0;
E_0x6470d761b0f0 .event anyedge, v0x6470d761d350_0, v0x6470d761d080_0, v0x6470d761d180_0, v0x6470d761d260_0;
S_0x6470d761b180 .scope function.vec4.s4, "tadd1" "tadd1" 4 109, 4 109 0, S_0x6470d761ad30;
 .timescale -9 -12;
v0x6470d761b380_0 .var "a", 1 0;
v0x6470d761b480_0 .var "an", 0 0;
v0x6470d761b540_0 .var "ap", 0 0;
v0x6470d761b610_0 .var "b", 1 0;
v0x6470d761b6f0_0 .var "bn", 0 0;
v0x6470d761b800_0 .var "bp", 0 0;
v0x6470d761b8c0_0 .var "cin", 1 0;
v0x6470d761b9a0_0 .var "cn", 0 0;
v0x6470d761ba60_0 .var "con", 0 0;
v0x6470d761bb20_0 .var "cop", 0 0;
v0x6470d761bbe0_0 .var "cp", 0 0;
v0x6470d761bca0_0 .var "sn", 0 0;
v0x6470d761bd60_0 .var "sp", 0 0;
; Variable tadd1 is vec4 return value of scope S_0x6470d761b180
TD_ga_ops_tb.u_sym.u_bd.tadd1 ;
    %load/vec4 v0x6470d761b380_0;
    %parti/s 1, 0, 2;
    %store/vec4 v0x6470d761b540_0, 0, 1;
    %load/vec4 v0x6470d761b380_0;
    %parti/s 1, 1, 2;
    %store/vec4 v0x6470d761b480_0, 0, 1;
    %load/vec4 v0x6470d761b610_0;
    %parti/s 1, 0, 2;
    %store/vec4 v0x6470d761b800_0, 0, 1;
    %load/vec4 v0x6470d761b610_0;
    %parti/s 1, 1, 2;
    %store/vec4 v0x6470d761b6f0_0, 0, 1;
    %load/vec4 v0x6470d761b8c0_0;
    %parti/s 1, 0, 2;
    %store/vec4 v0x6470d761bbe0_0, 0, 1;
    %load/vec4 v0x6470d761b8c0_0;
    %parti/s 1, 1, 2;
    %store/vec4 v0x6470d761b9a0_0, 0, 1;
    %load/vec4 v0x6470d761b480_0;
    %inv;
    %load/vec4 v0x6470d761b6f0_0;
    %inv;
    %and;
    %load/vec4 v0x6470d761b9a0_0;
    %inv;
    %and;
    %load/vec4 v0x6470d761b540_0;
    %load/vec4 v0x6470d761b800_0;
    %and;
    %load/vec4 v0x6470d761b540_0;
    %load/vec4 v0x6470d761bbe0_0;
    %and;
    %or;
    %load/vec4 v0x6470d761b800_0;
    %load/vec4 v0x6470d761bbe0_0;
    %and;
    %or;
    %and;
    %store/vec4 v0x6470d761bb20_0, 0, 1;
    %load/vec4 v0x6470d761b540_0;
    %inv;
    %load/vec4 v0x6470d761b800_0;
    %inv;
    %and;
    %load/vec4 v0x6470d761bbe0_0;
    %inv;
    %and;
    %load/vec4 v0x6470d761b480_0;
    %load/vec4 v0x6470d761b6f0_0;
    %and;
    %load/vec4 v0x6470d761b480_0;
    %load/vec4 v0x6470d761b9a0_0;
    %and;
    %or;
    %load/vec4 v0x6470d761b6f0_0;
    %load/vec4 v0x6470d761b9a0_0;
    %and;
    %or;
    %and;
    %store/vec4 v0x6470d761ba60_0, 0, 1;
    %load/vec4 v0x6470d761b540_0;
    %load/vec4 v0x6470d761b800_0;
    %inv;
    %and;
    %load/vec4 v0x6470d761b6f0_0;
    %inv;
    %and;
    %load/vec4 v0x6470d761bbe0_0;
    %inv;
    %and;
    %load/vec4 v0x6470d761b9a0_0;
    %inv;
    %and;
    %load/vec4 v0x6470d761b800_0;
    %load/vec4 v0x6470d761b540_0;
    %inv;
    %and;
    %load/vec4 v0x6470d761b480_0;
    %inv;
    %and;
    %load/vec4 v0x6470d761bbe0_0;
    %inv;
    %and;
    %load/vec4 v0x6470d761b9a0_0;
    %inv;
    %and;
    %or;
    %load/vec4 v0x6470d761bbe0_0;
    %load/vec4 v0x6470d761b540_0;
    %inv;
    %and;
    %load/vec4 v0x6470d761b480_0;
    %inv;
    %and;
    %load/vec4 v0x6470d761b800_0;
    %inv;
    %and;
    %load/vec4 v0x6470d761b6f0_0;
    %inv;
    %and;
    %or;
    %load/vec4 v0x6470d761b540_0;
    %load/vec4 v0x6470d761b800_0;
    %and;
    %load/vec4 v0x6470d761b9a0_0;
    %and;
    %or;
    %load/vec4 v0x6470d761b540_0;
    %load/vec4 v0x6470d761bbe0_0;
    %and;
    %load/vec4 v0x6470d761b6f0_0;
    %and;
    %or;
    %load/vec4 v0x6470d761b800_0;
    %load/vec4 v0x6470d761bbe0_0;
    %and;
    %load/vec4 v0x6470d761b480_0;
    %and;
    %or;
    %load/vec4 v0x6470d761b540_0;
    %inv;
    %load/vec4 v0x6470d761b800_0;
    %inv;
    %and;
    %load/vec4 v0x6470d761bbe0_0;
    %inv;
    %and;
    %load/vec4 v0x6470d761b480_0;
    %load/vec4 v0x6470d761b6f0_0;
    %and;
    %load/vec4 v0x6470d761b9a0_0;
    %inv;
    %and;
    %load/vec4 v0x6470d761b480_0;
    %load/vec4 v0x6470d761b9a0_0;
    %and;
    %load/vec4 v0x6470d761b6f0_0;
    %inv;
    %and;
    %or;
    %load/vec4 v0x6470d761b6f0_0;
    %load/vec4 v0x6470d761b9a0_0;
    %and;
    %load/vec4 v0x6470d761b480_0;
    %inv;
    %and;
    %or;
    %and;
    %or;
    %store/vec4 v0x6470d761bd60_0, 0, 1;
    %load/vec4 v0x6470d761b480_0;
    %load/vec4 v0x6470d761b6f0_0;
    %inv;
    %and;
    %load/vec4 v0x6470d761b9a0_0;
    %inv;
    %and;
    %load/vec4 v0x6470d761b540_0;
    %inv;
    %and;
    %load/vec4 v0x6470d761b800_0;
    %inv;
    %and;
    %load/vec4 v0x6470d761bbe0_0;
    %inv;
    %and;
    %load/vec4 v0x6470d761b6f0_0;
    %load/vec4 v0x6470d761b480_0;
    %inv;
    %and;
    %load/vec4 v0x6470d761b9a0_0;
    %inv;
    %and;
    %load/vec4 v0x6470d761b540_0;
    %inv;
    %and;
    %load/vec4 v0x6470d761b800_0;
    %inv;
    %and;
    %load/vec4 v0x6470d761bbe0_0;
    %inv;
    %and;
    %or;
    %load/vec4 v0x6470d761b9a0_0;
    %load/vec4 v0x6470d761b480_0;
    %inv;
    %and;
    %load/vec4 v0x6470d761b6f0_0;
    %inv;
    %and;
    %load/vec4 v0x6470d761b540_0;
    %inv;
    %and;
    %load/vec4 v0x6470d761b800_0;
    %inv;
    %and;
    %load/vec4 v0x6470d761bbe0_0;
    %inv;
    %and;
    %or;
    %load/vec4 v0x6470d761b540_0;
    %load/vec4 v0x6470d761b6f0_0;
    %and;
    %load/vec4 v0x6470d761b9a0_0;
    %and;
    %or;
    %load/vec4 v0x6470d761b800_0;
    %load/vec4 v0x6470d761b480_0;
    %and;
    %load/vec4 v0x6470d761b9a0_0;
    %and;
    %or;
    %load/vec4 v0x6470d761bbe0_0;
    %load/vec4 v0x6470d761b480_0;
    %and;
    %load/vec4 v0x6470d761b6f0_0;
    %and;
    %or;
    %load/vec4 v0x6470d761b480_0;
    %inv;
    %load/vec4 v0x6470d761b6f0_0;
    %inv;
    %and;
    %load/vec4 v0x6470d761b9a0_0;
    %inv;
    %and;
    %load/vec4 v0x6470d761b540_0;
    %load/vec4 v0x6470d761b800_0;
    %and;
    %load/vec4 v0x6470d761bbe0_0;
    %inv;
    %and;
    %load/vec4 v0x6470d761b540_0;
    %load/vec4 v0x6470d761bbe0_0;
    %and;
    %load/vec4 v0x6470d761b800_0;
    %inv;
    %and;
    %or;
    %load/vec4 v0x6470d761b800_0;
    %load/vec4 v0x6470d761bbe0_0;
    %and;
    %load/vec4 v0x6470d761b540_0;
    %inv;
    %and;
    %or;
    %and;
    %or;
    %store/vec4 v0x6470d761bca0_0, 0, 1;
    %load/vec4 v0x6470d761ba60_0;
    %load/vec4 v0x6470d761bb20_0;
    %concat/vec4; draw_concat_vec4
    %load/vec4 v0x6470d761bca0_0;
    %concat/vec4; draw_concat_vec4
    %load/vec4 v0x6470d761bd60_0;
    %concat/vec4; draw_concat_vec4
    %ret/vec4 0, 0, 4;  Assign to tadd1 (store_vec4_to_lval)
    %end;
S_0x6470d761bf00 .scope function.vec4.s2, "tand" "tand" 4 95, 4 95 0, S_0x6470d761ad30;
 .timescale -9 -12;
v0x6470d761c0b0_0 .var "a", 1 0;
v0x6470d761c190_0 .var "b", 1 0;
; Variable tand is vec4 return value of scope S_0x6470d761bf00
TD_ga_ops_tb.u_sym.u_bd.tand ;
    %load/vec4 v0x6470d761c0b0_0;
    %parti/s 1, 1, 2;
    %load/vec4 v0x6470d761c190_0;
    %parti/s 1, 1, 2;
    %or;
    %load/vec4 v0x6470d761c0b0_0;
    %parti/s 1, 0, 2;
    %load/vec4 v0x6470d761c190_0;
    %parti/s 1, 0, 2;
    %and;
    %concat/vec4; draw_concat_vec4
    %ret/vec4 0, 0, 2;  Assign to tand (store_vec4_to_lval)
    %end;
S_0x6470d761c330 .scope function.vec4.s2, "tmul" "tmul" 4 85, 4 85 0, S_0x6470d761ad30;
 .timescale -9 -12;
v0x6470d761c540_0 .var "a", 1 0;
v0x6470d761c620_0 .var "b", 1 0;
; Variable tmul is vec4 return value of scope S_0x6470d761c330
TD_ga_ops_tb.u_sym.u_bd.tmul ;
    %pushi/vec4 0, 0, 2;
    %ret/vec4 0, 0, 2;  Assign to tmul (store_vec4_to_lval)
    %load/vec4 v0x6470d761c540_0;
    %parti/s 1, 0, 2;
    %load/vec4 v0x6470d761c620_0;
    %parti/s 1, 0, 2;
    %and;
    %flag_set/vec4 8;
    %jmp/0xz  T_51.79, 8;
    %pushi/vec4 1, 0, 2;
    %ret/vec4 0, 0, 2;  Assign to tmul (store_vec4_to_lval)
    %jmp T_51.80;
T_51.79 ;
    %load/vec4 v0x6470d761c540_0;
    %parti/s 1, 1, 2;
    %load/vec4 v0x6470d761c620_0;
    %parti/s 1, 1, 2;
    %and;
    %flag_set/vec4 8;
    %jmp/0xz  T_51.81, 8;
    %pushi/vec4 1, 0, 2;
    %ret/vec4 0, 0, 2;  Assign to tmul (store_vec4_to_lval)
    %jmp T_51.82;
T_51.81 ;
    %load/vec4 v0x6470d761c540_0;
    %parti/s 1, 0, 2;
    %load/vec4 v0x6470d761c620_0;
    %parti/s 1, 1, 2;
    %and;
    %load/vec4 v0x6470d761c540_0;
    %parti/s 1, 1, 2;
    %load/vec4 v0x6470d761c620_0;
    %parti/s 1, 0, 2;
    %and;
    %or;
    %flag_set/vec4 8;
    %jmp/0xz  T_51.83, 8;
    %pushi/vec4 2, 0, 2;
    %ret/vec4 0, 0, 2;  Assign to tmul (store_vec4_to_lval)
T_51.83 ;
T_51.82 ;
T_51.80 ;
    %end;
S_0x6470d761c7f0 .scope function.vec4.s2, "tneg" "tneg" 4 78, 4 78 0, S_0x6470d761ad30;
 .timescale -9 -12;
v0x6470d761c9d0_0 .var "t", 1 0;
; Variable tneg is vec4 return value of scope S_0x6470d761c7f0
TD_ga_ops_tb.u_sym.u_bd.tneg ;
    %load/vec4 v0x6470d761c9d0_0;
    %parti/s 1, 0, 2;
    %load/vec4 v0x6470d761c9d0_0;
    %parti/s 1, 1, 2;
    %concat/vec4; draw_concat_vec4
    %ret/vec4 0, 0, 2;  Assign to tneg (store_vec4_to_lval)
    %end;
S_0x6470d761cbb0 .scope function.vec4.s2, "tor" "tor" 4 102, 4 102 0, S_0x6470d761ad30;
 .timescale -9 -12;
v0x6470d761cde0_0 .var "a", 1 0;
v0x6470d761cee0_0 .var "b", 1 0;
; Variable tor is vec4 return value of scope S_0x6470d761cbb0
TD_ga_ops_tb.u_sym.u_bd.tor ;
    %load/vec4 v0x6470d761cde0_0;
    %parti/s 1, 1, 2;
    %load/vec4 v0x6470d761cee0_0;
    %parti/s 1, 1, 2;
    %and;
    %load/vec4 v0x6470d761cde0_0;
    %parti/s 1, 0, 2;
    %load/vec4 v0x6470d761cee0_0;
    %parti/s 1, 0, 2;
    %or;
    %concat/vec4; draw_concat_vec4
    %ret/vec4 0, 0, 2;  Assign to tor (store_vec4_to_lval)
    %end;
S_0x6470d761d7c0 .scope module, "u_nw" "tnorm_full" 3 259, 3 144 0, S_0x6470d7612a60;
 .timescale -9 -12;
    .port_info 0 /OUTPUT 26 "n";
    .port_info 1 /INPUT 12 "a";
    .port_info 2 /INPUT 12 "b";
P_0x6470d761d9f0 .param/l "NIN" 0 3 144, +C4<00000000000000000000000000000110>;
P_0x6470d761da30 .param/l "R" 1 3 148, +C4<00000000000000000000000000000000000000000000000000000000000001101>;
L_0x6470d7657090 .functor BUFZ 26, v0x6470d762b3b0_0, C4<00000000000000000000000000>, C4<00000000000000000000000000>, C4<00000000000000000000000000>;
L_0x72137824a768 .functor BUFT 1, C4<00>, C4<0>, C4<0>, C4<0>;
v0x6470d762b530_0 .net/2u *"_ivl_0", 1 0, L_0x72137824a768;  1 drivers
L_0x72137824a7b0 .functor BUFT 1, C4<00>, C4<0>, C4<0>, C4<0>;
v0x6470d762b630_0 .net/2u *"_ivl_4", 1 0, L_0x72137824a7b0;  1 drivers
L_0x72137824a7f8 .functor BUFT 1, C4<00>, C4<0>, C4<0>, C4<0>;
v0x6470d762b710_0 .net/2u *"_ivl_8", 1 0, L_0x72137824a7f8;  1 drivers
v0x6470d762b7d0_0 .net "a", 11 0, v0x6470d7653570_0;  alias, 1 drivers
v0x6470d762b890_0 .net "aa", 23 0, v0x6470d7620690_0;  1 drivers
v0x6470d762b9a0_0 .net "aa_p", 25 0, L_0x6470d7656be0;  1 drivers
v0x6470d762ba70_0 .net "ab", 23 0, v0x6470d7623280_0;  1 drivers
v0x6470d762bb40_0 .net "ab_p", 25 0, L_0x6470d7656d70;  1 drivers
v0x6470d762bc10_0 .net "b", 11 0, v0x6470d7653610_0;  alias, 1 drivers
v0x6470d762bd40_0 .net "bb", 23 0, v0x6470d7625e80_0;  1 drivers
v0x6470d762be30_0 .net "bb_p", 25 0, L_0x6470d7656f00;  1 drivers
v0x6470d762bf00_0 .net "n", 25 0, L_0x6470d7657090;  alias, 1 drivers
v0x6470d762bfc0_0 .net "s1", 25 0, v0x6470d76288f0_0;  1 drivers
v0x6470d762c080_0 .net "s2", 25 0, v0x6470d762b3b0_0;  1 drivers
L_0x6470d7656be0 .concat [ 24 2 0 0], v0x6470d7620690_0, L_0x72137824a768;
L_0x6470d7656d70 .concat [ 24 2 0 0], v0x6470d7623280_0, L_0x72137824a7b0;
L_0x6470d7656f00 .concat [ 24 2 0 0], v0x6470d7625e80_0, L_0x72137824a7f8;
S_0x6470d761dc70 .scope module, "m_aa" "tmul_sa" 3 151, 4 42 0, S_0x6470d761d7c0;
 .timescale -9 -12;
    .port_info 0 /OUTPUT 24 "prod";
    .port_info 1 /INPUT 12 "a";
    .port_info 2 /INPUT 12 "b";
P_0x6470d761dad0 .param/l "ACCBITS" 1 4 48, +C4<0000000000000000000000000000000000000000000000000000000000000000000000000000000000000000000011010>;
P_0x6470d761db10 .param/l "NTRITS" 0 4 42, +C4<00000000000000000000000000000110>;
v0x6470d7620010_0 .net "a", 11 0, v0x6470d7653570_0;  alias, 1 drivers
v0x6470d7620140_0 .var "acc", 25 0;
v0x6470d7620220_0 .net "b", 11 0, v0x6470d7653570_0;  alias, 1 drivers
v0x6470d76202c0_0 .var "c", 1 0;
v0x6470d76203a0_0 .var/i "i", 31 0;
v0x6470d76204d0_0 .var/i "j", 31 0;
v0x6470d76205b0_0 .var "pp", 25 0;
v0x6470d7620690_0 .var "prod", 23 0;
E_0x6470d761e210/0 .event anyedge, v0x6470d7606ab0_0, v0x6470d7606ab0_0, v0x6470d7620140_0, v0x6470d76205b0_0;
E_0x6470d761e210/1 .event anyedge, v0x6470d76202c0_0;
E_0x6470d761e210 .event/or E_0x6470d761e210/0, E_0x6470d761e210/1;
S_0x6470d761dec0 .scope function.vec4.s4, "tadd1" "tadd1" 4 78, 4 78 0, S_0x6470d761dc70;
 .timescale -9 -12;
v0x6470d761e310_0 .var "a", 1 0;
v0x6470d761e410_0 .var "an", 0 0;
v0x6470d761e4d0_0 .var "ap", 0 0;
v0x6470d761e5a0_0 .var "b", 1 0;
v0x6470d761e680_0 .var "bn", 0 0;
v0x6470d761e790_0 .var "bp", 0 0;
v0x6470d761e850_0 .var "cin", 1 0;
v0x6470d761e930_0 .var "cn", 0 0;
v0x6470d761e9f0_0 .var "con", 0 0;
v0x6470d761eab0_0 .var "cop", 0 0;
v0x6470d761eb70_0 .var "cp", 0 0;
v0x6470d761ec30_0 .var "sn", 0 0;
v0x6470d761ecf0_0 .var "sp", 0 0;
; Variable tadd1 is vec4 return value of scope S_0x6470d761dec0
TD_ga_ops_tb.u_sym.u_nw.m_aa.tadd1 ;
    %load/vec4 v0x6470d761e310_0;
    %parti/s 1, 0, 2;
    %store/vec4 v0x6470d761e4d0_0, 0, 1;
    %load/vec4 v0x6470d761e310_0;
    %parti/s 1, 1, 2;
    %store/vec4 v0x6470d761e410_0, 0, 1;
    %load/vec4 v0x6470d761e5a0_0;
    %parti/s 1, 0, 2;
    %store/vec4 v0x6470d761e790_0, 0, 1;
    %load/vec4 v0x6470d761e5a0_0;
    %parti/s 1, 1, 2;
    %store/vec4 v0x6470d761e680_0, 0, 1;
    %load/vec4 v0x6470d761e850_0;
    %parti/s 1, 0, 2;
    %store/vec4 v0x6470d761eb70_0, 0, 1;
    %load/vec4 v0x6470d761e850_0;
    %parti/s 1, 1, 2;
    %store/vec4 v0x6470d761e930_0, 0, 1;
    %load/vec4 v0x6470d761e410_0;
    %inv;
    %load/vec4 v0x6470d761e680_0;
    %inv;
    %and;
    %load/vec4 v0x6470d761e930_0;
    %inv;
    %and;
    %load/vec4 v0x6470d761e4d0_0;
    %load/vec4 v0x6470d761e790_0;
    %and;
    %load/vec4 v0x6470d761e4d0_0;
    %load/vec4 v0x6470d761eb70_0;
    %and;
    %or;
    %load/vec4 v0x6470d761e790_0;
    %load/vec4 v0x6470d761eb70_0;
    %and;
    %or;
    %and;
    %store/vec4 v0x6470d761eab0_0, 0, 1;
    %load/vec4 v0x6470d761e4d0_0;
    %inv;
    %load/vec4 v0x6470d761e790_0;
    %inv;
    %and;
    %load/vec4 v0x6470d761eb70_0;
    %inv;
    %and;
    %load/vec4 v0x6470d761e410_0;
    %load/vec4 v0x6470d761e680_0;
    %and;
    %load/vec4 v0x6470d761e410_0;
    %load/vec4 v0x6470d761e930_0;
    %and;
    %or;
    %load/vec4 v0x6470d761e680_0;
    %load/vec4 v0x6470d761e930_0;
    %and;
    %or;
    %and;
    %store/vec4 v0x6470d761e9f0_0, 0, 1;
    %load/vec4 v0x6470d761e4d0_0;
    %load/vec4 v0x6470d761e790_0;
    %inv;
    %and;
    %load/vec4 v0x6470d761e680_0;
    %inv;
    %and;
    %load/vec4 v0x6470d761eb70_0;
    %inv;
    %and;
    %load/vec4 v0x6470d761e930_0;
    %inv;
    %and;
    %load/vec4 v0x6470d761e790_0;
    %load/vec4 v0x6470d761e4d0_0;
    %inv;
    %and;
    %load/vec4 v0x6470d761e410_0;
    %inv;
    %and;
    %load/vec4 v0x6470d761eb70_0;
    %inv;
    %and;
    %load/vec4 v0x6470d761e930_0;
    %inv;
    %and;
    %or;
    %load/vec4 v0x6470d761eb70_0;
    %load/vec4 v0x6470d761e4d0_0;
    %inv;
    %and;
    %load/vec4 v0x6470d761e410_0;
    %inv;
    %and;
    %load/vec4 v0x6470d761e790_0;
    %inv;
    %and;
    %load/vec4 v0x6470d761e680_0;
    %inv;
    %and;
    %or;
    %load/vec4 v0x6470d761e4d0_0;
    %load/vec4 v0x6470d761e790_0;
    %and;
    %load/vec4 v0x6470d761e930_0;
    %and;
    %or;
    %load/vec4 v0x6470d761e4d0_0;
    %load/vec4 v0x6470d761eb70_0;
    %and;
    %load/vec4 v0x6470d761e680_0;
    %and;
    %or;
    %load/vec4 v0x6470d761e790_0;
    %load/vec4 v0x6470d761eb70_0;
    %and;
    %load/vec4 v0x6470d761e410_0;
    %and;
    %or;
    %load/vec4 v0x6470d761e4d0_0;
    %inv;
    %load/vec4 v0x6470d761e790_0;
    %inv;
    %and;
    %load/vec4 v0x6470d761eb70_0;
    %inv;
    %and;
    %load/vec4 v0x6470d761e410_0;
    %load/vec4 v0x6470d761e680_0;
    %and;
    %load/vec4 v0x6470d761e930_0;
    %inv;
    %and;
    %load/vec4 v0x6470d761e410_0;
    %load/vec4 v0x6470d761e930_0;
    %and;
    %load/vec4 v0x6470d761e680_0;
    %inv;
    %and;
    %or;
    %load/vec4 v0x6470d761e680_0;
    %load/vec4 v0x6470d761e930_0;
    %and;
    %load/vec4 v0x6470d761e410_0;
    %inv;
    %and;
    %or;
    %and;
    %or;
    %store/vec4 v0x6470d761ecf0_0, 0, 1;
    %load/vec4 v0x6470d761e410_0;
    %load/vec4 v0x6470d761e680_0;
    %inv;
    %and;
    %load/vec4 v0x6470d761e930_0;
    %inv;
    %and;
    %load/vec4 v0x6470d761e4d0_0;
    %inv;
    %and;
    %load/vec4 v0x6470d761e790_0;
    %inv;
    %and;
    %load/vec4 v0x6470d761eb70_0;
    %inv;
    %and;
    %load/vec4 v0x6470d761e680_0;
    %load/vec4 v0x6470d761e410_0;
    %inv;
    %and;
    %load/vec4 v0x6470d761e930_0;
    %inv;
    %and;
    %load/vec4 v0x6470d761e4d0_0;
    %inv;
    %and;
    %load/vec4 v0x6470d761e790_0;
    %inv;
    %and;
    %load/vec4 v0x6470d761eb70_0;
    %inv;
    %and;
    %or;
    %load/vec4 v0x6470d761e930_0;
    %load/vec4 v0x6470d761e410_0;
    %inv;
    %and;
    %load/vec4 v0x6470d761e680_0;
    %inv;
    %and;
    %load/vec4 v0x6470d761e4d0_0;
    %inv;
    %and;
    %load/vec4 v0x6470d761e790_0;
    %inv;
    %and;
    %load/vec4 v0x6470d761eb70_0;
    %inv;
    %and;
    %or;
    %load/vec4 v0x6470d761e4d0_0;
    %load/vec4 v0x6470d761e680_0;
    %and;
    %load/vec4 v0x6470d761e930_0;
    %and;
    %or;
    %load/vec4 v0x6470d761e790_0;
    %load/vec4 v0x6470d761e410_0;
    %and;
    %load/vec4 v0x6470d761e930_0;
    %and;
    %or;
    %load/vec4 v0x6470d761eb70_0;
    %load/vec4 v0x6470d761e410_0;
    %and;
    %load/vec4 v0x6470d761e680_0;
    %and;
    %or;
    %load/vec4 v0x6470d761e410_0;
    %inv;
    %load/vec4 v0x6470d761e680_0;
    %inv;
    %and;
    %load/vec4 v0x6470d761e930_0;
    %inv;
    %and;
    %load/vec4 v0x6470d761e4d0_0;
    %load/vec4 v0x6470d761e790_0;
    %and;
    %load/vec4 v0x6470d761eb70_0;
    %inv;
    %and;
    %load/vec4 v0x6470d761e4d0_0;
    %load/vec4 v0x6470d761eb70_0;
    %and;
    %load/vec4 v0x6470d761e790_0;
    %inv;
    %and;
    %or;
    %load/vec4 v0x6470d761e790_0;
    %load/vec4 v0x6470d761eb70_0;
    %and;
    %load/vec4 v0x6470d761e4d0_0;
    %inv;
    %and;
    %or;
    %and;
    %or;
    %store/vec4 v0x6470d761ec30_0, 0, 1;
    %load/vec4 v0x6470d761e9f0_0;
    %load/vec4 v0x6470d761eab0_0;
    %concat/vec4; draw_concat_vec4
    %load/vec4 v0x6470d761ec30_0;
    %concat/vec4; draw_concat_vec4
    %load/vec4 v0x6470d761ecf0_0;
    %concat/vec4; draw_concat_vec4
    %ret/vec4 0, 0, 4;  Assign to tadd1 (store_vec4_to_lval)
    %end;
S_0x6470d761ee90 .scope function.vec4.s2, "tand" "tand" 4 64, 4 64 0, S_0x6470d761dc70;
 .timescale -9 -12;
v0x6470d761f040_0 .var "a", 1 0;
v0x6470d761f120_0 .var "b", 1 0;
; Variable tand is vec4 return value of scope S_0x6470d761ee90
TD_ga_ops_tb.u_sym.u_nw.m_aa.tand ;
    %load/vec4 v0x6470d761f040_0;
    %parti/s 1, 1, 2;
    %load/vec4 v0x6470d761f120_0;
    %parti/s 1, 1, 2;
    %or;
    %load/vec4 v0x6470d761f040_0;
    %parti/s 1, 0, 2;
    %load/vec4 v0x6470d761f120_0;
    %parti/s 1, 0, 2;
    %and;
    %concat/vec4; draw_concat_vec4
    %ret/vec4 0, 0, 2;  Assign to tand (store_vec4_to_lval)
    %end;
S_0x6470d761f2c0 .scope function.vec4.s2, "tmul" "tmul" 4 54, 4 54 0, S_0x6470d761dc70;
 .timescale -9 -12;
v0x6470d761f4d0_0 .var "a", 1 0;
v0x6470d761f5b0_0 .var "b", 1 0;
; Variable tmul is vec4 return value of scope S_0x6470d761f2c0
TD_ga_ops_tb.u_sym.u_nw.m_aa.tmul ;
    %pushi/vec4 0, 0, 2;
    %ret/vec4 0, 0, 2;  Assign to tmul (store_vec4_to_lval)
    %load/vec4 v0x6470d761f4d0_0;
    %parti/s 1, 0, 2;
    %load/vec4 v0x6470d761f5b0_0;
    %parti/s 1, 0, 2;
    %and;
    %flag_set/vec4 8;
    %jmp/0xz  T_56.85, 8;
    %pushi/vec4 1, 0, 2;
    %ret/vec4 0, 0, 2;  Assign to tmul (store_vec4_to_lval)
    %jmp T_56.86;
T_56.85 ;
    %load/vec4 v0x6470d761f4d0_0;
    %parti/s 1, 1, 2;
    %load/vec4 v0x6470d761f5b0_0;
    %parti/s 1, 1, 2;
    %and;
    %flag_set/vec4 8;
    %jmp/0xz  T_56.87, 8;
    %pushi/vec4 1, 0, 2;
    %ret/vec4 0, 0, 2;  Assign to tmul (store_vec4_to_lval)
    %jmp T_56.88;
T_56.87 ;
    %load/vec4 v0x6470d761f4d0_0;
    %parti/s 1, 0, 2;
    %load/vec4 v0x6470d761f5b0_0;
    %parti/s 1, 1, 2;
    %and;
    %load/vec4 v0x6470d761f4d0_0;
    %parti/s 1, 1, 2;
    %load/vec4 v0x6470d761f5b0_0;
    %parti/s 1, 0, 2;
    %and;
    %or;
    %flag_set/vec4 8;
    %jmp/0xz  T_56.89, 8;
    %pushi/vec4 2, 0, 2;
    %ret/vec4 0, 0, 2;  Assign to tmul (store_vec4_to_lval)
T_56.89 ;
T_56.88 ;
T_56.86 ;
    %end;
S_0x6470d761f780 .scope function.vec4.s2, "tneg" "tneg" 4 47, 4 47 0, S_0x6470d761dc70;
 .timescale -9 -12;
v0x6470d761f960_0 .var "t", 1 0;
; Variable tneg is vec4 return value of scope S_0x6470d761f780
TD_ga_ops_tb.u_sym.u_nw.m_aa.tneg ;
    %load/vec4 v0x6470d761f960_0;
    %parti/s 1, 0, 2;
    %load/vec4 v0x6470d761f960_0;
    %parti/s 1, 1, 2;
    %concat/vec4; draw_concat_vec4
    %ret/vec4 0, 0, 2;  Assign to tneg (store_vec4_to_lval)
    %end;
S_0x6470d761fb40 .scope function.vec4.s2, "tor" "tor" 4 71, 4 71 0, S_0x6470d761dc70;
 .timescale -9 -12;
v0x6470d761fd70_0 .var "a", 1 0;
v0x6470d761fe70_0 .var "b", 1 0;
; Variable tor is vec4 return value of scope S_0x6470d761fb40
TD_ga_ops_tb.u_sym.u_nw.m_aa.tor ;
    %load/vec4 v0x6470d761fd70_0;
    %parti/s 1, 1, 2;
    %load/vec4 v0x6470d761fe70_0;
    %parti/s 1, 1, 2;
    %and;
    %load/vec4 v0x6470d761fd70_0;
    %parti/s 1, 0, 2;
    %load/vec4 v0x6470d761fe70_0;
    %parti/s 1, 0, 2;
    %or;
    %concat/vec4; draw_concat_vec4
    %ret/vec4 0, 0, 2;  Assign to tor (store_vec4_to_lval)
    %end;
S_0x6470d76207f0 .scope module, "m_ab" "tmul_sa" 3 152, 4 42 0, S_0x6470d761d7c0;
 .timescale -9 -12;
    .port_info 0 /OUTPUT 24 "prod";
    .port_info 1 /INPUT 12 "a";
    .port_info 2 /INPUT 12 "b";
P_0x6470d76209d0 .param/l "ACCBITS" 1 4 48, +C4<0000000000000000000000000000000000000000000000000000000000000000000000000000000000000000000011010>;
P_0x6470d7620a10 .param/l "NTRITS" 0 4 42, +C4<00000000000000000000000000000110>;
v0x6470d7622be0_0 .net "a", 11 0, v0x6470d7653570_0;  alias, 1 drivers
v0x6470d7622d50_0 .var "acc", 25 0;
v0x6470d7622e30_0 .net "b", 11 0, v0x6470d7653610_0;  alias, 1 drivers
v0x6470d7622f00_0 .var "c", 1 0;
v0x6470d7622fe0_0 .var/i "i", 31 0;
v0x6470d76230c0_0 .var/i "j", 31 0;
v0x6470d76231a0_0 .var "pp", 25 0;
v0x6470d7623280_0 .var "prod", 23 0;
E_0x6470d7620de0/0 .event anyedge, v0x6470d7606ab0_0, v0x6470d7609690_0, v0x6470d7622d50_0, v0x6470d76231a0_0;
E_0x6470d7620de0/1 .event anyedge, v0x6470d7622f00_0;
E_0x6470d7620de0 .event/or E_0x6470d7620de0/0, E_0x6470d7620de0/1;
S_0x6470d7620ab0 .scope function.vec4.s4, "tadd1" "tadd1" 4 78, 4 78 0, S_0x6470d76207f0;
 .timescale -9 -12;
v0x6470d7620ee0_0 .var "a", 1 0;
v0x6470d7620fe0_0 .var "an", 0 0;
v0x6470d76210a0_0 .var "ap", 0 0;
v0x6470d7621170_0 .var "b", 1 0;
v0x6470d7621250_0 .var "bn", 0 0;
v0x6470d7621360_0 .var "bp", 0 0;
v0x6470d7621420_0 .var "cin", 1 0;
v0x6470d7621500_0 .var "cn", 0 0;
v0x6470d76215c0_0 .var "con", 0 0;
v0x6470d7621680_0 .var "cop", 0 0;
v0x6470d7621740_0 .var "cp", 0 0;
v0x6470d7621800_0 .var "sn", 0 0;
v0x6470d76218c0_0 .var "sp", 0 0;
; Variable tadd1 is vec4 return value of scope S_0x6470d7620ab0
TD_ga_ops_tb.u_sym.u_nw.m_ab.tadd1 ;
    %load/vec4 v0x6470d7620ee0_0;
    %parti/s 1, 0, 2;
    %store/vec4 v0x6470d76210a0_0, 0, 1;
    %load/vec4 v0x6470d7620ee0_0;
    %parti/s 1, 1, 2;
    %store/vec4 v0x6470d7620fe0_0, 0, 1;
    %load/vec4 v0x6470d7621170_0;
    %parti/s 1, 0, 2;
    %store/vec4 v0x6470d7621360_0, 0, 1;
    %load/vec4 v0x6470d7621170_0;
    %parti/s 1, 1, 2;
    %store/vec4 v0x6470d7621250_0, 0, 1;
    %load/vec4 v0x6470d7621420_0;
    %parti/s 1, 0, 2;
    %store/vec4 v0x6470d7621740_0, 0, 1;
    %load/vec4 v0x6470d7621420_0;
    %parti/s 1, 1, 2;
    %store/vec4 v0x6470d7621500_0, 0, 1;
    %load/vec4 v0x6470d7620fe0_0;
    %inv;
    %load/vec4 v0x6470d7621250_0;
    %inv;
    %and;
    %load/vec4 v0x6470d7621500_0;
    %inv;
    %and;
    %load/vec4 v0x6470d76210a0_0;
    %load/vec4 v0x6470d7621360_0;
    %and;
    %load/vec4 v0x6470d76210a0_0;
    %load/vec4 v0x6470d7621740_0;
    %and;
    %or;
    %load/vec4 v0x6470d7621360_0;
    %load/vec4 v0x6470d7621740_0;
    %and;
    %or;
    %and;
    %store/vec4 v0x6470d7621680_0, 0, 1;
    %load/vec4 v0x6470d76210a0_0;
    %inv;
    %load/vec4 v0x6470d7621360_0;
    %inv;
    %and;
    %load/vec4 v0x6470d7621740_0;
    %inv;
    %and;
    %load/vec4 v0x6470d7620fe0_0;
    %load/vec4 v0x6470d7621250_0;
    %and;
    %load/vec4 v0x6470d7620fe0_0;
    %load/vec4 v0x6470d7621500_0;
    %and;
    %or;
    %load/vec4 v0x6470d7621250_0;
    %load/vec4 v0x6470d7621500_0;
    %and;
    %or;
    %and;
    %store/vec4 v0x6470d76215c0_0, 0, 1;
    %load/vec4 v0x6470d76210a0_0;
    %load/vec4 v0x6470d7621360_0;
    %inv;
    %and;
    %load/vec4 v0x6470d7621250_0;
    %inv;
    %and;
    %load/vec4 v0x6470d7621740_0;
    %inv;
    %and;
    %load/vec4 v0x6470d7621500_0;
    %inv;
    %and;
    %load/vec4 v0x6470d7621360_0;
    %load/vec4 v0x6470d76210a0_0;
    %inv;
    %and;
    %load/vec4 v0x6470d7620fe0_0;
    %inv;
    %and;
    %load/vec4 v0x6470d7621740_0;
    %inv;
    %and;
    %load/vec4 v0x6470d7621500_0;
    %inv;
    %and;
    %or;
    %load/vec4 v0x6470d7621740_0;
    %load/vec4 v0x6470d76210a0_0;
    %inv;
    %and;
    %load/vec4 v0x6470d7620fe0_0;
    %inv;
    %and;
    %load/vec4 v0x6470d7621360_0;
    %inv;
    %and;
    %load/vec4 v0x6470d7621250_0;
    %inv;
    %and;
    %or;
    %load/vec4 v0x6470d76210a0_0;
    %load/vec4 v0x6470d7621360_0;
    %and;
    %load/vec4 v0x6470d7621500_0;
    %and;
    %or;
    %load/vec4 v0x6470d76210a0_0;
    %load/vec4 v0x6470d7621740_0;
    %and;
    %load/vec4 v0x6470d7621250_0;
    %and;
    %or;
    %load/vec4 v0x6470d7621360_0;
    %load/vec4 v0x6470d7621740_0;
    %and;
    %load/vec4 v0x6470d7620fe0_0;
    %and;
    %or;
    %load/vec4 v0x6470d76210a0_0;
    %inv;
    %load/vec4 v0x6470d7621360_0;
    %inv;
    %and;
    %load/vec4 v0x6470d7621740_0;
    %inv;
    %and;
    %load/vec4 v0x6470d7620fe0_0;
    %load/vec4 v0x6470d7621250_0;
    %and;
    %load/vec4 v0x6470d7621500_0;
    %inv;
    %and;
    %load/vec4 v0x6470d7620fe0_0;
    %load/vec4 v0x6470d7621500_0;
    %and;
    %load/vec4 v0x6470d7621250_0;
    %inv;
    %and;
    %or;
    %load/vec4 v0x6470d7621250_0;
    %load/vec4 v0x6470d7621500_0;
    %and;
    %load/vec4 v0x6470d7620fe0_0;
    %inv;
    %and;
    %or;
    %and;
    %or;
    %store/vec4 v0x6470d76218c0_0, 0, 1;
    %load/vec4 v0x6470d7620fe0_0;
    %load/vec4 v0x6470d7621250_0;
    %inv;
    %and;
    %load/vec4 v0x6470d7621500_0;
    %inv;
    %and;
    %load/vec4 v0x6470d76210a0_0;
    %inv;
    %and;
    %load/vec4 v0x6470d7621360_0;
    %inv;
    %and;
    %load/vec4 v0x6470d7621740_0;
    %inv;
    %and;
    %load/vec4 v0x6470d7621250_0;
    %load/vec4 v0x6470d7620fe0_0;
    %inv;
    %and;
    %load/vec4 v0x6470d7621500_0;
    %inv;
    %and;
    %load/vec4 v0x6470d76210a0_0;
    %inv;
    %and;
    %load/vec4 v0x6470d7621360_0;
    %inv;
    %and;
    %load/vec4 v0x6470d7621740_0;
    %inv;
    %and;
    %or;
    %load/vec4 v0x6470d7621500_0;
    %load/vec4 v0x6470d7620fe0_0;
    %inv;
    %and;
    %load/vec4 v0x6470d7621250_0;
    %inv;
    %and;
    %load/vec4 v0x6470d76210a0_0;
    %inv;
    %and;
    %load/vec4 v0x6470d7621360_0;
    %inv;
    %and;
    %load/vec4 v0x6470d7621740_0;
    %inv;
    %and;
    %or;
    %load/vec4 v0x6470d76210a0_0;
    %load/vec4 v0x6470d7621250_0;
    %and;
    %load/vec4 v0x6470d7621500_0;
    %and;
    %or;
    %load/vec4 v0x6470d7621360_0;
    %load/vec4 v0x6470d7620fe0_0;
    %and;
    %load/vec4 v0x6470d7621500_0;
    %and;
    %or;
    %load/vec4 v0x6470d7621740_0;
    %load/vec4 v0x6470d7620fe0_0;
    %and;
    %load/vec4 v0x6470d7621250_0;
    %and;
    %or;
    %load/vec4 v0x6470d7620fe0_0;
    %inv;
    %load/vec4 v0x6470d7621250_0;
    %inv;
    %and;
    %load/vec4 v0x6470d7621500_0;
    %inv;
    %and;
    %load/vec4 v0x6470d76210a0_0;
    %load/vec4 v0x6470d7621360_0;
    %and;
    %load/vec4 v0x6470d7621740_0;
    %inv;
    %and;
    %load/vec4 v0x6470d76210a0_0;
    %load/vec4 v0x6470d7621740_0;
    %and;
    %load/vec4 v0x6470d7621360_0;
    %inv;
    %and;
    %or;
    %load/vec4 v0x6470d7621360_0;
    %load/vec4 v0x6470d7621740_0;
    %and;
    %load/vec4 v0x6470d76210a0_0;
    %inv;
    %and;
    %or;
    %and;
    %or;
    %store/vec4 v0x6470d7621800_0, 0, 1;
    %load/vec4 v0x6470d76215c0_0;
    %load/vec4 v0x6470d7621680_0;
    %concat/vec4; draw_concat_vec4
    %load/vec4 v0x6470d7621800_0;
    %concat/vec4; draw_concat_vec4
    %load/vec4 v0x6470d76218c0_0;
    %concat/vec4; draw_concat_vec4
    %ret/vec4 0, 0, 4;  Assign to tadd1 (store_vec4_to_lval)
    %end;
S_0x6470d7621a60 .scope function.vec4.s2, "tand" "tand" 4 64, 4 64 0, S_0x6470d76207f0;
 .timescale -9 -12;
v0x6470d7621c10_0 .var "a", 1 0;
v0x6470d7621cf0_0 .var "b", 1 0;
; Variable tand is vec4 return value of scope S_0x6470d7621a60
TD_ga_ops_tb.u_sym.u_nw.m_ab.tand ;
    %load/vec4 v0x6470d7621c10_0;
    %parti/s 1, 1, 2;
    %load/vec4 v0x6470d7621cf0_0;
    %parti/s 1, 1, 2;
    %or;
    %load/vec4 v0x6470d7621c10_0;
    %parti/s 1, 0, 2;
    %load/vec4 v0x6470d7621cf0_0;
    %parti/s 1, 0, 2;
    %and;
    %concat/vec4; draw_concat_vec4
    %ret/vec4 0, 0, 2;  Assign to tand (store_vec4_to_lval)
    %end;
S_0x6470d7621e90 .scope function.vec4.s2, "tmul" "tmul" 4 54, 4 54 0, S_0x6470d76207f0;
 .timescale -9 -12;
v0x6470d76220a0_0 .var "a", 1 0;
v0x6470d7622180_0 .var "b", 1 0;
; Variable tmul is vec4 return value of scope S_0x6470d7621e90
TD_ga_ops_tb.u_sym.u_nw.m_ab.tmul ;
    %pushi/vec4 0, 0, 2;
    %ret/vec4 0, 0, 2;  Assign to tmul (store_vec4_to_lval)
    %load/vec4 v0x6470d76220a0_0;
    %parti/s 1, 0, 2;
    %load/vec4 v0x6470d7622180_0;
    %parti/s 1, 0, 2;
    %and;
    %flag_set/vec4 8;
    %jmp/0xz  T_61.91, 8;
    %pushi/vec4 1, 0, 2;
    %ret/vec4 0, 0, 2;  Assign to tmul (store_vec4_to_lval)
    %jmp T_61.92;
T_61.91 ;
    %load/vec4 v0x6470d76220a0_0;
    %parti/s 1, 1, 2;
    %load/vec4 v0x6470d7622180_0;
    %parti/s 1, 1, 2;
    %and;
    %flag_set/vec4 8;
    %jmp/0xz  T_61.93, 8;
    %pushi/vec4 1, 0, 2;
    %ret/vec4 0, 0, 2;  Assign to tmul (store_vec4_to_lval)
    %jmp T_61.94;
T_61.93 ;
    %load/vec4 v0x6470d76220a0_0;
    %parti/s 1, 0, 2;
    %load/vec4 v0x6470d7622180_0;
    %parti/s 1, 1, 2;
    %and;
    %load/vec4 v0x6470d76220a0_0;
    %parti/s 1, 1, 2;
    %load/vec4 v0x6470d7622180_0;
    %parti/s 1, 0, 2;
    %and;
    %or;
    %flag_set/vec4 8;
    %jmp/0xz  T_61.95, 8;
    %pushi/vec4 2, 0, 2;
    %ret/vec4 0, 0, 2;  Assign to tmul (store_vec4_to_lval)
T_61.95 ;
T_61.94 ;
T_61.92 ;
    %end;
S_0x6470d7622350 .scope function.vec4.s2, "tneg" "tneg" 4 47, 4 47 0, S_0x6470d76207f0;
 .timescale -9 -12;
v0x6470d7622530_0 .var "t", 1 0;
; Variable tneg is vec4 return value of scope S_0x6470d7622350
TD_ga_ops_tb.u_sym.u_nw.m_ab.tneg ;
    %load/vec4 v0x6470d7622530_0;
    %parti/s 1, 0, 2;
    %load/vec4 v0x6470d7622530_0;
    %parti/s 1, 1, 2;
    %concat/vec4; draw_concat_vec4
    %ret/vec4 0, 0, 2;  Assign to tneg (store_vec4_to_lval)
    %end;
S_0x6470d7622710 .scope function.vec4.s2, "tor" "tor" 4 71, 4 71 0, S_0x6470d76207f0;
 .timescale -9 -12;
v0x6470d7622940_0 .var "a", 1 0;
v0x6470d7622a40_0 .var "b", 1 0;
; Variable tor is vec4 return value of scope S_0x6470d7622710
TD_ga_ops_tb.u_sym.u_nw.m_ab.tor ;
    %load/vec4 v0x6470d7622940_0;
    %parti/s 1, 1, 2;
    %load/vec4 v0x6470d7622a40_0;
    %parti/s 1, 1, 2;
    %and;
    %load/vec4 v0x6470d7622940_0;
    %parti/s 1, 0, 2;
    %load/vec4 v0x6470d7622a40_0;
    %parti/s 1, 0, 2;
    %or;
    %concat/vec4; draw_concat_vec4
    %ret/vec4 0, 0, 2;  Assign to tor (store_vec4_to_lval)
    %end;
S_0x6470d76233e0 .scope module, "m_bb" "tmul_sa" 3 153, 4 42 0, S_0x6470d761d7c0;
 .timescale -9 -12;
    .port_info 0 /OUTPUT 24 "prod";
    .port_info 1 /INPUT 12 "a";
    .port_info 2 /INPUT 12 "b";
P_0x6470d76235c0 .param/l "ACCBITS" 1 4 48, +C4<0000000000000000000000000000000000000000000000000000000000000000000000000000000000000000000011010>;
P_0x6470d7623600 .param/l "NTRITS" 0 4 42, +C4<00000000000000000000000000000110>;
v0x6470d76257e0_0 .net "a", 11 0, v0x6470d7653610_0;  alias, 1 drivers
v0x6470d7625950_0 .var "acc", 25 0;
v0x6470d7625a30_0 .net "b", 11 0, v0x6470d7653610_0;  alias, 1 drivers
v0x6470d7625b00_0 .var "c", 1 0;
v0x6470d7625be0_0 .var/i "i", 31 0;
v0x6470d7625cc0_0 .var/i "j", 31 0;
v0x6470d7625da0_0 .var "pp", 25 0;
v0x6470d7625e80_0 .var "prod", 23 0;
E_0x6470d7623a00/0 .event anyedge, v0x6470d7609690_0, v0x6470d7609690_0, v0x6470d7625950_0, v0x6470d7625da0_0;
E_0x6470d7623a00/1 .event anyedge, v0x6470d7625b00_0;
E_0x6470d7623a00 .event/or E_0x6470d7623a00/0, E_0x6470d7623a00/1;
S_0x6470d76236a0 .scope function.vec4.s4, "tadd1" "tadd1" 4 78, 4 78 0, S_0x6470d76233e0;
 .timescale -9 -12;
v0x6470d7623ae0_0 .var "a", 1 0;
v0x6470d7623be0_0 .var "an", 0 0;
v0x6470d7623ca0_0 .var "ap", 0 0;
v0x6470d7623d70_0 .var "b", 1 0;
v0x6470d7623e50_0 .var "bn", 0 0;
v0x6470d7623f60_0 .var "bp", 0 0;
v0x6470d7624020_0 .var "cin", 1 0;
v0x6470d7624100_0 .var "cn", 0 0;
v0x6470d76241c0_0 .var "con", 0 0;
v0x6470d7624280_0 .var "cop", 0 0;
v0x6470d7624340_0 .var "cp", 0 0;
v0x6470d7624400_0 .var "sn", 0 0;
v0x6470d76244c0_0 .var "sp", 0 0;
; Variable tadd1 is vec4 return value of scope S_0x6470d76236a0
TD_ga_ops_tb.u_sym.u_nw.m_bb.tadd1 ;
    %load/vec4 v0x6470d7623ae0_0;
    %parti/s 1, 0, 2;
    %store/vec4 v0x6470d7623ca0_0, 0, 1;
    %load/vec4 v0x6470d7623ae0_0;
    %parti/s 1, 1, 2;
    %store/vec4 v0x6470d7623be0_0, 0, 1;
    %load/vec4 v0x6470d7623d70_0;
    %parti/s 1, 0, 2;
    %store/vec4 v0x6470d7623f60_0, 0, 1;
    %load/vec4 v0x6470d7623d70_0;
    %parti/s 1, 1, 2;
    %store/vec4 v0x6470d7623e50_0, 0, 1;
    %load/vec4 v0x6470d7624020_0;
    %parti/s 1, 0, 2;
    %store/vec4 v0x6470d7624340_0, 0, 1;
    %load/vec4 v0x6470d7624020_0;
    %parti/s 1, 1, 2;
    %store/vec4 v0x6470d7624100_0, 0, 1;
    %load/vec4 v0x6470d7623be0_0;
    %inv;
    %load/vec4 v0x6470d7623e50_0;
    %inv;
    %and;
    %load/vec4 v0x6470d7624100_0;
    %inv;
    %and;
    %load/vec4 v0x6470d7623ca0_0;
    %load/vec4 v0x6470d7623f60_0;
    %and;
    %load/vec4 v0x6470d7623ca0_0;
    %load/vec4 v0x6470d7624340_0;
    %and;
    %or;
    %load/vec4 v0x6470d7623f60_0;
    %load/vec4 v0x6470d7624340_0;
    %and;
    %or;
    %and;
    %store/vec4 v0x6470d7624280_0, 0, 1;
    %load/vec4 v0x6470d7623ca0_0;
    %inv;
    %load/vec4 v0x6470d7623f60_0;
    %inv;
    %and;
    %load/vec4 v0x6470d7624340_0;
    %inv;
    %and;
    %load/vec4 v0x6470d7623be0_0;
    %load/vec4 v0x6470d7623e50_0;
    %and;
    %load/vec4 v0x6470d7623be0_0;
    %load/vec4 v0x6470d7624100_0;
    %and;
    %or;
    %load/vec4 v0x6470d7623e50_0;
    %load/vec4 v0x6470d7624100_0;
    %and;
    %or;
    %and;
    %store/vec4 v0x6470d76241c0_0, 0, 1;
    %load/vec4 v0x6470d7623ca0_0;
    %load/vec4 v0x6470d7623f60_0;
    %inv;
    %and;
    %load/vec4 v0x6470d7623e50_0;
    %inv;
    %and;
    %load/vec4 v0x6470d7624340_0;
    %inv;
    %and;
    %load/vec4 v0x6470d7624100_0;
    %inv;
    %and;
    %load/vec4 v0x6470d7623f60_0;
    %load/vec4 v0x6470d7623ca0_0;
    %inv;
    %and;
    %load/vec4 v0x6470d7623be0_0;
    %inv;
    %and;
    %load/vec4 v0x6470d7624340_0;
    %inv;
    %and;
    %load/vec4 v0x6470d7624100_0;
    %inv;
    %and;
    %or;
    %load/vec4 v0x6470d7624340_0;
    %load/vec4 v0x6470d7623ca0_0;
    %inv;
    %and;
    %load/vec4 v0x6470d7623be0_0;
    %inv;
    %and;
    %load/vec4 v0x6470d7623f60_0;
    %inv;
    %and;
    %load/vec4 v0x6470d7623e50_0;
    %inv;
    %and;
    %or;
    %load/vec4 v0x6470d7623ca0_0;
    %load/vec4 v0x6470d7623f60_0;
    %and;
    %load/vec4 v0x6470d7624100_0;
    %and;
    %or;
    %load/vec4 v0x6470d7623ca0_0;
    %load/vec4 v0x6470d7624340_0;
    %and;
    %load/vec4 v0x6470d7623e50_0;
    %and;
    %or;
    %load/vec4 v0x6470d7623f60_0;
    %load/vec4 v0x6470d7624340_0;
    %and;
    %load/vec4 v0x6470d7623be0_0;
    %and;
    %or;
    %load/vec4 v0x6470d7623ca0_0;
    %inv;
    %load/vec4 v0x6470d7623f60_0;
    %inv;
    %and;
    %load/vec4 v0x6470d7624340_0;
    %inv;
    %and;
    %load/vec4 v0x6470d7623be0_0;
    %load/vec4 v0x6470d7623e50_0;
    %and;
    %load/vec4 v0x6470d7624100_0;
    %inv;
    %and;
    %load/vec4 v0x6470d7623be0_0;
    %load/vec4 v0x6470d7624100_0;
    %and;
    %load/vec4 v0x6470d7623e50_0;
    %inv;
    %and;
    %or;
    %load/vec4 v0x6470d7623e50_0;
    %load/vec4 v0x6470d7624100_0;
    %and;
    %load/vec4 v0x6470d7623be0_0;
    %inv;
    %and;
    %or;
    %and;
    %or;
    %store/vec4 v0x6470d76244c0_0, 0, 1;
    %load/vec4 v0x6470d7623be0_0;
    %load/vec4 v0x6470d7623e50_0;
    %inv;
    %and;
    %load/vec4 v0x6470d7624100_0;
    %inv;
    %and;
    %load/vec4 v0x6470d7623ca0_0;
    %inv;
    %and;
    %load/vec4 v0x6470d7623f60_0;
    %inv;
    %and;
    %load/vec4 v0x6470d7624340_0;
    %inv;
    %and;
    %load/vec4 v0x6470d7623e50_0;
    %load/vec4 v0x6470d7623be0_0;
    %inv;
    %and;
    %load/vec4 v0x6470d7624100_0;
    %inv;
    %and;
    %load/vec4 v0x6470d7623ca0_0;
    %inv;
    %and;
    %load/vec4 v0x6470d7623f60_0;
    %inv;
    %and;
    %load/vec4 v0x6470d7624340_0;
    %inv;
    %and;
    %or;
    %load/vec4 v0x6470d7624100_0;
    %load/vec4 v0x6470d7623be0_0;
    %inv;
    %and;
    %load/vec4 v0x6470d7623e50_0;
    %inv;
    %and;
    %load/vec4 v0x6470d7623ca0_0;
    %inv;
    %and;
    %load/vec4 v0x6470d7623f60_0;
    %inv;
    %and;
    %load/vec4 v0x6470d7624340_0;
    %inv;
    %and;
    %or;
    %load/vec4 v0x6470d7623ca0_0;
    %load/vec4 v0x6470d7623e50_0;
    %and;
    %load/vec4 v0x6470d7624100_0;
    %and;
    %or;
    %load/vec4 v0x6470d7623f60_0;
    %load/vec4 v0x6470d7623be0_0;
    %and;
    %load/vec4 v0x6470d7624100_0;
    %and;
    %or;
    %load/vec4 v0x6470d7624340_0;
    %load/vec4 v0x6470d7623be0_0;
    %and;
    %load/vec4 v0x6470d7623e50_0;
    %and;
    %or;
    %load/vec4 v0x6470d7623be0_0;
    %inv;
    %load/vec4 v0x6470d7623e50_0;
    %inv;
    %and;
    %load/vec4 v0x6470d7624100_0;
    %inv;
    %and;
    %load/vec4 v0x6470d7623ca0_0;
    %load/vec4 v0x6470d7623f60_0;
    %and;
    %load/vec4 v0x6470d7624340_0;
    %inv;
    %and;
    %load/vec4 v0x6470d7623ca0_0;
    %load/vec4 v0x6470d7624340_0;
    %and;
    %load/vec4 v0x6470d7623f60_0;
    %inv;
    %and;
    %or;
    %load/vec4 v0x6470d7623f60_0;
    %load/vec4 v0x6470d7624340_0;
    %and;
    %load/vec4 v0x6470d7623ca0_0;
    %inv;
    %and;
    %or;
    %and;
    %or;
    %store/vec4 v0x6470d7624400_0, 0, 1;
    %load/vec4 v0x6470d76241c0_0;
    %load/vec4 v0x6470d7624280_0;
    %concat/vec4; draw_concat_vec4
    %load/vec4 v0x6470d7624400_0;
    %concat/vec4; draw_concat_vec4
    %load/vec4 v0x6470d76244c0_0;
    %concat/vec4; draw_concat_vec4
    %ret/vec4 0, 0, 4;  Assign to tadd1 (store_vec4_to_lval)
    %end;
S_0x6470d7624660 .scope function.vec4.s2, "tand" "tand" 4 64, 4 64 0, S_0x6470d76233e0;
 .timescale -9 -12;
v0x6470d7624810_0 .var "a", 1 0;
v0x6470d76248f0_0 .var "b", 1 0;
; Variable tand is vec4 return value of scope S_0x6470d7624660
TD_ga_ops_tb.u_sym.u_nw.m_bb.tand ;
    %load/vec4 v0x6470d7624810_0;
    %parti/s 1, 1, 2;
    %load/vec4 v0x6470d76248f0_0;
    %parti/s 1, 1, 2;
    %or;
    %load/vec4 v0x6470d7624810_0;
    %parti/s 1, 0, 2;
    %load/vec4 v0x6470d76248f0_0;
    %parti/s 1, 0, 2;
    %and;
    %concat/vec4; draw_concat_vec4
    %ret/vec4 0, 0, 2;  Assign to tand (store_vec4_to_lval)
    %end;
S_0x6470d7624a90 .scope function.vec4.s2, "tmul" "tmul" 4 54, 4 54 0, S_0x6470d76233e0;
 .timescale -9 -12;
v0x6470d7624ca0_0 .var "a", 1 0;
v0x6470d7624d80_0 .var "b", 1 0;
; Variable tmul is vec4 return value of scope S_0x6470d7624a90
TD_ga_ops_tb.u_sym.u_nw.m_bb.tmul ;
    %pushi/vec4 0, 0, 2;
    %ret/vec4 0, 0, 2;  Assign to tmul (store_vec4_to_lval)
    %load/vec4 v0x6470d7624ca0_0;
    %parti/s 1, 0, 2;
    %load/vec4 v0x6470d7624d80_0;
    %parti/s 1, 0, 2;
    %and;
    %flag_set/vec4 8;
    %jmp/0xz  T_66.97, 8;
    %pushi/vec4 1, 0, 2;
    %ret/vec4 0, 0, 2;  Assign to tmul (store_vec4_to_lval)
    %jmp T_66.98;
T_66.97 ;
    %load/vec4 v0x6470d7624ca0_0;
    %parti/s 1, 1, 2;
    %load/vec4 v0x6470d7624d80_0;
    %parti/s 1, 1, 2;
    %and;
    %flag_set/vec4 8;
    %jmp/0xz  T_66.99, 8;
    %pushi/vec4 1, 0, 2;
    %ret/vec4 0, 0, 2;  Assign to tmul (store_vec4_to_lval)
    %jmp T_66.100;
T_66.99 ;
    %load/vec4 v0x6470d7624ca0_0;
    %parti/s 1, 0, 2;
    %load/vec4 v0x6470d7624d80_0;
    %parti/s 1, 1, 2;
    %and;
    %load/vec4 v0x6470d7624ca0_0;
    %parti/s 1, 1, 2;
    %load/vec4 v0x6470d7624d80_0;
    %parti/s 1, 0, 2;
    %and;
    %or;
    %flag_set/vec4 8;
    %jmp/0xz  T_66.101, 8;
    %pushi/vec4 2, 0, 2;
    %ret/vec4 0, 0, 2;  Assign to tmul (store_vec4_to_lval)
T_66.101 ;
T_66.100 ;
T_66.98 ;
    %end;
S_0x6470d7624f50 .scope function.vec4.s2, "tneg" "tneg" 4 47, 4 47 0, S_0x6470d76233e0;
 .timescale -9 -12;
v0x6470d7625130_0 .var "t", 1 0;
; Variable tneg is vec4 return value of scope S_0x6470d7624f50
TD_ga_ops_tb.u_sym.u_nw.m_bb.tneg ;
    %load/vec4 v0x6470d7625130_0;
    %parti/s 1, 0, 2;
    %load/vec4 v0x6470d7625130_0;
    %parti/s 1, 1, 2;
    %concat/vec4; draw_concat_vec4
    %ret/vec4 0, 0, 2;  Assign to tneg (store_vec4_to_lval)
    %end;
S_0x6470d7625310 .scope function.vec4.s2, "tor" "tor" 4 71, 4 71 0, S_0x6470d76233e0;
 .timescale -9 -12;
v0x6470d7625540_0 .var "a", 1 0;
v0x6470d7625640_0 .var "b", 1 0;
; Variable tor is vec4 return value of scope S_0x6470d7625310
TD_ga_ops_tb.u_sym.u_nw.m_bb.tor ;
    %load/vec4 v0x6470d7625540_0;
    %parti/s 1, 1, 2;
    %load/vec4 v0x6470d7625640_0;
    %parti/s 1, 1, 2;
    %and;
    %load/vec4 v0x6470d7625540_0;
    %parti/s 1, 0, 2;
    %load/vec4 v0x6470d7625640_0;
    %parti/s 1, 0, 2;
    %or;
    %concat/vec4; draw_concat_vec4
    %ret/vec4 0, 0, 2;  Assign to tor (store_vec4_to_lval)
    %end;
S_0x6470d7625fe0 .scope module, "u_s1" "tadd_n" 3 160, 4 71 0, S_0x6470d761d7c0;
 .timescale -9 -12;
    .port_info 0 /OUTPUT 26 "sum";
    .port_info 1 /OUTPUT 2 "cout";
    .port_info 2 /INPUT 26 "a";
    .port_info 3 /INPUT 26 "b";
    .port_info 4 /INPUT 2 "cin";
P_0x6470d76261c0 .param/l "NTRITS" 0 4 71, +C4<00000000000000000000000000000000000000000000000000000000000001101>;
v0x6470d7628330_0 .net "a", 25 0, L_0x6470d7656be0;  alias, 1 drivers
v0x6470d7628430_0 .net "b", 25 0, L_0x6470d7656d70;  alias, 1 drivers
v0x6470d7628510_0 .var "c", 1 0;
L_0x72137824a840 .functor BUFT 1, C4<00>, C4<0>, C4<0>, C4<0>;
v0x6470d7628600_0 .net "cin", 1 0, L_0x72137824a840;  1 drivers
v0x6470d76286e0_0 .var "cout", 1 0;
v0x6470d7628810_0 .var/i "i", 31 0;
v0x6470d76288f0_0 .var "sum", 25 0;
E_0x6470d7626330 .event anyedge, v0x6470d7628600_0, v0x6470d7628330_0, v0x6470d7628430_0, v0x6470d7628510_0;
S_0x6470d76263a0 .scope function.vec4.s4, "tadd1" "tadd1" 4 109, 4 109 0, S_0x6470d7625fe0;
 .timescale -9 -12;
v0x6470d76265a0_0 .var "a", 1 0;
v0x6470d76266a0_0 .var "an", 0 0;
v0x6470d7626760_0 .var "ap", 0 0;
v0x6470d7626830_0 .var "b", 1 0;
v0x6470d7626910_0 .var "bn", 0 0;
v0x6470d7626a20_0 .var "bp", 0 0;
v0x6470d7626ae0_0 .var "cin", 1 0;
v0x6470d7626bc0_0 .var "cn", 0 0;
v0x6470d7626c80_0 .var "con", 0 0;
v0x6470d7626dd0_0 .var "cop", 0 0;
v0x6470d7626e90_0 .var "cp", 0 0;
v0x6470d7626f50_0 .var "sn", 0 0;
v0x6470d7627010_0 .var "sp", 0 0;
; Variable tadd1 is vec4 return value of scope S_0x6470d76263a0
TD_ga_ops_tb.u_sym.u_nw.u_s1.tadd1 ;
    %load/vec4 v0x6470d76265a0_0;
    %parti/s 1, 0, 2;
    %store/vec4 v0x6470d7626760_0, 0, 1;
    %load/vec4 v0x6470d76265a0_0;
    %parti/s 1, 1, 2;
    %store/vec4 v0x6470d76266a0_0, 0, 1;
    %load/vec4 v0x6470d7626830_0;
    %parti/s 1, 0, 2;
    %store/vec4 v0x6470d7626a20_0, 0, 1;
    %load/vec4 v0x6470d7626830_0;
    %parti/s 1, 1, 2;
    %store/vec4 v0x6470d7626910_0, 0, 1;
    %load/vec4 v0x6470d7626ae0_0;
    %parti/s 1, 0, 2;
    %store/vec4 v0x6470d7626e90_0, 0, 1;
    %load/vec4 v0x6470d7626ae0_0;
    %parti/s 1, 1, 2;
    %store/vec4 v0x6470d7626bc0_0, 0, 1;
    %load/vec4 v0x6470d76266a0_0;
    %inv;
    %load/vec4 v0x6470d7626910_0;
    %inv;
    %and;
    %load/vec4 v0x6470d7626bc0_0;
    %inv;
    %and;
    %load/vec4 v0x6470d7626760_0;
    %load/vec4 v0x6470d7626a20_0;
    %and;
    %load/vec4 v0x6470d7626760_0;
    %load/vec4 v0x6470d7626e90_0;
    %and;
    %or;
    %load/vec4 v0x6470d7626a20_0;
    %load/vec4 v0x6470d7626e90_0;
    %and;
    %or;
    %and;
    %store/vec4 v0x6470d7626dd0_0, 0, 1;
    %load/vec4 v0x6470d7626760_0;
    %inv;
    %load/vec4 v0x6470d7626a20_0;
    %inv;
    %and;
    %load/vec4 v0x6470d7626e90_0;
    %inv;
    %and;
    %load/vec4 v0x6470d76266a0_0;
    %load/vec4 v0x6470d7626910_0;
    %and;
    %load/vec4 v0x6470d76266a0_0;
    %load/vec4 v0x6470d7626bc0_0;
    %and;
    %or;
    %load/vec4 v0x6470d7626910_0;
    %load/vec4 v0x6470d7626bc0_0;
    %and;
    %or;
    %and;
    %store/vec4 v0x6470d7626c80_0, 0, 1;
    %load/vec4 v0x6470d7626760_0;
    %load/vec4 v0x6470d7626a20_0;
    %inv;
    %and;
    %load/vec4 v0x6470d7626910_0;
    %inv;
    %and;
    %load/vec4 v0x6470d7626e90_0;
    %inv;
    %and;
    %load/vec4 v0x6470d7626bc0_0;
    %inv;
    %and;
    %load/vec4 v0x6470d7626a20_0;
    %load/vec4 v0x6470d7626760_0;
    %inv;
    %and;
    %load/vec4 v0x6470d76266a0_0;
    %inv;
    %and;
    %load/vec4 v0x6470d7626e90_0;
    %inv;
    %and;
    %load/vec4 v0x6470d7626bc0_0;
    %inv;
    %and;
    %or;
    %load/vec4 v0x6470d7626e90_0;
    %load/vec4 v0x6470d7626760_0;
    %inv;
    %and;
    %load/vec4 v0x6470d76266a0_0;
    %inv;
    %and;
    %load/vec4 v0x6470d7626a20_0;
    %inv;
    %and;
    %load/vec4 v0x6470d7626910_0;
    %inv;
    %and;
    %or;
    %load/vec4 v0x6470d7626760_0;
    %load/vec4 v0x6470d7626a20_0;
    %and;
    %load/vec4 v0x6470d7626bc0_0;
    %and;
    %or;
    %load/vec4 v0x6470d7626760_0;
    %load/vec4 v0x6470d7626e90_0;
    %and;
    %load/vec4 v0x6470d7626910_0;
    %and;
    %or;
    %load/vec4 v0x6470d7626a20_0;
    %load/vec4 v0x6470d7626e90_0;
    %and;
    %load/vec4 v0x6470d76266a0_0;
    %and;
    %or;
    %load/vec4 v0x6470d7626760_0;
    %inv;
    %load/vec4 v0x6470d7626a20_0;
    %inv;
    %and;
    %load/vec4 v0x6470d7626e90_0;
    %inv;
    %and;
    %load/vec4 v0x6470d76266a0_0;
    %load/vec4 v0x6470d7626910_0;
    %and;
    %load/vec4 v0x6470d7626bc0_0;
    %inv;
    %and;
    %load/vec4 v0x6470d76266a0_0;
    %load/vec4 v0x6470d7626bc0_0;
    %and;
    %load/vec4 v0x6470d7626910_0;
    %inv;
    %and;
    %or;
    %load/vec4 v0x6470d7626910_0;
    %load/vec4 v0x6470d7626bc0_0;
    %and;
    %load/vec4 v0x6470d76266a0_0;
    %inv;
    %and;
    %or;
    %and;
    %or;
    %store/vec4 v0x6470d7627010_0, 0, 1;
    %load/vec4 v0x6470d76266a0_0;
    %load/vec4 v0x6470d7626910_0;
    %inv;
    %and;
    %load/vec4 v0x6470d7626bc0_0;
    %inv;
    %and;
    %load/vec4 v0x6470d7626760_0;
    %inv;
    %and;
    %load/vec4 v0x6470d7626a20_0;
    %inv;
    %and;
    %load/vec4 v0x6470d7626e90_0;
    %inv;
    %and;
    %load/vec4 v0x6470d7626910_0;
    %load/vec4 v0x6470d76266a0_0;
    %inv;
    %and;
    %load/vec4 v0x6470d7626bc0_0;
    %inv;
    %and;
    %load/vec4 v0x6470d7626760_0;
    %inv;
    %and;
    %load/vec4 v0x6470d7626a20_0;
    %inv;
    %and;
    %load/vec4 v0x6470d7626e90_0;
    %inv;
    %and;
    %or;
    %load/vec4 v0x6470d7626bc0_0;
    %load/vec4 v0x6470d76266a0_0;
    %inv;
    %and;
    %load/vec4 v0x6470d7626910_0;
    %inv;
    %and;
    %load/vec4 v0x6470d7626760_0;
    %inv;
    %and;
    %load/vec4 v0x6470d7626a20_0;
    %inv;
    %and;
    %load/vec4 v0x6470d7626e90_0;
    %inv;
    %and;
    %or;
    %load/vec4 v0x6470d7626760_0;
    %load/vec4 v0x6470d7626910_0;
    %and;
    %load/vec4 v0x6470d7626bc0_0;
    %and;
    %or;
    %load/vec4 v0x6470d7626a20_0;
    %load/vec4 v0x6470d76266a0_0;
    %and;
    %load/vec4 v0x6470d7626bc0_0;
    %and;
    %or;
    %load/vec4 v0x6470d7626e90_0;
    %load/vec4 v0x6470d76266a0_0;
    %and;
    %load/vec4 v0x6470d7626910_0;
    %and;
    %or;
    %load/vec4 v0x6470d76266a0_0;
    %inv;
    %load/vec4 v0x6470d7626910_0;
    %inv;
    %and;
    %load/vec4 v0x6470d7626bc0_0;
    %inv;
    %and;
    %load/vec4 v0x6470d7626760_0;
    %load/vec4 v0x6470d7626a20_0;
    %and;
    %load/vec4 v0x6470d7626e90_0;
    %inv;
    %and;
    %load/vec4 v0x6470d7626760_0;
    %load/vec4 v0x6470d7626e90_0;
    %and;
    %load/vec4 v0x6470d7626a20_0;
    %inv;
    %and;
    %or;
    %load/vec4 v0x6470d7626a20_0;
    %load/vec4 v0x6470d7626e90_0;
    %and;
    %load/vec4 v0x6470d7626760_0;
    %inv;
    %and;
    %or;
    %and;
    %or;
    %store/vec4 v0x6470d7626f50_0, 0, 1;
    %load/vec4 v0x6470d7626c80_0;
    %load/vec4 v0x6470d7626dd0_0;
    %concat/vec4; draw_concat_vec4
    %load/vec4 v0x6470d7626f50_0;
    %concat/vec4; draw_concat_vec4
    %load/vec4 v0x6470d7627010_0;
    %concat/vec4; draw_concat_vec4
    %ret/vec4 0, 0, 4;  Assign to tadd1 (store_vec4_to_lval)
    %end;
S_0x6470d76271b0 .scope function.vec4.s2, "tand" "tand" 4 95, 4 95 0, S_0x6470d7625fe0;
 .timescale -9 -12;
v0x6470d7627360_0 .var "a", 1 0;
v0x6470d7627440_0 .var "b", 1 0;
; Variable tand is vec4 return value of scope S_0x6470d76271b0
TD_ga_ops_tb.u_sym.u_nw.u_s1.tand ;
    %load/vec4 v0x6470d7627360_0;
    %parti/s 1, 1, 2;
    %load/vec4 v0x6470d7627440_0;
    %parti/s 1, 1, 2;
    %or;
    %load/vec4 v0x6470d7627360_0;
    %parti/s 1, 0, 2;
    %load/vec4 v0x6470d7627440_0;
    %parti/s 1, 0, 2;
    %and;
    %concat/vec4; draw_concat_vec4
    %ret/vec4 0, 0, 2;  Assign to tand (store_vec4_to_lval)
    %end;
S_0x6470d76275e0 .scope function.vec4.s2, "tmul" "tmul" 4 85, 4 85 0, S_0x6470d7625fe0;
 .timescale -9 -12;
v0x6470d76277f0_0 .var "a", 1 0;
v0x6470d76278d0_0 .var "b", 1 0;
; Variable tmul is vec4 return value of scope S_0x6470d76275e0
TD_ga_ops_tb.u_sym.u_nw.u_s1.tmul ;
    %pushi/vec4 0, 0, 2;
    %ret/vec4 0, 0, 2;  Assign to tmul (store_vec4_to_lval)
    %load/vec4 v0x6470d76277f0_0;
    %parti/s 1, 0, 2;
    %load/vec4 v0x6470d76278d0_0;
    %parti/s 1, 0, 2;
    %and;
    %flag_set/vec4 8;
    %jmp/0xz  T_71.103, 8;
    %pushi/vec4 1, 0, 2;
    %ret/vec4 0, 0, 2;  Assign to tmul (store_vec4_to_lval)
    %jmp T_71.104;
T_71.103 ;
    %load/vec4 v0x6470d76277f0_0;
    %parti/s 1, 1, 2;
    %load/vec4 v0x6470d76278d0_0;
    %parti/s 1, 1, 2;
    %and;
    %flag_set/vec4 8;
    %jmp/0xz  T_71.105, 8;
    %pushi/vec4 1, 0, 2;
    %ret/vec4 0, 0, 2;  Assign to tmul (store_vec4_to_lval)
    %jmp T_71.106;
T_71.105 ;
    %load/vec4 v0x6470d76277f0_0;
    %parti/s 1, 0, 2;
    %load/vec4 v0x6470d76278d0_0;
    %parti/s 1, 1, 2;
    %and;
    %load/vec4 v0x6470d76277f0_0;
    %parti/s 1, 1, 2;
    %load/vec4 v0x6470d76278d0_0;
    %parti/s 1, 0, 2;
    %and;
    %or;
    %flag_set/vec4 8;
    %jmp/0xz  T_71.107, 8;
    %pushi/vec4 2, 0, 2;
    %ret/vec4 0, 0, 2;  Assign to tmul (store_vec4_to_lval)
T_71.107 ;
T_71.106 ;
T_71.104 ;
    %end;
S_0x6470d7627aa0 .scope function.vec4.s2, "tneg" "tneg" 4 78, 4 78 0, S_0x6470d7625fe0;
 .timescale -9 -12;
v0x6470d7627c80_0 .var "t", 1 0;
; Variable tneg is vec4 return value of scope S_0x6470d7627aa0
TD_ga_ops_tb.u_sym.u_nw.u_s1.tneg ;
    %load/vec4 v0x6470d7627c80_0;
    %parti/s 1, 0, 2;
    %load/vec4 v0x6470d7627c80_0;
    %parti/s 1, 1, 2;
    %concat/vec4; draw_concat_vec4
    %ret/vec4 0, 0, 2;  Assign to tneg (store_vec4_to_lval)
    %end;
S_0x6470d7627e60 .scope function.vec4.s2, "tor" "tor" 4 102, 4 102 0, S_0x6470d7625fe0;
 .timescale -9 -12;
v0x6470d7628090_0 .var "a", 1 0;
v0x6470d7628190_0 .var "b", 1 0;
; Variable tor is vec4 return value of scope S_0x6470d7627e60
TD_ga_ops_tb.u_sym.u_nw.u_s1.tor ;
    %load/vec4 v0x6470d7628090_0;
    %parti/s 1, 1, 2;
    %load/vec4 v0x6470d7628190_0;
    %parti/s 1, 1, 2;
    %and;
    %load/vec4 v0x6470d7628090_0;
    %parti/s 1, 0, 2;
    %load/vec4 v0x6470d7628190_0;
    %parti/s 1, 0, 2;
    %or;
    %concat/vec4; draw_concat_vec4
    %ret/vec4 0, 0, 2;  Assign to tor (store_vec4_to_lval)
    %end;
S_0x6470d7628a70 .scope module, "u_s2" "tadd_n" 3 161, 4 71 0, S_0x6470d761d7c0;
 .timescale -9 -12;
    .port_info 0 /OUTPUT 26 "sum";
    .port_info 1 /OUTPUT 2 "cout";
    .port_info 2 /INPUT 26 "a";
    .port_info 3 /INPUT 26 "b";
    .port_info 4 /INPUT 2 "cin";
P_0x6470d7628ca0 .param/l "NTRITS" 0 4 71, +C4<00000000000000000000000000000000000000000000000000000000000001101>;
v0x6470d762ae00_0 .net "a", 25 0, v0x6470d76288f0_0;  alias, 1 drivers
v0x6470d762af10_0 .net "b", 25 0, L_0x6470d7656f00;  alias, 1 drivers
v0x6470d762afd0_0 .var "c", 1 0;
L_0x72137824a888 .functor BUFT 1, C4<00>, C4<0>, C4<0>, C4<0>;
v0x6470d762b0c0_0 .net "cin", 1 0, L_0x72137824a888;  1 drivers
v0x6470d762b1a0_0 .var "cout", 1 0;
v0x6470d762b2d0_0 .var/i "i", 31 0;
v0x6470d762b3b0_0 .var "sum", 25 0;
E_0x6470d7628e10 .event anyedge, v0x6470d762b0c0_0, v0x6470d76288f0_0, v0x6470d762af10_0, v0x6470d762afd0_0;
S_0x6470d7628e70 .scope function.vec4.s4, "tadd1" "tadd1" 4 109, 4 109 0, S_0x6470d7628a70;
 .timescale -9 -12;
v0x6470d7629070_0 .var "a", 1 0;
v0x6470d7629170_0 .var "an", 0 0;
v0x6470d7629230_0 .var "ap", 0 0;
v0x6470d7629300_0 .var "b", 1 0;
v0x6470d76293e0_0 .var "bn", 0 0;
v0x6470d76294f0_0 .var "bp", 0 0;
v0x6470d76295b0_0 .var "cin", 1 0;
v0x6470d7629690_0 .var "cn", 0 0;
v0x6470d7629750_0 .var "con", 0 0;
v0x6470d76298a0_0 .var "cop", 0 0;
v0x6470d7629960_0 .var "cp", 0 0;
v0x6470d7629a20_0 .var "sn", 0 0;
v0x6470d7629ae0_0 .var "sp", 0 0;
; Variable tadd1 is vec4 return value of scope S_0x6470d7628e70
TD_ga_ops_tb.u_sym.u_nw.u_s2.tadd1 ;
    %load/vec4 v0x6470d7629070_0;
    %parti/s 1, 0, 2;
    %store/vec4 v0x6470d7629230_0, 0, 1;
    %load/vec4 v0x6470d7629070_0;
    %parti/s 1, 1, 2;
    %store/vec4 v0x6470d7629170_0, 0, 1;
    %load/vec4 v0x6470d7629300_0;
    %parti/s 1, 0, 2;
    %store/vec4 v0x6470d76294f0_0, 0, 1;
    %load/vec4 v0x6470d7629300_0;
    %parti/s 1, 1, 2;
    %store/vec4 v0x6470d76293e0_0, 0, 1;
    %load/vec4 v0x6470d76295b0_0;
    %parti/s 1, 0, 2;
    %store/vec4 v0x6470d7629960_0, 0, 1;
    %load/vec4 v0x6470d76295b0_0;
    %parti/s 1, 1, 2;
    %store/vec4 v0x6470d7629690_0, 0, 1;
    %load/vec4 v0x6470d7629170_0;
    %inv;
    %load/vec4 v0x6470d76293e0_0;
    %inv;
    %and;
    %load/vec4 v0x6470d7629690_0;
    %inv;
    %and;
    %load/vec4 v0x6470d7629230_0;
    %load/vec4 v0x6470d76294f0_0;
    %and;
    %load/vec4 v0x6470d7629230_0;
    %load/vec4 v0x6470d7629960_0;
    %and;
    %or;
    %load/vec4 v0x6470d76294f0_0;
    %load/vec4 v0x6470d7629960_0;
    %and;
    %or;
    %and;
    %store/vec4 v0x6470d76298a0_0, 0, 1;
    %load/vec4 v0x6470d7629230_0;
    %inv;
    %load/vec4 v0x6470d76294f0_0;
    %inv;
    %and;
    %load/vec4 v0x6470d7629960_0;
    %inv;
    %and;
    %load/vec4 v0x6470d7629170_0;
    %load/vec4 v0x6470d76293e0_0;
    %and;
    %load/vec4 v0x6470d7629170_0;
    %load/vec4 v0x6470d7629690_0;
    %and;
    %or;
    %load/vec4 v0x6470d76293e0_0;
    %load/vec4 v0x6470d7629690_0;
    %and;
    %or;
    %and;
    %store/vec4 v0x6470d7629750_0, 0, 1;
    %load/vec4 v0x6470d7629230_0;
    %load/vec4 v0x6470d76294f0_0;
    %inv;
    %and;
    %load/vec4 v0x6470d76293e0_0;
    %inv;
    %and;
    %load/vec4 v0x6470d7629960_0;
    %inv;
    %and;
    %load/vec4 v0x6470d7629690_0;
    %inv;
    %and;
    %load/vec4 v0x6470d76294f0_0;
    %load/vec4 v0x6470d7629230_0;
    %inv;
    %and;
    %load/vec4 v0x6470d7629170_0;
    %inv;
    %and;
    %load/vec4 v0x6470d7629960_0;
    %inv;
    %and;
    %load/vec4 v0x6470d7629690_0;
    %inv;
    %and;
    %or;
    %load/vec4 v0x6470d7629960_0;
    %load/vec4 v0x6470d7629230_0;
    %inv;
    %and;
    %load/vec4 v0x6470d7629170_0;
    %inv;
    %and;
    %load/vec4 v0x6470d76294f0_0;
    %inv;
    %and;
    %load/vec4 v0x6470d76293e0_0;
    %inv;
    %and;
    %or;
    %load/vec4 v0x6470d7629230_0;
    %load/vec4 v0x6470d76294f0_0;
    %and;
    %load/vec4 v0x6470d7629690_0;
    %and;
    %or;
    %load/vec4 v0x6470d7629230_0;
    %load/vec4 v0x6470d7629960_0;
    %and;
    %load/vec4 v0x6470d76293e0_0;
    %and;
    %or;
    %load/vec4 v0x6470d76294f0_0;
    %load/vec4 v0x6470d7629960_0;
    %and;
    %load/vec4 v0x6470d7629170_0;
    %and;
    %or;
    %load/vec4 v0x6470d7629230_0;
    %inv;
    %load/vec4 v0x6470d76294f0_0;
    %inv;
    %and;
    %load/vec4 v0x6470d7629960_0;
    %inv;
    %and;
    %load/vec4 v0x6470d7629170_0;
    %load/vec4 v0x6470d76293e0_0;
    %and;
    %load/vec4 v0x6470d7629690_0;
    %inv;
    %and;
    %load/vec4 v0x6470d7629170_0;
    %load/vec4 v0x6470d7629690_0;
    %and;
    %load/vec4 v0x6470d76293e0_0;
    %inv;
    %and;
    %or;
    %load/vec4 v0x6470d76293e0_0;
    %load/vec4 v0x6470d7629690_0;
    %and;
    %load/vec4 v0x6470d7629170_0;
    %inv;
    %and;
    %or;
    %and;
    %or;
    %store/vec4 v0x6470d7629ae0_0, 0, 1;
    %load/vec4 v0x6470d7629170_0;
    %load/vec4 v0x6470d76293e0_0;
    %inv;
    %and;
    %load/vec4 v0x6470d7629690_0;
    %inv;
    %and;
    %load/vec4 v0x6470d7629230_0;
    %inv;
    %and;
    %load/vec4 v0x6470d76294f0_0;
    %inv;
    %and;
    %load/vec4 v0x6470d7629960_0;
    %inv;
    %and;
    %load/vec4 v0x6470d76293e0_0;
    %load/vec4 v0x6470d7629170_0;
    %inv;
    %and;
    %load/vec4 v0x6470d7629690_0;
    %inv;
    %and;
    %load/vec4 v0x6470d7629230_0;
    %inv;
    %and;
    %load/vec4 v0x6470d76294f0_0;
    %inv;
    %and;
    %load/vec4 v0x6470d7629960_0;
    %inv;
    %and;
    %or;
    %load/vec4 v0x6470d7629690_0;
    %load/vec4 v0x6470d7629170_0;
    %inv;
    %and;
    %load/vec4 v0x6470d76293e0_0;
    %inv;
    %and;
    %load/vec4 v0x6470d7629230_0;
    %inv;
    %and;
    %load/vec4 v0x6470d76294f0_0;
    %inv;
    %and;
    %load/vec4 v0x6470d7629960_0;
    %inv;
    %and;
    %or;
    %load/vec4 v0x6470d7629230_0;
    %load/vec4 v0x6470d76293e0_0;
    %and;
    %load/vec4 v0x6470d7629690_0;
    %and;
    %or;
    %load/vec4 v0x6470d76294f0_0;
    %load/vec4 v0x6470d7629170_0;
    %and;
    %load/vec4 v0x6470d7629690_0;
    %and;
    %or;
    %load/vec4 v0x6470d7629960_0;
    %load/vec4 v0x6470d7629170_0;
    %and;
    %load/vec4 v0x6470d76293e0_0;
    %and;
    %or;
    %load/vec4 v0x6470d7629170_0;
    %inv;
    %load/vec4 v0x6470d76293e0_0;
    %inv;
    %and;
    %load/vec4 v0x6470d7629690_0;
    %inv;
    %and;
    %load/vec4 v0x6470d7629230_0;
    %load/vec4 v0x6470d76294f0_0;
    %and;
    %load/vec4 v0x6470d7629960_0;
    %inv;
    %and;
    %load/vec4 v0x6470d7629230_0;
    %load/vec4 v0x6470d7629960_0;
    %and;
    %load/vec4 v0x6470d76294f0_0;
    %inv;
    %and;
    %or;
    %load/vec4 v0x6470d76294f0_0;
    %load/vec4 v0x6470d7629960_0;
    %and;
    %load/vec4 v0x6470d7629230_0;
    %inv;
    %and;
    %or;
    %and;
    %or;
    %store/vec4 v0x6470d7629a20_0, 0, 1;
    %load/vec4 v0x6470d7629750_0;
    %load/vec4 v0x6470d76298a0_0;
    %concat/vec4; draw_concat_vec4
    %load/vec4 v0x6470d7629a20_0;
    %concat/vec4; draw_concat_vec4
    %load/vec4 v0x6470d7629ae0_0;
    %concat/vec4; draw_concat_vec4
    %ret/vec4 0, 0, 4;  Assign to tadd1 (store_vec4_to_lval)
    %end;
S_0x6470d7629c80 .scope function.vec4.s2, "tand" "tand" 4 95, 4 95 0, S_0x6470d7628a70;
 .timescale -9 -12;
v0x6470d7629e30_0 .var "a", 1 0;
v0x6470d7629f10_0 .var "b", 1 0;
; Variable tand is vec4 return value of scope S_0x6470d7629c80
TD_ga_ops_tb.u_sym.u_nw.u_s2.tand ;
    %load/vec4 v0x6470d7629e30_0;
    %parti/s 1, 1, 2;
    %load/vec4 v0x6470d7629f10_0;
    %parti/s 1, 1, 2;
    %or;
    %load/vec4 v0x6470d7629e30_0;
    %parti/s 1, 0, 2;
    %load/vec4 v0x6470d7629f10_0;
    %parti/s 1, 0, 2;
    %and;
    %concat/vec4; draw_concat_vec4
    %ret/vec4 0, 0, 2;  Assign to tand (store_vec4_to_lval)
    %end;
S_0x6470d762a0b0 .scope function.vec4.s2, "tmul" "tmul" 4 85, 4 85 0, S_0x6470d7628a70;
 .timescale -9 -12;
v0x6470d762a2c0_0 .var "a", 1 0;
v0x6470d762a3a0_0 .var "b", 1 0;
; Variable tmul is vec4 return value of scope S_0x6470d762a0b0
TD_ga_ops_tb.u_sym.u_nw.u_s2.tmul ;
    %pushi/vec4 0, 0, 2;
    %ret/vec4 0, 0, 2;  Assign to tmul (store_vec4_to_lval)
    %load/vec4 v0x6470d762a2c0_0;
    %parti/s 1, 0, 2;
    %load/vec4 v0x6470d762a3a0_0;
    %parti/s 1, 0, 2;
    %and;
    %flag_set/vec4 8;
    %jmp/0xz  T_76.109, 8;
    %pushi/vec4 1, 0, 2;
    %ret/vec4 0, 0, 2;  Assign to tmul (store_vec4_to_lval)
    %jmp T_76.110;
T_76.109 ;
    %load/vec4 v0x6470d762a2c0_0;
    %parti/s 1, 1, 2;
    %load/vec4 v0x6470d762a3a0_0;
    %parti/s 1, 1, 2;
    %and;
    %flag_set/vec4 8;
    %jmp/0xz  T_76.111, 8;
    %pushi/vec4 1, 0, 2;
    %ret/vec4 0, 0, 2;  Assign to tmul (store_vec4_to_lval)
    %jmp T_76.112;
T_76.111 ;
    %load/vec4 v0x6470d762a2c0_0;
    %parti/s 1, 0, 2;
    %load/vec4 v0x6470d762a3a0_0;
    %parti/s 1, 1, 2;
    %and;
    %load/vec4 v0x6470d762a2c0_0;
    %parti/s 1, 1, 2;
    %load/vec4 v0x6470d762a3a0_0;
    %parti/s 1, 0, 2;
    %and;
    %or;
    %flag_set/vec4 8;
    %jmp/0xz  T_76.113, 8;
    %pushi/vec4 2, 0, 2;
    %ret/vec4 0, 0, 2;  Assign to tmul (store_vec4_to_lval)
T_76.113 ;
T_76.112 ;
T_76.110 ;
    %end;
S_0x6470d762a570 .scope function.vec4.s2, "tneg" "tneg" 4 78, 4 78 0, S_0x6470d7628a70;
 .timescale -9 -12;
v0x6470d762a750_0 .var "t", 1 0;
; Variable tneg is vec4 return value of scope S_0x6470d762a570
TD_ga_ops_tb.u_sym.u_nw.u_s2.tneg ;
    %load/vec4 v0x6470d762a750_0;
    %parti/s 1, 0, 2;
    %load/vec4 v0x6470d762a750_0;
    %parti/s 1, 1, 2;
    %concat/vec4; draw_concat_vec4
    %ret/vec4 0, 0, 2;  Assign to tneg (store_vec4_to_lval)
    %end;
S_0x6470d762a930 .scope function.vec4.s2, "tor" "tor" 4 102, 4 102 0, S_0x6470d7628a70;
 .timescale -9 -12;
v0x6470d762ab60_0 .var "a", 1 0;
v0x6470d762ac60_0 .var "b", 1 0;
; Variable tor is vec4 return value of scope S_0x6470d762a930
TD_ga_ops_tb.u_sym.u_nw.u_s2.tor ;
    %load/vec4 v0x6470d762ab60_0;
    %parti/s 1, 1, 2;
    %load/vec4 v0x6470d762ac60_0;
    %parti/s 1, 1, 2;
    %and;
    %load/vec4 v0x6470d762ab60_0;
    %parti/s 1, 0, 2;
    %load/vec4 v0x6470d762ac60_0;
    %parti/s 1, 0, 2;
    %or;
    %concat/vec4; draw_concat_vec4
    %ret/vec4 0, 0, 2;  Assign to tor (store_vec4_to_lval)
    %end;
S_0x6470d762c1a0 .scope module, "u_nz" "tnorm_full" 3 258, 3 144 0, S_0x6470d7612a60;
 .timescale -9 -12;
    .port_info 0 /OUTPUT 26 "n";
    .port_info 1 /INPUT 12 "a";
    .port_info 2 /INPUT 12 "b";
P_0x6470d762c380 .param/l "NIN" 0 3 144, +C4<00000000000000000000000000000110>;
P_0x6470d762c3c0 .param/l "R" 1 3 148, +C4<00000000000000000000000000000000000000000000000000000000000001101>;
L_0x6470d7656ad0 .functor BUFZ 26, v0x6470d7639d60_0, C4<00000000000000000000000000>, C4<00000000000000000000000000>, C4<00000000000000000000000000>;
L_0x72137824a600 .functor BUFT 1, C4<00>, C4<0>, C4<0>, C4<0>;
v0x6470d7639ee0_0 .net/2u *"_ivl_0", 1 0, L_0x72137824a600;  1 drivers
L_0x72137824a648 .functor BUFT 1, C4<00>, C4<0>, C4<0>, C4<0>;
v0x6470d7639fe0_0 .net/2u *"_ivl_4", 1 0, L_0x72137824a648;  1 drivers
L_0x72137824a690 .functor BUFT 1, C4<00>, C4<0>, C4<0>, C4<0>;
v0x6470d763a0c0_0 .net/2u *"_ivl_8", 1 0, L_0x72137824a690;  1 drivers
v0x6470d763a180_0 .net "a", 11 0, v0x6470d76533d0_0;  alias, 1 drivers
v0x6470d763a240_0 .net "aa", 23 0, v0x6470d762f080_0;  1 drivers
v0x6470d763a350_0 .net "aa_p", 25 0, L_0x6470d7656620;  1 drivers
v0x6470d763a420_0 .net "ab", 23 0, v0x6470d7631c30_0;  1 drivers
v0x6470d763a4f0_0 .net "ab_p", 25 0, L_0x6470d76567b0;  1 drivers
v0x6470d763a5c0_0 .net "b", 11 0, v0x6470d76534b0_0;  alias, 1 drivers
v0x6470d763a6f0_0 .net "bb", 23 0, v0x6470d7634830_0;  1 drivers
v0x6470d763a7e0_0 .net "bb_p", 25 0, L_0x6470d7656940;  1 drivers
v0x6470d763a8b0_0 .net "n", 25 0, L_0x6470d7656ad0;  alias, 1 drivers
v0x6470d763a970_0 .net "s1", 25 0, v0x6470d76372a0_0;  1 drivers
v0x6470d763aa30_0 .net "s2", 25 0, v0x6470d7639d60_0;  1 drivers
L_0x6470d7656620 .concat [ 24 2 0 0], v0x6470d762f080_0, L_0x72137824a600;
L_0x6470d76567b0 .concat [ 24 2 0 0], v0x6470d7631c30_0, L_0x72137824a648;
L_0x6470d7656940 .concat [ 24 2 0 0], v0x6470d7634830_0, L_0x72137824a690;
S_0x6470d762c610 .scope module, "m_aa" "tmul_sa" 3 151, 4 42 0, S_0x6470d762c1a0;
 .timescale -9 -12;
    .port_info 0 /OUTPUT 24 "prod";
    .port_info 1 /INPUT 12 "a";
    .port_info 2 /INPUT 12 "b";
P_0x6470d762c460 .param/l "ACCBITS" 1 4 48, +C4<0000000000000000000000000000000000000000000000000000000000000000000000000000000000000000000011010>;
P_0x6470d762c4a0 .param/l "NTRITS" 0 4 42, +C4<00000000000000000000000000000110>;
v0x6470d762e9e0_0 .net "a", 11 0, v0x6470d76533d0_0;  alias, 1 drivers
v0x6470d762eb50_0 .var "acc", 25 0;
v0x6470d762ec30_0 .net "b", 11 0, v0x6470d76533d0_0;  alias, 1 drivers
v0x6470d762ed00_0 .var "c", 1 0;
v0x6470d762ede0_0 .var/i "i", 31 0;
v0x6470d762eec0_0 .var/i "j", 31 0;
v0x6470d762efa0_0 .var "pp", 25 0;
v0x6470d762f080_0 .var "prod", 23 0;
E_0x6470d762cbe0/0 .event anyedge, v0x6470d7603d70_0, v0x6470d7603d70_0, v0x6470d762eb50_0, v0x6470d762efa0_0;
E_0x6470d762cbe0/1 .event anyedge, v0x6470d762ed00_0;
E_0x6470d762cbe0 .event/or E_0x6470d762cbe0/0, E_0x6470d762cbe0/1;
S_0x6470d762c860 .scope function.vec4.s4, "tadd1" "tadd1" 4 78, 4 78 0, S_0x6470d762c610;
 .timescale -9 -12;
v0x6470d762cce0_0 .var "a", 1 0;
v0x6470d762cde0_0 .var "an", 0 0;
v0x6470d762cea0_0 .var "ap", 0 0;
v0x6470d762cf70_0 .var "b", 1 0;
v0x6470d762d050_0 .var "bn", 0 0;
v0x6470d762d160_0 .var "bp", 0 0;
v0x6470d762d220_0 .var "cin", 1 0;
v0x6470d762d300_0 .var "cn", 0 0;
v0x6470d762d3c0_0 .var "con", 0 0;
v0x6470d762d480_0 .var "cop", 0 0;
v0x6470d762d540_0 .var "cp", 0 0;
v0x6470d762d600_0 .var "sn", 0 0;
v0x6470d762d6c0_0 .var "sp", 0 0;
; Variable tadd1 is vec4 return value of scope S_0x6470d762c860
TD_ga_ops_tb.u_sym.u_nz.m_aa.tadd1 ;
    %load/vec4 v0x6470d762cce0_0;
    %parti/s 1, 0, 2;
    %store/vec4 v0x6470d762cea0_0, 0, 1;
    %load/vec4 v0x6470d762cce0_0;
    %parti/s 1, 1, 2;
    %store/vec4 v0x6470d762cde0_0, 0, 1;
    %load/vec4 v0x6470d762cf70_0;
    %parti/s 1, 0, 2;
    %store/vec4 v0x6470d762d160_0, 0, 1;
    %load/vec4 v0x6470d762cf70_0;
    %parti/s 1, 1, 2;
    %store/vec4 v0x6470d762d050_0, 0, 1;
    %load/vec4 v0x6470d762d220_0;
    %parti/s 1, 0, 2;
    %store/vec4 v0x6470d762d540_0, 0, 1;
    %load/vec4 v0x6470d762d220_0;
    %parti/s 1, 1, 2;
    %store/vec4 v0x6470d762d300_0, 0, 1;
    %load/vec4 v0x6470d762cde0_0;
    %inv;
    %load/vec4 v0x6470d762d050_0;
    %inv;
    %and;
    %load/vec4 v0x6470d762d300_0;
    %inv;
    %and;
    %load/vec4 v0x6470d762cea0_0;
    %load/vec4 v0x6470d762d160_0;
    %and;
    %load/vec4 v0x6470d762cea0_0;
    %load/vec4 v0x6470d762d540_0;
    %and;
    %or;
    %load/vec4 v0x6470d762d160_0;
    %load/vec4 v0x6470d762d540_0;
    %and;
    %or;
    %and;
    %store/vec4 v0x6470d762d480_0, 0, 1;
    %load/vec4 v0x6470d762cea0_0;
    %inv;
    %load/vec4 v0x6470d762d160_0;
    %inv;
    %and;
    %load/vec4 v0x6470d762d540_0;
    %inv;
    %and;
    %load/vec4 v0x6470d762cde0_0;
    %load/vec4 v0x6470d762d050_0;
    %and;
    %load/vec4 v0x6470d762cde0_0;
    %load/vec4 v0x6470d762d300_0;
    %and;
    %or;
    %load/vec4 v0x6470d762d050_0;
    %load/vec4 v0x6470d762d300_0;
    %and;
    %or;
    %and;
    %store/vec4 v0x6470d762d3c0_0, 0, 1;
    %load/vec4 v0x6470d762cea0_0;
    %load/vec4 v0x6470d762d160_0;
    %inv;
    %and;
    %load/vec4 v0x6470d762d050_0;
    %inv;
    %and;
    %load/vec4 v0x6470d762d540_0;
    %inv;
    %and;
    %load/vec4 v0x6470d762d300_0;
    %inv;
    %and;
    %load/vec4 v0x6470d762d160_0;
    %load/vec4 v0x6470d762cea0_0;
    %inv;
    %and;
    %load/vec4 v0x6470d762cde0_0;
    %inv;
    %and;
    %load/vec4 v0x6470d762d540_0;
    %inv;
    %and;
    %load/vec4 v0x6470d762d300_0;
    %inv;
    %and;
    %or;
    %load/vec4 v0x6470d762d540_0;
    %load/vec4 v0x6470d762cea0_0;
    %inv;
    %and;
    %load/vec4 v0x6470d762cde0_0;
    %inv;
    %and;
    %load/vec4 v0x6470d762d160_0;
    %inv;
    %and;
    %load/vec4 v0x6470d762d050_0;
    %inv;
    %and;
    %or;
    %load/vec4 v0x6470d762cea0_0;
    %load/vec4 v0x6470d762d160_0;
    %and;
    %load/vec4 v0x6470d762d300_0;
    %and;
    %or;
    %load/vec4 v0x6470d762cea0_0;
    %load/vec4 v0x6470d762d540_0;
    %and;
    %load/vec4 v0x6470d762d050_0;
    %and;
    %or;
    %load/vec4 v0x6470d762d160_0;
    %load/vec4 v0x6470d762d540_0;
    %and;
    %load/vec4 v0x6470d762cde0_0;
    %and;
    %or;
    %load/vec4 v0x6470d762cea0_0;
    %inv;
    %load/vec4 v0x6470d762d160_0;
    %inv;
    %and;
    %load/vec4 v0x6470d762d540_0;
    %inv;
    %and;
    %load/vec4 v0x6470d762cde0_0;
    %load/vec4 v0x6470d762d050_0;
    %and;
    %load/vec4 v0x6470d762d300_0;
    %inv;
    %and;
    %load/vec4 v0x6470d762cde0_0;
    %load/vec4 v0x6470d762d300_0;
    %and;
    %load/vec4 v0x6470d762d050_0;
    %inv;
    %and;
    %or;
    %load/vec4 v0x6470d762d050_0;
    %load/vec4 v0x6470d762d300_0;
    %and;
    %load/vec4 v0x6470d762cde0_0;
    %inv;
    %and;
    %or;
    %and;
    %or;
    %store/vec4 v0x6470d762d6c0_0, 0, 1;
    %load/vec4 v0x6470d762cde0_0;
    %load/vec4 v0x6470d762d050_0;
    %inv;
    %and;
    %load/vec4 v0x6470d762d300_0;
    %inv;
    %and;
    %load/vec4 v0x6470d762cea0_0;
    %inv;
    %and;
    %load/vec4 v0x6470d762d160_0;
    %inv;
    %and;
    %load/vec4 v0x6470d762d540_0;
    %inv;
    %and;
    %load/vec4 v0x6470d762d050_0;
    %load/vec4 v0x6470d762cde0_0;
    %inv;
    %and;
    %load/vec4 v0x6470d762d300_0;
    %inv;
    %and;
    %load/vec4 v0x6470d762cea0_0;
    %inv;
    %and;
    %load/vec4 v0x6470d762d160_0;
    %inv;
    %and;
    %load/vec4 v0x6470d762d540_0;
    %inv;
    %and;
    %or;
    %load/vec4 v0x6470d762d300_0;
    %load/vec4 v0x6470d762cde0_0;
    %inv;
    %and;
    %load/vec4 v0x6470d762d050_0;
    %inv;
    %and;
    %load/vec4 v0x6470d762cea0_0;
    %inv;
    %and;
    %load/vec4 v0x6470d762d160_0;
    %inv;
    %and;
    %load/vec4 v0x6470d762d540_0;
    %inv;
    %and;
    %or;
    %load/vec4 v0x6470d762cea0_0;
    %load/vec4 v0x6470d762d050_0;
    %and;
    %load/vec4 v0x6470d762d300_0;
    %and;
    %or;
    %load/vec4 v0x6470d762d160_0;
    %load/vec4 v0x6470d762cde0_0;
    %and;
    %load/vec4 v0x6470d762d300_0;
    %and;
    %or;
    %load/vec4 v0x6470d762d540_0;
    %load/vec4 v0x6470d762cde0_0;
    %and;
    %load/vec4 v0x6470d762d050_0;
    %and;
    %or;
    %load/vec4 v0x6470d762cde0_0;
    %inv;
    %load/vec4 v0x6470d762d050_0;
    %inv;
    %and;
    %load/vec4 v0x6470d762d300_0;
    %inv;
    %and;
    %load/vec4 v0x6470d762cea0_0;
    %load/vec4 v0x6470d762d160_0;
    %and;
    %load/vec4 v0x6470d762d540_0;
    %inv;
    %and;
    %load/vec4 v0x6470d762cea0_0;
    %load/vec4 v0x6470d762d540_0;
    %and;
    %load/vec4 v0x6470d762d160_0;
    %inv;
    %and;
    %or;
    %load/vec4 v0x6470d762d160_0;
    %load/vec4 v0x6470d762d540_0;
    %and;
    %load/vec4 v0x6470d762cea0_0;
    %inv;
    %and;
    %or;
    %and;
    %or;
    %store/vec4 v0x6470d762d600_0, 0, 1;
    %load/vec4 v0x6470d762d3c0_0;
    %load/vec4 v0x6470d762d480_0;
    %concat/vec4; draw_concat_vec4
    %load/vec4 v0x6470d762d600_0;
    %concat/vec4; draw_concat_vec4
    %load/vec4 v0x6470d762d6c0_0;
    %concat/vec4; draw_concat_vec4
    %ret/vec4 0, 0, 4;  Assign to tadd1 (store_vec4_to_lval)
    %end;
S_0x6470d762d860 .scope function.vec4.s2, "tand" "tand" 4 64, 4 64 0, S_0x6470d762c610;
 .timescale -9 -12;
v0x6470d762da10_0 .var "a", 1 0;
v0x6470d762daf0_0 .var "b", 1 0;
; Variable tand is vec4 return value of scope S_0x6470d762d860
TD_ga_ops_tb.u_sym.u_nz.m_aa.tand ;
    %load/vec4 v0x6470d762da10_0;
    %parti/s 1, 1, 2;
    %load/vec4 v0x6470d762daf0_0;
    %parti/s 1, 1, 2;
    %or;
    %load/vec4 v0x6470d762da10_0;
    %parti/s 1, 0, 2;
    %load/vec4 v0x6470d762daf0_0;
    %parti/s 1, 0, 2;
    %and;
    %concat/vec4; draw_concat_vec4
    %ret/vec4 0, 0, 2;  Assign to tand (store_vec4_to_lval)
    %end;
S_0x6470d762dc90 .scope function.vec4.s2, "tmul" "tmul" 4 54, 4 54 0, S_0x6470d762c610;
 .timescale -9 -12;
v0x6470d762dea0_0 .var "a", 1 0;
v0x6470d762df80_0 .var "b", 1 0;
; Variable tmul is vec4 return value of scope S_0x6470d762dc90
TD_ga_ops_tb.u_sym.u_nz.m_aa.tmul ;
    %pushi/vec4 0, 0, 2;
    %ret/vec4 0, 0, 2;  Assign to tmul (store_vec4_to_lval)
    %load/vec4 v0x6470d762dea0_0;
    %parti/s 1, 0, 2;
    %load/vec4 v0x6470d762df80_0;
    %parti/s 1, 0, 2;
    %and;
    %flag_set/vec4 8;
    %jmp/0xz  T_81.115, 8;
    %pushi/vec4 1, 0, 2;
    %ret/vec4 0, 0, 2;  Assign to tmul (store_vec4_to_lval)
    %jmp T_81.116;
T_81.115 ;
    %load/vec4 v0x6470d762dea0_0;
    %parti/s 1, 1, 2;
    %load/vec4 v0x6470d762df80_0;
    %parti/s 1, 1, 2;
    %and;
    %flag_set/vec4 8;
    %jmp/0xz  T_81.117, 8;
    %pushi/vec4 1, 0, 2;
    %ret/vec4 0, 0, 2;  Assign to tmul (store_vec4_to_lval)
    %jmp T_81.118;
T_81.117 ;
    %load/vec4 v0x6470d762dea0_0;
    %parti/s 1, 0, 2;
    %load/vec4 v0x6470d762df80_0;
    %parti/s 1, 1, 2;
    %and;
    %load/vec4 v0x6470d762dea0_0;
    %parti/s 1, 1, 2;
    %load/vec4 v0x6470d762df80_0;
    %parti/s 1, 0, 2;
    %and;
    %or;
    %flag_set/vec4 8;
    %jmp/0xz  T_81.119, 8;
    %pushi/vec4 2, 0, 2;
    %ret/vec4 0, 0, 2;  Assign to tmul (store_vec4_to_lval)
T_81.119 ;
T_81.118 ;
T_81.116 ;
    %end;
S_0x6470d762e150 .scope function.vec4.s2, "tneg" "tneg" 4 47, 4 47 0, S_0x6470d762c610;
 .timescale -9 -12;
v0x6470d762e330_0 .var "t", 1 0;
; Variable tneg is vec4 return value of scope S_0x6470d762e150
TD_ga_ops_tb.u_sym.u_nz.m_aa.tneg ;
    %load/vec4 v0x6470d762e330_0;
    %parti/s 1, 0, 2;
    %load/vec4 v0x6470d762e330_0;
    %parti/s 1, 1, 2;
    %concat/vec4; draw_concat_vec4
    %ret/vec4 0, 0, 2;  Assign to tneg (store_vec4_to_lval)
    %end;
S_0x6470d762e510 .scope function.vec4.s2, "tor" "tor" 4 71, 4 71 0, S_0x6470d762c610;
 .timescale -9 -12;
v0x6470d762e740_0 .var "a", 1 0;
v0x6470d762e840_0 .var "b", 1 0;
; Variable tor is vec4 return value of scope S_0x6470d762e510
TD_ga_ops_tb.u_sym.u_nz.m_aa.tor ;
    %load/vec4 v0x6470d762e740_0;
    %parti/s 1, 1, 2;
    %load/vec4 v0x6470d762e840_0;
    %parti/s 1, 1, 2;
    %and;
    %load/vec4 v0x6470d762e740_0;
    %parti/s 1, 0, 2;
    %load/vec4 v0x6470d762e840_0;
    %parti/s 1, 0, 2;
    %or;
    %concat/vec4; draw_concat_vec4
    %ret/vec4 0, 0, 2;  Assign to tor (store_vec4_to_lval)
    %end;
S_0x6470d762f1e0 .scope module, "m_ab" "tmul_sa" 3 152, 4 42 0, S_0x6470d762c1a0;
 .timescale -9 -12;
    .port_info 0 /OUTPUT 24 "prod";
    .port_info 1 /INPUT 12 "a";
    .port_info 2 /INPUT 12 "b";
P_0x6470d762f3c0 .param/l "ACCBITS" 1 4 48, +C4<0000000000000000000000000000000000000000000000000000000000000000000000000000000000000000000011010>;
P_0x6470d762f400 .param/l "NTRITS" 0 4 42, +C4<00000000000000000000000000000110>;
v0x6470d76315d0_0 .net "a", 11 0, v0x6470d76533d0_0;  alias, 1 drivers
v0x6470d76316b0_0 .var "acc", 25 0;
v0x6470d7631790_0 .net "b", 11 0, v0x6470d76534b0_0;  alias, 1 drivers
v0x6470d7631860_0 .var "c", 1 0;
v0x6470d7631940_0 .var/i "i", 31 0;
v0x6470d7631a70_0 .var/i "j", 31 0;
v0x6470d7631b50_0 .var "pp", 25 0;
v0x6470d7631c30_0 .var "prod", 23 0;
E_0x6470d762f7d0/0 .event anyedge, v0x6470d7603d70_0, v0x6470d7603f20_0, v0x6470d76316b0_0, v0x6470d7631b50_0;
E_0x6470d762f7d0/1 .event anyedge, v0x6470d7631860_0;
E_0x6470d762f7d0 .event/or E_0x6470d762f7d0/0, E_0x6470d762f7d0/1;
S_0x6470d762f4a0 .scope function.vec4.s4, "tadd1" "tadd1" 4 78, 4 78 0, S_0x6470d762f1e0;
 .timescale -9 -12;
v0x6470d762f8d0_0 .var "a", 1 0;
v0x6470d762f9d0_0 .var "an", 0 0;
v0x6470d762fa90_0 .var "ap", 0 0;
v0x6470d762fb60_0 .var "b", 1 0;
v0x6470d762fc40_0 .var "bn", 0 0;
v0x6470d762fd50_0 .var "bp", 0 0;
v0x6470d762fe10_0 .var "cin", 1 0;
v0x6470d762fef0_0 .var "cn", 0 0;
v0x6470d762ffb0_0 .var "con", 0 0;
v0x6470d7630070_0 .var "cop", 0 0;
v0x6470d7630130_0 .var "cp", 0 0;
v0x6470d76301f0_0 .var "sn", 0 0;
v0x6470d76302b0_0 .var "sp", 0 0;
; Variable tadd1 is vec4 return value of scope S_0x6470d762f4a0
TD_ga_ops_tb.u_sym.u_nz.m_ab.tadd1 ;
    %load/vec4 v0x6470d762f8d0_0;
    %parti/s 1, 0, 2;
    %store/vec4 v0x6470d762fa90_0, 0, 1;
    %load/vec4 v0x6470d762f8d0_0;
    %parti/s 1, 1, 2;
    %store/vec4 v0x6470d762f9d0_0, 0, 1;
    %load/vec4 v0x6470d762fb60_0;
    %parti/s 1, 0, 2;
    %store/vec4 v0x6470d762fd50_0, 0, 1;
    %load/vec4 v0x6470d762fb60_0;
    %parti/s 1, 1, 2;
    %store/vec4 v0x6470d762fc40_0, 0, 1;
    %load/vec4 v0x6470d762fe10_0;
    %parti/s 1, 0, 2;
    %store/vec4 v0x6470d7630130_0, 0, 1;
    %load/vec4 v0x6470d762fe10_0;
    %parti/s 1, 1, 2;
    %store/vec4 v0x6470d762fef0_0, 0, 1;
    %load/vec4 v0x6470d762f9d0_0;
    %inv;
    %load/vec4 v0x6470d762fc40_0;
    %inv;
    %and;
    %load/vec4 v0x6470d762fef0_0;
    %inv;
    %and;
    %load/vec4 v0x6470d762fa90_0;
    %load/vec4 v0x6470d762fd50_0;
    %and;
    %load/vec4 v0x6470d762fa90_0;
    %load/vec4 v0x6470d7630130_0;
    %and;
    %or;
    %load/vec4 v0x6470d762fd50_0;
    %load/vec4 v0x6470d7630130_0;
    %and;
    %or;
    %and;
    %store/vec4 v0x6470d7630070_0, 0, 1;
    %load/vec4 v0x6470d762fa90_0;
    %inv;
    %load/vec4 v0x6470d762fd50_0;
    %inv;
    %and;
    %load/vec4 v0x6470d7630130_0;
    %inv;
    %and;
    %load/vec4 v0x6470d762f9d0_0;
    %load/vec4 v0x6470d762fc40_0;
    %and;
    %load/vec4 v0x6470d762f9d0_0;
    %load/vec4 v0x6470d762fef0_0;
    %and;
    %or;
    %load/vec4 v0x6470d762fc40_0;
    %load/vec4 v0x6470d762fef0_0;
    %and;
    %or;
    %and;
    %store/vec4 v0x6470d762ffb0_0, 0, 1;
    %load/vec4 v0x6470d762fa90_0;
    %load/vec4 v0x6470d762fd50_0;
    %inv;
    %and;
    %load/vec4 v0x6470d762fc40_0;
    %inv;
    %and;
    %load/vec4 v0x6470d7630130_0;
    %inv;
    %and;
    %load/vec4 v0x6470d762fef0_0;
    %inv;
    %and;
    %load/vec4 v0x6470d762fd50_0;
    %load/vec4 v0x6470d762fa90_0;
    %inv;
    %and;
    %load/vec4 v0x6470d762f9d0_0;
    %inv;
    %and;
    %load/vec4 v0x6470d7630130_0;
    %inv;
    %and;
    %load/vec4 v0x6470d762fef0_0;
    %inv;
    %and;
    %or;
    %load/vec4 v0x6470d7630130_0;
    %load/vec4 v0x6470d762fa90_0;
    %inv;
    %and;
    %load/vec4 v0x6470d762f9d0_0;
    %inv;
    %and;
    %load/vec4 v0x6470d762fd50_0;
    %inv;
    %and;
    %load/vec4 v0x6470d762fc40_0;
    %inv;
    %and;
    %or;
    %load/vec4 v0x6470d762fa90_0;
    %load/vec4 v0x6470d762fd50_0;
    %and;
    %load/vec4 v0x6470d762fef0_0;
    %and;
    %or;
    %load/vec4 v0x6470d762fa90_0;
    %load/vec4 v0x6470d7630130_0;
    %and;
    %load/vec4 v0x6470d762fc40_0;
    %and;
    %or;
    %load/vec4 v0x6470d762fd50_0;
    %load/vec4 v0x6470d7630130_0;
    %and;
    %load/vec4 v0x6470d762f9d0_0;
    %and;
    %or;
    %load/vec4 v0x6470d762fa90_0;
    %inv;
    %load/vec4 v0x6470d762fd50_0;
    %inv;
    %and;
    %load/vec4 v0x6470d7630130_0;
    %inv;
    %and;
    %load/vec4 v0x6470d762f9d0_0;
    %load/vec4 v0x6470d762fc40_0;
    %and;
    %load/vec4 v0x6470d762fef0_0;
    %inv;
    %and;
    %load/vec4 v0x6470d762f9d0_0;
    %load/vec4 v0x6470d762fef0_0;
    %and;
    %load/vec4 v0x6470d762fc40_0;
    %inv;
    %and;
    %or;
    %load/vec4 v0x6470d762fc40_0;
    %load/vec4 v0x6470d762fef0_0;
    %and;
    %load/vec4 v0x6470d762f9d0_0;
    %inv;
    %and;
    %or;
    %and;
    %or;
    %store/vec4 v0x6470d76302b0_0, 0, 1;
    %load/vec4 v0x6470d762f9d0_0;
    %load/vec4 v0x6470d762fc40_0;
    %inv;
    %and;
    %load/vec4 v0x6470d762fef0_0;
    %inv;
    %and;
    %load/vec4 v0x6470d762fa90_0;
    %inv;
    %and;
    %load/vec4 v0x6470d762fd50_0;
    %inv;
    %and;
    %load/vec4 v0x6470d7630130_0;
    %inv;
    %and;
    %load/vec4 v0x6470d762fc40_0;
    %load/vec4 v0x6470d762f9d0_0;
    %inv;
    %and;
    %load/vec4 v0x6470d762fef0_0;
    %inv;
    %and;
    %load/vec4 v0x6470d762fa90_0;
    %inv;
    %and;
    %load/vec4 v0x6470d762fd50_0;
    %inv;
    %and;
    %load/vec4 v0x6470d7630130_0;
    %inv;
    %and;
    %or;
    %load/vec4 v0x6470d762fef0_0;
    %load/vec4 v0x6470d762f9d0_0;
    %inv;
    %and;
    %load/vec4 v0x6470d762fc40_0;
    %inv;
    %and;
    %load/vec4 v0x6470d762fa90_0;
    %inv;
    %and;
    %load/vec4 v0x6470d762fd50_0;
    %inv;
    %and;
    %load/vec4 v0x6470d7630130_0;
    %inv;
    %and;
    %or;
    %load/vec4 v0x6470d762fa90_0;
    %load/vec4 v0x6470d762fc40_0;
    %and;
    %load/vec4 v0x6470d762fef0_0;
    %and;
    %or;
    %load/vec4 v0x6470d762fd50_0;
    %load/vec4 v0x6470d762f9d0_0;
    %and;
    %load/vec4 v0x6470d762fef0_0;
    %and;
    %or;
    %load/vec4 v0x6470d7630130_0;
    %load/vec4 v0x6470d762f9d0_0;
    %and;
    %load/vec4 v0x6470d762fc40_0;
    %and;
    %or;
    %load/vec4 v0x6470d762f9d0_0;
    %inv;
    %load/vec4 v0x6470d762fc40_0;
    %inv;
    %and;
    %load/vec4 v0x6470d762fef0_0;
    %inv;
    %and;
    %load/vec4 v0x6470d762fa90_0;
    %load/vec4 v0x6470d762fd50_0;
    %and;
    %load/vec4 v0x6470d7630130_0;
    %inv;
    %and;
    %load/vec4 v0x6470d762fa90_0;
    %load/vec4 v0x6470d7630130_0;
    %and;
    %load/vec4 v0x6470d762fd50_0;
    %inv;
    %and;
    %or;
    %load/vec4 v0x6470d762fd50_0;
    %load/vec4 v0x6470d7630130_0;
    %and;
    %load/vec4 v0x6470d762fa90_0;
    %inv;
    %and;
    %or;
    %and;
    %or;
    %store/vec4 v0x6470d76301f0_0, 0, 1;
    %load/vec4 v0x6470d762ffb0_0;
    %load/vec4 v0x6470d7630070_0;
    %concat/vec4; draw_concat_vec4
    %load/vec4 v0x6470d76301f0_0;
    %concat/vec4; draw_concat_vec4
    %load/vec4 v0x6470d76302b0_0;
    %concat/vec4; draw_concat_vec4
    %ret/vec4 0, 0, 4;  Assign to tadd1 (store_vec4_to_lval)
    %end;
S_0x6470d7630450 .scope function.vec4.s2, "tand" "tand" 4 64, 4 64 0, S_0x6470d762f1e0;
 .timescale -9 -12;
v0x6470d7630600_0 .var "a", 1 0;
v0x6470d76306e0_0 .var "b", 1 0;
; Variable tand is vec4 return value of scope S_0x6470d7630450
TD_ga_ops_tb.u_sym.u_nz.m_ab.tand ;
    %load/vec4 v0x6470d7630600_0;
    %parti/s 1, 1, 2;
    %load/vec4 v0x6470d76306e0_0;
    %parti/s 1, 1, 2;
    %or;
    %load/vec4 v0x6470d7630600_0;
    %parti/s 1, 0, 2;
    %load/vec4 v0x6470d76306e0_0;
    %parti/s 1, 0, 2;
    %and;
    %concat/vec4; draw_concat_vec4
    %ret/vec4 0, 0, 2;  Assign to tand (store_vec4_to_lval)
    %end;
S_0x6470d7630880 .scope function.vec4.s2, "tmul" "tmul" 4 54, 4 54 0, S_0x6470d762f1e0;
 .timescale -9 -12;
v0x6470d7630a90_0 .var "a", 1 0;
v0x6470d7630b70_0 .var "b", 1 0;
; Variable tmul is vec4 return value of scope S_0x6470d7630880
TD_ga_ops_tb.u_sym.u_nz.m_ab.tmul ;
    %pushi/vec4 0, 0, 2;
    %ret/vec4 0, 0, 2;  Assign to tmul (store_vec4_to_lval)
    %load/vec4 v0x6470d7630a90_0;
    %parti/s 1, 0, 2;
    %load/vec4 v0x6470d7630b70_0;
    %parti/s 1, 0, 2;
    %and;
    %flag_set/vec4 8;
    %jmp/0xz  T_86.121, 8;
    %pushi/vec4 1, 0, 2;
    %ret/vec4 0, 0, 2;  Assign to tmul (store_vec4_to_lval)
    %jmp T_86.122;
T_86.121 ;
    %load/vec4 v0x6470d7630a90_0;
    %parti/s 1, 1, 2;
    %load/vec4 v0x6470d7630b70_0;
    %parti/s 1, 1, 2;
    %and;
    %flag_set/vec4 8;
    %jmp/0xz  T_86.123, 8;
    %pushi/vec4 1, 0, 2;
    %ret/vec4 0, 0, 2;  Assign to tmul (store_vec4_to_lval)
    %jmp T_86.124;
T_86.123 ;
    %load/vec4 v0x6470d7630a90_0;
    %parti/s 1, 0, 2;
    %load/vec4 v0x6470d7630b70_0;
    %parti/s 1, 1, 2;
    %and;
    %load/vec4 v0x6470d7630a90_0;
    %parti/s 1, 1, 2;
    %load/vec4 v0x6470d7630b70_0;
    %parti/s 1, 0, 2;
    %and;
    %or;
    %flag_set/vec4 8;
    %jmp/0xz  T_86.125, 8;
    %pushi/vec4 2, 0, 2;
    %ret/vec4 0, 0, 2;  Assign to tmul (store_vec4_to_lval)
T_86.125 ;
T_86.124 ;
T_86.122 ;
    %end;
S_0x6470d7630d40 .scope function.vec4.s2, "tneg" "tneg" 4 47, 4 47 0, S_0x6470d762f1e0;
 .timescale -9 -12;
v0x6470d7630f20_0 .var "t", 1 0;
; Variable tneg is vec4 return value of scope S_0x6470d7630d40
TD_ga_ops_tb.u_sym.u_nz.m_ab.tneg ;
    %load/vec4 v0x6470d7630f20_0;
    %parti/s 1, 0, 2;
    %load/vec4 v0x6470d7630f20_0;
    %parti/s 1, 1, 2;
    %concat/vec4; draw_concat_vec4
    %ret/vec4 0, 0, 2;  Assign to tneg (store_vec4_to_lval)
    %end;
S_0x6470d7631100 .scope function.vec4.s2, "tor" "tor" 4 71, 4 71 0, S_0x6470d762f1e0;
 .timescale -9 -12;
v0x6470d7631330_0 .var "a", 1 0;
v0x6470d7631430_0 .var "b", 1 0;
; Variable tor is vec4 return value of scope S_0x6470d7631100
TD_ga_ops_tb.u_sym.u_nz.m_ab.tor ;
    %load/vec4 v0x6470d7631330_0;
    %parti/s 1, 1, 2;
    %load/vec4 v0x6470d7631430_0;
    %parti/s 1, 1, 2;
    %and;
    %load/vec4 v0x6470d7631330_0;
    %parti/s 1, 0, 2;
    %load/vec4 v0x6470d7631430_0;
    %parti/s 1, 0, 2;
    %or;
    %concat/vec4; draw_concat_vec4
    %ret/vec4 0, 0, 2;  Assign to tor (store_vec4_to_lval)
    %end;
S_0x6470d7631d90 .scope module, "m_bb" "tmul_sa" 3 153, 4 42 0, S_0x6470d762c1a0;
 .timescale -9 -12;
    .port_info 0 /OUTPUT 24 "prod";
    .port_info 1 /INPUT 12 "a";
    .port_info 2 /INPUT 12 "b";
P_0x6470d7631f70 .param/l "ACCBITS" 1 4 48, +C4<0000000000000000000000000000000000000000000000000000000000000000000000000000000000000000000011010>;
P_0x6470d7631fb0 .param/l "NTRITS" 0 4 42, +C4<00000000000000000000000000000110>;
v0x6470d7634190_0 .net "a", 11 0, v0x6470d76534b0_0;  alias, 1 drivers
v0x6470d7634300_0 .var "acc", 25 0;
v0x6470d76343e0_0 .net "b", 11 0, v0x6470d76534b0_0;  alias, 1 drivers
v0x6470d76344b0_0 .var "c", 1 0;
v0x6470d7634590_0 .var/i "i", 31 0;
v0x6470d7634670_0 .var/i "j", 31 0;
v0x6470d7634750_0 .var "pp", 25 0;
v0x6470d7634830_0 .var "prod", 23 0;
E_0x6470d76323b0/0 .event anyedge, v0x6470d7603f20_0, v0x6470d7603f20_0, v0x6470d7634300_0, v0x6470d7634750_0;
E_0x6470d76323b0/1 .event anyedge, v0x6470d76344b0_0;
E_0x6470d76323b0 .event/or E_0x6470d76323b0/0, E_0x6470d76323b0/1;
S_0x6470d7632050 .scope function.vec4.s4, "tadd1" "tadd1" 4 78, 4 78 0, S_0x6470d7631d90;
 .timescale -9 -12;
v0x6470d7632490_0 .var "a", 1 0;
v0x6470d7632590_0 .var "an", 0 0;
v0x6470d7632650_0 .var "ap", 0 0;
v0x6470d7632720_0 .var "b", 1 0;
v0x6470d7632800_0 .var "bn", 0 0;
v0x6470d7632910_0 .var "bp", 0 0;
v0x6470d76329d0_0 .var "cin", 1 0;
v0x6470d7632ab0_0 .var "cn", 0 0;
v0x6470d7632b70_0 .var "con", 0 0;
v0x6470d7632c30_0 .var "cop", 0 0;
v0x6470d7632cf0_0 .var "cp", 0 0;
v0x6470d7632db0_0 .var "sn", 0 0;
v0x6470d7632e70_0 .var "sp", 0 0;
; Variable tadd1 is vec4 return value of scope S_0x6470d7632050
TD_ga_ops_tb.u_sym.u_nz.m_bb.tadd1 ;
    %load/vec4 v0x6470d7632490_0;
    %parti/s 1, 0, 2;
    %store/vec4 v0x6470d7632650_0, 0, 1;
    %load/vec4 v0x6470d7632490_0;
    %parti/s 1, 1, 2;
    %store/vec4 v0x6470d7632590_0, 0, 1;
    %load/vec4 v0x6470d7632720_0;
    %parti/s 1, 0, 2;
    %store/vec4 v0x6470d7632910_0, 0, 1;
    %load/vec4 v0x6470d7632720_0;
    %parti/s 1, 1, 2;
    %store/vec4 v0x6470d7632800_0, 0, 1;
    %load/vec4 v0x6470d76329d0_0;
    %parti/s 1, 0, 2;
    %store/vec4 v0x6470d7632cf0_0, 0, 1;
    %load/vec4 v0x6470d76329d0_0;
    %parti/s 1, 1, 2;
    %store/vec4 v0x6470d7632ab0_0, 0, 1;
    %load/vec4 v0x6470d7632590_0;
    %inv;
    %load/vec4 v0x6470d7632800_0;
    %inv;
    %and;
    %load/vec4 v0x6470d7632ab0_0;
    %inv;
    %and;
    %load/vec4 v0x6470d7632650_0;
    %load/vec4 v0x6470d7632910_0;
    %and;
    %load/vec4 v0x6470d7632650_0;
    %load/vec4 v0x6470d7632cf0_0;
    %and;
    %or;
    %load/vec4 v0x6470d7632910_0;
    %load/vec4 v0x6470d7632cf0_0;
    %and;
    %or;
    %and;
    %store/vec4 v0x6470d7632c30_0, 0, 1;
    %load/vec4 v0x6470d7632650_0;
    %inv;
    %load/vec4 v0x6470d7632910_0;
    %inv;
    %and;
    %load/vec4 v0x6470d7632cf0_0;
    %inv;
    %and;
    %load/vec4 v0x6470d7632590_0;
    %load/vec4 v0x6470d7632800_0;
    %and;
    %load/vec4 v0x6470d7632590_0;
    %load/vec4 v0x6470d7632ab0_0;
    %and;
    %or;
    %load/vec4 v0x6470d7632800_0;
    %load/vec4 v0x6470d7632ab0_0;
    %and;
    %or;
    %and;
    %store/vec4 v0x6470d7632b70_0, 0, 1;
    %load/vec4 v0x6470d7632650_0;
    %load/vec4 v0x6470d7632910_0;
    %inv;
    %and;
    %load/vec4 v0x6470d7632800_0;
    %inv;
    %and;
    %load/vec4 v0x6470d7632cf0_0;
    %inv;
    %and;
    %load/vec4 v0x6470d7632ab0_0;
    %inv;
    %and;
    %load/vec4 v0x6470d7632910_0;
    %load/vec4 v0x6470d7632650_0;
    %inv;
    %and;
    %load/vec4 v0x6470d7632590_0;
    %inv;
    %and;
    %load/vec4 v0x6470d7632cf0_0;
    %inv;
    %and;
    %load/vec4 v0x6470d7632ab0_0;
    %inv;
    %and;
    %or;
    %load/vec4 v0x6470d7632cf0_0;
    %load/vec4 v0x6470d7632650_0;
    %inv;
    %and;
    %load/vec4 v0x6470d7632590_0;
    %inv;
    %and;
    %load/vec4 v0x6470d7632910_0;
    %inv;
    %and;
    %load/vec4 v0x6470d7632800_0;
    %inv;
    %and;
    %or;
    %load/vec4 v0x6470d7632650_0;
    %load/vec4 v0x6470d7632910_0;
    %and;
    %load/vec4 v0x6470d7632ab0_0;
    %and;
    %or;
    %load/vec4 v0x6470d7632650_0;
    %load/vec4 v0x6470d7632cf0_0;
    %and;
    %load/vec4 v0x6470d7632800_0;
    %and;
    %or;
    %load/vec4 v0x6470d7632910_0;
    %load/vec4 v0x6470d7632cf0_0;
    %and;
    %load/vec4 v0x6470d7632590_0;
    %and;
    %or;
    %load/vec4 v0x6470d7632650_0;
    %inv;
    %load/vec4 v0x6470d7632910_0;
    %inv;
    %and;
    %load/vec4 v0x6470d7632cf0_0;
    %inv;
    %and;
    %load/vec4 v0x6470d7632590_0;
    %load/vec4 v0x6470d7632800_0;
    %and;
    %load/vec4 v0x6470d7632ab0_0;
    %inv;
    %and;
    %load/vec4 v0x6470d7632590_0;
    %load/vec4 v0x6470d7632ab0_0;
    %and;
    %load/vec4 v0x6470d7632800_0;
    %inv;
    %and;
    %or;
    %load/vec4 v0x6470d7632800_0;
    %load/vec4 v0x6470d7632ab0_0;
    %and;
    %load/vec4 v0x6470d7632590_0;
    %inv;
    %and;
    %or;
    %and;
    %or;
    %store/vec4 v0x6470d7632e70_0, 0, 1;
    %load/vec4 v0x6470d7632590_0;
    %load/vec4 v0x6470d7632800_0;
    %inv;
    %and;
    %load/vec4 v0x6470d7632ab0_0;
    %inv;
    %and;
    %load/vec4 v0x6470d7632650_0;
    %inv;
    %and;
    %load/vec4 v0x6470d7632910_0;
    %inv;
    %and;
    %load/vec4 v0x6470d7632cf0_0;
    %inv;
    %and;
    %load/vec4 v0x6470d7632800_0;
    %load/vec4 v0x6470d7632590_0;
    %inv;
    %and;
    %load/vec4 v0x6470d7632ab0_0;
    %inv;
    %and;
    %load/vec4 v0x6470d7632650_0;
    %inv;
    %and;
    %load/vec4 v0x6470d7632910_0;
    %inv;
    %and;
    %load/vec4 v0x6470d7632cf0_0;
    %inv;
    %and;
    %or;
    %load/vec4 v0x6470d7632ab0_0;
    %load/vec4 v0x6470d7632590_0;
    %inv;
    %and;
    %load/vec4 v0x6470d7632800_0;
    %inv;
    %and;
    %load/vec4 v0x6470d7632650_0;
    %inv;
    %and;
    %load/vec4 v0x6470d7632910_0;
    %inv;
    %and;
    %load/vec4 v0x6470d7632cf0_0;
    %inv;
    %and;
    %or;
    %load/vec4 v0x6470d7632650_0;
    %load/vec4 v0x6470d7632800_0;
    %and;
    %load/vec4 v0x6470d7632ab0_0;
    %and;
    %or;
    %load/vec4 v0x6470d7632910_0;
    %load/vec4 v0x6470d7632590_0;
    %and;
    %load/vec4 v0x6470d7632ab0_0;
    %and;
    %or;
    %load/vec4 v0x6470d7632cf0_0;
    %load/vec4 v0x6470d7632590_0;
    %and;
    %load/vec4 v0x6470d7632800_0;
    %and;
    %or;
    %load/vec4 v0x6470d7632590_0;
    %inv;
    %load/vec4 v0x6470d7632800_0;
    %inv;
    %and;
    %load/vec4 v0x6470d7632ab0_0;
    %inv;
    %and;
    %load/vec4 v0x6470d7632650_0;
    %load/vec4 v0x6470d7632910_0;
    %and;
    %load/vec4 v0x6470d7632cf0_0;
    %inv;
    %and;
    %load/vec4 v0x6470d7632650_0;
    %load/vec4 v0x6470d7632cf0_0;
    %and;
    %load/vec4 v0x6470d7632910_0;
    %inv;
    %and;
    %or;
    %load/vec4 v0x6470d7632910_0;
    %load/vec4 v0x6470d7632cf0_0;
    %and;
    %load/vec4 v0x6470d7632650_0;
    %inv;
    %and;
    %or;
    %and;
    %or;
    %store/vec4 v0x6470d7632db0_0, 0, 1;
    %load/vec4 v0x6470d7632b70_0;
    %load/vec4 v0x6470d7632c30_0;
    %concat/vec4; draw_concat_vec4
    %load/vec4 v0x6470d7632db0_0;
    %concat/vec4; draw_concat_vec4
    %load/vec4 v0x6470d7632e70_0;
    %concat/vec4; draw_concat_vec4
    %ret/vec4 0, 0, 4;  Assign to tadd1 (store_vec4_to_lval)
    %end;
S_0x6470d7633010 .scope function.vec4.s2, "tand" "tand" 4 64, 4 64 0, S_0x6470d7631d90;
 .timescale -9 -12;
v0x6470d76331c0_0 .var "a", 1 0;
v0x6470d76332a0_0 .var "b", 1 0;
; Variable tand is vec4 return value of scope S_0x6470d7633010
TD_ga_ops_tb.u_sym.u_nz.m_bb.tand ;
    %load/vec4 v0x6470d76331c0_0;
    %parti/s 1, 1, 2;
    %load/vec4 v0x6470d76332a0_0;
    %parti/s 1, 1, 2;
    %or;
    %load/vec4 v0x6470d76331c0_0;
    %parti/s 1, 0, 2;
    %load/vec4 v0x6470d76332a0_0;
    %parti/s 1, 0, 2;
    %and;
    %concat/vec4; draw_concat_vec4
    %ret/vec4 0, 0, 2;  Assign to tand (store_vec4_to_lval)
    %end;
S_0x6470d7633440 .scope function.vec4.s2, "tmul" "tmul" 4 54, 4 54 0, S_0x6470d7631d90;
 .timescale -9 -12;
v0x6470d7633650_0 .var "a", 1 0;
v0x6470d7633730_0 .var "b", 1 0;
; Variable tmul is vec4 return value of scope S_0x6470d7633440
TD_ga_ops_tb.u_sym.u_nz.m_bb.tmul ;
    %pushi/vec4 0, 0, 2;
    %ret/vec4 0, 0, 2;  Assign to tmul (store_vec4_to_lval)
    %load/vec4 v0x6470d7633650_0;
    %parti/s 1, 0, 2;
    %load/vec4 v0x6470d7633730_0;
    %parti/s 1, 0, 2;
    %and;
    %flag_set/vec4 8;
    %jmp/0xz  T_91.127, 8;
    %pushi/vec4 1, 0, 2;
    %ret/vec4 0, 0, 2;  Assign to tmul (store_vec4_to_lval)
    %jmp T_91.128;
T_91.127 ;
    %load/vec4 v0x6470d7633650_0;
    %parti/s 1, 1, 2;
    %load/vec4 v0x6470d7633730_0;
    %parti/s 1, 1, 2;
    %and;
    %flag_set/vec4 8;
    %jmp/0xz  T_91.129, 8;
    %pushi/vec4 1, 0, 2;
    %ret/vec4 0, 0, 2;  Assign to tmul (store_vec4_to_lval)
    %jmp T_91.130;
T_91.129 ;
    %load/vec4 v0x6470d7633650_0;
    %parti/s 1, 0, 2;
    %load/vec4 v0x6470d7633730_0;
    %parti/s 1, 1, 2;
    %and;
    %load/vec4 v0x6470d7633650_0;
    %parti/s 1, 1, 2;
    %load/vec4 v0x6470d7633730_0;
    %parti/s 1, 0, 2;
    %and;
    %or;
    %flag_set/vec4 8;
    %jmp/0xz  T_91.131, 8;
    %pushi/vec4 2, 0, 2;
    %ret/vec4 0, 0, 2;  Assign to tmul (store_vec4_to_lval)
T_91.131 ;
T_91.130 ;
T_91.128 ;
    %end;
S_0x6470d7633900 .scope function.vec4.s2, "tneg" "tneg" 4 47, 4 47 0, S_0x6470d7631d90;
 .timescale -9 -12;
v0x6470d7633ae0_0 .var "t", 1 0;
; Variable tneg is vec4 return value of scope S_0x6470d7633900
TD_ga_ops_tb.u_sym.u_nz.m_bb.tneg ;
    %load/vec4 v0x6470d7633ae0_0;
    %parti/s 1, 0, 2;
    %load/vec4 v0x6470d7633ae0_0;
    %parti/s 1, 1, 2;
    %concat/vec4; draw_concat_vec4
    %ret/vec4 0, 0, 2;  Assign to tneg (store_vec4_to_lval)
    %end;
S_0x6470d7633cc0 .scope function.vec4.s2, "tor" "tor" 4 71, 4 71 0, S_0x6470d7631d90;
 .timescale -9 -12;
v0x6470d7633ef0_0 .var "a", 1 0;
v0x6470d7633ff0_0 .var "b", 1 0;
; Variable tor is vec4 return value of scope S_0x6470d7633cc0
TD_ga_ops_tb.u_sym.u_nz.m_bb.tor ;
    %load/vec4 v0x6470d7633ef0_0;
    %parti/s 1, 1, 2;
    %load/vec4 v0x6470d7633ff0_0;
    %parti/s 1, 1, 2;
    %and;
    %load/vec4 v0x6470d7633ef0_0;
    %parti/s 1, 0, 2;
    %load/vec4 v0x6470d7633ff0_0;
    %parti/s 1, 0, 2;
    %or;
    %concat/vec4; draw_concat_vec4
    %ret/vec4 0, 0, 2;  Assign to tor (store_vec4_to_lval)
    %end;
S_0x6470d7634990 .scope module, "u_s1" "tadd_n" 3 160, 4 71 0, S_0x6470d762c1a0;
 .timescale -9 -12;
    .port_info 0 /OUTPUT 26 "sum";
    .port_info 1 /OUTPUT 2 "cout";
    .port_info 2 /INPUT 26 "a";
    .port_info 3 /INPUT 26 "b";
    .port_info 4 /INPUT 2 "cin";
P_0x6470d7634b70 .param/l "NTRITS" 0 4 71, +C4<00000000000000000000000000000000000000000000000000000000000001101>;
v0x6470d7636ce0_0 .net "a", 25 0, L_0x6470d7656620;  alias, 1 drivers
v0x6470d7636de0_0 .net "b", 25 0, L_0x6470d76567b0;  alias, 1 drivers
v0x6470d7636ec0_0 .var "c", 1 0;
L_0x72137824a6d8 .functor BUFT 1, C4<00>, C4<0>, C4<0>, C4<0>;
v0x6470d7636fb0_0 .net "cin", 1 0, L_0x72137824a6d8;  1 drivers
v0x6470d7637090_0 .var "cout", 1 0;
v0x6470d76371c0_0 .var/i "i", 31 0;
v0x6470d76372a0_0 .var "sum", 25 0;
E_0x6470d7634ce0 .event anyedge, v0x6470d7636fb0_0, v0x6470d7636ce0_0, v0x6470d7636de0_0, v0x6470d7636ec0_0;
S_0x6470d7634d50 .scope function.vec4.s4, "tadd1" "tadd1" 4 109, 4 109 0, S_0x6470d7634990;
 .timescale -9 -12;
v0x6470d7634f50_0 .var "a", 1 0;
v0x6470d7635050_0 .var "an", 0 0;
v0x6470d7635110_0 .var "ap", 0 0;
v0x6470d76351e0_0 .var "b", 1 0;
v0x6470d76352c0_0 .var "bn", 0 0;
v0x6470d76353d0_0 .var "bp", 0 0;
v0x6470d7635490_0 .var "cin", 1 0;
v0x6470d7635570_0 .var "cn", 0 0;
v0x6470d7635630_0 .var "con", 0 0;
v0x6470d7635780_0 .var "cop", 0 0;
v0x6470d7635840_0 .var "cp", 0 0;
v0x6470d7635900_0 .var "sn", 0 0;
v0x6470d76359c0_0 .var "sp", 0 0;
; Variable tadd1 is vec4 return value of scope S_0x6470d7634d50
TD_ga_ops_tb.u_sym.u_nz.u_s1.tadd1 ;
    %load/vec4 v0x6470d7634f50_0;
    %parti/s 1, 0, 2;
    %store/vec4 v0x6470d7635110_0, 0, 1;
    %load/vec4 v0x6470d7634f50_0;
    %parti/s 1, 1, 2;
    %store/vec4 v0x6470d7635050_0, 0, 1;
    %load/vec4 v0x6470d76351e0_0;
    %parti/s 1, 0, 2;
    %store/vec4 v0x6470d76353d0_0, 0, 1;
    %load/vec4 v0x6470d76351e0_0;
    %parti/s 1, 1, 2;
    %store/vec4 v0x6470d76352c0_0, 0, 1;
    %load/vec4 v0x6470d7635490_0;
    %parti/s 1, 0, 2;
    %store/vec4 v0x6470d7635840_0, 0, 1;
    %load/vec4 v0x6470d7635490_0;
    %parti/s 1, 1, 2;
    %store/vec4 v0x6470d7635570_0, 0, 1;
    %load/vec4 v0x6470d7635050_0;
    %inv;
    %load/vec4 v0x6470d76352c0_0;
    %inv;
    %and;
    %load/vec4 v0x6470d7635570_0;
    %inv;
    %and;
    %load/vec4 v0x6470d7635110_0;
    %load/vec4 v0x6470d76353d0_0;
    %and;
    %load/vec4 v0x6470d7635110_0;
    %load/vec4 v0x6470d7635840_0;
    %and;
    %or;
    %load/vec4 v0x6470d76353d0_0;
    %load/vec4 v0x6470d7635840_0;
    %and;
    %or;
    %and;
    %store/vec4 v0x6470d7635780_0, 0, 1;
    %load/vec4 v0x6470d7635110_0;
    %inv;
    %load/vec4 v0x6470d76353d0_0;
    %inv;
    %and;
    %load/vec4 v0x6470d7635840_0;
    %inv;
    %and;
    %load/vec4 v0x6470d7635050_0;
    %load/vec4 v0x6470d76352c0_0;
    %and;
    %load/vec4 v0x6470d7635050_0;
    %load/vec4 v0x6470d7635570_0;
    %and;
    %or;
    %load/vec4 v0x6470d76352c0_0;
    %load/vec4 v0x6470d7635570_0;
    %and;
    %or;
    %and;
    %store/vec4 v0x6470d7635630_0, 0, 1;
    %load/vec4 v0x6470d7635110_0;
    %load/vec4 v0x6470d76353d0_0;
    %inv;
    %and;
    %load/vec4 v0x6470d76352c0_0;
    %inv;
    %and;
    %load/vec4 v0x6470d7635840_0;
    %inv;
    %and;
    %load/vec4 v0x6470d7635570_0;
    %inv;
    %and;
    %load/vec4 v0x6470d76353d0_0;
    %load/vec4 v0x6470d7635110_0;
    %inv;
    %and;
    %load/vec4 v0x6470d7635050_0;
    %inv;
    %and;
    %load/vec4 v0x6470d7635840_0;
    %inv;
    %and;
    %load/vec4 v0x6470d7635570_0;
    %inv;
    %and;
    %or;
    %load/vec4 v0x6470d7635840_0;
    %load/vec4 v0x6470d7635110_0;
    %inv;
    %and;
    %load/vec4 v0x6470d7635050_0;
    %inv;
    %and;
    %load/vec4 v0x6470d76353d0_0;
    %inv;
    %and;
    %load/vec4 v0x6470d76352c0_0;
    %inv;
    %and;
    %or;
    %load/vec4 v0x6470d7635110_0;
    %load/vec4 v0x6470d76353d0_0;
    %and;
    %load/vec4 v0x6470d7635570_0;
    %and;
    %or;
    %load/vec4 v0x6470d7635110_0;
    %load/vec4 v0x6470d7635840_0;
    %and;
    %load/vec4 v0x6470d76352c0_0;
    %and;
    %or;
    %load/vec4 v0x6470d76353d0_0;
    %load/vec4 v0x6470d7635840_0;
    %and;
    %load/vec4 v0x6470d7635050_0;
    %and;
    %or;
    %load/vec4 v0x6470d7635110_0;
    %inv;
    %load/vec4 v0x6470d76353d0_0;
    %inv;
    %and;
    %load/vec4 v0x6470d7635840_0;
    %inv;
    %and;
    %load/vec4 v0x6470d7635050_0;
    %load/vec4 v0x6470d76352c0_0;
    %and;
    %load/vec4 v0x6470d7635570_0;
    %inv;
    %and;
    %load/vec4 v0x6470d7635050_0;
    %load/vec4 v0x6470d7635570_0;
    %and;
    %load/vec4 v0x6470d76352c0_0;
    %inv;
    %and;
    %or;
    %load/vec4 v0x6470d76352c0_0;
    %load/vec4 v0x6470d7635570_0;
    %and;
    %load/vec4 v0x6470d7635050_0;
    %inv;
    %and;
    %or;
    %and;
    %or;
    %store/vec4 v0x6470d76359c0_0, 0, 1;
    %load/vec4 v0x6470d7635050_0;
    %load/vec4 v0x6470d76352c0_0;
    %inv;
    %and;
    %load/vec4 v0x6470d7635570_0;
    %inv;
    %and;
    %load/vec4 v0x6470d7635110_0;
    %inv;
    %and;
    %load/vec4 v0x6470d76353d0_0;
    %inv;
    %and;
    %load/vec4 v0x6470d7635840_0;
    %inv;
    %and;
    %load/vec4 v0x6470d76352c0_0;
    %load/vec4 v0x6470d7635050_0;
    %inv;
    %and;
    %load/vec4 v0x6470d7635570_0;
    %inv;
    %and;
    %load/vec4 v0x6470d7635110_0;
    %inv;
    %and;
    %load/vec4 v0x6470d76353d0_0;
    %inv;
    %and;
    %load/vec4 v0x6470d7635840_0;
    %inv;
    %and;
    %or;
    %load/vec4 v0x6470d7635570_0;
    %load/vec4 v0x6470d7635050_0;
    %inv;
    %and;
    %load/vec4 v0x6470d76352c0_0;
    %inv;
    %and;
    %load/vec4 v0x6470d7635110_0;
    %inv;
    %and;
    %load/vec4 v0x6470d76353d0_0;
    %inv;
    %and;
    %load/vec4 v0x6470d7635840_0;
    %inv;
    %and;
    %or;
    %load/vec4 v0x6470d7635110_0;
    %load/vec4 v0x6470d76352c0_0;
    %and;
    %load/vec4 v0x6470d7635570_0;
    %and;
    %or;
    %load/vec4 v0x6470d76353d0_0;
    %load/vec4 v0x6470d7635050_0;
    %and;
    %load/vec4 v0x6470d7635570_0;
    %and;
    %or;
    %load/vec4 v0x6470d7635840_0;
    %load/vec4 v0x6470d7635050_0;
    %and;
    %load/vec4 v0x6470d76352c0_0;
    %and;
    %or;
    %load/vec4 v0x6470d7635050_0;
    %inv;
    %load/vec4 v0x6470d76352c0_0;
    %inv;
    %and;
    %load/vec4 v0x6470d7635570_0;
    %inv;
    %and;
    %load/vec4 v0x6470d7635110_0;
    %load/vec4 v0x6470d76353d0_0;
    %and;
    %load/vec4 v0x6470d7635840_0;
    %inv;
    %and;
    %load/vec4 v0x6470d7635110_0;
    %load/vec4 v0x6470d7635840_0;
    %and;
    %load/vec4 v0x6470d76353d0_0;
    %inv;
    %and;
    %or;
    %load/vec4 v0x6470d76353d0_0;
    %load/vec4 v0x6470d7635840_0;
    %and;
    %load/vec4 v0x6470d7635110_0;
    %inv;
    %and;
    %or;
    %and;
    %or;
    %store/vec4 v0x6470d7635900_0, 0, 1;
    %load/vec4 v0x6470d7635630_0;
    %load/vec4 v0x6470d7635780_0;
    %concat/vec4; draw_concat_vec4
    %load/vec4 v0x6470d7635900_0;
    %concat/vec4; draw_concat_vec4
    %load/vec4 v0x6470d76359c0_0;
    %concat/vec4; draw_concat_vec4
    %ret/vec4 0, 0, 4;  Assign to tadd1 (store_vec4_to_lval)
    %end;
S_0x6470d7635b60 .scope function.vec4.s2, "tand" "tand" 4 95, 4 95 0, S_0x6470d7634990;
 .timescale -9 -12;
v0x6470d7635d10_0 .var "a", 1 0;
v0x6470d7635df0_0 .var "b", 1 0;
; Variable tand is vec4 return value of scope S_0x6470d7635b60
TD_ga_ops_tb.u_sym.u_nz.u_s1.tand ;
    %load/vec4 v0x6470d7635d10_0;
    %parti/s 1, 1, 2;
    %load/vec4 v0x6470d7635df0_0;
    %parti/s 1, 1, 2;
    %or;
    %load/vec4 v0x6470d7635d10_0;
    %parti/s 1, 0, 2;
    %load/vec4 v0x6470d7635df0_0;
    %parti/s 1, 0, 2;
    %and;
    %concat/vec4; draw_concat_vec4
    %ret/vec4 0, 0, 2;  Assign to tand (store_vec4_to_lval)
    %end;
S_0x6470d7635f90 .scope function.vec4.s2, "tmul" "tmul" 4 85, 4 85 0, S_0x6470d7634990;
 .timescale -9 -12;
v0x6470d76361a0_0 .var "a", 1 0;
v0x6470d7636280_0 .var "b", 1 0;
; Variable tmul is vec4 return value of scope S_0x6470d7635f90
TD_ga_ops_tb.u_sym.u_nz.u_s1.tmul ;
    %pushi/vec4 0, 0, 2;
    %ret/vec4 0, 0, 2;  Assign to tmul (store_vec4_to_lval)
    %load/vec4 v0x6470d76361a0_0;
    %parti/s 1, 0, 2;
    %load/vec4 v0x6470d7636280_0;
    %parti/s 1, 0, 2;
    %and;
    %flag_set/vec4 8;
    %jmp/0xz  T_96.133, 8;
    %pushi/vec4 1, 0, 2;
    %ret/vec4 0, 0, 2;  Assign to tmul (store_vec4_to_lval)
    %jmp T_96.134;
T_96.133 ;
    %load/vec4 v0x6470d76361a0_0;
    %parti/s 1, 1, 2;
    %load/vec4 v0x6470d7636280_0;
    %parti/s 1, 1, 2;
    %and;
    %flag_set/vec4 8;
    %jmp/0xz  T_96.135, 8;
    %pushi/vec4 1, 0, 2;
    %ret/vec4 0, 0, 2;  Assign to tmul (store_vec4_to_lval)
    %jmp T_96.136;
T_96.135 ;
    %load/vec4 v0x6470d76361a0_0;
    %parti/s 1, 0, 2;
    %load/vec4 v0x6470d7636280_0;
    %parti/s 1, 1, 2;
    %and;
    %load/vec4 v0x6470d76361a0_0;
    %parti/s 1, 1, 2;
    %load/vec4 v0x6470d7636280_0;
    %parti/s 1, 0, 2;
    %and;
    %or;
    %flag_set/vec4 8;
    %jmp/0xz  T_96.137, 8;
    %pushi/vec4 2, 0, 2;
    %ret/vec4 0, 0, 2;  Assign to tmul (store_vec4_to_lval)
T_96.137 ;
T_96.136 ;
T_96.134 ;
    %end;
S_0x6470d7636450 .scope function.vec4.s2, "tneg" "tneg" 4 78, 4 78 0, S_0x6470d7634990;
 .timescale -9 -12;
v0x6470d7636630_0 .var "t", 1 0;
; Variable tneg is vec4 return value of scope S_0x6470d7636450
TD_ga_ops_tb.u_sym.u_nz.u_s1.tneg ;
    %load/vec4 v0x6470d7636630_0;
    %parti/s 1, 0, 2;
    %load/vec4 v0x6470d7636630_0;
    %parti/s 1, 1, 2;
    %concat/vec4; draw_concat_vec4
    %ret/vec4 0, 0, 2;  Assign to tneg (store_vec4_to_lval)
    %end;
S_0x6470d7636810 .scope function.vec4.s2, "tor" "tor" 4 102, 4 102 0, S_0x6470d7634990;
 .timescale -9 -12;
v0x6470d7636a40_0 .var "a", 1 0;
v0x6470d7636b40_0 .var "b", 1 0;
; Variable tor is vec4 return value of scope S_0x6470d7636810
TD_ga_ops_tb.u_sym.u_nz.u_s1.tor ;
    %load/vec4 v0x6470d7636a40_0;
    %parti/s 1, 1, 2;
    %load/vec4 v0x6470d7636b40_0;
    %parti/s 1, 1, 2;
    %and;
    %load/vec4 v0x6470d7636a40_0;
    %parti/s 1, 0, 2;
    %load/vec4 v0x6470d7636b40_0;
    %parti/s 1, 0, 2;
    %or;
    %concat/vec4; draw_concat_vec4
    %ret/vec4 0, 0, 2;  Assign to tor (store_vec4_to_lval)
    %end;
S_0x6470d7637420 .scope module, "u_s2" "tadd_n" 3 161, 4 71 0, S_0x6470d762c1a0;
 .timescale -9 -12;
    .port_info 0 /OUTPUT 26 "sum";
    .port_info 1 /OUTPUT 2 "cout";
    .port_info 2 /INPUT 26 "a";
    .port_info 3 /INPUT 26 "b";
    .port_info 4 /INPUT 2 "cin";
P_0x6470d7637650 .param/l "NTRITS" 0 4 71, +C4<00000000000000000000000000000000000000000000000000000000000001101>;
v0x6470d76397b0_0 .net "a", 25 0, v0x6470d76372a0_0;  alias, 1 drivers
v0x6470d76398c0_0 .net "b", 25 0, L_0x6470d7656940;  alias, 1 drivers
v0x6470d7639980_0 .var "c", 1 0;
L_0x72137824a720 .functor BUFT 1, C4<00>, C4<0>, C4<0>, C4<0>;
v0x6470d7639a70_0 .net "cin", 1 0, L_0x72137824a720;  1 drivers
v0x6470d7639b50_0 .var "cout", 1 0;
v0x6470d7639c80_0 .var/i "i", 31 0;
v0x6470d7639d60_0 .var "sum", 25 0;
E_0x6470d76377c0 .event anyedge, v0x6470d7639a70_0, v0x6470d76372a0_0, v0x6470d76398c0_0, v0x6470d7639980_0;
S_0x6470d7637820 .scope function.vec4.s4, "tadd1" "tadd1" 4 109, 4 109 0, S_0x6470d7637420;
 .timescale -9 -12;
v0x6470d7637a20_0 .var "a", 1 0;
v0x6470d7637b20_0 .var "an", 0 0;
v0x6470d7637be0_0 .var "ap", 0 0;
v0x6470d7637cb0_0 .var "b", 1 0;
v0x6470d7637d90_0 .var "bn", 0 0;
v0x6470d7637ea0_0 .var "bp", 0 0;
v0x6470d7637f60_0 .var "cin", 1 0;
v0x6470d7638040_0 .var "cn", 0 0;
v0x6470d7638100_0 .var "con", 0 0;
v0x6470d7638250_0 .var "cop", 0 0;
v0x6470d7638310_0 .var "cp", 0 0;
v0x6470d76383d0_0 .var "sn", 0 0;
v0x6470d7638490_0 .var "sp", 0 0;
; Variable tadd1 is vec4 return value of scope S_0x6470d7637820
TD_ga_ops_tb.u_sym.u_nz.u_s2.tadd1 ;
    %load/vec4 v0x6470d7637a20_0;
    %parti/s 1, 0, 2;
    %store/vec4 v0x6470d7637be0_0, 0, 1;
    %load/vec4 v0x6470d7637a20_0;
    %parti/s 1, 1, 2;
    %store/vec4 v0x6470d7637b20_0, 0, 1;
    %load/vec4 v0x6470d7637cb0_0;
    %parti/s 1, 0, 2;
    %store/vec4 v0x6470d7637ea0_0, 0, 1;
    %load/vec4 v0x6470d7637cb0_0;
    %parti/s 1, 1, 2;
    %store/vec4 v0x6470d7637d90_0, 0, 1;
    %load/vec4 v0x6470d7637f60_0;
    %parti/s 1, 0, 2;
    %store/vec4 v0x6470d7638310_0, 0, 1;
    %load/vec4 v0x6470d7637f60_0;
    %parti/s 1, 1, 2;
    %store/vec4 v0x6470d7638040_0, 0, 1;
    %load/vec4 v0x6470d7637b20_0;
    %inv;
    %load/vec4 v0x6470d7637d90_0;
    %inv;
    %and;
    %load/vec4 v0x6470d7638040_0;
    %inv;
    %and;
    %load/vec4 v0x6470d7637be0_0;
    %load/vec4 v0x6470d7637ea0_0;
    %and;
    %load/vec4 v0x6470d7637be0_0;
    %load/vec4 v0x6470d7638310_0;
    %and;
    %or;
    %load/vec4 v0x6470d7637ea0_0;
    %load/vec4 v0x6470d7638310_0;
    %and;
    %or;
    %and;
    %store/vec4 v0x6470d7638250_0, 0, 1;
    %load/vec4 v0x6470d7637be0_0;
    %inv;
    %load/vec4 v0x6470d7637ea0_0;
    %inv;
    %and;
    %load/vec4 v0x6470d7638310_0;
    %inv;
    %and;
    %load/vec4 v0x6470d7637b20_0;
    %load/vec4 v0x6470d7637d90_0;
    %and;
    %load/vec4 v0x6470d7637b20_0;
    %load/vec4 v0x6470d7638040_0;
    %and;
    %or;
    %load/vec4 v0x6470d7637d90_0;
    %load/vec4 v0x6470d7638040_0;
    %and;
    %or;
    %and;
    %store/vec4 v0x6470d7638100_0, 0, 1;
    %load/vec4 v0x6470d7637be0_0;
    %load/vec4 v0x6470d7637ea0_0;
    %inv;
    %and;
    %load/vec4 v0x6470d7637d90_0;
    %inv;
    %and;
    %load/vec4 v0x6470d7638310_0;
    %inv;
    %and;
    %load/vec4 v0x6470d7638040_0;
    %inv;
    %and;
    %load/vec4 v0x6470d7637ea0_0;
    %load/vec4 v0x6470d7637be0_0;
    %inv;
    %and;
    %load/vec4 v0x6470d7637b20_0;
    %inv;
    %and;
    %load/vec4 v0x6470d7638310_0;
    %inv;
    %and;
    %load/vec4 v0x6470d7638040_0;
    %inv;
    %and;
    %or;
    %load/vec4 v0x6470d7638310_0;
    %load/vec4 v0x6470d7637be0_0;
    %inv;
    %and;
    %load/vec4 v0x6470d7637b20_0;
    %inv;
    %and;
    %load/vec4 v0x6470d7637ea0_0;
    %inv;
    %and;
    %load/vec4 v0x6470d7637d90_0;
    %inv;
    %and;
    %or;
    %load/vec4 v0x6470d7637be0_0;
    %load/vec4 v0x6470d7637ea0_0;
    %and;
    %load/vec4 v0x6470d7638040_0;
    %and;
    %or;
    %load/vec4 v0x6470d7637be0_0;
    %load/vec4 v0x6470d7638310_0;
    %and;
    %load/vec4 v0x6470d7637d90_0;
    %and;
    %or;
    %load/vec4 v0x6470d7637ea0_0;
    %load/vec4 v0x6470d7638310_0;
    %and;
    %load/vec4 v0x6470d7637b20_0;
    %and;
    %or;
    %load/vec4 v0x6470d7637be0_0;
    %inv;
    %load/vec4 v0x6470d7637ea0_0;
    %inv;
    %and;
    %load/vec4 v0x6470d7638310_0;
    %inv;
    %and;
    %load/vec4 v0x6470d7637b20_0;
    %load/vec4 v0x6470d7637d90_0;
    %and;
    %load/vec4 v0x6470d7638040_0;
    %inv;
    %and;
    %load/vec4 v0x6470d7637b20_0;
    %load/vec4 v0x6470d7638040_0;
    %and;
    %load/vec4 v0x6470d7637d90_0;
    %inv;
    %and;
    %or;
    %load/vec4 v0x6470d7637d90_0;
    %load/vec4 v0x6470d7638040_0;
    %and;
    %load/vec4 v0x6470d7637b20_0;
    %inv;
    %and;
    %or;
    %and;
    %or;
    %store/vec4 v0x6470d7638490_0, 0, 1;
    %load/vec4 v0x6470d7637b20_0;
    %load/vec4 v0x6470d7637d90_0;
    %inv;
    %and;
    %load/vec4 v0x6470d7638040_0;
    %inv;
    %and;
    %load/vec4 v0x6470d7637be0_0;
    %inv;
    %and;
    %load/vec4 v0x6470d7637ea0_0;
    %inv;
    %and;
    %load/vec4 v0x6470d7638310_0;
    %inv;
    %and;
    %load/vec4 v0x6470d7637d90_0;
    %load/vec4 v0x6470d7637b20_0;
    %inv;
    %and;
    %load/vec4 v0x6470d7638040_0;
    %inv;
    %and;
    %load/vec4 v0x6470d7637be0_0;
    %inv;
    %and;
    %load/vec4 v0x6470d7637ea0_0;
    %inv;
    %and;
    %load/vec4 v0x6470d7638310_0;
    %inv;
    %and;
    %or;
    %load/vec4 v0x6470d7638040_0;
    %load/vec4 v0x6470d7637b20_0;
    %inv;
    %and;
    %load/vec4 v0x6470d7637d90_0;
    %inv;
    %and;
    %load/vec4 v0x6470d7637be0_0;
    %inv;
    %and;
    %load/vec4 v0x6470d7637ea0_0;
    %inv;
    %and;
    %load/vec4 v0x6470d7638310_0;
    %inv;
    %and;
    %or;
    %load/vec4 v0x6470d7637be0_0;
    %load/vec4 v0x6470d7637d90_0;
    %and;
    %load/vec4 v0x6470d7638040_0;
    %and;
    %or;
    %load/vec4 v0x6470d7637ea0_0;
    %load/vec4 v0x6470d7637b20_0;
    %and;
    %load/vec4 v0x6470d7638040_0;
    %and;
    %or;
    %load/vec4 v0x6470d7638310_0;
    %load/vec4 v0x6470d7637b20_0;
    %and;
    %load/vec4 v0x6470d7637d90_0;
    %and;
    %or;
    %load/vec4 v0x6470d7637b20_0;
    %inv;
    %load/vec4 v0x6470d7637d90_0;
    %inv;
    %and;
    %load/vec4 v0x6470d7638040_0;
    %inv;
    %and;
    %load/vec4 v0x6470d7637be0_0;
    %load/vec4 v0x6470d7637ea0_0;
    %and;
    %load/vec4 v0x6470d7638310_0;
    %inv;
    %and;
    %load/vec4 v0x6470d7637be0_0;
    %load/vec4 v0x6470d7638310_0;
    %and;
    %load/vec4 v0x6470d7637ea0_0;
    %inv;
    %and;
    %or;
    %load/vec4 v0x6470d7637ea0_0;
    %load/vec4 v0x6470d7638310_0;
    %and;
    %load/vec4 v0x6470d7637be0_0;
    %inv;
    %and;
    %or;
    %and;
    %or;
    %store/vec4 v0x6470d76383d0_0, 0, 1;
    %load/vec4 v0x6470d7638100_0;
    %load/vec4 v0x6470d7638250_0;
    %concat/vec4; draw_concat_vec4
    %load/vec4 v0x6470d76383d0_0;
    %concat/vec4; draw_concat_vec4
    %load/vec4 v0x6470d7638490_0;
    %concat/vec4; draw_concat_vec4
    %ret/vec4 0, 0, 4;  Assign to tadd1 (store_vec4_to_lval)
    %end;
S_0x6470d7638630 .scope function.vec4.s2, "tand" "tand" 4 95, 4 95 0, S_0x6470d7637420;
 .timescale -9 -12;
v0x6470d76387e0_0 .var "a", 1 0;
v0x6470d76388c0_0 .var "b", 1 0;
; Variable tand is vec4 return value of scope S_0x6470d7638630
TD_ga_ops_tb.u_sym.u_nz.u_s2.tand ;
    %load/vec4 v0x6470d76387e0_0;
    %parti/s 1, 1, 2;
    %load/vec4 v0x6470d76388c0_0;
    %parti/s 1, 1, 2;
    %or;
    %load/vec4 v0x6470d76387e0_0;
    %parti/s 1, 0, 2;
    %load/vec4 v0x6470d76388c0_0;
    %parti/s 1, 0, 2;
    %and;
    %concat/vec4; draw_concat_vec4
    %ret/vec4 0, 0, 2;  Assign to tand (store_vec4_to_lval)
    %end;
S_0x6470d7638a60 .scope function.vec4.s2, "tmul" "tmul" 4 85, 4 85 0, S_0x6470d7637420;
 .timescale -9 -12;
v0x6470d7638c70_0 .var "a", 1 0;
v0x6470d7638d50_0 .var "b", 1 0;
; Variable tmul is vec4 return value of scope S_0x6470d7638a60
TD_ga_ops_tb.u_sym.u_nz.u_s2.tmul ;
    %pushi/vec4 0, 0, 2;
    %ret/vec4 0, 0, 2;  Assign to tmul (store_vec4_to_lval)
    %load/vec4 v0x6470d7638c70_0;
    %parti/s 1, 0, 2;
    %load/vec4 v0x6470d7638d50_0;
    %parti/s 1, 0, 2;
    %and;
    %flag_set/vec4 8;
    %jmp/0xz  T_101.139, 8;
    %pushi/vec4 1, 0, 2;
    %ret/vec4 0, 0, 2;  Assign to tmul (store_vec4_to_lval)
    %jmp T_101.140;
T_101.139 ;
    %load/vec4 v0x6470d7638c70_0;
    %parti/s 1, 1, 2;
    %load/vec4 v0x6470d7638d50_0;
    %parti/s 1, 1, 2;
    %and;
    %flag_set/vec4 8;
    %jmp/0xz  T_101.141, 8;
    %pushi/vec4 1, 0, 2;
    %ret/vec4 0, 0, 2;  Assign to tmul (store_vec4_to_lval)
    %jmp T_101.142;
T_101.141 ;
    %load/vec4 v0x6470d7638c70_0;
    %parti/s 1, 0, 2;
    %load/vec4 v0x6470d7638d50_0;
    %parti/s 1, 1, 2;
    %and;
    %load/vec4 v0x6470d7638c70_0;
    %parti/s 1, 1, 2;
    %load/vec4 v0x6470d7638d50_0;
    %parti/s 1, 0, 2;
    %and;
    %or;
    %flag_set/vec4 8;
    %jmp/0xz  T_101.143, 8;
    %pushi/vec4 2, 0, 2;
    %ret/vec4 0, 0, 2;  Assign to tmul (store_vec4_to_lval)
T_101.143 ;
T_101.142 ;
T_101.140 ;
    %end;
S_0x6470d7638f20 .scope function.vec4.s2, "tneg" "tneg" 4 78, 4 78 0, S_0x6470d7637420;
 .timescale -9 -12;
v0x6470d7639100_0 .var "t", 1 0;
; Variable tneg is vec4 return value of scope S_0x6470d7638f20
TD_ga_ops_tb.u_sym.u_nz.u_s2.tneg ;
    %load/vec4 v0x6470d7639100_0;
    %parti/s 1, 0, 2;
    %load/vec4 v0x6470d7639100_0;
    %parti/s 1, 1, 2;
    %concat/vec4; draw_concat_vec4
    %ret/vec4 0, 0, 2;  Assign to tneg (store_vec4_to_lval)
    %end;
S_0x6470d76392e0 .scope function.vec4.s2, "tor" "tor" 4 102, 4 102 0, S_0x6470d7637420;
 .timescale -9 -12;
v0x6470d7639510_0 .var "a", 1 0;
v0x6470d7639610_0 .var "b", 1 0;
; Variable tor is vec4 return value of scope S_0x6470d76392e0
TD_ga_ops_tb.u_sym.u_nz.u_s2.tor ;
    %load/vec4 v0x6470d7639510_0;
    %parti/s 1, 1, 2;
    %load/vec4 v0x6470d7639610_0;
    %parti/s 1, 1, 2;
    %and;
    %load/vec4 v0x6470d7639510_0;
    %parti/s 1, 0, 2;
    %load/vec4 v0x6470d7639610_0;
    %parti/s 1, 0, 2;
    %or;
    %concat/vec4; draw_concat_vec4
    %ret/vec4 0, 0, 2;  Assign to tor (store_vec4_to_lval)
    %end;
S_0x6470d763ab50 .scope module, "u_nzw" "tnorm_full" 3 257, 3 144 0, S_0x6470d7612a60;
 .timescale -9 -12;
    .port_info 0 /OUTPUT 30 "n";
    .port_info 1 /INPUT 14 "a";
    .port_info 2 /INPUT 14 "b";
P_0x6470d763ad30 .param/l "NIN" 0 3 144, +C4<00000000000000000000000000000111>;
P_0x6470d763ad70 .param/l "R" 1 3 148, +C4<00000000000000000000000000000000000000000000000000000000000001111>;
L_0x6470d7655190 .functor BUFZ 30, v0x6470d76486f0_0, C4<000000000000000000000000000000>, C4<000000000000000000000000000000>, C4<000000000000000000000000000000>;
L_0x72137824a498 .functor BUFT 1, C4<00>, C4<0>, C4<0>, C4<0>;
v0x6470d7648870_0 .net/2u *"_ivl_0", 1 0, L_0x72137824a498;  1 drivers
L_0x72137824a4e0 .functor BUFT 1, C4<00>, C4<0>, C4<0>, C4<0>;
v0x6470d7648970_0 .net/2u *"_ivl_4", 1 0, L_0x72137824a4e0;  1 drivers
L_0x72137824a528 .functor BUFT 1, C4<00>, C4<0>, C4<0>, C4<0>;
v0x6470d7648a50_0 .net/2u *"_ivl_8", 1 0, L_0x72137824a528;  1 drivers
v0x6470d7648b10_0 .net "a", 13 0, v0x6470d761abb0_0;  alias, 1 drivers
v0x6470d7648c60_0 .net "aa", 27 0, v0x6470d763da50_0;  1 drivers
v0x6470d7648d20_0 .net "aa_p", 29 0, L_0x6470d7656120;  1 drivers
v0x6470d7648df0_0 .net "ab", 27 0, v0x6470d76405e0_0;  1 drivers
v0x6470d7648ec0_0 .net "ab_p", 29 0, L_0x6470d76562b0;  1 drivers
v0x6470d7648f90_0 .net "b", 13 0, v0x6470d761d640_0;  alias, 1 drivers
v0x6470d7649150_0 .net "bb", 27 0, v0x6470d76431c0_0;  1 drivers
v0x6470d7649240_0 .net "bb_p", 29 0, L_0x6470d7656440;  1 drivers
v0x6470d7649310_0 .net "n", 29 0, L_0x6470d7655190;  alias, 1 drivers
v0x6470d76493e0_0 .net "s1", 29 0, v0x6470d7645c30_0;  1 drivers
v0x6470d7649480_0 .net "s2", 29 0, v0x6470d76486f0_0;  1 drivers
L_0x6470d7656120 .concat [ 28 2 0 0], v0x6470d763da50_0, L_0x72137824a498;
L_0x6470d76562b0 .concat [ 28 2 0 0], v0x6470d76405e0_0, L_0x72137824a4e0;
L_0x6470d7656440 .concat [ 28 2 0 0], v0x6470d76431c0_0, L_0x72137824a528;
S_0x6470d763afc0 .scope module, "m_aa" "tmul_sa" 3 151, 4 42 0, S_0x6470d763ab50;
 .timescale -9 -12;
    .port_info 0 /OUTPUT 28 "prod";
    .port_info 1 /INPUT 14 "a";
    .port_info 2 /INPUT 14 "b";
P_0x6470d763ae10 .param/l "ACCBITS" 1 4 48, +C4<0000000000000000000000000000000000000000000000000000000000000000000000000000000000000000000011110>;
P_0x6470d763ae50 .param/l "NTRITS" 0 4 42, +C4<00000000000000000000000000000111>;
v0x6470d763d390_0 .net "a", 13 0, v0x6470d761abb0_0;  alias, 1 drivers
v0x6470d763d4a0_0 .var "acc", 29 0;
v0x6470d763d560_0 .net "b", 13 0, v0x6470d761abb0_0;  alias, 1 drivers
v0x6470d763d680_0 .var "c", 1 0;
v0x6470d763d760_0 .var/i "i", 31 0;
v0x6470d763d890_0 .var/i "j", 31 0;
v0x6470d763d970_0 .var "pp", 29 0;
v0x6470d763da50_0 .var "prod", 27 0;
E_0x6470d763b590/0 .event anyedge, v0x6470d761abb0_0, v0x6470d761abb0_0, v0x6470d763d4a0_0, v0x6470d763d970_0;
E_0x6470d763b590/1 .event anyedge, v0x6470d763d680_0;
E_0x6470d763b590 .event/or E_0x6470d763b590/0, E_0x6470d763b590/1;
S_0x6470d763b210 .scope function.vec4.s4, "tadd1" "tadd1" 4 78, 4 78 0, S_0x6470d763afc0;
 .timescale -9 -12;
v0x6470d763b690_0 .var "a", 1 0;
v0x6470d763b790_0 .var "an", 0 0;
v0x6470d763b850_0 .var "ap", 0 0;
v0x6470d763b920_0 .var "b", 1 0;
v0x6470d763ba00_0 .var "bn", 0 0;
v0x6470d763bb10_0 .var "bp", 0 0;
v0x6470d763bbd0_0 .var "cin", 1 0;
v0x6470d763bcb0_0 .var "cn", 0 0;
v0x6470d763bd70_0 .var "con", 0 0;
v0x6470d763be30_0 .var "cop", 0 0;
v0x6470d763bef0_0 .var "cp", 0 0;
v0x6470d763bfb0_0 .var "sn", 0 0;
v0x6470d763c070_0 .var "sp", 0 0;
; Variable tadd1 is vec4 return value of scope S_0x6470d763b210
TD_ga_ops_tb.u_sym.u_nzw.m_aa.tadd1 ;
    %load/vec4 v0x6470d763b690_0;
    %parti/s 1, 0, 2;
    %store/vec4 v0x6470d763b850_0, 0, 1;
    %load/vec4 v0x6470d763b690_0;
    %parti/s 1, 1, 2;
    %store/vec4 v0x6470d763b790_0, 0, 1;
    %load/vec4 v0x6470d763b920_0;
    %parti/s 1, 0, 2;
    %store/vec4 v0x6470d763bb10_0, 0, 1;
    %load/vec4 v0x6470d763b920_0;
    %parti/s 1, 1, 2;
    %store/vec4 v0x6470d763ba00_0, 0, 1;
    %load/vec4 v0x6470d763bbd0_0;
    %parti/s 1, 0, 2;
    %store/vec4 v0x6470d763bef0_0, 0, 1;
    %load/vec4 v0x6470d763bbd0_0;
    %parti/s 1, 1, 2;
    %store/vec4 v0x6470d763bcb0_0, 0, 1;
    %load/vec4 v0x6470d763b790_0;
    %inv;
    %load/vec4 v0x6470d763ba00_0;
    %inv;
    %and;
    %load/vec4 v0x6470d763bcb0_0;
    %inv;
    %and;
    %load/vec4 v0x6470d763b850_0;
    %load/vec4 v0x6470d763bb10_0;
    %and;
    %load/vec4 v0x6470d763b850_0;
    %load/vec4 v0x6470d763bef0_0;
    %and;
    %or;
    %load/vec4 v0x6470d763bb10_0;
    %load/vec4 v0x6470d763bef0_0;
    %and;
    %or;
    %and;
    %store/vec4 v0x6470d763be30_0, 0, 1;
    %load/vec4 v0x6470d763b850_0;
    %inv;
    %load/vec4 v0x6470d763bb10_0;
    %inv;
    %and;
    %load/vec4 v0x6470d763bef0_0;
    %inv;
    %and;
    %load/vec4 v0x6470d763b790_0;
    %load/vec4 v0x6470d763ba00_0;
    %and;
    %load/vec4 v0x6470d763b790_0;
    %load/vec4 v0x6470d763bcb0_0;
    %and;
    %or;
    %load/vec4 v0x6470d763ba00_0;
    %load/vec4 v0x6470d763bcb0_0;
    %and;
    %or;
    %and;
    %store/vec4 v0x6470d763bd70_0, 0, 1;
    %load/vec4 v0x6470d763b850_0;
    %load/vec4 v0x6470d763bb10_0;
    %inv;
    %and;
    %load/vec4 v0x6470d763ba00_0;
    %inv;
    %and;
    %load/vec4 v0x6470d763bef0_0;
    %inv;
    %and;
    %load/vec4 v0x6470d763bcb0_0;
    %inv;
    %and;
    %load/vec4 v0x6470d763bb10_0;
    %load/vec4 v0x6470d763b850_0;
    %inv;
    %and;
    %load/vec4 v0x6470d763b790_0;
    %inv;
    %and;
    %load/vec4 v0x6470d763bef0_0;
    %inv;
    %and;
    %load/vec4 v0x6470d763bcb0_0;
    %inv;
    %and;
    %or;
    %load/vec4 v0x6470d763bef0_0;
    %load/vec4 v0x6470d763b850_0;
    %inv;
    %and;
    %load/vec4 v0x6470d763b790_0;
    %inv;
    %and;
    %load/vec4 v0x6470d763bb10_0;
    %inv;
    %and;
    %load/vec4 v0x6470d763ba00_0;
    %inv;
    %and;
    %or;
    %load/vec4 v0x6470d763b850_0;
    %load/vec4 v0x6470d763bb10_0;
    %and;
    %load/vec4 v0x6470d763bcb0_0;
    %and;
    %or;
    %load/vec4 v0x6470d763b850_0;
    %load/vec4 v0x6470d763bef0_0;
    %and;
    %load/vec4 v0x6470d763ba00_0;
    %and;
    %or;
    %load/vec4 v0x6470d763bb10_0;
    %load/vec4 v0x6470d763bef0_0;
    %and;
    %load/vec4 v0x6470d763b790_0;
    %and;
    %or;
    %load/vec4 v0x6470d763b850_0;
    %inv;
    %load/vec4 v0x6470d763bb10_0;
    %inv;
    %and;
    %load/vec4 v0x6470d763bef0_0;
    %inv;
    %and;
    %load/vec4 v0x6470d763b790_0;
    %load/vec4 v0x6470d763ba00_0;
    %and;
    %load/vec4 v0x6470d763bcb0_0;
    %inv;
    %and;
    %load/vec4 v0x6470d763b790_0;
    %load/vec4 v0x6470d763bcb0_0;
    %and;
    %load/vec4 v0x6470d763ba00_0;
    %inv;
    %and;
    %or;
    %load/vec4 v0x6470d763ba00_0;
    %load/vec4 v0x6470d763bcb0_0;
    %and;
    %load/vec4 v0x6470d763b790_0;
    %inv;
    %and;
    %or;
    %and;
    %or;
    %store/vec4 v0x6470d763c070_0, 0, 1;
    %load/vec4 v0x6470d763b790_0;
    %load/vec4 v0x6470d763ba00_0;
    %inv;
    %and;
    %load/vec4 v0x6470d763bcb0_0;
    %inv;
    %and;
    %load/vec4 v0x6470d763b850_0;
    %inv;
    %and;
    %load/vec4 v0x6470d763bb10_0;
    %inv;
    %and;
    %load/vec4 v0x6470d763bef0_0;
    %inv;
    %and;
    %load/vec4 v0x6470d763ba00_0;
    %load/vec4 v0x6470d763b790_0;
    %inv;
    %and;
    %load/vec4 v0x6470d763bcb0_0;
    %inv;
    %and;
    %load/vec4 v0x6470d763b850_0;
    %inv;
    %and;
    %load/vec4 v0x6470d763bb10_0;
    %inv;
    %and;
    %load/vec4 v0x6470d763bef0_0;
    %inv;
    %and;
    %or;
    %load/vec4 v0x6470d763bcb0_0;
    %load/vec4 v0x6470d763b790_0;
    %inv;
    %and;
    %load/vec4 v0x6470d763ba00_0;
    %inv;
    %and;
    %load/vec4 v0x6470d763b850_0;
    %inv;
    %and;
    %load/vec4 v0x6470d763bb10_0;
    %inv;
    %and;
    %load/vec4 v0x6470d763bef0_0;
    %inv;
    %and;
    %or;
    %load/vec4 v0x6470d763b850_0;
    %load/vec4 v0x6470d763ba00_0;
    %and;
    %load/vec4 v0x6470d763bcb0_0;
    %and;
    %or;
    %load/vec4 v0x6470d763bb10_0;
    %load/vec4 v0x6470d763b790_0;
    %and;
    %load/vec4 v0x6470d763bcb0_0;
    %and;
    %or;
    %load/vec4 v0x6470d763bef0_0;
    %load/vec4 v0x6470d763b790_0;
    %and;
    %load/vec4 v0x6470d763ba00_0;
    %and;
    %or;
    %load/vec4 v0x6470d763b790_0;
    %inv;
    %load/vec4 v0x6470d763ba00_0;
    %inv;
    %and;
    %load/vec4 v0x6470d763bcb0_0;
    %inv;
    %and;
    %load/vec4 v0x6470d763b850_0;
    %load/vec4 v0x6470d763bb10_0;
    %and;
    %load/vec4 v0x6470d763bef0_0;
    %inv;
    %and;
    %load/vec4 v0x6470d763b850_0;
    %load/vec4 v0x6470d763bef0_0;
    %and;
    %load/vec4 v0x6470d763bb10_0;
    %inv;
    %and;
    %or;
    %load/vec4 v0x6470d763bb10_0;
    %load/vec4 v0x6470d763bef0_0;
    %and;
    %load/vec4 v0x6470d763b850_0;
    %inv;
    %and;
    %or;
    %and;
    %or;
    %store/vec4 v0x6470d763bfb0_0, 0, 1;
    %load/vec4 v0x6470d763bd70_0;
    %load/vec4 v0x6470d763be30_0;
    %concat/vec4; draw_concat_vec4
    %load/vec4 v0x6470d763bfb0_0;
    %concat/vec4; draw_concat_vec4
    %load/vec4 v0x6470d763c070_0;
    %concat/vec4; draw_concat_vec4
    %ret/vec4 0, 0, 4;  Assign to tadd1 (store_vec4_to_lval)
    %end;
S_0x6470d763c210 .scope function.vec4.s2, "tand" "tand" 4 64, 4 64 0, S_0x6470d763afc0;
 .timescale -9 -12;
v0x6470d763c3c0_0 .var "a", 1 0;
v0x6470d763c4a0_0 .var "b", 1 0;
; Variable tand is vec4 return value of scope S_0x6470d763c210
TD_ga_ops_tb.u_sym.u_nzw.m_aa.tand ;
    %load/vec4 v0x6470d763c3c0_0;
    %parti/s 1, 1, 2;
    %load/vec4 v0x6470d763c4a0_0;
    %parti/s 1, 1, 2;
    %or;
    %load/vec4 v0x6470d763c3c0_0;
    %parti/s 1, 0, 2;
    %load/vec4 v0x6470d763c4a0_0;
    %parti/s 1, 0, 2;
    %and;
    %concat/vec4; draw_concat_vec4
    %ret/vec4 0, 0, 2;  Assign to tand (store_vec4_to_lval)
    %end;
S_0x6470d763c640 .scope function.vec4.s2, "tmul" "tmul" 4 54, 4 54 0, S_0x6470d763afc0;
 .timescale -9 -12;
v0x6470d763c850_0 .var "a", 1 0;
v0x6470d763c930_0 .var "b", 1 0;
; Variable tmul is vec4 return value of scope S_0x6470d763c640
TD_ga_ops_tb.u_sym.u_nzw.m_aa.tmul ;
    %pushi/vec4 0, 0, 2;
    %ret/vec4 0, 0, 2;  Assign to tmul (store_vec4_to_lval)
    %load/vec4 v0x6470d763c850_0;
    %parti/s 1, 0, 2;
    %load/vec4 v0x6470d763c930_0;
    %parti/s 1, 0, 2;
    %and;
    %flag_set/vec4 8;
    %jmp/0xz  T_106.145, 8;
    %pushi/vec4 1, 0, 2;
    %ret/vec4 0, 0, 2;  Assign to tmul (store_vec4_to_lval)
    %jmp T_106.146;
T_106.145 ;
    %load/vec4 v0x6470d763c850_0;
    %parti/s 1, 1, 2;
    %load/vec4 v0x6470d763c930_0;
    %parti/s 1, 1, 2;
    %and;
    %flag_set/vec4 8;
    %jmp/0xz  T_106.147, 8;
    %pushi/vec4 1, 0, 2;
    %ret/vec4 0, 0, 2;  Assign to tmul (store_vec4_to_lval)
    %jmp T_106.148;
T_106.147 ;
    %load/vec4 v0x6470d763c850_0;
    %parti/s 1, 0, 2;
    %load/vec4 v0x6470d763c930_0;
    %parti/s 1, 1, 2;
    %and;
    %load/vec4 v0x6470d763c850_0;
    %parti/s 1, 1, 2;
    %load/vec4 v0x6470d763c930_0;
    %parti/s 1, 0, 2;
    %and;
    %or;
    %flag_set/vec4 8;
    %jmp/0xz  T_106.149, 8;
    %pushi/vec4 2, 0, 2;
    %ret/vec4 0, 0, 2;  Assign to tmul (store_vec4_to_lval)
T_106.149 ;
T_106.148 ;
T_106.146 ;
    %end;
S_0x6470d763cb00 .scope function.vec4.s2, "tneg" "tneg" 4 47, 4 47 0, S_0x6470d763afc0;
 .timescale -9 -12;
v0x6470d763cce0_0 .var "t", 1 0;
; Variable tneg is vec4 return value of scope S_0x6470d763cb00
TD_ga_ops_tb.u_sym.u_nzw.m_aa.tneg ;
    %load/vec4 v0x6470d763cce0_0;
    %parti/s 1, 0, 2;
    %load/vec4 v0x6470d763cce0_0;
    %parti/s 1, 1, 2;
    %concat/vec4; draw_concat_vec4
    %ret/vec4 0, 0, 2;  Assign to tneg (store_vec4_to_lval)
    %end;
S_0x6470d763cec0 .scope function.vec4.s2, "tor" "tor" 4 71, 4 71 0, S_0x6470d763afc0;
 .timescale -9 -12;
v0x6470d763d0f0_0 .var "a", 1 0;
v0x6470d763d1f0_0 .var "b", 1 0;
; Variable tor is vec4 return value of scope S_0x6470d763cec0
TD_ga_ops_tb.u_sym.u_nzw.m_aa.tor ;
    %load/vec4 v0x6470d763d0f0_0;
    %parti/s 1, 1, 2;
    %load/vec4 v0x6470d763d1f0_0;
    %parti/s 1, 1, 2;
    %and;
    %load/vec4 v0x6470d763d0f0_0;
    %parti/s 1, 0, 2;
    %load/vec4 v0x6470d763d1f0_0;
    %parti/s 1, 0, 2;
    %or;
    %concat/vec4; draw_concat_vec4
    %ret/vec4 0, 0, 2;  Assign to tor (store_vec4_to_lval)
    %end;
S_0x6470d763dbb0 .scope module, "m_ab" "tmul_sa" 3 152, 4 42 0, S_0x6470d763ab50;
 .timescale -9 -12;
    .port_info 0 /OUTPUT 28 "prod";
    .port_info 1 /INPUT 14 "a";
    .port_info 2 /INPUT 14 "b";
P_0x6470d763dd90 .param/l "ACCBITS" 1 4 48, +C4<0000000000000000000000000000000000000000000000000000000000000000000000000000000000000000000011110>;
P_0x6470d763ddd0 .param/l "NTRITS" 0 4 42, +C4<00000000000000000000000000000111>;
v0x6470d763ff70_0 .net "a", 13 0, v0x6470d761abb0_0;  alias, 1 drivers
v0x6470d7640050_0 .var "acc", 29 0;
v0x6470d7640130_0 .net "b", 13 0, v0x6470d761d640_0;  alias, 1 drivers
v0x6470d7640230_0 .var "c", 1 0;
v0x6470d76402f0_0 .var/i "i", 31 0;
v0x6470d7640420_0 .var/i "j", 31 0;
v0x6470d7640500_0 .var "pp", 29 0;
v0x6470d76405e0_0 .var "prod", 27 0;
E_0x6470d763e1a0/0 .event anyedge, v0x6470d761abb0_0, v0x6470d761d640_0, v0x6470d7640050_0, v0x6470d7640500_0;
E_0x6470d763e1a0/1 .event anyedge, v0x6470d7640230_0;
E_0x6470d763e1a0 .event/or E_0x6470d763e1a0/0, E_0x6470d763e1a0/1;
S_0x6470d763de70 .scope function.vec4.s4, "tadd1" "tadd1" 4 78, 4 78 0, S_0x6470d763dbb0;
 .timescale -9 -12;
v0x6470d763e270_0 .var "a", 1 0;
v0x6470d763e370_0 .var "an", 0 0;
v0x6470d763e430_0 .var "ap", 0 0;
v0x6470d763e500_0 .var "b", 1 0;
v0x6470d763e5e0_0 .var "bn", 0 0;
v0x6470d763e6f0_0 .var "bp", 0 0;
v0x6470d763e7b0_0 .var "cin", 1 0;
v0x6470d763e890_0 .var "cn", 0 0;
v0x6470d763e950_0 .var "con", 0 0;
v0x6470d763ea10_0 .var "cop", 0 0;
v0x6470d763ead0_0 .var "cp", 0 0;
v0x6470d763eb90_0 .var "sn", 0 0;
v0x6470d763ec50_0 .var "sp", 0 0;
; Variable tadd1 is vec4 return value of scope S_0x6470d763de70
TD_ga_ops_tb.u_sym.u_nzw.m_ab.tadd1 ;
    %load/vec4 v0x6470d763e270_0;
    %parti/s 1, 0, 2;
    %store/vec4 v0x6470d763e430_0, 0, 1;
    %load/vec4 v0x6470d763e270_0;
    %parti/s 1, 1, 2;
    %store/vec4 v0x6470d763e370_0, 0, 1;
    %load/vec4 v0x6470d763e500_0;
    %parti/s 1, 0, 2;
    %store/vec4 v0x6470d763e6f0_0, 0, 1;
    %load/vec4 v0x6470d763e500_0;
    %parti/s 1, 1, 2;
    %store/vec4 v0x6470d763e5e0_0, 0, 1;
    %load/vec4 v0x6470d763e7b0_0;
    %parti/s 1, 0, 2;
    %store/vec4 v0x6470d763ead0_0, 0, 1;
    %load/vec4 v0x6470d763e7b0_0;
    %parti/s 1, 1, 2;
    %store/vec4 v0x6470d763e890_0, 0, 1;
    %load/vec4 v0x6470d763e370_0;
    %inv;
    %load/vec4 v0x6470d763e5e0_0;
    %inv;
    %and;
    %load/vec4 v0x6470d763e890_0;
    %inv;
    %and;
    %load/vec4 v0x6470d763e430_0;
    %load/vec4 v0x6470d763e6f0_0;
    %and;
    %load/vec4 v0x6470d763e430_0;
    %load/vec4 v0x6470d763ead0_0;
    %and;
    %or;
    %load/vec4 v0x6470d763e6f0_0;
    %load/vec4 v0x6470d763ead0_0;
    %and;
    %or;
    %and;
    %store/vec4 v0x6470d763ea10_0, 0, 1;
    %load/vec4 v0x6470d763e430_0;
    %inv;
    %load/vec4 v0x6470d763e6f0_0;
    %inv;
    %and;
    %load/vec4 v0x6470d763ead0_0;
    %inv;
    %and;
    %load/vec4 v0x6470d763e370_0;
    %load/vec4 v0x6470d763e5e0_0;
    %and;
    %load/vec4 v0x6470d763e370_0;
    %load/vec4 v0x6470d763e890_0;
    %and;
    %or;
    %load/vec4 v0x6470d763e5e0_0;
    %load/vec4 v0x6470d763e890_0;
    %and;
    %or;
    %and;
    %store/vec4 v0x6470d763e950_0, 0, 1;
    %load/vec4 v0x6470d763e430_0;
    %load/vec4 v0x6470d763e6f0_0;
    %inv;
    %and;
    %load/vec4 v0x6470d763e5e0_0;
    %inv;
    %and;
    %load/vec4 v0x6470d763ead0_0;
    %inv;
    %and;
    %load/vec4 v0x6470d763e890_0;
    %inv;
    %and;
    %load/vec4 v0x6470d763e6f0_0;
    %load/vec4 v0x6470d763e430_0;
    %inv;
    %and;
    %load/vec4 v0x6470d763e370_0;
    %inv;
    %and;
    %load/vec4 v0x6470d763ead0_0;
    %inv;
    %and;
    %load/vec4 v0x6470d763e890_0;
    %inv;
    %and;
    %or;
    %load/vec4 v0x6470d763ead0_0;
    %load/vec4 v0x6470d763e430_0;
    %inv;
    %and;
    %load/vec4 v0x6470d763e370_0;
    %inv;
    %and;
    %load/vec4 v0x6470d763e6f0_0;
    %inv;
    %and;
    %load/vec4 v0x6470d763e5e0_0;
    %inv;
    %and;
    %or;
    %load/vec4 v0x6470d763e430_0;
    %load/vec4 v0x6470d763e6f0_0;
    %and;
    %load/vec4 v0x6470d763e890_0;
    %and;
    %or;
    %load/vec4 v0x6470d763e430_0;
    %load/vec4 v0x6470d763ead0_0;
    %and;
    %load/vec4 v0x6470d763e5e0_0;
    %and;
    %or;
    %load/vec4 v0x6470d763e6f0_0;
    %load/vec4 v0x6470d763ead0_0;
    %and;
    %load/vec4 v0x6470d763e370_0;
    %and;
    %or;
    %load/vec4 v0x6470d763e430_0;
    %inv;
    %load/vec4 v0x6470d763e6f0_0;
    %inv;
    %and;
    %load/vec4 v0x6470d763ead0_0;
    %inv;
    %and;
    %load/vec4 v0x6470d763e370_0;
    %load/vec4 v0x6470d763e5e0_0;
    %and;
    %load/vec4 v0x6470d763e890_0;
    %inv;
    %and;
    %load/vec4 v0x6470d763e370_0;
    %load/vec4 v0x6470d763e890_0;
    %and;
    %load/vec4 v0x6470d763e5e0_0;
    %inv;
    %and;
    %or;
    %load/vec4 v0x6470d763e5e0_0;
    %load/vec4 v0x6470d763e890_0;
    %and;
    %load/vec4 v0x6470d763e370_0;
    %inv;
    %and;
    %or;
    %and;
    %or;
    %store/vec4 v0x6470d763ec50_0, 0, 1;
    %load/vec4 v0x6470d763e370_0;
    %load/vec4 v0x6470d763e5e0_0;
    %inv;
    %and;
    %load/vec4 v0x6470d763e890_0;
    %inv;
    %and;
    %load/vec4 v0x6470d763e430_0;
    %inv;
    %and;
    %load/vec4 v0x6470d763e6f0_0;
    %inv;
    %and;
    %load/vec4 v0x6470d763ead0_0;
    %inv;
    %and;
    %load/vec4 v0x6470d763e5e0_0;
    %load/vec4 v0x6470d763e370_0;
    %inv;
    %and;
    %load/vec4 v0x6470d763e890_0;
    %inv;
    %and;
    %load/vec4 v0x6470d763e430_0;
    %inv;
    %and;
    %load/vec4 v0x6470d763e6f0_0;
    %inv;
    %and;
    %load/vec4 v0x6470d763ead0_0;
    %inv;
    %and;
    %or;
    %load/vec4 v0x6470d763e890_0;
    %load/vec4 v0x6470d763e370_0;
    %inv;
    %and;
    %load/vec4 v0x6470d763e5e0_0;
    %inv;
    %and;
    %load/vec4 v0x6470d763e430_0;
    %inv;
    %and;
    %load/vec4 v0x6470d763e6f0_0;
    %inv;
    %and;
    %load/vec4 v0x6470d763ead0_0;
    %inv;
    %and;
    %or;
    %load/vec4 v0x6470d763e430_0;
    %load/vec4 v0x6470d763e5e0_0;
    %and;
    %load/vec4 v0x6470d763e890_0;
    %and;
    %or;
    %load/vec4 v0x6470d763e6f0_0;
    %load/vec4 v0x6470d763e370_0;
    %and;
    %load/vec4 v0x6470d763e890_0;
    %and;
    %or;
    %load/vec4 v0x6470d763ead0_0;
    %load/vec4 v0x6470d763e370_0;
    %and;
    %load/vec4 v0x6470d763e5e0_0;
    %and;
    %or;
    %load/vec4 v0x6470d763e370_0;
    %inv;
    %load/vec4 v0x6470d763e5e0_0;
    %inv;
    %and;
    %load/vec4 v0x6470d763e890_0;
    %inv;
    %and;
    %load/vec4 v0x6470d763e430_0;
    %load/vec4 v0x6470d763e6f0_0;
    %and;
    %load/vec4 v0x6470d763ead0_0;
    %inv;
    %and;
    %load/vec4 v0x6470d763e430_0;
    %load/vec4 v0x6470d763ead0_0;
    %and;
    %load/vec4 v0x6470d763e6f0_0;
    %inv;
    %and;
    %or;
    %load/vec4 v0x6470d763e6f0_0;
    %load/vec4 v0x6470d763ead0_0;
    %and;
    %load/vec4 v0x6470d763e430_0;
    %inv;
    %and;
    %or;
    %and;
    %or;
    %store/vec4 v0x6470d763eb90_0, 0, 1;
    %load/vec4 v0x6470d763e950_0;
    %load/vec4 v0x6470d763ea10_0;
    %concat/vec4; draw_concat_vec4
    %load/vec4 v0x6470d763eb90_0;
    %concat/vec4; draw_concat_vec4
    %load/vec4 v0x6470d763ec50_0;
    %concat/vec4; draw_concat_vec4
    %ret/vec4 0, 0, 4;  Assign to tadd1 (store_vec4_to_lval)
    %end;
S_0x6470d763edf0 .scope function.vec4.s2, "tand" "tand" 4 64, 4 64 0, S_0x6470d763dbb0;
 .timescale -9 -12;
v0x6470d763efa0_0 .var "a", 1 0;
v0x6470d763f080_0 .var "b", 1 0;
; Variable tand is vec4 return value of scope S_0x6470d763edf0
TD_ga_ops_tb.u_sym.u_nzw.m_ab.tand ;
    %load/vec4 v0x6470d763efa0_0;
    %parti/s 1, 1, 2;
    %load/vec4 v0x6470d763f080_0;
    %parti/s 1, 1, 2;
    %or;
    %load/vec4 v0x6470d763efa0_0;
    %parti/s 1, 0, 2;
    %load/vec4 v0x6470d763f080_0;
    %parti/s 1, 0, 2;
    %and;
    %concat/vec4; draw_concat_vec4
    %ret/vec4 0, 0, 2;  Assign to tand (store_vec4_to_lval)
    %end;
S_0x6470d763f220 .scope function.vec4.s2, "tmul" "tmul" 4 54, 4 54 0, S_0x6470d763dbb0;
 .timescale -9 -12;
v0x6470d763f430_0 .var "a", 1 0;
v0x6470d763f510_0 .var "b", 1 0;
; Variable tmul is vec4 return value of scope S_0x6470d763f220
TD_ga_ops_tb.u_sym.u_nzw.m_ab.tmul ;
    %pushi/vec4 0, 0, 2;
    %ret/vec4 0, 0, 2;  Assign to tmul (store_vec4_to_lval)
    %load/vec4 v0x6470d763f430_0;
    %parti/s 1, 0, 2;
    %load/vec4 v0x6470d763f510_0;
    %parti/s 1, 0, 2;
    %and;
    %flag_set/vec4 8;
    %jmp/0xz  T_111.151, 8;
    %pushi/vec4 1, 0, 2;
    %ret/vec4 0, 0, 2;  Assign to tmul (store_vec4_to_lval)
    %jmp T_111.152;
T_111.151 ;
    %load/vec4 v0x6470d763f430_0;
    %parti/s 1, 1, 2;
    %load/vec4 v0x6470d763f510_0;
    %parti/s 1, 1, 2;
    %and;
    %flag_set/vec4 8;
    %jmp/0xz  T_111.153, 8;
    %pushi/vec4 1, 0, 2;
    %ret/vec4 0, 0, 2;  Assign to tmul (store_vec4_to_lval)
    %jmp T_111.154;
T_111.153 ;
    %load/vec4 v0x6470d763f430_0;
    %parti/s 1, 0, 2;
    %load/vec4 v0x6470d763f510_0;
    %parti/s 1, 1, 2;
    %and;
    %load/vec4 v0x6470d763f430_0;
    %parti/s 1, 1, 2;
    %load/vec4 v0x6470d763f510_0;
    %parti/s 1, 0, 2;
    %and;
    %or;
    %flag_set/vec4 8;
    %jmp/0xz  T_111.155, 8;
    %pushi/vec4 2, 0, 2;
    %ret/vec4 0, 0, 2;  Assign to tmul (store_vec4_to_lval)
T_111.155 ;
T_111.154 ;
T_111.152 ;
    %end;
S_0x6470d763f6e0 .scope function.vec4.s2, "tneg" "tneg" 4 47, 4 47 0, S_0x6470d763dbb0;
 .timescale -9 -12;
v0x6470d763f8c0_0 .var "t", 1 0;
; Variable tneg is vec4 return value of scope S_0x6470d763f6e0
TD_ga_ops_tb.u_sym.u_nzw.m_ab.tneg ;
    %load/vec4 v0x6470d763f8c0_0;
    %parti/s 1, 0, 2;
    %load/vec4 v0x6470d763f8c0_0;
    %parti/s 1, 1, 2;
    %concat/vec4; draw_concat_vec4
    %ret/vec4 0, 0, 2;  Assign to tneg (store_vec4_to_lval)
    %end;
S_0x6470d763faa0 .scope function.vec4.s2, "tor" "tor" 4 71, 4 71 0, S_0x6470d763dbb0;
 .timescale -9 -12;
v0x6470d763fcd0_0 .var "a", 1 0;
v0x6470d763fdd0_0 .var "b", 1 0;
; Variable tor is vec4 return value of scope S_0x6470d763faa0
TD_ga_ops_tb.u_sym.u_nzw.m_ab.tor ;
    %load/vec4 v0x6470d763fcd0_0;
    %parti/s 1, 1, 2;
    %load/vec4 v0x6470d763fdd0_0;
    %parti/s 1, 1, 2;
    %and;
    %load/vec4 v0x6470d763fcd0_0;
    %parti/s 1, 0, 2;
    %load/vec4 v0x6470d763fdd0_0;
    %parti/s 1, 0, 2;
    %or;
    %concat/vec4; draw_concat_vec4
    %ret/vec4 0, 0, 2;  Assign to tor (store_vec4_to_lval)
    %end;
S_0x6470d7640740 .scope module, "m_bb" "tmul_sa" 3 153, 4 42 0, S_0x6470d763ab50;
 .timescale -9 -12;
    .port_info 0 /OUTPUT 28 "prod";
    .port_info 1 /INPUT 14 "a";
    .port_info 2 /INPUT 14 "b";
P_0x6470d7640920 .param/l "ACCBITS" 1 4 48, +C4<0000000000000000000000000000000000000000000000000000000000000000000000000000000000000000000011110>;
P_0x6470d7640960 .param/l "NTRITS" 0 4 42, +C4<00000000000000000000000000000111>;
v0x6470d7642b40_0 .net "a", 13 0, v0x6470d761d640_0;  alias, 1 drivers
v0x6470d7642c70_0 .var "acc", 29 0;
v0x6470d7642d50_0 .net "b", 13 0, v0x6470d761d640_0;  alias, 1 drivers
v0x6470d7642df0_0 .var "c", 1 0;
v0x6470d7642ed0_0 .var/i "i", 31 0;
v0x6470d7643000_0 .var/i "j", 31 0;
v0x6470d76430e0_0 .var "pp", 29 0;
v0x6470d76431c0_0 .var "prod", 27 0;
E_0x6470d7640d60/0 .event anyedge, v0x6470d761d640_0, v0x6470d761d640_0, v0x6470d7642c70_0, v0x6470d76430e0_0;
E_0x6470d7640d60/1 .event anyedge, v0x6470d7642df0_0;
E_0x6470d7640d60 .event/or E_0x6470d7640d60/0, E_0x6470d7640d60/1;
S_0x6470d7640a00 .scope function.vec4.s4, "tadd1" "tadd1" 4 78, 4 78 0, S_0x6470d7640740;
 .timescale -9 -12;
v0x6470d7640e40_0 .var "a", 1 0;
v0x6470d7640f40_0 .var "an", 0 0;
v0x6470d7641000_0 .var "ap", 0 0;
v0x6470d76410d0_0 .var "b", 1 0;
v0x6470d76411b0_0 .var "bn", 0 0;
v0x6470d76412c0_0 .var "bp", 0 0;
v0x6470d7641380_0 .var "cin", 1 0;
v0x6470d7641460_0 .var "cn", 0 0;
v0x6470d7641520_0 .var "con", 0 0;
v0x6470d76415e0_0 .var "cop", 0 0;
v0x6470d76416a0_0 .var "cp", 0 0;
v0x6470d7641760_0 .var "sn", 0 0;
v0x6470d7641820_0 .var "sp", 0 0;
; Variable tadd1 is vec4 return value of scope S_0x6470d7640a00
TD_ga_ops_tb.u_sym.u_nzw.m_bb.tadd1 ;
    %load/vec4 v0x6470d7640e40_0;
    %parti/s 1, 0, 2;
    %store/vec4 v0x6470d7641000_0, 0, 1;
    %load/vec4 v0x6470d7640e40_0;
    %parti/s 1, 1, 2;
    %store/vec4 v0x6470d7640f40_0, 0, 1;
    %load/vec4 v0x6470d76410d0_0;
    %parti/s 1, 0, 2;
    %store/vec4 v0x6470d76412c0_0, 0, 1;
    %load/vec4 v0x6470d76410d0_0;
    %parti/s 1, 1, 2;
    %store/vec4 v0x6470d76411b0_0, 0, 1;
    %load/vec4 v0x6470d7641380_0;
    %parti/s 1, 0, 2;
    %store/vec4 v0x6470d76416a0_0, 0, 1;
    %load/vec4 v0x6470d7641380_0;
    %parti/s 1, 1, 2;
    %store/vec4 v0x6470d7641460_0, 0, 1;
    %load/vec4 v0x6470d7640f40_0;
    %inv;
    %load/vec4 v0x6470d76411b0_0;
    %inv;
    %and;
    %load/vec4 v0x6470d7641460_0;
    %inv;
    %and;
    %load/vec4 v0x6470d7641000_0;
    %load/vec4 v0x6470d76412c0_0;
    %and;
    %load/vec4 v0x6470d7641000_0;
    %load/vec4 v0x6470d76416a0_0;
    %and;
    %or;
    %load/vec4 v0x6470d76412c0_0;
    %load/vec4 v0x6470d76416a0_0;
    %and;
    %or;
    %and;
    %store/vec4 v0x6470d76415e0_0, 0, 1;
    %load/vec4 v0x6470d7641000_0;
    %inv;
    %load/vec4 v0x6470d76412c0_0;
    %inv;
    %and;
    %load/vec4 v0x6470d76416a0_0;
    %inv;
    %and;
    %load/vec4 v0x6470d7640f40_0;
    %load/vec4 v0x6470d76411b0_0;
    %and;
    %load/vec4 v0x6470d7640f40_0;
    %load/vec4 v0x6470d7641460_0;
    %and;
    %or;
    %load/vec4 v0x6470d76411b0_0;
    %load/vec4 v0x6470d7641460_0;
    %and;
    %or;
    %and;
    %store/vec4 v0x6470d7641520_0, 0, 1;
    %load/vec4 v0x6470d7641000_0;
    %load/vec4 v0x6470d76412c0_0;
    %inv;
    %and;
    %load/vec4 v0x6470d76411b0_0;
    %inv;
    %and;
    %load/vec4 v0x6470d76416a0_0;
    %inv;
    %and;
    %load/vec4 v0x6470d7641460_0;
    %inv;
    %and;
    %load/vec4 v0x6470d76412c0_0;
    %load/vec4 v0x6470d7641000_0;
    %inv;
    %and;
    %load/vec4 v0x6470d7640f40_0;
    %inv;
    %and;
    %load/vec4 v0x6470d76416a0_0;
    %inv;
    %and;
    %load/vec4 v0x6470d7641460_0;
    %inv;
    %and;
    %or;
    %load/vec4 v0x6470d76416a0_0;
    %load/vec4 v0x6470d7641000_0;
    %inv;
    %and;
    %load/vec4 v0x6470d7640f40_0;
    %inv;
    %and;
    %load/vec4 v0x6470d76412c0_0;
    %inv;
    %and;
    %load/vec4 v0x6470d76411b0_0;
    %inv;
    %and;
    %or;
    %load/vec4 v0x6470d7641000_0;
    %load/vec4 v0x6470d76412c0_0;
    %and;
    %load/vec4 v0x6470d7641460_0;
    %and;
    %or;
    %load/vec4 v0x6470d7641000_0;
    %load/vec4 v0x6470d76416a0_0;
    %and;
    %load/vec4 v0x6470d76411b0_0;
    %and;
    %or;
    %load/vec4 v0x6470d76412c0_0;
    %load/vec4 v0x6470d76416a0_0;
    %and;
    %load/vec4 v0x6470d7640f40_0;
    %and;
    %or;
    %load/vec4 v0x6470d7641000_0;
    %inv;
    %load/vec4 v0x6470d76412c0_0;
    %inv;
    %and;
    %load/vec4 v0x6470d76416a0_0;
    %inv;
    %and;
    %load/vec4 v0x6470d7640f40_0;
    %load/vec4 v0x6470d76411b0_0;
    %and;
    %load/vec4 v0x6470d7641460_0;
    %inv;
    %and;
    %load/vec4 v0x6470d7640f40_0;
    %load/vec4 v0x6470d7641460_0;
    %and;
    %load/vec4 v0x6470d76411b0_0;
    %inv;
    %and;
    %or;
    %load/vec4 v0x6470d76411b0_0;
    %load/vec4 v0x6470d7641460_0;
    %and;
    %load/vec4 v0x6470d7640f40_0;
    %inv;
    %and;
    %or;
    %and;
    %or;
    %store/vec4 v0x6470d7641820_0, 0, 1;
    %load/vec4 v0x6470d7640f40_0;
    %load/vec4 v0x6470d76411b0_0;
    %inv;
    %and;
    %load/vec4 v0x6470d7641460_0;
    %inv;
    %and;
    %load/vec4 v0x6470d7641000_0;
    %inv;
    %and;
    %load/vec4 v0x6470d76412c0_0;
    %inv;
    %and;
    %load/vec4 v0x6470d76416a0_0;
    %inv;
    %and;
    %load/vec4 v0x6470d76411b0_0;
    %load/vec4 v0x6470d7640f40_0;
    %inv;
    %and;
    %load/vec4 v0x6470d7641460_0;
    %inv;
    %and;
    %load/vec4 v0x6470d7641000_0;
    %inv;
    %and;
    %load/vec4 v0x6470d76412c0_0;
    %inv;
    %and;
    %load/vec4 v0x6470d76416a0_0;
    %inv;
    %and;
    %or;
    %load/vec4 v0x6470d7641460_0;
    %load/vec4 v0x6470d7640f40_0;
    %inv;
    %and;
    %load/vec4 v0x6470d76411b0_0;
    %inv;
    %and;
    %load/vec4 v0x6470d7641000_0;
    %inv;
    %and;
    %load/vec4 v0x6470d76412c0_0;
    %inv;
    %and;
    %load/vec4 v0x6470d76416a0_0;
    %inv;
    %and;
    %or;
    %load/vec4 v0x6470d7641000_0;
    %load/vec4 v0x6470d76411b0_0;
    %and;
    %load/vec4 v0x6470d7641460_0;
    %and;
    %or;
    %load/vec4 v0x6470d76412c0_0;
    %load/vec4 v0x6470d7640f40_0;
    %and;
    %load/vec4 v0x6470d7641460_0;
    %and;
    %or;
    %load/vec4 v0x6470d76416a0_0;
    %load/vec4 v0x6470d7640f40_0;
    %and;
    %load/vec4 v0x6470d76411b0_0;
    %and;
    %or;
    %load/vec4 v0x6470d7640f40_0;
    %inv;
    %load/vec4 v0x6470d76411b0_0;
    %inv;
    %and;
    %load/vec4 v0x6470d7641460_0;
    %inv;
    %and;
    %load/vec4 v0x6470d7641000_0;
    %load/vec4 v0x6470d76412c0_0;
    %and;
    %load/vec4 v0x6470d76416a0_0;
    %inv;
    %and;
    %load/vec4 v0x6470d7641000_0;
    %load/vec4 v0x6470d76416a0_0;
    %and;
    %load/vec4 v0x6470d76412c0_0;
    %inv;
    %and;
    %or;
    %load/vec4 v0x6470d76412c0_0;
    %load/vec4 v0x6470d76416a0_0;
    %and;
    %load/vec4 v0x6470d7641000_0;
    %inv;
    %and;
    %or;
    %and;
    %or;
    %store/vec4 v0x6470d7641760_0, 0, 1;
    %load/vec4 v0x6470d7641520_0;
    %load/vec4 v0x6470d76415e0_0;
    %concat/vec4; draw_concat_vec4
    %load/vec4 v0x6470d7641760_0;
    %concat/vec4; draw_concat_vec4
    %load/vec4 v0x6470d7641820_0;
    %concat/vec4; draw_concat_vec4
    %ret/vec4 0, 0, 4;  Assign to tadd1 (store_vec4_to_lval)
    %end;
S_0x6470d76419c0 .scope function.vec4.s2, "tand" "tand" 4 64, 4 64 0, S_0x6470d7640740;
 .timescale -9 -12;
v0x6470d7641b70_0 .var "a", 1 0;
v0x6470d7641c50_0 .var "b", 1 0;
; Variable tand is vec4 return value of scope S_0x6470d76419c0
TD_ga_ops_tb.u_sym.u_nzw.m_bb.tand ;
    %load/vec4 v0x6470d7641b70_0;
    %parti/s 1, 1, 2;
    %load/vec4 v0x6470d7641c50_0;
    %parti/s 1, 1, 2;
    %or;
    %load/vec4 v0x6470d7641b70_0;
    %parti/s 1, 0, 2;
    %load/vec4 v0x6470d7641c50_0;
    %parti/s 1, 0, 2;
    %and;
    %concat/vec4; draw_concat_vec4
    %ret/vec4 0, 0, 2;  Assign to tand (store_vec4_to_lval)
    %end;
S_0x6470d7641df0 .scope function.vec4.s2, "tmul" "tmul" 4 54, 4 54 0, S_0x6470d7640740;
 .timescale -9 -12;
v0x6470d7642000_0 .var "a", 1 0;
v0x6470d76420e0_0 .var "b", 1 0;
; Variable tmul is vec4 return value of scope S_0x6470d7641df0
TD_ga_ops_tb.u_sym.u_nzw.m_bb.tmul ;
    %pushi/vec4 0, 0, 2;
    %ret/vec4 0, 0, 2;  Assign to tmul (store_vec4_to_lval)
    %load/vec4 v0x6470d7642000_0;
    %parti/s 1, 0, 2;
    %load/vec4 v0x6470d76420e0_0;
    %parti/s 1, 0, 2;
    %and;
    %flag_set/vec4 8;
    %jmp/0xz  T_116.157, 8;
    %pushi/vec4 1, 0, 2;
    %ret/vec4 0, 0, 2;  Assign to tmul (store_vec4_to_lval)
    %jmp T_116.158;
T_116.157 ;
    %load/vec4 v0x6470d7642000_0;
    %parti/s 1, 1, 2;
    %load/vec4 v0x6470d76420e0_0;
    %parti/s 1, 1, 2;
    %and;
    %flag_set/vec4 8;
    %jmp/0xz  T_116.159, 8;
    %pushi/vec4 1, 0, 2;
    %ret/vec4 0, 0, 2;  Assign to tmul (store_vec4_to_lval)
    %jmp T_116.160;
T_116.159 ;
    %load/vec4 v0x6470d7642000_0;
    %parti/s 1, 0, 2;
    %load/vec4 v0x6470d76420e0_0;
    %parti/s 1, 1, 2;
    %and;
    %load/vec4 v0x6470d7642000_0;
    %parti/s 1, 1, 2;
    %load/vec4 v0x6470d76420e0_0;
    %parti/s 1, 0, 2;
    %and;
    %or;
    %flag_set/vec4 8;
    %jmp/0xz  T_116.161, 8;
    %pushi/vec4 2, 0, 2;
    %ret/vec4 0, 0, 2;  Assign to tmul (store_vec4_to_lval)
T_116.161 ;
T_116.160 ;
T_116.158 ;
    %end;
S_0x6470d76422b0 .scope function.vec4.s2, "tneg" "tneg" 4 47, 4 47 0, S_0x6470d7640740;
 .timescale -9 -12;
v0x6470d7642490_0 .var "t", 1 0;
; Variable tneg is vec4 return value of scope S_0x6470d76422b0
TD_ga_ops_tb.u_sym.u_nzw.m_bb.tneg ;
    %load/vec4 v0x6470d7642490_0;
    %parti/s 1, 0, 2;
    %load/vec4 v0x6470d7642490_0;
    %parti/s 1, 1, 2;
    %concat/vec4; draw_concat_vec4
    %ret/vec4 0, 0, 2;  Assign to tneg (store_vec4_to_lval)
    %end;
S_0x6470d7642670 .scope function.vec4.s2, "tor" "tor" 4 71, 4 71 0, S_0x6470d7640740;
 .timescale -9 -12;
v0x6470d76428a0_0 .var "a", 1 0;
v0x6470d76429a0_0 .var "b", 1 0;
; Variable tor is vec4 return value of scope S_0x6470d7642670
TD_ga_ops_tb.u_sym.u_nzw.m_bb.tor ;
    %load/vec4 v0x6470d76428a0_0;
    %parti/s 1, 1, 2;
    %load/vec4 v0x6470d76429a0_0;
    %parti/s 1, 1, 2;
    %and;
    %load/vec4 v0x6470d76428a0_0;
    %parti/s 1, 0, 2;
    %load/vec4 v0x6470d76429a0_0;
    %parti/s 1, 0, 2;
    %or;
    %concat/vec4; draw_concat_vec4
    %ret/vec4 0, 0, 2;  Assign to tor (store_vec4_to_lval)
    %end;
S_0x6470d7643320 .scope module, "u_s1" "tadd_n" 3 160, 4 71 0, S_0x6470d763ab50;
 .timescale -9 -12;
    .port_info 0 /OUTPUT 30 "sum";
    .port_info 1 /OUTPUT 2 "cout";
    .port_info 2 /INPUT 30 "a";
    .port_info 3 /INPUT 30 "b";
    .port_info 4 /INPUT 2 "cin";
P_0x6470d7643500 .param/l "NTRITS" 0 4 71, +C4<00000000000000000000000000000000000000000000000000000000000001111>;
v0x6470d7645670_0 .net "a", 29 0, L_0x6470d7656120;  alias, 1 drivers
v0x6470d7645770_0 .net "b", 29 0, L_0x6470d76562b0;  alias, 1 drivers
v0x6470d7645850_0 .var "c", 1 0;
L_0x72137824a570 .functor BUFT 1, C4<00>, C4<0>, C4<0>, C4<0>;
v0x6470d7645940_0 .net "cin", 1 0, L_0x72137824a570;  1 drivers
v0x6470d7645a20_0 .var "cout", 1 0;
v0x6470d7645b50_0 .var/i "i", 31 0;
v0x6470d7645c30_0 .var "sum", 29 0;
E_0x6470d7643670 .event anyedge, v0x6470d7645940_0, v0x6470d7645670_0, v0x6470d7645770_0, v0x6470d7645850_0;
S_0x6470d76436e0 .scope function.vec4.s4, "tadd1" "tadd1" 4 109, 4 109 0, S_0x6470d7643320;
 .timescale -9 -12;
v0x6470d76438e0_0 .var "a", 1 0;
v0x6470d76439e0_0 .var "an", 0 0;
v0x6470d7643aa0_0 .var "ap", 0 0;
v0x6470d7643b70_0 .var "b", 1 0;
v0x6470d7643c50_0 .var "bn", 0 0;
v0x6470d7643d60_0 .var "bp", 0 0;
v0x6470d7643e20_0 .var "cin", 1 0;
v0x6470d7643f00_0 .var "cn", 0 0;
v0x6470d7643fc0_0 .var "con", 0 0;
v0x6470d7644110_0 .var "cop", 0 0;
v0x6470d76441d0_0 .var "cp", 0 0;
v0x6470d7644290_0 .var "sn", 0 0;
v0x6470d7644350_0 .var "sp", 0 0;
; Variable tadd1 is vec4 return value of scope S_0x6470d76436e0
TD_ga_ops_tb.u_sym.u_nzw.u_s1.tadd1 ;
    %load/vec4 v0x6470d76438e0_0;
    %parti/s 1, 0, 2;
    %store/vec4 v0x6470d7643aa0_0, 0, 1;
    %load/vec4 v0x6470d76438e0_0;
    %parti/s 1, 1, 2;
    %store/vec4 v0x6470d76439e0_0, 0, 1;
    %load/vec4 v0x6470d7643b70_0;
    %parti/s 1, 0, 2;
    %store/vec4 v0x6470d7643d60_0, 0, 1;
    %load/vec4 v0x6470d7643b70_0;
    %parti/s 1, 1, 2;
    %store/vec4 v0x6470d7643c50_0, 0, 1;
    %load/vec4 v0x6470d7643e20_0;
    %parti/s 1, 0, 2;
    %store/vec4 v0x6470d76441d0_0, 0, 1;
    %load/vec4 v0x6470d7643e20_0;
    %parti/s 1, 1, 2;
    %store/vec4 v0x6470d7643f00_0, 0, 1;
    %load/vec4 v0x6470d76439e0_0;
    %inv;
    %load/vec4 v0x6470d7643c50_0;
    %inv;
    %and;
    %load/vec4 v0x6470d7643f00_0;
    %inv;
    %and;
    %load/vec4 v0x6470d7643aa0_0;
    %load/vec4 v0x6470d7643d60_0;
    %and;
    %load/vec4 v0x6470d7643aa0_0;
    %load/vec4 v0x6470d76441d0_0;
    %and;
    %or;
    %load/vec4 v0x6470d7643d60_0;
    %load/vec4 v0x6470d76441d0_0;
    %and;
    %or;
    %and;
    %store/vec4 v0x6470d7644110_0, 0, 1;
    %load/vec4 v0x6470d7643aa0_0;
    %inv;
    %load/vec4 v0x6470d7643d60_0;
    %inv;
    %and;
    %load/vec4 v0x6470d76441d0_0;
    %inv;
    %and;
    %load/vec4 v0x6470d76439e0_0;
    %load/vec4 v0x6470d7643c50_0;
    %and;
    %load/vec4 v0x6470d76439e0_0;
    %load/vec4 v0x6470d7643f00_0;
    %and;
    %or;
    %load/vec4 v0x6470d7643c50_0;
    %load/vec4 v0x6470d7643f00_0;
    %and;
    %or;
    %and;
    %store/vec4 v0x6470d7643fc0_0, 0, 1;
    %load/vec4 v0x6470d7643aa0_0;
    %load/vec4 v0x6470d7643d60_0;
    %inv;
    %and;
    %load/vec4 v0x6470d7643c50_0;
    %inv;
    %and;
    %load/vec4 v0x6470d76441d0_0;
    %inv;
    %and;
    %load/vec4 v0x6470d7643f00_0;
    %inv;
    %and;
    %load/vec4 v0x6470d7643d60_0;
    %load/vec4 v0x6470d7643aa0_0;
    %inv;
    %and;
    %load/vec4 v0x6470d76439e0_0;
    %inv;
    %and;
    %load/vec4 v0x6470d76441d0_0;
    %inv;
    %and;
    %load/vec4 v0x6470d7643f00_0;
    %inv;
    %and;
    %or;
    %load/vec4 v0x6470d76441d0_0;
    %load/vec4 v0x6470d7643aa0_0;
    %inv;
    %and;
    %load/vec4 v0x6470d76439e0_0;
    %inv;
    %and;
    %load/vec4 v0x6470d7643d60_0;
    %inv;
    %and;
    %load/vec4 v0x6470d7643c50_0;
    %inv;
    %and;
    %or;
    %load/vec4 v0x6470d7643aa0_0;
    %load/vec4 v0x6470d7643d60_0;
    %and;
    %load/vec4 v0x6470d7643f00_0;
    %and;
    %or;
    %load/vec4 v0x6470d7643aa0_0;
    %load/vec4 v0x6470d76441d0_0;
    %and;
    %load/vec4 v0x6470d7643c50_0;
    %and;
    %or;
    %load/vec4 v0x6470d7643d60_0;
    %load/vec4 v0x6470d76441d0_0;
    %and;
    %load/vec4 v0x6470d76439e0_0;
    %and;
    %or;
    %load/vec4 v0x6470d7643aa0_0;
    %inv;
    %load/vec4 v0x6470d7643d60_0;
    %inv;
    %and;
    %load/vec4 v0x6470d76441d0_0;
    %inv;
    %and;
    %load/vec4 v0x6470d76439e0_0;
    %load/vec4 v0x6470d7643c50_0;
    %and;
    %load/vec4 v0x6470d7643f00_0;
    %inv;
    %and;
    %load/vec4 v0x6470d76439e0_0;
    %load/vec4 v0x6470d7643f00_0;
    %and;
    %load/vec4 v0x6470d7643c50_0;
    %inv;
    %and;
    %or;
    %load/vec4 v0x6470d7643c50_0;
    %load/vec4 v0x6470d7643f00_0;
    %and;
    %load/vec4 v0x6470d76439e0_0;
    %inv;
    %and;
    %or;
    %and;
    %or;
    %store/vec4 v0x6470d7644350_0, 0, 1;
    %load/vec4 v0x6470d76439e0_0;
    %load/vec4 v0x6470d7643c50_0;
    %inv;
    %and;
    %load/vec4 v0x6470d7643f00_0;
    %inv;
    %and;
    %load/vec4 v0x6470d7643aa0_0;
    %inv;
    %and;
    %load/vec4 v0x6470d7643d60_0;
    %inv;
    %and;
    %load/vec4 v0x6470d76441d0_0;
    %inv;
    %and;
    %load/vec4 v0x6470d7643c50_0;
    %load/vec4 v0x6470d76439e0_0;
    %inv;
    %and;
    %load/vec4 v0x6470d7643f00_0;
    %inv;
    %and;
    %load/vec4 v0x6470d7643aa0_0;
    %inv;
    %and;
    %load/vec4 v0x6470d7643d60_0;
    %inv;
    %and;
    %load/vec4 v0x6470d76441d0_0;
    %inv;
    %and;
    %or;
    %load/vec4 v0x6470d7643f00_0;
    %load/vec4 v0x6470d76439e0_0;
    %inv;
    %and;
    %load/vec4 v0x6470d7643c50_0;
    %inv;
    %and;
    %load/vec4 v0x6470d7643aa0_0;
    %inv;
    %and;
    %load/vec4 v0x6470d7643d60_0;
    %inv;
    %and;
    %load/vec4 v0x6470d76441d0_0;
    %inv;
    %and;
    %or;
    %load/vec4 v0x6470d7643aa0_0;
    %load/vec4 v0x6470d7643c50_0;
    %and;
    %load/vec4 v0x6470d7643f00_0;
    %and;
    %or;
    %load/vec4 v0x6470d7643d60_0;
    %load/vec4 v0x6470d76439e0_0;
    %and;
    %load/vec4 v0x6470d7643f00_0;
    %and;
    %or;
    %load/vec4 v0x6470d76441d0_0;
    %load/vec4 v0x6470d76439e0_0;
    %and;
    %load/vec4 v0x6470d7643c50_0;
    %and;
    %or;
    %load/vec4 v0x6470d76439e0_0;
    %inv;
    %load/vec4 v0x6470d7643c50_0;
    %inv;
    %and;
    %load/vec4 v0x6470d7643f00_0;
    %inv;
    %and;
    %load/vec4 v0x6470d7643aa0_0;
    %load/vec4 v0x6470d7643d60_0;
    %and;
    %load/vec4 v0x6470d76441d0_0;
    %inv;
    %and;
    %load/vec4 v0x6470d7643aa0_0;
    %load/vec4 v0x6470d76441d0_0;
    %and;
    %load/vec4 v0x6470d7643d60_0;
    %inv;
    %and;
    %or;
    %load/vec4 v0x6470d7643d60_0;
    %load/vec4 v0x6470d76441d0_0;
    %and;
    %load/vec4 v0x6470d7643aa0_0;
    %inv;
    %and;
    %or;
    %and;
    %or;
    %store/vec4 v0x6470d7644290_0, 0, 1;
    %load/vec4 v0x6470d7643fc0_0;
    %load/vec4 v0x6470d7644110_0;
    %concat/vec4; draw_concat_vec4
    %load/vec4 v0x6470d7644290_0;
    %concat/vec4; draw_concat_vec4
    %load/vec4 v0x6470d7644350_0;
    %concat/vec4; draw_concat_vec4
    %ret/vec4 0, 0, 4;  Assign to tadd1 (store_vec4_to_lval)
    %end;
S_0x6470d76444f0 .scope function.vec4.s2, "tand" "tand" 4 95, 4 95 0, S_0x6470d7643320;
 .timescale -9 -12;
v0x6470d76446a0_0 .var "a", 1 0;
v0x6470d7644780_0 .var "b", 1 0;
; Variable tand is vec4 return value of scope S_0x6470d76444f0
TD_ga_ops_tb.u_sym.u_nzw.u_s1.tand ;
    %load/vec4 v0x6470d76446a0_0;
    %parti/s 1, 1, 2;
    %load/vec4 v0x6470d7644780_0;
    %parti/s 1, 1, 2;
    %or;
    %load/vec4 v0x6470d76446a0_0;
    %parti/s 1, 0, 2;
    %load/vec4 v0x6470d7644780_0;
    %parti/s 1, 0, 2;
    %and;
    %concat/vec4; draw_concat_vec4
    %ret/vec4 0, 0, 2;  Assign to tand (store_vec4_to_lval)
    %end;
S_0x6470d7644920 .scope function.vec4.s2, "tmul" "tmul" 4 85, 4 85 0, S_0x6470d7643320;
 .timescale -9 -12;
v0x6470d7644b30_0 .var "a", 1 0;
v0x6470d7644c10_0 .var "b", 1 0;
; Variable tmul is vec4 return value of scope S_0x6470d7644920
TD_ga_ops_tb.u_sym.u_nzw.u_s1.tmul ;
    %pushi/vec4 0, 0, 2;
    %ret/vec4 0, 0, 2;  Assign to tmul (store_vec4_to_lval)
    %load/vec4 v0x6470d7644b30_0;
    %parti/s 1, 0, 2;
    %load/vec4 v0x6470d7644c10_0;
    %parti/s 1, 0, 2;
    %and;
    %flag_set/vec4 8;
    %jmp/0xz  T_121.163, 8;
    %pushi/vec4 1, 0, 2;
    %ret/vec4 0, 0, 2;  Assign to tmul (store_vec4_to_lval)
    %jmp T_121.164;
T_121.163 ;
    %load/vec4 v0x6470d7644b30_0;
    %parti/s 1, 1, 2;
    %load/vec4 v0x6470d7644c10_0;
    %parti/s 1, 1, 2;
    %and;
    %flag_set/vec4 8;
    %jmp/0xz  T_121.165, 8;
    %pushi/vec4 1, 0, 2;
    %ret/vec4 0, 0, 2;  Assign to tmul (store_vec4_to_lval)
    %jmp T_121.166;
T_121.165 ;
    %load/vec4 v0x6470d7644b30_0;
    %parti/s 1, 0, 2;
    %load/vec4 v0x6470d7644c10_0;
    %parti/s 1, 1, 2;
    %and;
    %load/vec4 v0x6470d7644b30_0;
    %parti/s 1, 1, 2;
    %load/vec4 v0x6470d7644c10_0;
    %parti/s 1, 0, 2;
    %and;
    %or;
    %flag_set/vec4 8;
    %jmp/0xz  T_121.167, 8;
    %pushi/vec4 2, 0, 2;
    %ret/vec4 0, 0, 2;  Assign to tmul (store_vec4_to_lval)
T_121.167 ;
T_121.166 ;
T_121.164 ;
    %end;
S_0x6470d7644de0 .scope function.vec4.s2, "tneg" "tneg" 4 78, 4 78 0, S_0x6470d7643320;
 .timescale -9 -12;
v0x6470d7644fc0_0 .var "t", 1 0;
; Variable tneg is vec4 return value of scope S_0x6470d7644de0
TD_ga_ops_tb.u_sym.u_nzw.u_s1.tneg ;
    %load/vec4 v0x6470d7644fc0_0;
    %parti/s 1, 0, 2;
    %load/vec4 v0x6470d7644fc0_0;
    %parti/s 1, 1, 2;
    %concat/vec4; draw_concat_vec4
    %ret/vec4 0, 0, 2;  Assign to tneg (store_vec4_to_lval)
    %end;
S_0x6470d76451a0 .scope function.vec4.s2, "tor" "tor" 4 102, 4 102 0, S_0x6470d7643320;
 .timescale -9 -12;
v0x6470d76453d0_0 .var "a", 1 0;
v0x6470d76454d0_0 .var "b", 1 0;
; Variable tor is vec4 return value of scope S_0x6470d76451a0
TD_ga_ops_tb.u_sym.u_nzw.u_s1.tor ;
    %load/vec4 v0x6470d76453d0_0;
    %parti/s 1, 1, 2;
    %load/vec4 v0x6470d76454d0_0;
    %parti/s 1, 1, 2;
    %and;
    %load/vec4 v0x6470d76453d0_0;
    %parti/s 1, 0, 2;
    %load/vec4 v0x6470d76454d0_0;
    %parti/s 1, 0, 2;
    %or;
    %concat/vec4; draw_concat_vec4
    %ret/vec4 0, 0, 2;  Assign to tor (store_vec4_to_lval)
    %end;
S_0x6470d7645db0 .scope module, "u_s2" "tadd_n" 3 161, 4 71 0, S_0x6470d763ab50;
 .timescale -9 -12;
    .port_info 0 /OUTPUT 30 "sum";
    .port_info 1 /OUTPUT 2 "cout";
    .port_info 2 /INPUT 30 "a";
    .port_info 3 /INPUT 30 "b";
    .port_info 4 /INPUT 2 "cin";
P_0x6470d7645fe0 .param/l "NTRITS" 0 4 71, +C4<00000000000000000000000000000000000000000000000000000000000001111>;
v0x6470d7648140_0 .net "a", 29 0, v0x6470d7645c30_0;  alias, 1 drivers
v0x6470d7648250_0 .net "b", 29 0, L_0x6470d7656440;  alias, 1 drivers
v0x6470d7648310_0 .var "c", 1 0;
L_0x72137824a5b8 .functor BUFT 1, C4<00>, C4<0>, C4<0>, C4<0>;
v0x6470d7648400_0 .net "cin", 1 0, L_0x72137824a5b8;  1 drivers
v0x6470d76484e0_0 .var "cout", 1 0;
v0x6470d7648610_0 .var/i "i", 31 0;
v0x6470d76486f0_0 .var "sum", 29 0;
E_0x6470d7646150 .event anyedge, v0x6470d7648400_0, v0x6470d7645c30_0, v0x6470d7648250_0, v0x6470d7648310_0;
S_0x6470d76461b0 .scope function.vec4.s4, "tadd1" "tadd1" 4 109, 4 109 0, S_0x6470d7645db0;
 .timescale -9 -12;
v0x6470d76463b0_0 .var "a", 1 0;
v0x6470d76464b0_0 .var "an", 0 0;
v0x6470d7646570_0 .var "ap", 0 0;
v0x6470d7646640_0 .var "b", 1 0;
v0x6470d7646720_0 .var "bn", 0 0;
v0x6470d7646830_0 .var "bp", 0 0;
v0x6470d76468f0_0 .var "cin", 1 0;
v0x6470d76469d0_0 .var "cn", 0 0;
v0x6470d7646a90_0 .var "con", 0 0;
v0x6470d7646be0_0 .var "cop", 0 0;
v0x6470d7646ca0_0 .var "cp", 0 0;
v0x6470d7646d60_0 .var "sn", 0 0;
v0x6470d7646e20_0 .var "sp", 0 0;
; Variable tadd1 is vec4 return value of scope S_0x6470d76461b0
TD_ga_ops_tb.u_sym.u_nzw.u_s2.tadd1 ;
    %load/vec4 v0x6470d76463b0_0;
    %parti/s 1, 0, 2;
    %store/vec4 v0x6470d7646570_0, 0, 1;
    %load/vec4 v0x6470d76463b0_0;
    %parti/s 1, 1, 2;
    %store/vec4 v0x6470d76464b0_0, 0, 1;
    %load/vec4 v0x6470d7646640_0;
    %parti/s 1, 0, 2;
    %store/vec4 v0x6470d7646830_0, 0, 1;
    %load/vec4 v0x6470d7646640_0;
    %parti/s 1, 1, 2;
    %store/vec4 v0x6470d7646720_0, 0, 1;
    %load/vec4 v0x6470d76468f0_0;
    %parti/s 1, 0, 2;
    %store/vec4 v0x6470d7646ca0_0, 0, 1;
    %load/vec4 v0x6470d76468f0_0;
    %parti/s 1, 1, 2;
    %store/vec4 v0x6470d76469d0_0, 0, 1;
    %load/vec4 v0x6470d76464b0_0;
    %inv;
    %load/vec4 v0x6470d7646720_0;
    %inv;
    %and;
    %load/vec4 v0x6470d76469d0_0;
    %inv;
    %and;
    %load/vec4 v0x6470d7646570_0;
    %load/vec4 v0x6470d7646830_0;
    %and;
    %load/vec4 v0x6470d7646570_0;
    %load/vec4 v0x6470d7646ca0_0;
    %and;
    %or;
    %load/vec4 v0x6470d7646830_0;
    %load/vec4 v0x6470d7646ca0_0;
    %and;
    %or;
    %and;
    %store/vec4 v0x6470d7646be0_0, 0, 1;
    %load/vec4 v0x6470d7646570_0;
    %inv;
    %load/vec4 v0x6470d7646830_0;
    %inv;
    %and;
    %load/vec4 v0x6470d7646ca0_0;
    %inv;
    %and;
    %load/vec4 v0x6470d76464b0_0;
    %load/vec4 v0x6470d7646720_0;
    %and;
    %load/vec4 v0x6470d76464b0_0;
    %load/vec4 v0x6470d76469d0_0;
    %and;
    %or;
    %load/vec4 v0x6470d7646720_0;
    %load/vec4 v0x6470d76469d0_0;
    %and;
    %or;
    %and;
    %store/vec4 v0x6470d7646a90_0, 0, 1;
    %load/vec4 v0x6470d7646570_0;
    %load/vec4 v0x6470d7646830_0;
    %inv;
    %and;
    %load/vec4 v0x6470d7646720_0;
    %inv;
    %and;
    %load/vec4 v0x6470d7646ca0_0;
    %inv;
    %and;
    %load/vec4 v0x6470d76469d0_0;
    %inv;
    %and;
    %load/vec4 v0x6470d7646830_0;
    %load/vec4 v0x6470d7646570_0;
    %inv;
    %and;
    %load/vec4 v0x6470d76464b0_0;
    %inv;
    %and;
    %load/vec4 v0x6470d7646ca0_0;
    %inv;
    %and;
    %load/vec4 v0x6470d76469d0_0;
    %inv;
    %and;
    %or;
    %load/vec4 v0x6470d7646ca0_0;
    %load/vec4 v0x6470d7646570_0;
    %inv;
    %and;
    %load/vec4 v0x6470d76464b0_0;
    %inv;
    %and;
    %load/vec4 v0x6470d7646830_0;
    %inv;
    %and;
    %load/vec4 v0x6470d7646720_0;
    %inv;
    %and;
    %or;
    %load/vec4 v0x6470d7646570_0;
    %load/vec4 v0x6470d7646830_0;
    %and;
    %load/vec4 v0x6470d76469d0_0;
    %and;
    %or;
    %load/vec4 v0x6470d7646570_0;
    %load/vec4 v0x6470d7646ca0_0;
    %and;
    %load/vec4 v0x6470d7646720_0;
    %and;
    %or;
    %load/vec4 v0x6470d7646830_0;
    %load/vec4 v0x6470d7646ca0_0;
    %and;
    %load/vec4 v0x6470d76464b0_0;
    %and;
    %or;
    %load/vec4 v0x6470d7646570_0;
    %inv;
    %load/vec4 v0x6470d7646830_0;
    %inv;
    %and;
    %load/vec4 v0x6470d7646ca0_0;
    %inv;
    %and;
    %load/vec4 v0x6470d76464b0_0;
    %load/vec4 v0x6470d7646720_0;
    %and;
    %load/vec4 v0x6470d76469d0_0;
    %inv;
    %and;
    %load/vec4 v0x6470d76464b0_0;
    %load/vec4 v0x6470d76469d0_0;
    %and;
    %load/vec4 v0x6470d7646720_0;
    %inv;
    %and;
    %or;
    %load/vec4 v0x6470d7646720_0;
    %load/vec4 v0x6470d76469d0_0;
    %and;
    %load/vec4 v0x6470d76464b0_0;
    %inv;
    %and;
    %or;
    %and;
    %or;
    %store/vec4 v0x6470d7646e20_0, 0, 1;
    %load/vec4 v0x6470d76464b0_0;
    %load/vec4 v0x6470d7646720_0;
    %inv;
    %and;
    %load/vec4 v0x6470d76469d0_0;
    %inv;
    %and;
    %load/vec4 v0x6470d7646570_0;
    %inv;
    %and;
    %load/vec4 v0x6470d7646830_0;
    %inv;
    %and;
    %load/vec4 v0x6470d7646ca0_0;
    %inv;
    %and;
    %load/vec4 v0x6470d7646720_0;
    %load/vec4 v0x6470d76464b0_0;
    %inv;
    %and;
    %load/vec4 v0x6470d76469d0_0;
    %inv;
    %and;
    %load/vec4 v0x6470d7646570_0;
    %inv;
    %and;
    %load/vec4 v0x6470d7646830_0;
    %inv;
    %and;
    %load/vec4 v0x6470d7646ca0_0;
    %inv;
    %and;
    %or;
    %load/vec4 v0x6470d76469d0_0;
    %load/vec4 v0x6470d76464b0_0;
    %inv;
    %and;
    %load/vec4 v0x6470d7646720_0;
    %inv;
    %and;
    %load/vec4 v0x6470d7646570_0;
    %inv;
    %and;
    %load/vec4 v0x6470d7646830_0;
    %inv;
    %and;
    %load/vec4 v0x6470d7646ca0_0;
    %inv;
    %and;
    %or;
    %load/vec4 v0x6470d7646570_0;
    %load/vec4 v0x6470d7646720_0;
    %and;
    %load/vec4 v0x6470d76469d0_0;
    %and;
    %or;
    %load/vec4 v0x6470d7646830_0;
    %load/vec4 v0x6470d76464b0_0;
    %and;
    %load/vec4 v0x6470d76469d0_0;
    %and;
    %or;
    %load/vec4 v0x6470d7646ca0_0;
    %load/vec4 v0x6470d76464b0_0;
    %and;
    %load/vec4 v0x6470d7646720_0;
    %and;
    %or;
    %load/vec4 v0x6470d76464b0_0;
    %inv;
    %load/vec4 v0x6470d7646720_0;
    %inv;
    %and;
    %load/vec4 v0x6470d76469d0_0;
    %inv;
    %and;
    %load/vec4 v0x6470d7646570_0;
    %load/vec4 v0x6470d7646830_0;
    %and;
    %load/vec4 v0x6470d7646ca0_0;
    %inv;
    %and;
    %load/vec4 v0x6470d7646570_0;
    %load/vec4 v0x6470d7646ca0_0;
    %and;
    %load/vec4 v0x6470d7646830_0;
    %inv;
    %and;
    %or;
    %load/vec4 v0x6470d7646830_0;
    %load/vec4 v0x6470d7646ca0_0;
    %and;
    %load/vec4 v0x6470d7646570_0;
    %inv;
    %and;
    %or;
    %and;
    %or;
    %store/vec4 v0x6470d7646d60_0, 0, 1;
    %load/vec4 v0x6470d7646a90_0;
    %load/vec4 v0x6470d7646be0_0;
    %concat/vec4; draw_concat_vec4
    %load/vec4 v0x6470d7646d60_0;
    %concat/vec4; draw_concat_vec4
    %load/vec4 v0x6470d7646e20_0;
    %concat/vec4; draw_concat_vec4
    %ret/vec4 0, 0, 4;  Assign to tadd1 (store_vec4_to_lval)
    %end;
S_0x6470d7646fc0 .scope function.vec4.s2, "tand" "tand" 4 95, 4 95 0, S_0x6470d7645db0;
 .timescale -9 -12;
v0x6470d7647170_0 .var "a", 1 0;
v0x6470d7647250_0 .var "b", 1 0;
; Variable tand is vec4 return value of scope S_0x6470d7646fc0
TD_ga_ops_tb.u_sym.u_nzw.u_s2.tand ;
    %load/vec4 v0x6470d7647170_0;
    %parti/s 1, 1, 2;
    %load/vec4 v0x6470d7647250_0;
    %parti/s 1, 1, 2;
    %or;
    %load/vec4 v0x6470d7647170_0;
    %parti/s 1, 0, 2;
    %load/vec4 v0x6470d7647250_0;
    %parti/s 1, 0, 2;
    %and;
    %concat/vec4; draw_concat_vec4
    %ret/vec4 0, 0, 2;  Assign to tand (store_vec4_to_lval)
    %end;
S_0x6470d76473f0 .scope function.vec4.s2, "tmul" "tmul" 4 85, 4 85 0, S_0x6470d7645db0;
 .timescale -9 -12;
v0x6470d7647600_0 .var "a", 1 0;
v0x6470d76476e0_0 .var "b", 1 0;
; Variable tmul is vec4 return value of scope S_0x6470d76473f0
TD_ga_ops_tb.u_sym.u_nzw.u_s2.tmul ;
    %pushi/vec4 0, 0, 2;
    %ret/vec4 0, 0, 2;  Assign to tmul (store_vec4_to_lval)
    %load/vec4 v0x6470d7647600_0;
    %parti/s 1, 0, 2;
    %load/vec4 v0x6470d76476e0_0;
    %parti/s 1, 0, 2;
    %and;
    %flag_set/vec4 8;
    %jmp/0xz  T_126.169, 8;
    %pushi/vec4 1, 0, 2;
    %ret/vec4 0, 0, 2;  Assign to tmul (store_vec4_to_lval)
    %jmp T_126.170;
T_126.169 ;
    %load/vec4 v0x6470d7647600_0;
    %parti/s 1, 1, 2;
    %load/vec4 v0x6470d76476e0_0;
    %parti/s 1, 1, 2;
    %and;
    %flag_set/vec4 8;
    %jmp/0xz  T_126.171, 8;
    %pushi/vec4 1, 0, 2;
    %ret/vec4 0, 0, 2;  Assign to tmul (store_vec4_to_lval)
    %jmp T_126.172;
T_126.171 ;
    %load/vec4 v0x6470d7647600_0;
    %parti/s 1, 0, 2;
    %load/vec4 v0x6470d76476e0_0;
    %parti/s 1, 1, 2;
    %and;
    %load/vec4 v0x6470d7647600_0;
    %parti/s 1, 1, 2;
    %load/vec4 v0x6470d76476e0_0;
    %parti/s 1, 0, 2;
    %and;
    %or;
    %flag_set/vec4 8;
    %jmp/0xz  T_126.173, 8;
    %pushi/vec4 2, 0, 2;
    %ret/vec4 0, 0, 2;  Assign to tmul (store_vec4_to_lval)
T_126.173 ;
T_126.172 ;
T_126.170 ;
    %end;
S_0x6470d76478b0 .scope function.vec4.s2, "tneg" "tneg" 4 78, 4 78 0, S_0x6470d7645db0;
 .timescale -9 -12;
v0x6470d7647a90_0 .var "t", 1 0;
; Variable tneg is vec4 return value of scope S_0x6470d76478b0
TD_ga_ops_tb.u_sym.u_nzw.u_s2.tneg ;
    %load/vec4 v0x6470d7647a90_0;
    %parti/s 1, 0, 2;
    %load/vec4 v0x6470d7647a90_0;
    %parti/s 1, 1, 2;
    %concat/vec4; draw_concat_vec4
    %ret/vec4 0, 0, 2;  Assign to tneg (store_vec4_to_lval)
    %end;
S_0x6470d7647c70 .scope function.vec4.s2, "tor" "tor" 4 102, 4 102 0, S_0x6470d7645db0;
 .timescale -9 -12;
v0x6470d7647ea0_0 .var "a", 1 0;
v0x6470d7647fa0_0 .var "b", 1 0;
; Variable tor is vec4 return value of scope S_0x6470d7647c70
TD_ga_ops_tb.u_sym.u_nzw.u_s2.tor ;
    %load/vec4 v0x6470d7647ea0_0;
    %parti/s 1, 1, 2;
    %load/vec4 v0x6470d7647fa0_0;
    %parti/s 1, 1, 2;
    %and;
    %load/vec4 v0x6470d7647ea0_0;
    %parti/s 1, 0, 2;
    %load/vec4 v0x6470d7647fa0_0;
    %parti/s 1, 0, 2;
    %or;
    %concat/vec4; draw_concat_vec4
    %ret/vec4 0, 0, 2;  Assign to tor (store_vec4_to_lval)
    %end;
S_0x6470d764a670 .scope module, "u_wedge" "twedge" 2 38, 3 221 0, S_0x6470d7422800;
 .timescale -9 -12;
    .port_info 0 /OUTPUT 26 "w_out";
    .port_info 1 /INPUT 12 "a";
    .port_info 2 /INPUT 12 "b";
    .port_info 3 /INPUT 12 "c";
    .port_info 4 /INPUT 12 "d";
P_0x6470d764a850 .param/l "R" 1 3 226, +C4<00000000000000000000000000001101>;
L_0x72137824a258 .functor BUFT 1, C4<00>, C4<0>, C4<0>, C4<0>;
v0x6470d7652a10_0 .net/2u *"_ivl_0", 1 0, L_0x72137824a258;  1 drivers
L_0x72137824a2a0 .functor BUFT 1, C4<00>, C4<0>, C4<0>, C4<0>;
v0x6470d7652b10_0 .net/2u *"_ivl_4", 1 0, L_0x72137824a2a0;  1 drivers
v0x6470d7652bf0_0 .net "a", 11 0, v0x6470d76533d0_0;  alias, 1 drivers
v0x6470d7652c90_0 .net "b", 11 0, v0x6470d76534b0_0;  alias, 1 drivers
v0x6470d7652d50_0 .net "c", 11 0, v0x6470d7653570_0;  alias, 1 drivers
v0x6470d7652e60_0 .net "d", 11 0, v0x6470d7653610_0;  alias, 1 drivers
v0x6470d7652f20_0 .net "p_ad", 23 0, v0x6470d764d3d0_0;  1 drivers
v0x6470d7652fe0_0 .net "p_ad_e", 25 0, L_0x6470d7655bd0;  1 drivers
v0x6470d76530b0_0 .net "p_bc", 23 0, v0x6470d764fef0_0;  1 drivers
v0x6470d7653180_0 .net "p_bc_e", 25 0, L_0x6470d7655a90;  1 drivers
v0x6470d7653250_0 .net "w_out", 25 0, v0x6470d76526a0_0;  alias, 1 drivers
L_0x6470d7655a90 .concat [ 24 2 0 0], v0x6470d764fef0_0, L_0x72137824a258;
L_0x6470d7655bd0 .concat [ 24 2 0 0], v0x6470d764d3d0_0, L_0x72137824a2a0;
S_0x6470d764a9a0 .scope module, "m_ad" "tmul_sa" 3 230, 4 42 0, S_0x6470d764a670;
 .timescale -9 -12;
    .port_info 0 /OUTPUT 24 "prod";
    .port_info 1 /INPUT 12 "a";
    .port_info 2 /INPUT 12 "b";
P_0x6470d762eac0 .param/l "ACCBITS" 1 4 48, +C4<0000000000000000000000000000000000000000000000000000000000000000000000000000000000000000000011010>;
P_0x6470d762eb00 .param/l "NTRITS" 0 4 42, +C4<00000000000000000000000000000110>;
v0x6470d764cd70_0 .net "a", 11 0, v0x6470d76533d0_0;  alias, 1 drivers
v0x6470d764ce50_0 .var "acc", 25 0;
v0x6470d764cf30_0 .net "b", 11 0, v0x6470d7653610_0;  alias, 1 drivers
v0x6470d764d000_0 .var "c", 1 0;
v0x6470d764d0e0_0 .var/i "i", 31 0;
v0x6470d764d210_0 .var/i "j", 31 0;
v0x6470d764d2f0_0 .var "pp", 25 0;
v0x6470d764d3d0_0 .var "prod", 23 0;
E_0x6470d764af70/0 .event anyedge, v0x6470d7603d70_0, v0x6470d7609690_0, v0x6470d764ce50_0, v0x6470d764d2f0_0;
E_0x6470d764af70/1 .event anyedge, v0x6470d764d000_0;
E_0x6470d764af70 .event/or E_0x6470d764af70/0, E_0x6470d764af70/1;
S_0x6470d764abf0 .scope function.vec4.s4, "tadd1" "tadd1" 4 78, 4 78 0, S_0x6470d764a9a0;
 .timescale -9 -12;
v0x6470d764b070_0 .var "a", 1 0;
v0x6470d764b170_0 .var "an", 0 0;
v0x6470d764b230_0 .var "ap", 0 0;
v0x6470d764b300_0 .var "b", 1 0;
v0x6470d764b3e0_0 .var "bn", 0 0;
v0x6470d764b4f0_0 .var "bp", 0 0;
v0x6470d764b5b0_0 .var "cin", 1 0;
v0x6470d764b690_0 .var "cn", 0 0;
v0x6470d764b750_0 .var "con", 0 0;
v0x6470d764b810_0 .var "cop", 0 0;
v0x6470d764b8d0_0 .var "cp", 0 0;
v0x6470d764b990_0 .var "sn", 0 0;
v0x6470d764ba50_0 .var "sp", 0 0;
; Variable tadd1 is vec4 return value of scope S_0x6470d764abf0
TD_ga_ops_tb.u_wedge.m_ad.tadd1 ;
    %load/vec4 v0x6470d764b070_0;
    %parti/s 1, 0, 2;
    %store/vec4 v0x6470d764b230_0, 0, 1;
    %load/vec4 v0x6470d764b070_0;
    %parti/s 1, 1, 2;
    %store/vec4 v0x6470d764b170_0, 0, 1;
    %load/vec4 v0x6470d764b300_0;
    %parti/s 1, 0, 2;
    %store/vec4 v0x6470d764b4f0_0, 0, 1;
    %load/vec4 v0x6470d764b300_0;
    %parti/s 1, 1, 2;
    %store/vec4 v0x6470d764b3e0_0, 0, 1;
    %load/vec4 v0x6470d764b5b0_0;
    %parti/s 1, 0, 2;
    %store/vec4 v0x6470d764b8d0_0, 0, 1;
    %load/vec4 v0x6470d764b5b0_0;
    %parti/s 1, 1, 2;
    %store/vec4 v0x6470d764b690_0, 0, 1;
    %load/vec4 v0x6470d764b170_0;
    %inv;
    %load/vec4 v0x6470d764b3e0_0;
    %inv;
    %and;
    %load/vec4 v0x6470d764b690_0;
    %inv;
    %and;
    %load/vec4 v0x6470d764b230_0;
    %load/vec4 v0x6470d764b4f0_0;
    %and;
    %load/vec4 v0x6470d764b230_0;
    %load/vec4 v0x6470d764b8d0_0;
    %and;
    %or;
    %load/vec4 v0x6470d764b4f0_0;
    %load/vec4 v0x6470d764b8d0_0;
    %and;
    %or;
    %and;
    %store/vec4 v0x6470d764b810_0, 0, 1;
    %load/vec4 v0x6470d764b230_0;
    %inv;
    %load/vec4 v0x6470d764b4f0_0;
    %inv;
    %and;
    %load/vec4 v0x6470d764b8d0_0;
    %inv;
    %and;
    %load/vec4 v0x6470d764b170_0;
    %load/vec4 v0x6470d764b3e0_0;
    %and;
    %load/vec4 v0x6470d764b170_0;
    %load/vec4 v0x6470d764b690_0;
    %and;
    %or;
    %load/vec4 v0x6470d764b3e0_0;
    %load/vec4 v0x6470d764b690_0;
    %and;
    %or;
    %and;
    %store/vec4 v0x6470d764b750_0, 0, 1;
    %load/vec4 v0x6470d764b230_0;
    %load/vec4 v0x6470d764b4f0_0;
    %inv;
    %and;
    %load/vec4 v0x6470d764b3e0_0;
    %inv;
    %and;
    %load/vec4 v0x6470d764b8d0_0;
    %inv;
    %and;
    %load/vec4 v0x6470d764b690_0;
    %inv;
    %and;
    %load/vec4 v0x6470d764b4f0_0;
    %load/vec4 v0x6470d764b230_0;
    %inv;
    %and;
    %load/vec4 v0x6470d764b170_0;
    %inv;
    %and;
    %load/vec4 v0x6470d764b8d0_0;
    %inv;
    %and;
    %load/vec4 v0x6470d764b690_0;
    %inv;
    %and;
    %or;
    %load/vec4 v0x6470d764b8d0_0;
    %load/vec4 v0x6470d764b230_0;
    %inv;
    %and;
    %load/vec4 v0x6470d764b170_0;
    %inv;
    %and;
    %load/vec4 v0x6470d764b4f0_0;
    %inv;
    %and;
    %load/vec4 v0x6470d764b3e0_0;
    %inv;
    %and;
    %or;
    %load/vec4 v0x6470d764b230_0;
    %load/vec4 v0x6470d764b4f0_0;
    %and;
    %load/vec4 v0x6470d764b690_0;
    %and;
    %or;
    %load/vec4 v0x6470d764b230_0;
    %load/vec4 v0x6470d764b8d0_0;
    %and;
    %load/vec4 v0x6470d764b3e0_0;
    %and;
    %or;
    %load/vec4 v0x6470d764b4f0_0;
    %load/vec4 v0x6470d764b8d0_0;
    %and;
    %load/vec4 v0x6470d764b170_0;
    %and;
    %or;
    %load/vec4 v0x6470d764b230_0;
    %inv;
    %load/vec4 v0x6470d764b4f0_0;
    %inv;
    %and;
    %load/vec4 v0x6470d764b8d0_0;
    %inv;
    %and;
    %load/vec4 v0x6470d764b170_0;
    %load/vec4 v0x6470d764b3e0_0;
    %and;
    %load/vec4 v0x6470d764b690_0;
    %inv;
    %and;
    %load/vec4 v0x6470d764b170_0;
    %load/vec4 v0x6470d764b690_0;
    %and;
    %load/vec4 v0x6470d764b3e0_0;
    %inv;
    %and;
    %or;
    %load/vec4 v0x6470d764b3e0_0;
    %load/vec4 v0x6470d764b690_0;
    %and;
    %load/vec4 v0x6470d764b170_0;
    %inv;
    %and;
    %or;
    %and;
    %or;
    %store/vec4 v0x6470d764ba50_0, 0, 1;
    %load/vec4 v0x6470d764b170_0;
    %load/vec4 v0x6470d764b3e0_0;
    %inv;
    %and;
    %load/vec4 v0x6470d764b690_0;
    %inv;
    %and;
    %load/vec4 v0x6470d764b230_0;
    %inv;
    %and;
    %load/vec4 v0x6470d764b4f0_0;
    %inv;
    %and;
    %load/vec4 v0x6470d764b8d0_0;
    %inv;
    %and;
    %load/vec4 v0x6470d764b3e0_0;
    %load/vec4 v0x6470d764b170_0;
    %inv;
    %and;
    %load/vec4 v0x6470d764b690_0;
    %inv;
    %and;
    %load/vec4 v0x6470d764b230_0;
    %inv;
    %and;
    %load/vec4 v0x6470d764b4f0_0;
    %inv;
    %and;
    %load/vec4 v0x6470d764b8d0_0;
    %inv;
    %and;
    %or;
    %load/vec4 v0x6470d764b690_0;
    %load/vec4 v0x6470d764b170_0;
    %inv;
    %and;
    %load/vec4 v0x6470d764b3e0_0;
    %inv;
    %and;
    %load/vec4 v0x6470d764b230_0;
    %inv;
    %and;
    %load/vec4 v0x6470d764b4f0_0;
    %inv;
    %and;
    %load/vec4 v0x6470d764b8d0_0;
    %inv;
    %and;
    %or;
    %load/vec4 v0x6470d764b230_0;
    %load/vec4 v0x6470d764b3e0_0;
    %and;
    %load/vec4 v0x6470d764b690_0;
    %and;
    %or;
    %load/vec4 v0x6470d764b4f0_0;
    %load/vec4 v0x6470d764b170_0;
    %and;
    %load/vec4 v0x6470d764b690_0;
    %and;
    %or;
    %load/vec4 v0x6470d764b8d0_0;
    %load/vec4 v0x6470d764b170_0;
    %and;
    %load/vec4 v0x6470d764b3e0_0;
    %and;
    %or;
    %load/vec4 v0x6470d764b170_0;
    %inv;
    %load/vec4 v0x6470d764b3e0_0;
    %inv;
    %and;
    %load/vec4 v0x6470d764b690_0;
    %inv;
    %and;
    %load/vec4 v0x6470d764b230_0;
    %load/vec4 v0x6470d764b4f0_0;
    %and;
    %load/vec4 v0x6470d764b8d0_0;
    %inv;
    %and;
    %load/vec4 v0x6470d764b230_0;
    %load/vec4 v0x6470d764b8d0_0;
    %and;
    %load/vec4 v0x6470d764b4f0_0;
    %inv;
    %and;
    %or;
    %load/vec4 v0x6470d764b4f0_0;
    %load/vec4 v0x6470d764b8d0_0;
    %and;
    %load/vec4 v0x6470d764b230_0;
    %inv;
    %and;
    %or;
    %and;
    %or;
    %store/vec4 v0x6470d764b990_0, 0, 1;
    %load/vec4 v0x6470d764b750_0;
    %load/vec4 v0x6470d764b810_0;
    %concat/vec4; draw_concat_vec4
    %load/vec4 v0x6470d764b990_0;
    %concat/vec4; draw_concat_vec4
    %load/vec4 v0x6470d764ba50_0;
    %concat/vec4; draw_concat_vec4
    %ret/vec4 0, 0, 4;  Assign to tadd1 (store_vec4_to_lval)
    %end;
S_0x6470d764bbf0 .scope function.vec4.s2, "tand" "tand" 4 64, 4 64 0, S_0x6470d764a9a0;
 .timescale -9 -12;
v0x6470d764bda0_0 .var "a", 1 0;
v0x6470d764be80_0 .var "b", 1 0;
; Variable tand is vec4 return value of scope S_0x6470d764bbf0
TD_ga_ops_tb.u_wedge.m_ad.tand ;
    %load/vec4 v0x6470d764bda0_0;
    %parti/s 1, 1, 2;
    %load/vec4 v0x6470d764be80_0;
    %parti/s 1, 1, 2;
    %or;
    %load/vec4 v0x6470d764bda0_0;
    %parti/s 1, 0, 2;
    %load/vec4 v0x6470d764be80_0;
    %parti/s 1, 0, 2;
    %and;
    %concat/vec4; draw_concat_vec4
    %ret/vec4 0, 0, 2;  Assign to tand (store_vec4_to_lval)
    %end;
S_0x6470d764c020 .scope function.vec4.s2, "tmul" "tmul" 4 54, 4 54 0, S_0x6470d764a9a0;
 .timescale -9 -12;
v0x6470d764c230_0 .var "a", 1 0;
v0x6470d764c310_0 .var "b", 1 0;
; Variable tmul is vec4 return value of scope S_0x6470d764c020
TD_ga_ops_tb.u_wedge.m_ad.tmul ;
    %pushi/vec4 0, 0, 2;
    %ret/vec4 0, 0, 2;  Assign to tmul (store_vec4_to_lval)
    %load/vec4 v0x6470d764c230_0;
    %parti/s 1, 0, 2;
    %load/vec4 v0x6470d764c310_0;
    %parti/s 1, 0, 2;
    %and;
    %flag_set/vec4 8;
    %jmp/0xz  T_131.175, 8;
    %pushi/vec4 1, 0, 2;
    %ret/vec4 0, 0, 2;  Assign to tmul (store_vec4_to_lval)
    %jmp T_131.176;
T_131.175 ;
    %load/vec4 v0x6470d764c230_0;
    %parti/s 1, 1, 2;
    %load/vec4 v0x6470d764c310_0;
    %parti/s 1, 1, 2;
    %and;
    %flag_set/vec4 8;
    %jmp/0xz  T_131.177, 8;
    %pushi/vec4 1, 0, 2;
    %ret/vec4 0, 0, 2;  Assign to tmul (store_vec4_to_lval)
    %jmp T_131.178;
T_131.177 ;
    %load/vec4 v0x6470d764c230_0;
    %parti/s 1, 0, 2;
    %load/vec4 v0x6470d764c310_0;
    %parti/s 1, 1, 2;
    %and;
    %load/vec4 v0x6470d764c230_0;
    %parti/s 1, 1, 2;
    %load/vec4 v0x6470d764c310_0;
    %parti/s 1, 0, 2;
    %and;
    %or;
    %flag_set/vec4 8;
    %jmp/0xz  T_131.179, 8;
    %pushi/vec4 2, 0, 2;
    %ret/vec4 0, 0, 2;  Assign to tmul (store_vec4_to_lval)
T_131.179 ;
T_131.178 ;
T_131.176 ;
    %end;
S_0x6470d764c4e0 .scope function.vec4.s2, "tneg" "tneg" 4 47, 4 47 0, S_0x6470d764a9a0;
 .timescale -9 -12;
v0x6470d764c6c0_0 .var "t", 1 0;
; Variable tneg is vec4 return value of scope S_0x6470d764c4e0
TD_ga_ops_tb.u_wedge.m_ad.tneg ;
    %load/vec4 v0x6470d764c6c0_0;
    %parti/s 1, 0, 2;
    %load/vec4 v0x6470d764c6c0_0;
    %parti/s 1, 1, 2;
    %concat/vec4; draw_concat_vec4
    %ret/vec4 0, 0, 2;  Assign to tneg (store_vec4_to_lval)
    %end;
S_0x6470d764c8a0 .scope function.vec4.s2, "tor" "tor" 4 71, 4 71 0, S_0x6470d764a9a0;
 .timescale -9 -12;
v0x6470d764cad0_0 .var "a", 1 0;
v0x6470d764cbd0_0 .var "b", 1 0;
; Variable tor is vec4 return value of scope S_0x6470d764c8a0
TD_ga_ops_tb.u_wedge.m_ad.tor ;
    %load/vec4 v0x6470d764cad0_0;
    %parti/s 1, 1, 2;
    %load/vec4 v0x6470d764cbd0_0;
    %parti/s 1, 1, 2;
    %and;
    %load/vec4 v0x6470d764cad0_0;
    %parti/s 1, 0, 2;
    %load/vec4 v0x6470d764cbd0_0;
    %parti/s 1, 0, 2;
    %or;
    %concat/vec4; draw_concat_vec4
    %ret/vec4 0, 0, 2;  Assign to tor (store_vec4_to_lval)
    %end;
S_0x6470d764d530 .scope module, "m_bc" "tmul_sa" 3 229, 4 42 0, S_0x6470d764a670;
 .timescale -9 -12;
    .port_info 0 /OUTPUT 24 "prod";
    .port_info 1 /INPUT 12 "a";
    .port_info 2 /INPUT 12 "b";
P_0x6470d76258c0 .param/l "ACCBITS" 1 4 48, +C4<0000000000000000000000000000000000000000000000000000000000000000000000000000000000000000000011010>;
P_0x6470d7625900 .param/l "NTRITS" 0 4 42, +C4<00000000000000000000000000000110>;
v0x6470d764f890_0 .net "a", 11 0, v0x6470d76534b0_0;  alias, 1 drivers
v0x6470d764f970_0 .var "acc", 25 0;
v0x6470d764fa50_0 .net "b", 11 0, v0x6470d7653570_0;  alias, 1 drivers
v0x6470d764fb20_0 .var "c", 1 0;
v0x6470d764fc00_0 .var/i "i", 31 0;
v0x6470d764fd30_0 .var/i "j", 31 0;
v0x6470d764fe10_0 .var "pp", 25 0;
v0x6470d764fef0_0 .var "prod", 23 0;
E_0x6470d764da90/0 .event anyedge, v0x6470d7603f20_0, v0x6470d7606ab0_0, v0x6470d764f970_0, v0x6470d764fe10_0;
E_0x6470d764da90/1 .event anyedge, v0x6470d764fb20_0;
E_0x6470d764da90 .event/or E_0x6470d764da90/0, E_0x6470d764da90/1;
S_0x6470d764d760 .scope function.vec4.s4, "tadd1" "tadd1" 4 78, 4 78 0, S_0x6470d764d530;
 .timescale -9 -12;
v0x6470d764db90_0 .var "a", 1 0;
v0x6470d764dc90_0 .var "an", 0 0;
v0x6470d764dd50_0 .var "ap", 0 0;
v0x6470d764de20_0 .var "b", 1 0;
v0x6470d764df00_0 .var "bn", 0 0;
v0x6470d764e010_0 .var "bp", 0 0;
v0x6470d764e0d0_0 .var "cin", 1 0;
v0x6470d764e1b0_0 .var "cn", 0 0;
v0x6470d764e270_0 .var "con", 0 0;
v0x6470d764e330_0 .var "cop", 0 0;
v0x6470d764e3f0_0 .var "cp", 0 0;
v0x6470d764e4b0_0 .var "sn", 0 0;
v0x6470d764e570_0 .var "sp", 0 0;
; Variable tadd1 is vec4 return value of scope S_0x6470d764d760
TD_ga_ops_tb.u_wedge.m_bc.tadd1 ;
    %load/vec4 v0x6470d764db90_0;
    %parti/s 1, 0, 2;
    %store/vec4 v0x6470d764dd50_0, 0, 1;
    %load/vec4 v0x6470d764db90_0;
    %parti/s 1, 1, 2;
    %store/vec4 v0x6470d764dc90_0, 0, 1;
    %load/vec4 v0x6470d764de20_0;
    %parti/s 1, 0, 2;
    %store/vec4 v0x6470d764e010_0, 0, 1;
    %load/vec4 v0x6470d764de20_0;
    %parti/s 1, 1, 2;
    %store/vec4 v0x6470d764df00_0, 0, 1;
    %load/vec4 v0x6470d764e0d0_0;
    %parti/s 1, 0, 2;
    %store/vec4 v0x6470d764e3f0_0, 0, 1;
    %load/vec4 v0x6470d764e0d0_0;
    %parti/s 1, 1, 2;
    %store/vec4 v0x6470d764e1b0_0, 0, 1;
    %load/vec4 v0x6470d764dc90_0;
    %inv;
    %load/vec4 v0x6470d764df00_0;
    %inv;
    %and;
    %load/vec4 v0x6470d764e1b0_0;
    %inv;
    %and;
    %load/vec4 v0x6470d764dd50_0;
    %load/vec4 v0x6470d764e010_0;
    %and;
    %load/vec4 v0x6470d764dd50_0;
    %load/vec4 v0x6470d764e3f0_0;
    %and;
    %or;
    %load/vec4 v0x6470d764e010_0;
    %load/vec4 v0x6470d764e3f0_0;
    %and;
    %or;
    %and;
    %store/vec4 v0x6470d764e330_0, 0, 1;
    %load/vec4 v0x6470d764dd50_0;
    %inv;
    %load/vec4 v0x6470d764e010_0;
    %inv;
    %and;
    %load/vec4 v0x6470d764e3f0_0;
    %inv;
    %and;
    %load/vec4 v0x6470d764dc90_0;
    %load/vec4 v0x6470d764df00_0;
    %and;
    %load/vec4 v0x6470d764dc90_0;
    %load/vec4 v0x6470d764e1b0_0;
    %and;
    %or;
    %load/vec4 v0x6470d764df00_0;
    %load/vec4 v0x6470d764e1b0_0;
    %and;
    %or;
    %and;
    %store/vec4 v0x6470d764e270_0, 0, 1;
    %load/vec4 v0x6470d764dd50_0;
    %load/vec4 v0x6470d764e010_0;
    %inv;
    %and;
    %load/vec4 v0x6470d764df00_0;
    %inv;
    %and;
    %load/vec4 v0x6470d764e3f0_0;
    %inv;
    %and;
    %load/vec4 v0x6470d764e1b0_0;
    %inv;
    %and;
    %load/vec4 v0x6470d764e010_0;
    %load/vec4 v0x6470d764dd50_0;
    %inv;
    %and;
    %load/vec4 v0x6470d764dc90_0;
    %inv;
    %and;
    %load/vec4 v0x6470d764e3f0_0;
    %inv;
    %and;
    %load/vec4 v0x6470d764e1b0_0;
    %inv;
    %and;
    %or;
    %load/vec4 v0x6470d764e3f0_0;
    %load/vec4 v0x6470d764dd50_0;
    %inv;
    %and;
    %load/vec4 v0x6470d764dc90_0;
    %inv;
    %and;
    %load/vec4 v0x6470d764e010_0;
    %inv;
    %and;
    %load/vec4 v0x6470d764df00_0;
    %inv;
    %and;
    %or;
    %load/vec4 v0x6470d764dd50_0;
    %load/vec4 v0x6470d764e010_0;
    %and;
    %load/vec4 v0x6470d764e1b0_0;
    %and;
    %or;
    %load/vec4 v0x6470d764dd50_0;
    %load/vec4 v0x6470d764e3f0_0;
    %and;
    %load/vec4 v0x6470d764df00_0;
    %and;
    %or;
    %load/vec4 v0x6470d764e010_0;
    %load/vec4 v0x6470d764e3f0_0;
    %and;
    %load/vec4 v0x6470d764dc90_0;
    %and;
    %or;
    %load/vec4 v0x6470d764dd50_0;
    %inv;
    %load/vec4 v0x6470d764e010_0;
    %inv;
    %and;
    %load/vec4 v0x6470d764e3f0_0;
    %inv;
    %and;
    %load/vec4 v0x6470d764dc90_0;
    %load/vec4 v0x6470d764df00_0;
    %and;
    %load/vec4 v0x6470d764e1b0_0;
    %inv;
    %and;
    %load/vec4 v0x6470d764dc90_0;
    %load/vec4 v0x6470d764e1b0_0;
    %and;
    %load/vec4 v0x6470d764df00_0;
    %inv;
    %and;
    %or;
    %load/vec4 v0x6470d764df00_0;
    %load/vec4 v0x6470d764e1b0_0;
    %and;
    %load/vec4 v0x6470d764dc90_0;
    %inv;
    %and;
    %or;
    %and;
    %or;
    %store/vec4 v0x6470d764e570_0, 0, 1;
    %load/vec4 v0x6470d764dc90_0;
    %load/vec4 v0x6470d764df00_0;
    %inv;
    %and;
    %load/vec4 v0x6470d764e1b0_0;
    %inv;
    %and;
    %load/vec4 v0x6470d764dd50_0;
    %inv;
    %and;
    %load/vec4 v0x6470d764e010_0;
    %inv;
    %and;
    %load/vec4 v0x6470d764e3f0_0;
    %inv;
    %and;
    %load/vec4 v0x6470d764df00_0;
    %load/vec4 v0x6470d764dc90_0;
    %inv;
    %and;
    %load/vec4 v0x6470d764e1b0_0;
    %inv;
    %and;
    %load/vec4 v0x6470d764dd50_0;
    %inv;
    %and;
    %load/vec4 v0x6470d764e010_0;
    %inv;
    %and;
    %load/vec4 v0x6470d764e3f0_0;
    %inv;
    %and;
    %or;
    %load/vec4 v0x6470d764e1b0_0;
    %load/vec4 v0x6470d764dc90_0;
    %inv;
    %and;
    %load/vec4 v0x6470d764df00_0;
    %inv;
    %and;
    %load/vec4 v0x6470d764dd50_0;
    %inv;
    %and;
    %load/vec4 v0x6470d764e010_0;
    %inv;
    %and;
    %load/vec4 v0x6470d764e3f0_0;
    %inv;
    %and;
    %or;
    %load/vec4 v0x6470d764dd50_0;
    %load/vec4 v0x6470d764df00_0;
    %and;
    %load/vec4 v0x6470d764e1b0_0;
    %and;
    %or;
    %load/vec4 v0x6470d764e010_0;
    %load/vec4 v0x6470d764dc90_0;
    %and;
    %load/vec4 v0x6470d764e1b0_0;
    %and;
    %or;
    %load/vec4 v0x6470d764e3f0_0;
    %load/vec4 v0x6470d764dc90_0;
    %and;
    %load/vec4 v0x6470d764df00_0;
    %and;
    %or;
    %load/vec4 v0x6470d764dc90_0;
    %inv;
    %load/vec4 v0x6470d764df00_0;
    %inv;
    %and;
    %load/vec4 v0x6470d764e1b0_0;
    %inv;
    %and;
    %load/vec4 v0x6470d764dd50_0;
    %load/vec4 v0x6470d764e010_0;
    %and;
    %load/vec4 v0x6470d764e3f0_0;
    %inv;
    %and;
    %load/vec4 v0x6470d764dd50_0;
    %load/vec4 v0x6470d764e3f0_0;
    %and;
    %load/vec4 v0x6470d764e010_0;
    %inv;
    %and;
    %or;
    %load/vec4 v0x6470d764e010_0;
    %load/vec4 v0x6470d764e3f0_0;
    %and;
    %load/vec4 v0x6470d764dd50_0;
    %inv;
    %and;
    %or;
    %and;
    %or;
    %store/vec4 v0x6470d764e4b0_0, 0, 1;
    %load/vec4 v0x6470d764e270_0;
    %load/vec4 v0x6470d764e330_0;
    %concat/vec4; draw_concat_vec4
    %load/vec4 v0x6470d764e4b0_0;
    %concat/vec4; draw_concat_vec4
    %load/vec4 v0x6470d764e570_0;
    %concat/vec4; draw_concat_vec4
    %ret/vec4 0, 0, 4;  Assign to tadd1 (store_vec4_to_lval)
    %end;
S_0x6470d764e710 .scope function.vec4.s2, "tand" "tand" 4 64, 4 64 0, S_0x6470d764d530;
 .timescale -9 -12;
v0x6470d764e8c0_0 .var "a", 1 0;
v0x6470d764e9a0_0 .var "b", 1 0;
; Variable tand is vec4 return value of scope S_0x6470d764e710
TD_ga_ops_tb.u_wedge.m_bc.tand ;
    %load/vec4 v0x6470d764e8c0_0;
    %parti/s 1, 1, 2;
    %load/vec4 v0x6470d764e9a0_0;
    %parti/s 1, 1, 2;
    %or;
    %load/vec4 v0x6470d764e8c0_0;
    %parti/s 1, 0, 2;
    %load/vec4 v0x6470d764e9a0_0;
    %parti/s 1, 0, 2;
    %and;
    %concat/vec4; draw_concat_vec4
    %ret/vec4 0, 0, 2;  Assign to tand (store_vec4_to_lval)
    %end;
S_0x6470d764eb40 .scope function.vec4.s2, "tmul" "tmul" 4 54, 4 54 0, S_0x6470d764d530;
 .timescale -9 -12;
v0x6470d764ed50_0 .var "a", 1 0;
v0x6470d764ee30_0 .var "b", 1 0;
; Variable tmul is vec4 return value of scope S_0x6470d764eb40
TD_ga_ops_tb.u_wedge.m_bc.tmul ;
    %pushi/vec4 0, 0, 2;
    %ret/vec4 0, 0, 2;  Assign to tmul (store_vec4_to_lval)
    %load/vec4 v0x6470d764ed50_0;
    %parti/s 1, 0, 2;
    %load/vec4 v0x6470d764ee30_0;
    %parti/s 1, 0, 2;
    %and;
    %flag_set/vec4 8;
    %jmp/0xz  T_136.181, 8;
    %pushi/vec4 1, 0, 2;
    %ret/vec4 0, 0, 2;  Assign to tmul (store_vec4_to_lval)
    %jmp T_136.182;
T_136.181 ;
    %load/vec4 v0x6470d764ed50_0;
    %parti/s 1, 1, 2;
    %load/vec4 v0x6470d764ee30_0;
    %parti/s 1, 1, 2;
    %and;
    %flag_set/vec4 8;
    %jmp/0xz  T_136.183, 8;
    %pushi/vec4 1, 0, 2;
    %ret/vec4 0, 0, 2;  Assign to tmul (store_vec4_to_lval)
    %jmp T_136.184;
T_136.183 ;
    %load/vec4 v0x6470d764ed50_0;
    %parti/s 1, 0, 2;
    %load/vec4 v0x6470d764ee30_0;
    %parti/s 1, 1, 2;
    %and;
    %load/vec4 v0x6470d764ed50_0;
    %parti/s 1, 1, 2;
    %load/vec4 v0x6470d764ee30_0;
    %parti/s 1, 0, 2;
    %and;
    %or;
    %flag_set/vec4 8;
    %jmp/0xz  T_136.185, 8;
    %pushi/vec4 2, 0, 2;
    %ret/vec4 0, 0, 2;  Assign to tmul (store_vec4_to_lval)
T_136.185 ;
T_136.184 ;
T_136.182 ;
    %end;
S_0x6470d764f000 .scope function.vec4.s2, "tneg" "tneg" 4 47, 4 47 0, S_0x6470d764d530;
 .timescale -9 -12;
v0x6470d764f1e0_0 .var "t", 1 0;
; Variable tneg is vec4 return value of scope S_0x6470d764f000
TD_ga_ops_tb.u_wedge.m_bc.tneg ;
    %load/vec4 v0x6470d764f1e0_0;
    %parti/s 1, 0, 2;
    %load/vec4 v0x6470d764f1e0_0;
    %parti/s 1, 1, 2;
    %concat/vec4; draw_concat_vec4
    %ret/vec4 0, 0, 2;  Assign to tneg (store_vec4_to_lval)
    %end;
S_0x6470d764f3c0 .scope function.vec4.s2, "tor" "tor" 4 71, 4 71 0, S_0x6470d764d530;
 .timescale -9 -12;
v0x6470d764f5f0_0 .var "a", 1 0;
v0x6470d764f6f0_0 .var "b", 1 0;
; Variable tor is vec4 return value of scope S_0x6470d764f3c0
TD_ga_ops_tb.u_wedge.m_bc.tor ;
    %load/vec4 v0x6470d764f5f0_0;
    %parti/s 1, 1, 2;
    %load/vec4 v0x6470d764f6f0_0;
    %parti/s 1, 1, 2;
    %and;
    %load/vec4 v0x6470d764f5f0_0;
    %parti/s 1, 0, 2;
    %load/vec4 v0x6470d764f6f0_0;
    %parti/s 1, 0, 2;
    %or;
    %concat/vec4; draw_concat_vec4
    %ret/vec4 0, 0, 2;  Assign to tor (store_vec4_to_lval)
    %end;
S_0x6470d7650050 .scope module, "u_sub" "tsub_n" 3 235, 4 93 0, S_0x6470d764a670;
 .timescale -9 -12;
    .port_info 0 /OUTPUT 26 "diff";
    .port_info 1 /OUTPUT 2 "cout";
    .port_info 2 /INPUT 26 "a";
    .port_info 3 /INPUT 26 "b";
P_0x6470d7650230 .param/l "NTRITS" 0 4 93, +C4<00000000000000000000000000001101>;
v0x6470d76522f0_0 .net "a", 25 0, L_0x6470d7655a90;  alias, 1 drivers
v0x6470d76523f0_0 .net "b", 25 0, L_0x6470d7655bd0;  alias, 1 drivers
v0x6470d76524d0_0 .var "c", 1 0;
v0x6470d76525c0_0 .var "cout", 1 0;
v0x6470d76526a0_0 .var "diff", 25 0;
v0x6470d76527d0_0 .var/i "i", 31 0;
v0x6470d76528b0_0 .var "nb", 25 0;
E_0x6470d76503a0 .event anyedge, v0x6470d76523f0_0, v0x6470d76522f0_0, v0x6470d76528b0_0, v0x6470d76524d0_0;
S_0x6470d7650410 .scope function.vec4.s4, "tadd1" "tadd1" 4 130, 4 130 0, S_0x6470d7650050;
 .timescale -9 -12;
v0x6470d76505f0_0 .var "a", 1 0;
v0x6470d76506f0_0 .var "an", 0 0;
v0x6470d76507b0_0 .var "ap", 0 0;
v0x6470d7650880_0 .var "b", 1 0;
v0x6470d7650960_0 .var "bn", 0 0;
v0x6470d7650a70_0 .var "bp", 0 0;
v0x6470d7650b30_0 .var "cin", 1 0;
v0x6470d7650c10_0 .var "cn", 0 0;
v0x6470d7650cd0_0 .var "con", 0 0;
v0x6470d7650d90_0 .var "cop", 0 0;
v0x6470d7650e50_0 .var "cp", 0 0;
v0x6470d7650f10_0 .var "sn", 0 0;
v0x6470d7650fd0_0 .var "sp", 0 0;
; Variable tadd1 is vec4 return value of scope S_0x6470d7650410
TD_ga_ops_tb.u_wedge.u_sub.tadd1 ;
    %load/vec4 v0x6470d76505f0_0;
    %parti/s 1, 0, 2;
    %store/vec4 v0x6470d76507b0_0, 0, 1;
    %load/vec4 v0x6470d76505f0_0;
    %parti/s 1, 1, 2;
    %store/vec4 v0x6470d76506f0_0, 0, 1;
    %load/vec4 v0x6470d7650880_0;
    %parti/s 1, 0, 2;
    %store/vec4 v0x6470d7650a70_0, 0, 1;
    %load/vec4 v0x6470d7650880_0;
    %parti/s 1, 1, 2;
    %store/vec4 v0x6470d7650960_0, 0, 1;
    %load/vec4 v0x6470d7650b30_0;
    %parti/s 1, 0, 2;
    %store/vec4 v0x6470d7650e50_0, 0, 1;
    %load/vec4 v0x6470d7650b30_0;
    %parti/s 1, 1, 2;
    %store/vec4 v0x6470d7650c10_0, 0, 1;
    %load/vec4 v0x6470d76506f0_0;
    %inv;
    %load/vec4 v0x6470d7650960_0;
    %inv;
    %and;
    %load/vec4 v0x6470d7650c10_0;
    %inv;
    %and;
    %load/vec4 v0x6470d76507b0_0;
    %load/vec4 v0x6470d7650a70_0;
    %and;
    %load/vec4 v0x6470d76507b0_0;
    %load/vec4 v0x6470d7650e50_0;
    %and;
    %or;
    %load/vec4 v0x6470d7650a70_0;
    %load/vec4 v0x6470d7650e50_0;
    %and;
    %or;
    %and;
    %store/vec4 v0x6470d7650d90_0, 0, 1;
    %load/vec4 v0x6470d76507b0_0;
    %inv;
    %load/vec4 v0x6470d7650a70_0;
    %inv;
    %and;
    %load/vec4 v0x6470d7650e50_0;
    %inv;
    %and;
    %load/vec4 v0x6470d76506f0_0;
    %load/vec4 v0x6470d7650960_0;
    %and;
    %load/vec4 v0x6470d76506f0_0;
    %load/vec4 v0x6470d7650c10_0;
    %and;
    %or;
    %load/vec4 v0x6470d7650960_0;
    %load/vec4 v0x6470d7650c10_0;
    %and;
    %or;
    %and;
    %store/vec4 v0x6470d7650cd0_0, 0, 1;
    %load/vec4 v0x6470d76507b0_0;
    %load/vec4 v0x6470d7650a70_0;
    %inv;
    %and;
    %load/vec4 v0x6470d7650960_0;
    %inv;
    %and;
    %load/vec4 v0x6470d7650e50_0;
    %inv;
    %and;
    %load/vec4 v0x6470d7650c10_0;
    %inv;
    %and;
    %load/vec4 v0x6470d7650a70_0;
    %load/vec4 v0x6470d76507b0_0;
    %inv;
    %and;
    %load/vec4 v0x6470d76506f0_0;
    %inv;
    %and;
    %load/vec4 v0x6470d7650e50_0;
    %inv;
    %and;
    %load/vec4 v0x6470d7650c10_0;
    %inv;
    %and;
    %or;
    %load/vec4 v0x6470d7650e50_0;
    %load/vec4 v0x6470d76507b0_0;
    %inv;
    %and;
    %load/vec4 v0x6470d76506f0_0;
    %inv;
    %and;
    %load/vec4 v0x6470d7650a70_0;
    %inv;
    %and;
    %load/vec4 v0x6470d7650960_0;
    %inv;
    %and;
    %or;
    %load/vec4 v0x6470d76507b0_0;
    %load/vec4 v0x6470d7650a70_0;
    %and;
    %load/vec4 v0x6470d7650c10_0;
    %and;
    %or;
    %load/vec4 v0x6470d76507b0_0;
    %load/vec4 v0x6470d7650e50_0;
    %and;
    %load/vec4 v0x6470d7650960_0;
    %and;
    %or;
    %load/vec4 v0x6470d7650a70_0;
    %load/vec4 v0x6470d7650e50_0;
    %and;
    %load/vec4 v0x6470d76506f0_0;
    %and;
    %or;
    %load/vec4 v0x6470d76507b0_0;
    %inv;
    %load/vec4 v0x6470d7650a70_0;
    %inv;
    %and;
    %load/vec4 v0x6470d7650e50_0;
    %inv;
    %and;
    %load/vec4 v0x6470d76506f0_0;
    %load/vec4 v0x6470d7650960_0;
    %and;
    %load/vec4 v0x6470d7650c10_0;
    %inv;
    %and;
    %load/vec4 v0x6470d76506f0_0;
    %load/vec4 v0x6470d7650c10_0;
    %and;
    %load/vec4 v0x6470d7650960_0;
    %inv;
    %and;
    %or;
    %load/vec4 v0x6470d7650960_0;
    %load/vec4 v0x6470d7650c10_0;
    %and;
    %load/vec4 v0x6470d76506f0_0;
    %inv;
    %and;
    %or;
    %and;
    %or;
    %store/vec4 v0x6470d7650fd0_0, 0, 1;
    %load/vec4 v0x6470d76506f0_0;
    %load/vec4 v0x6470d7650960_0;
    %inv;
    %and;
    %load/vec4 v0x6470d7650c10_0;
    %inv;
    %and;
    %load/vec4 v0x6470d76507b0_0;
    %inv;
    %and;
    %load/vec4 v0x6470d7650a70_0;
    %inv;
    %and;
    %load/vec4 v0x6470d7650e50_0;
    %inv;
    %and;
    %load/vec4 v0x6470d7650960_0;
    %load/vec4 v0x6470d76506f0_0;
    %inv;
    %and;
    %load/vec4 v0x6470d7650c10_0;
    %inv;
    %and;
    %load/vec4 v0x6470d76507b0_0;
    %inv;
    %and;
    %load/vec4 v0x6470d7650a70_0;
    %inv;
    %and;
    %load/vec4 v0x6470d7650e50_0;
    %inv;
    %and;
    %or;
    %load/vec4 v0x6470d7650c10_0;
    %load/vec4 v0x6470d76506f0_0;
    %inv;
    %and;
    %load/vec4 v0x6470d7650960_0;
    %inv;
    %and;
    %load/vec4 v0x6470d76507b0_0;
    %inv;
    %and;
    %load/vec4 v0x6470d7650a70_0;
    %inv;
    %and;
    %load/vec4 v0x6470d7650e50_0;
    %inv;
    %and;
    %or;
    %load/vec4 v0x6470d76507b0_0;
    %load/vec4 v0x6470d7650960_0;
    %and;
    %load/vec4 v0x6470d7650c10_0;
    %and;
    %or;
    %load/vec4 v0x6470d7650a70_0;
    %load/vec4 v0x6470d76506f0_0;
    %and;
    %load/vec4 v0x6470d7650c10_0;
    %and;
    %or;
    %load/vec4 v0x6470d7650e50_0;
    %load/vec4 v0x6470d76506f0_0;
    %and;
    %load/vec4 v0x6470d7650960_0;
    %and;
    %or;
    %load/vec4 v0x6470d76506f0_0;
    %inv;
    %load/vec4 v0x6470d7650960_0;
    %inv;
    %and;
    %load/vec4 v0x6470d7650c10_0;
    %inv;
    %and;
    %load/vec4 v0x6470d76507b0_0;
    %load/vec4 v0x6470d7650a70_0;
    %and;
    %load/vec4 v0x6470d7650e50_0;
    %inv;
    %and;
    %load/vec4 v0x6470d76507b0_0;
    %load/vec4 v0x6470d7650e50_0;
    %and;
    %load/vec4 v0x6470d7650a70_0;
    %inv;
    %and;
    %or;
    %load/vec4 v0x6470d7650a70_0;
    %load/vec4 v0x6470d7650e50_0;
    %and;
    %load/vec4 v0x6470d76507b0_0;
    %inv;
    %and;
    %or;
    %and;
    %or;
    %store/vec4 v0x6470d7650f10_0, 0, 1;
    %load/vec4 v0x6470d7650cd0_0;
    %load/vec4 v0x6470d7650d90_0;
    %concat/vec4; draw_concat_vec4
    %load/vec4 v0x6470d7650f10_0;
    %concat/vec4; draw_concat_vec4
    %load/vec4 v0x6470d7650fd0_0;
    %concat/vec4; draw_concat_vec4
    %ret/vec4 0, 0, 4;  Assign to tadd1 (store_vec4_to_lval)
    %end;
S_0x6470d7651170 .scope function.vec4.s2, "tand" "tand" 4 116, 4 116 0, S_0x6470d7650050;
 .timescale -9 -12;
v0x6470d7651320_0 .var "a", 1 0;
v0x6470d7651400_0 .var "b", 1 0;
; Variable tand is vec4 return value of scope S_0x6470d7651170
TD_ga_ops_tb.u_wedge.u_sub.tand ;
    %load/vec4 v0x6470d7651320_0;
    %parti/s 1, 1, 2;
    %load/vec4 v0x6470d7651400_0;
    %parti/s 1, 1, 2;
    %or;
    %load/vec4 v0x6470d7651320_0;
    %parti/s 1, 0, 2;
    %load/vec4 v0x6470d7651400_0;
    %parti/s 1, 0, 2;
    %and;
    %concat/vec4; draw_concat_vec4
    %ret/vec4 0, 0, 2;  Assign to tand (store_vec4_to_lval)
    %end;
S_0x6470d76515a0 .scope function.vec4.s2, "tmul" "tmul" 4 106, 4 106 0, S_0x6470d7650050;
 .timescale -9 -12;
v0x6470d76517b0_0 .var "a", 1 0;
v0x6470d7651890_0 .var "b", 1 0;
; Variable tmul is vec4 return value of scope S_0x6470d76515a0
TD_ga_ops_tb.u_wedge.u_sub.tmul ;
    %pushi/vec4 0, 0, 2;
    %ret/vec4 0, 0, 2;  Assign to tmul (store_vec4_to_lval)
    %load/vec4 v0x6470d76517b0_0;
    %parti/s 1, 0, 2;
    %load/vec4 v0x6470d7651890_0;
    %parti/s 1, 0, 2;
    %and;
    %flag_set/vec4 8;
    %jmp/0xz  T_141.187, 8;
    %pushi/vec4 1, 0, 2;
    %ret/vec4 0, 0, 2;  Assign to tmul (store_vec4_to_lval)
    %jmp T_141.188;
T_141.187 ;
    %load/vec4 v0x6470d76517b0_0;
    %parti/s 1, 1, 2;
    %load/vec4 v0x6470d7651890_0;
    %parti/s 1, 1, 2;
    %and;
    %flag_set/vec4 8;
    %jmp/0xz  T_141.189, 8;
    %pushi/vec4 1, 0, 2;
    %ret/vec4 0, 0, 2;  Assign to tmul (store_vec4_to_lval)
    %jmp T_141.190;
T_141.189 ;
    %load/vec4 v0x6470d76517b0_0;
    %parti/s 1, 0, 2;
    %load/vec4 v0x6470d7651890_0;
    %parti/s 1, 1, 2;
    %and;
    %load/vec4 v0x6470d76517b0_0;
    %parti/s 1, 1, 2;
    %load/vec4 v0x6470d7651890_0;
    %parti/s 1, 0, 2;
    %and;
    %or;
    %flag_set/vec4 8;
    %jmp/0xz  T_141.191, 8;
    %pushi/vec4 2, 0, 2;
    %ret/vec4 0, 0, 2;  Assign to tmul (store_vec4_to_lval)
T_141.191 ;
T_141.190 ;
T_141.188 ;
    %end;
S_0x6470d7651a60 .scope function.vec4.s2, "tneg" "tneg" 4 99, 4 99 0, S_0x6470d7650050;
 .timescale -9 -12;
v0x6470d7651c40_0 .var "t", 1 0;
; Variable tneg is vec4 return value of scope S_0x6470d7651a60
TD_ga_ops_tb.u_wedge.u_sub.tneg ;
    %load/vec4 v0x6470d7651c40_0;
    %parti/s 1, 0, 2;
    %load/vec4 v0x6470d7651c40_0;
    %parti/s 1, 1, 2;
    %concat/vec4; draw_concat_vec4
    %ret/vec4 0, 0, 2;  Assign to tneg (store_vec4_to_lval)
    %end;
S_0x6470d7651e20 .scope function.vec4.s2, "tor" "tor" 4 123, 4 123 0, S_0x6470d7650050;
 .timescale -9 -12;
v0x6470d7652050_0 .var "a", 1 0;
v0x6470d7652150_0 .var "b", 1 0;
; Variable tor is vec4 return value of scope S_0x6470d7651e20
TD_ga_ops_tb.u_wedge.u_sub.tor ;
    %load/vec4 v0x6470d7652050_0;
    %parti/s 1, 1, 2;
    %load/vec4 v0x6470d7652150_0;
    %parti/s 1, 1, 2;
    %and;
    %load/vec4 v0x6470d7652050_0;
    %parti/s 1, 0, 2;
    %load/vec4 v0x6470d7652150_0;
    %parti/s 1, 0, 2;
    %or;
    %concat/vec4; draw_concat_vec4
    %ret/vec4 0, 0, 2;  Assign to tor (store_vec4_to_lval)
    %end;
    .scope S_0x6470d76011a0;
T_144 ;
    %wait E_0x6470d73efca0;
    %load/vec4 v0x6470d7603720_0;
    %store/vec4 v0x6470d7603630_0, 0, 2;
    %pushi/vec4 0, 0, 32;
    %store/vec4 v0x6470d7603930_0, 0, 32;
T_144.0 ;
    %load/vec4 v0x6470d7603930_0;
    %cmpi/s 7, 0, 32;
    %jmp/0xz T_144.1, 5;
    %load/vec4 v0x6470d7603450_0;
    %load/vec4 v0x6470d7603930_0;
    %muli 2, 0, 32;
    %part/s 2;
    %load/vec4 v0x6470d7603550_0;
    %load/vec4 v0x6470d7603930_0;
    %muli 2, 0, 32;
    %part/s 2;
    %load/vec4 v0x6470d7603630_0;
    %store/vec4 v0x6470d7601c90_0, 0, 2;
    %store/vec4 v0x6470d76019e0_0, 0, 2;
    %store/vec4 v0x6470d7601750_0, 0, 2;
    %callf/vec4 TD_ga_ops_tb.u_conj.u_add.tadd1, S_0x6470d7601550;
    %split/vec4 2;
    %load/vec4 v0x6470d7603930_0;
    %muli 2, 0, 32;
    %ix/vec4/s 4;
    %store/vec4 v0x6470d7603a10_0, 4, 2;
    %store/vec4 v0x6470d7603630_0, 0, 2;
    %load/vec4 v0x6470d7603930_0;
    %addi 1, 0, 32;
    %store/vec4 v0x6470d7603930_0, 0, 32;
    %jmp T_144.0;
T_144.1 ;
    %load/vec4 v0x6470d7603630_0;
    %store/vec4 v0x6470d7603800_0, 0, 2;
    %jmp T_144;
    .thread T_144, $push;
    .scope S_0x6470d7604550;
T_145 ;
    %wait E_0x6470d73f7060;
    %pushi/vec4 0, 0, 26;
    %store/vec4 v0x6470d76069f0_0, 0, 26;
    %pushi/vec4 0, 0, 32;
    %store/vec4 v0x6470d7606db0_0, 0, 32;
T_145.0 ;
    %load/vec4 v0x6470d7606db0_0;
    %cmpi/s 6, 0, 32;
    %jmp/0xz T_145.1, 5;
    %pushi/vec4 0, 0, 26;
    %store/vec4 v0x6470d7606e90_0, 0, 26;
    %pushi/vec4 0, 0, 32;
    %store/vec4 v0x6470d7606c80_0, 0, 32;
T_145.2 ;
    %load/vec4 v0x6470d7606c80_0;
    %cmpi/s 6, 0, 32;
    %jmp/0xz T_145.3, 5;
    %load/vec4 v0x6470d76068e0_0;
    %load/vec4 v0x6470d7606c80_0;
    %muli 2, 0, 32;
    %part/s 2;
    %load/vec4 v0x6470d7606ab0_0;
    %load/vec4 v0x6470d7606db0_0;
    %muli 2, 0, 32;
    %part/s 2;
    %store/vec4 v0x6470d7605e80_0, 0, 2;
    %store/vec4 v0x6470d7605da0_0, 0, 2;
    %callf/vec4 TD_ga_ops_tb.u_dot.m_ac.tmul, S_0x6470d7605b90;
    %load/vec4 v0x6470d7606c80_0;
    %load/vec4 v0x6470d7606db0_0;
    %add;
    %muli 2, 0, 32;
    %ix/vec4/s 4;
    %store/vec4 v0x6470d7606e90_0, 4, 2;
    %load/vec4 v0x6470d7606c80_0;
    %addi 1, 0, 32;
    %store/vec4 v0x6470d7606c80_0, 0, 32;
    %jmp T_145.2;
T_145.3 ;
    %pushi/vec4 0, 0, 2;
    %store/vec4 v0x6470d7606ba0_0, 0, 2;
    %pushi/vec4 0, 0, 32;
    %store/vec4 v0x6470d7606c80_0, 0, 32;
T_145.4 ;
    %load/vec4 v0x6470d7606c80_0;
    %cmpi/s 13, 0, 32;
    %jmp/0xz T_145.5, 5;
    %load/vec4 v0x6470d76069f0_0;
    %load/vec4 v0x6470d7606c80_0;
    %muli 2, 0, 32;
    %part/s 2;
    %load/vec4 v0x6470d7606e90_0;
    %load/vec4 v0x6470d7606c80_0;
    %muli 2, 0, 32;
    %part/s 2;
    %load/vec4 v0x6470d7606ba0_0;
    %store/vec4 v0x6470d7605120_0, 0, 2;
    %store/vec4 v0x6470d7604e70_0, 0, 2;
    %store/vec4 v0x6470d7604be0_0, 0, 2;
    %callf/vec4 TD_ga_ops_tb.u_dot.m_ac.tadd1, S_0x6470d76047a0;
    %split/vec4 2;
    %load/vec4 v0x6470d7606c80_0;
    %muli 2, 0, 32;
    %ix/vec4/s 4;
    %store/vec4 v0x6470d76069f0_0, 4, 2;
    %store/vec4 v0x6470d7606ba0_0, 0, 2;
    %load/vec4 v0x6470d7606c80_0;
    %addi 1, 0, 32;
    %store/vec4 v0x6470d7606c80_0, 0, 32;
    %jmp T_145.4;
T_145.5 ;
    %load/vec4 v0x6470d7606db0_0;
    %addi 1, 0, 32;
    %store/vec4 v0x6470d7606db0_0, 0, 32;
    %jmp T_145.0;
T_145.1 ;
    %load/vec4 v0x6470d76069f0_0;
    %parti/s 24, 0, 2;
    %store/vec4 v0x6470d7606f70_0, 0, 24;
    %jmp T_145;
    .thread T_145, $push;
    .scope S_0x6470d76070d0;
T_146 ;
    %wait E_0x6470d73f47f0;
    %pushi/vec4 0, 0, 26;
    %store/vec4 v0x6470d76095b0_0, 0, 26;
    %pushi/vec4 0, 0, 32;
    %store/vec4 v0x6470d7609960_0, 0, 32;
T_146.0 ;
    %load/vec4 v0x6470d7609960_0;
    %cmpi/s 6, 0, 32;
    %jmp/0xz T_146.1, 5;
    %pushi/vec4 0, 0, 26;
    %store/vec4 v0x6470d7609a40_0, 0, 26;
    %pushi/vec4 0, 0, 32;
    %store/vec4 v0x6470d7609830_0, 0, 32;
T_146.2 ;
    %load/vec4 v0x6470d7609830_0;
    %cmpi/s 6, 0, 32;
    %jmp/0xz T_146.3, 5;
    %load/vec4 v0x6470d7609480_0;
    %load/vec4 v0x6470d7609830_0;
    %muli 2, 0, 32;
    %part/s 2;
    %load/vec4 v0x6470d7609690_0;
    %load/vec4 v0x6470d7609960_0;
    %muli 2, 0, 32;
    %part/s 2;
    %store/vec4 v0x6470d7608a20_0, 0, 2;
    %store/vec4 v0x6470d7608940_0, 0, 2;
    %callf/vec4 TD_ga_ops_tb.u_dot.m_ad.tmul, S_0x6470d7608730;
    %load/vec4 v0x6470d7609830_0;
    %load/vec4 v0x6470d7609960_0;
    %add;
    %muli 2, 0, 32;
    %ix/vec4/s 4;
    %store/vec4 v0x6470d7609a40_0, 4, 2;
    %load/vec4 v0x6470d7609830_0;
    %addi 1, 0, 32;
    %store/vec4 v0x6470d7609830_0, 0, 32;
    %jmp T_146.2;
T_146.3 ;
    %pushi/vec4 0, 0, 2;
    %store/vec4 v0x6470d7609750_0, 0, 2;
    %pushi/vec4 0, 0, 32;
    %store/vec4 v0x6470d7609830_0, 0, 32;
T_146.4 ;
    %load/vec4 v0x6470d7609830_0;
    %cmpi/s 13, 0, 32;
    %jmp/0xz T_146.5, 5;
    %load/vec4 v0x6470d76095b0_0;
    %load/vec4 v0x6470d7609830_0;
    %muli 2, 0, 32;
    %part/s 2;
    %load/vec4 v0x6470d7609a40_0;
    %load/vec4 v0x6470d7609830_0;
    %muli 2, 0, 32;
    %part/s 2;
    %load/vec4 v0x6470d7609750_0;
    %store/vec4 v0x6470d7607cc0_0, 0, 2;
    %store/vec4 v0x6470d7607a10_0, 0, 2;
    %store/vec4 v0x6470d7607780_0, 0, 2;
    %callf/vec4 TD_ga_ops_tb.u_dot.m_ad.tadd1, S_0x6470d7607390;
    %split/vec4 2;
    %load/vec4 v0x6470d7609830_0;
    %muli 2, 0, 32;
    %ix/vec4/s 4;
    %store/vec4 v0x6470d76095b0_0, 4, 2;
    %store/vec4 v0x6470d7609750_0, 0, 2;
    %load/vec4 v0x6470d7609830_0;
    %addi 1, 0, 32;
    %store/vec4 v0x6470d7609830_0, 0, 32;
    %jmp T_146.4;
T_146.5 ;
    %load/vec4 v0x6470d7609960_0;
    %addi 1, 0, 32;
    %store/vec4 v0x6470d7609960_0, 0, 32;
    %jmp T_146.0;
T_146.1 ;
    %load/vec4 v0x6470d76095b0_0;
    %parti/s 24, 0, 2;
    %store/vec4 v0x6470d7609b20_0, 0, 24;
    %jmp T_146;
    .thread T_146, $push;
    .scope S_0x6470d7609c80;
T_147 ;
    %wait E_0x6470d72ee780;
    %pushi/vec4 0, 0, 26;
    %store/vec4 v0x6470d760c150_0, 0, 26;
    %pushi/vec4 0, 0, 32;
    %store/vec4 v0x6470d760c500_0, 0, 32;
T_147.0 ;
    %load/vec4 v0x6470d760c500_0;
    %cmpi/s 6, 0, 32;
    %jmp/0xz T_147.1, 5;
    %pushi/vec4 0, 0, 26;
    %store/vec4 v0x6470d760c5e0_0, 0, 26;
    %pushi/vec4 0, 0, 32;
    %store/vec4 v0x6470d760c3d0_0, 0, 32;
T_147.2 ;
    %load/vec4 v0x6470d760c3d0_0;
    %cmpi/s 6, 0, 32;
    %jmp/0xz T_147.3, 5;
    %load/vec4 v0x6470d760c040_0;
    %load/vec4 v0x6470d760c3d0_0;
    %muli 2, 0, 32;
    %part/s 2;
    %load/vec4 v0x6470d760c210_0;
    %load/vec4 v0x6470d760c500_0;
    %muli 2, 0, 32;
    %part/s 2;
    %store/vec4 v0x6470d760b5e0_0, 0, 2;
    %store/vec4 v0x6470d760b500_0, 0, 2;
    %callf/vec4 TD_ga_ops_tb.u_dot.m_bd.tmul, S_0x6470d760b2f0;
    %load/vec4 v0x6470d760c3d0_0;
    %load/vec4 v0x6470d760c500_0;
    %add;
    %muli 2, 0, 32;
    %ix/vec4/s 4;
    %store/vec4 v0x6470d760c5e0_0, 4, 2;
    %load/vec4 v0x6470d760c3d0_0;
    %addi 1, 0, 32;
    %store/vec4 v0x6470d760c3d0_0, 0, 32;
    %jmp T_147.2;
T_147.3 ;
    %pushi/vec4 0, 0, 2;
    %store/vec4 v0x6470d760c310_0, 0, 2;
    %pushi/vec4 0, 0, 32;
    %store/vec4 v0x6470d760c3d0_0, 0, 32;
T_147.4 ;
    %load/vec4 v0x6470d760c3d0_0;
    %cmpi/s 13, 0, 32;
    %jmp/0xz T_147.5, 5;
    %load/vec4 v0x6470d760c150_0;
    %load/vec4 v0x6470d760c3d0_0;
    %muli 2, 0, 32;
    %part/s 2;
    %load/vec4 v0x6470d760c5e0_0;
    %load/vec4 v0x6470d760c3d0_0;
    %muli 2, 0, 32;
    %part/s 2;
    %load/vec4 v0x6470d760c310_0;
    %store/vec4 v0x6470d760a880_0, 0, 2;
    %store/vec4 v0x6470d760a5d0_0, 0, 2;
    %store/vec4 v0x6470d760a340_0, 0, 2;
    %callf/vec4 TD_ga_ops_tb.u_dot.m_bd.tadd1, S_0x6470d7609f40;
    %split/vec4 2;
    %load/vec4 v0x6470d760c3d0_0;
    %muli 2, 0, 32;
    %ix/vec4/s 4;
    %store/vec4 v0x6470d760c150_0, 4, 2;
    %store/vec4 v0x6470d760c310_0, 0, 2;
    %load/vec4 v0x6470d760c3d0_0;
    %addi 1, 0, 32;
    %store/vec4 v0x6470d760c3d0_0, 0, 32;
    %jmp T_147.4;
T_147.5 ;
    %load/vec4 v0x6470d760c500_0;
    %addi 1, 0, 32;
    %store/vec4 v0x6470d760c500_0, 0, 32;
    %jmp T_147.0;
T_147.1 ;
    %load/vec4 v0x6470d760c150_0;
    %parti/s 24, 0, 2;
    %store/vec4 v0x6470d760c6c0_0, 0, 24;
    %jmp T_147;
    .thread T_147, $push;
    .scope S_0x6470d760c820;
T_148 ;
    %wait E_0x6470d75ee4f0;
    %load/vec4 v0x6470d760ede0_0;
    %store/vec4 v0x6470d760ecf0_0, 0, 2;
    %pushi/vec4 0, 0, 32;
    %store/vec4 v0x6470d760eff0_0, 0, 32;
T_148.0 ;
    %load/vec4 v0x6470d760eff0_0;
    %cmpi/s 13, 0, 32;
    %jmp/0xz T_148.1, 5;
    %load/vec4 v0x6470d760eb10_0;
    %load/vec4 v0x6470d760eff0_0;
    %muli 2, 0, 32;
    %part/s 2;
    %load/vec4 v0x6470d760ec10_0;
    %load/vec4 v0x6470d760eff0_0;
    %muli 2, 0, 32;
    %part/s 2;
    %load/vec4 v0x6470d760ecf0_0;
    %store/vec4 v0x6470d760d350_0, 0, 2;
    %store/vec4 v0x6470d760d0a0_0, 0, 2;
    %store/vec4 v0x6470d760ce10_0, 0, 2;
    %callf/vec4 TD_ga_ops_tb.u_dot.u1.tadd1, S_0x6470d760cc10;
    %split/vec4 2;
    %load/vec4 v0x6470d760eff0_0;
    %muli 2, 0, 32;
    %ix/vec4/s 4;
    %store/vec4 v0x6470d760f0d0_0, 4, 2;
    %store/vec4 v0x6470d760ecf0_0, 0, 2;
    %load/vec4 v0x6470d760eff0_0;
    %addi 1, 0, 32;
    %store/vec4 v0x6470d760eff0_0, 0, 32;
    %jmp T_148.0;
T_148.1 ;
    %load/vec4 v0x6470d760ecf0_0;
    %store/vec4 v0x6470d760eec0_0, 0, 2;
    %jmp T_148;
    .thread T_148, $push;
    .scope S_0x6470d760f250;
T_149 ;
    %wait E_0x6470d75ee530;
    %load/vec4 v0x6470d7611840_0;
    %store/vec4 v0x6470d7611750_0, 0, 2;
    %pushi/vec4 0, 0, 32;
    %store/vec4 v0x6470d7611a50_0, 0, 32;
T_149.0 ;
    %load/vec4 v0x6470d7611a50_0;
    %cmpi/s 13, 0, 32;
    %jmp/0xz T_149.1, 5;
    %load/vec4 v0x6470d7611580_0;
    %load/vec4 v0x6470d7611a50_0;
    %muli 2, 0, 32;
    %part/s 2;
    %load/vec4 v0x6470d7611690_0;
    %load/vec4 v0x6470d7611a50_0;
    %muli 2, 0, 32;
    %part/s 2;
    %load/vec4 v0x6470d7611750_0;
    %store/vec4 v0x6470d760fdc0_0, 0, 2;
    %store/vec4 v0x6470d760fb10_0, 0, 2;
    %store/vec4 v0x6470d760f880_0, 0, 2;
    %callf/vec4 TD_ga_ops_tb.u_dot.u2.tadd1, S_0x6470d760f680;
    %split/vec4 2;
    %load/vec4 v0x6470d7611a50_0;
    %muli 2, 0, 32;
    %ix/vec4/s 4;
    %store/vec4 v0x6470d7611b30_0, 4, 2;
    %store/vec4 v0x6470d7611750_0, 0, 2;
    %load/vec4 v0x6470d7611a50_0;
    %addi 1, 0, 32;
    %store/vec4 v0x6470d7611a50_0, 0, 32;
    %jmp T_149.0;
T_149.1 ;
    %load/vec4 v0x6470d7611750_0;
    %store/vec4 v0x6470d7611920_0, 0, 2;
    %jmp T_149;
    .thread T_149, $push;
    .scope S_0x6470d764d530;
T_150 ;
    %wait E_0x6470d764da90;
    %pushi/vec4 0, 0, 26;
    %store/vec4 v0x6470d764f970_0, 0, 26;
    %pushi/vec4 0, 0, 32;
    %store/vec4 v0x6470d764fd30_0, 0, 32;
T_150.0 ;
    %load/vec4 v0x6470d764fd30_0;
    %cmpi/s 6, 0, 32;
    %jmp/0xz T_150.1, 5;
    %pushi/vec4 0, 0, 26;
    %store/vec4 v0x6470d764fe10_0, 0, 26;
    %pushi/vec4 0, 0, 32;
    %store/vec4 v0x6470d764fc00_0, 0, 32;
T_150.2 ;
    %load/vec4 v0x6470d764fc00_0;
    %cmpi/s 6, 0, 32;
    %jmp/0xz T_150.3, 5;
    %load/vec4 v0x6470d764f890_0;
    %load/vec4 v0x6470d764fc00_0;
    %muli 2, 0, 32;
    %part/s 2;
    %load/vec4 v0x6470d764fa50_0;
    %load/vec4 v0x6470d764fd30_0;
    %muli 2, 0, 32;
    %part/s 2;
    %store/vec4 v0x6470d764ee30_0, 0, 2;
    %store/vec4 v0x6470d764ed50_0, 0, 2;
    %callf/vec4 TD_ga_ops_tb.u_wedge.m_bc.tmul, S_0x6470d764eb40;
    %load/vec4 v0x6470d764fc00_0;
    %load/vec4 v0x6470d764fd30_0;
    %add;
    %muli 2, 0, 32;
    %ix/vec4/s 4;
    %store/vec4 v0x6470d764fe10_0, 4, 2;
    %load/vec4 v0x6470d764fc00_0;
    %addi 1, 0, 32;
    %store/vec4 v0x6470d764fc00_0, 0, 32;
    %jmp T_150.2;
T_150.3 ;
    %pushi/vec4 0, 0, 2;
    %store/vec4 v0x6470d764fb20_0, 0, 2;
    %pushi/vec4 0, 0, 32;
    %store/vec4 v0x6470d764fc00_0, 0, 32;
T_150.4 ;
    %load/vec4 v0x6470d764fc00_0;
    %cmpi/s 13, 0, 32;
    %jmp/0xz T_150.5, 5;
    %load/vec4 v0x6470d764f970_0;
    %load/vec4 v0x6470d764fc00_0;
    %muli 2, 0, 32;
    %part/s 2;
    %load/vec4 v0x6470d764fe10_0;
    %load/vec4 v0x6470d764fc00_0;
    %muli 2, 0, 32;
    %part/s 2;
    %load/vec4 v0x6470d764fb20_0;
    %store/vec4 v0x6470d764e0d0_0, 0, 2;
    %store/vec4 v0x6470d764de20_0, 0, 2;
    %store/vec4 v0x6470d764db90_0, 0, 2;
    %callf/vec4 TD_ga_ops_tb.u_wedge.m_bc.tadd1, S_0x6470d764d760;
    %split/vec4 2;
    %load/vec4 v0x6470d764fc00_0;
    %muli 2, 0, 32;
    %ix/vec4/s 4;
    %store/vec4 v0x6470d764f970_0, 4, 2;
    %store/vec4 v0x6470d764fb20_0, 0, 2;
    %load/vec4 v0x6470d764fc00_0;
    %addi 1, 0, 32;
    %store/vec4 v0x6470d764fc00_0, 0, 32;
    %jmp T_150.4;
T_150.5 ;
    %load/vec4 v0x6470d764fd30_0;
    %addi 1, 0, 32;
    %store/vec4 v0x6470d764fd30_0, 0, 32;
    %jmp T_150.0;
T_150.1 ;
    %load/vec4 v0x6470d764f970_0;
    %parti/s 24, 0, 2;
    %store/vec4 v0x6470d764fef0_0, 0, 24;
    %jmp T_150;
    .thread T_150, $push;
    .scope S_0x6470d764a9a0;
T_151 ;
    %wait E_0x6470d764af70;
    %pushi/vec4 0, 0, 26;
    %store/vec4 v0x6470d764ce50_0, 0, 26;
    %pushi/vec4 0, 0, 32;
    %store/vec4 v0x6470d764d210_0, 0, 32;
T_151.0 ;
    %load/vec4 v0x6470d764d210_0;
    %cmpi/s 6, 0, 32;
    %jmp/0xz T_151.1, 5;
    %pushi/vec4 0, 0, 26;
    %store/vec4 v0x6470d764d2f0_0, 0, 26;
    %pushi/vec4 0, 0, 32;
    %store/vec4 v0x6470d764d0e0_0, 0, 32;
T_151.2 ;
    %load/vec4 v0x6470d764d0e0_0;
    %cmpi/s 6, 0, 32;
    %jmp/0xz T_151.3, 5;
    %load/vec4 v0x6470d764cd70_0;
    %load/vec4 v0x6470d764d0e0_0;
    %muli 2, 0, 32;
    %part/s 2;
    %load/vec4 v0x6470d764cf30_0;
    %load/vec4 v0x6470d764d210_0;
    %muli 2, 0, 32;
    %part/s 2;
    %store/vec4 v0x6470d764c310_0, 0, 2;
    %store/vec4 v0x6470d764c230_0, 0, 2;
    %callf/vec4 TD_ga_ops_tb.u_wedge.m_ad.tmul, S_0x6470d764c020;
    %load/vec4 v0x6470d764d0e0_0;
    %load/vec4 v0x6470d764d210_0;
    %add;
    %muli 2, 0, 32;
    %ix/vec4/s 4;
    %store/vec4 v0x6470d764d2f0_0, 4, 2;
    %load/vec4 v0x6470d764d0e0_0;
    %addi 1, 0, 32;
    %store/vec4 v0x6470d764d0e0_0, 0, 32;
    %jmp T_151.2;
T_151.3 ;
    %pushi/vec4 0, 0, 2;
    %store/vec4 v0x6470d764d000_0, 0, 2;
    %pushi/vec4 0, 0, 32;
    %store/vec4 v0x6470d764d0e0_0, 0, 32;
T_151.4 ;
    %load/vec4 v0x6470d764d0e0_0;
    %cmpi/s 13, 0, 32;
    %jmp/0xz T_151.5, 5;
    %load/vec4 v0x6470d764ce50_0;
    %load/vec4 v0x6470d764d0e0_0;
    %muli 2, 0, 32;
    %part/s 2;
    %load/vec4 v0x6470d764d2f0_0;
    %load/vec4 v0x6470d764d0e0_0;
    %muli 2, 0, 32;
    %part/s 2;
    %load/vec4 v0x6470d764d000_0;
    %store/vec4 v0x6470d764b5b0_0, 0, 2;
    %store/vec4 v0x6470d764b300_0, 0, 2;
    %store/vec4 v0x6470d764b070_0, 0, 2;
    %callf/vec4 TD_ga_ops_tb.u_wedge.m_ad.tadd1, S_0x6470d764abf0;
    %split/vec4 2;
    %load/vec4 v0x6470d764d0e0_0;
    %muli 2, 0, 32;
    %ix/vec4/s 4;
    %store/vec4 v0x6470d764ce50_0, 4, 2;
    %store/vec4 v0x6470d764d000_0, 0, 2;
    %load/vec4 v0x6470d764d0e0_0;
    %addi 1, 0, 32;
    %store/vec4 v0x6470d764d0e0_0, 0, 32;
    %jmp T_151.4;
T_151.5 ;
    %load/vec4 v0x6470d764d210_0;
    %addi 1, 0, 32;
    %store/vec4 v0x6470d764d210_0, 0, 32;
    %jmp T_151.0;
T_151.1 ;
    %load/vec4 v0x6470d764ce50_0;
    %parti/s 24, 0, 2;
    %store/vec4 v0x6470d764d3d0_0, 0, 24;
    %jmp T_151;
    .thread T_151, $push;
    .scope S_0x6470d7650050;
T_152 ;
    %wait E_0x6470d76503a0;
    %pushi/vec4 0, 0, 32;
    %store/vec4 v0x6470d76527d0_0, 0, 32;
T_152.0 ;
    %load/vec4 v0x6470d76527d0_0;
    %cmpi/s 13, 0, 32;
    %jmp/0xz T_152.1, 5;
    %load/vec4 v0x6470d76523f0_0;
    %load/vec4 v0x6470d76527d0_0;
    %muli 2, 0, 32;
    %part/s 2;
    %store/vec4 v0x6470d7651c40_0, 0, 2;
    %callf/vec4 TD_ga_ops_tb.u_wedge.u_sub.tneg, S_0x6470d7651a60;
    %load/vec4 v0x6470d76527d0_0;
    %muli 2, 0, 32;
    %ix/vec4/s 4;
    %store/vec4 v0x6470d76528b0_0, 4, 2;
    %load/vec4 v0x6470d76527d0_0;
    %addi 1, 0, 32;
    %store/vec4 v0x6470d76527d0_0, 0, 32;
    %jmp T_152.0;
T_152.1 ;
    %pushi/vec4 0, 0, 2;
    %store/vec4 v0x6470d76524d0_0, 0, 2;
    %pushi/vec4 0, 0, 32;
    %store/vec4 v0x6470d76527d0_0, 0, 32;
T_152.2 ;
    %load/vec4 v0x6470d76527d0_0;
    %cmpi/s 13, 0, 32;
    %jmp/0xz T_152.3, 5;
    %load/vec4 v0x6470d76522f0_0;
    %load/vec4 v0x6470d76527d0_0;
    %muli 2, 0, 32;
    %part/s 2;
    %load/vec4 v0x6470d76528b0_0;
    %load/vec4 v0x6470d76527d0_0;
    %muli 2, 0, 32;
    %part/s 2;
    %load/vec4 v0x6470d76524d0_0;
    %store/vec4 v0x6470d7650b30_0, 0, 2;
    %store/vec4 v0x6470d7650880_0, 0, 2;
    %store/vec4 v0x6470d76505f0_0, 0, 2;
    %callf/vec4 TD_ga_ops_tb.u_wedge.u_sub.tadd1, S_0x6470d7650410;
    %split/vec4 2;
    %load/vec4 v0x6470d76527d0_0;
    %muli 2, 0, 32;
    %ix/vec4/s 4;
    %store/vec4 v0x6470d76526a0_0, 4, 2;
    %store/vec4 v0x6470d76524d0_0, 0, 2;
    %load/vec4 v0x6470d76527d0_0;
    %addi 1, 0, 32;
    %store/vec4 v0x6470d76527d0_0, 0, 32;
    %jmp T_152.2;
T_152.3 ;
    %load/vec4 v0x6470d76524d0_0;
    %store/vec4 v0x6470d76525c0_0, 0, 2;
    %jmp T_152;
    .thread T_152, $push;
    .scope S_0x6470d7618290;
T_153 ;
    %wait E_0x6470d7618680;
    %load/vec4 v0x6470d761a8c0_0;
    %store/vec4 v0x6470d761a7d0_0, 0, 2;
    %pushi/vec4 0, 0, 32;
    %store/vec4 v0x6470d761aad0_0, 0, 32;
T_153.0 ;
    %load/vec4 v0x6470d761aad0_0;
    %cmpi/s 7, 0, 32;
    %jmp/0xz T_153.1, 5;
    %load/vec4 v0x6470d761a5f0_0;
    %load/vec4 v0x6470d761aad0_0;
    %muli 2, 0, 32;
    %part/s 2;
    %load/vec4 v0x6470d761a6f0_0;
    %load/vec4 v0x6470d761aad0_0;
    %muli 2, 0, 32;
    %part/s 2;
    %load/vec4 v0x6470d761a7d0_0;
    %store/vec4 v0x6470d7618e30_0, 0, 2;
    %store/vec4 v0x6470d7618b80_0, 0, 2;
    %store/vec4 v0x6470d76188f0_0, 0, 2;
    %callf/vec4 TD_ga_ops_tb.u_sym.u_ac.tadd1, S_0x6470d76186f0;
    %split/vec4 2;
    %load/vec4 v0x6470d761aad0_0;
    %muli 2, 0, 32;
    %ix/vec4/s 4;
    %store/vec4 v0x6470d761abb0_0, 4, 2;
    %store/vec4 v0x6470d761a7d0_0, 0, 2;
    %load/vec4 v0x6470d761aad0_0;
    %addi 1, 0, 32;
    %store/vec4 v0x6470d761aad0_0, 0, 32;
    %jmp T_153.0;
T_153.1 ;
    %load/vec4 v0x6470d761a7d0_0;
    %store/vec4 v0x6470d761a9a0_0, 0, 2;
    %jmp T_153;
    .thread T_153, $push;
    .scope S_0x6470d761ad30;
T_154 ;
    %wait E_0x6470d761b0f0;
    %load/vec4 v0x6470d761d350_0;
    %store/vec4 v0x6470d761d260_0, 0, 2;
    %pushi/vec4 0, 0, 32;
    %store/vec4 v0x6470d761d560_0, 0, 32;
T_154.0 ;
    %load/vec4 v0x6470d761d560_0;
    %cmpi/s 7, 0, 32;
    %jmp/0xz T_154.1, 5;
    %load/vec4 v0x6470d761d080_0;
    %load/vec4 v0x6470d761d560_0;
    %muli 2, 0, 32;
    %part/s 2;
    %load/vec4 v0x6470d761d180_0;
    %load/vec4 v0x6470d761d560_0;
    %muli 2, 0, 32;
    %part/s 2;
    %load/vec4 v0x6470d761d260_0;
    %store/vec4 v0x6470d761b8c0_0, 0, 2;
    %store/vec4 v0x6470d761b610_0, 0, 2;
    %store/vec4 v0x6470d761b380_0, 0, 2;
    %callf/vec4 TD_ga_ops_tb.u_sym.u_bd.tadd1, S_0x6470d761b180;
    %split/vec4 2;
    %load/vec4 v0x6470d761d560_0;
    %muli 2, 0, 32;
    %ix/vec4/s 4;
    %store/vec4 v0x6470d761d640_0, 4, 2;
    %store/vec4 v0x6470d761d260_0, 0, 2;
    %load/vec4 v0x6470d761d560_0;
    %addi 1, 0, 32;
    %store/vec4 v0x6470d761d560_0, 0, 32;
    %jmp T_154.0;
T_154.1 ;
    %load/vec4 v0x6470d761d260_0;
    %store/vec4 v0x6470d761d430_0, 0, 2;
    %jmp T_154;
    .thread T_154, $push;
    .scope S_0x6470d763afc0;
T_155 ;
    %wait E_0x6470d763b590;
    %pushi/vec4 0, 0, 30;
    %store/vec4 v0x6470d763d4a0_0, 0, 30;
    %pushi/vec4 0, 0, 32;
    %store/vec4 v0x6470d763d890_0, 0, 32;
T_155.0 ;
    %load/vec4 v0x6470d763d890_0;
    %cmpi/s 7, 0, 32;
    %jmp/0xz T_155.1, 5;
    %pushi/vec4 0, 0, 30;
    %store/vec4 v0x6470d763d970_0, 0, 30;
    %pushi/vec4 0, 0, 32;
    %store/vec4 v0x6470d763d760_0, 0, 32;
T_155.2 ;
    %load/vec4 v0x6470d763d760_0;
    %cmpi/s 7, 0, 32;
    %jmp/0xz T_155.3, 5;
    %load/vec4 v0x6470d763d390_0;
    %load/vec4 v0x6470d763d760_0;
    %muli 2, 0, 32;
    %part/s 2;
    %load/vec4 v0x6470d763d560_0;
    %load/vec4 v0x6470d763d890_0;
    %muli 2, 0, 32;
    %part/s 2;
    %store/vec4 v0x6470d763c930_0, 0, 2;
    %store/vec4 v0x6470d763c850_0, 0, 2;
    %callf/vec4 TD_ga_ops_tb.u_sym.u_nzw.m_aa.tmul, S_0x6470d763c640;
    %load/vec4 v0x6470d763d760_0;
    %load/vec4 v0x6470d763d890_0;
    %add;
    %muli 2, 0, 32;
    %ix/vec4/s 4;
    %store/vec4 v0x6470d763d970_0, 4, 2;
    %load/vec4 v0x6470d763d760_0;
    %addi 1, 0, 32;
    %store/vec4 v0x6470d763d760_0, 0, 32;
    %jmp T_155.2;
T_155.3 ;
    %pushi/vec4 0, 0, 2;
    %store/vec4 v0x6470d763d680_0, 0, 2;
    %pushi/vec4 0, 0, 32;
    %store/vec4 v0x6470d763d760_0, 0, 32;
T_155.4 ;
    %load/vec4 v0x6470d763d760_0;
    %cmpi/s 15, 0, 32;
    %jmp/0xz T_155.5, 5;
    %load/vec4 v0x6470d763d4a0_0;
    %load/vec4 v0x6470d763d760_0;
    %muli 2, 0, 32;
    %part/s 2;
    %load/vec4 v0x6470d763d970_0;
    %load/vec4 v0x6470d763d760_0;
    %muli 2, 0, 32;
    %part/s 2;
    %load/vec4 v0x6470d763d680_0;
    %store/vec4 v0x6470d763bbd0_0, 0, 2;
    %store/vec4 v0x6470d763b920_0, 0, 2;
    %store/vec4 v0x6470d763b690_0, 0, 2;
    %callf/vec4 TD_ga_ops_tb.u_sym.u_nzw.m_aa.tadd1, S_0x6470d763b210;
    %split/vec4 2;
    %load/vec4 v0x6470d763d760_0;
    %muli 2, 0, 32;
    %ix/vec4/s 4;
    %store/vec4 v0x6470d763d4a0_0, 4, 2;
    %store/vec4 v0x6470d763d680_0, 0, 2;
    %load/vec4 v0x6470d763d760_0;
    %addi 1, 0, 32;
    %store/vec4 v0x6470d763d760_0, 0, 32;
    %jmp T_155.4;
T_155.5 ;
    %load/vec4 v0x6470d763d890_0;
    %addi 1, 0, 32;
    %store/vec4 v0x6470d763d890_0, 0, 32;
    %jmp T_155.0;
T_155.1 ;
    %load/vec4 v0x6470d763d4a0_0;
    %parti/s 28, 0, 2;
    %store/vec4 v0x6470d763da50_0, 0, 28;
    %jmp T_155;
    .thread T_155, $push;
    .scope S_0x6470d763dbb0;
T_156 ;
    %wait E_0x6470d763e1a0;
    %pushi/vec4 0, 0, 30;
    %store/vec4 v0x6470d7640050_0, 0, 30;
    %pushi/vec4 0, 0, 32;
    %store/vec4 v0x6470d7640420_0, 0, 32;
T_156.0 ;
    %load/vec4 v0x6470d7640420_0;
    %cmpi/s 7, 0, 32;
    %jmp/0xz T_156.1, 5;
    %pushi/vec4 0, 0, 30;
    %store/vec4 v0x6470d7640500_0, 0, 30;
    %pushi/vec4 0, 0, 32;
    %store/vec4 v0x6470d76402f0_0, 0, 32;
T_156.2 ;
    %load/vec4 v0x6470d76402f0_0;
    %cmpi/s 7, 0, 32;
    %jmp/0xz T_156.3, 5;
    %load/vec4 v0x6470d763ff70_0;
    %load/vec4 v0x6470d76402f0_0;
    %muli 2, 0, 32;
    %part/s 2;
    %load/vec4 v0x6470d7640130_0;
    %load/vec4 v0x6470d7640420_0;
    %muli 2, 0, 32;
    %part/s 2;
    %store/vec4 v0x6470d763f510_0, 0, 2;
    %store/vec4 v0x6470d763f430_0, 0, 2;
    %callf/vec4 TD_ga_ops_tb.u_sym.u_nzw.m_ab.tmul, S_0x6470d763f220;
    %load/vec4 v0x6470d76402f0_0;
    %load/vec4 v0x6470d7640420_0;
    %add;
    %muli 2, 0, 32;
    %ix/vec4/s 4;
    %store/vec4 v0x6470d7640500_0, 4, 2;
    %load/vec4 v0x6470d76402f0_0;
    %addi 1, 0, 32;
    %store/vec4 v0x6470d76402f0_0, 0, 32;
    %jmp T_156.2;
T_156.3 ;
    %pushi/vec4 0, 0, 2;
    %store/vec4 v0x6470d7640230_0, 0, 2;
    %pushi/vec4 0, 0, 32;
    %store/vec4 v0x6470d76402f0_0, 0, 32;
T_156.4 ;
    %load/vec4 v0x6470d76402f0_0;
    %cmpi/s 15, 0, 32;
    %jmp/0xz T_156.5, 5;
    %load/vec4 v0x6470d7640050_0;
    %load/vec4 v0x6470d76402f0_0;
    %muli 2, 0, 32;
    %part/s 2;
    %load/vec4 v0x6470d7640500_0;
    %load/vec4 v0x6470d76402f0_0;
    %muli 2, 0, 32;
    %part/s 2;
    %load/vec4 v0x6470d7640230_0;
    %store/vec4 v0x6470d763e7b0_0, 0, 2;
    %store/vec4 v0x6470d763e500_0, 0, 2;
    %store/vec4 v0x6470d763e270_0, 0, 2;
    %callf/vec4 TD_ga_ops_tb.u_sym.u_nzw.m_ab.tadd1, S_0x6470d763de70;
    %split/vec4 2;
    %load/vec4 v0x6470d76402f0_0;
    %muli 2, 0, 32;
    %ix/vec4/s 4;
    %store/vec4 v0x6470d7640050_0, 4, 2;
    %store/vec4 v0x6470d7640230_0, 0, 2;
    %load/vec4 v0x6470d76402f0_0;
    %addi 1, 0, 32;
    %store/vec4 v0x6470d76402f0_0, 0, 32;
    %jmp T_156.4;
T_156.5 ;
    %load/vec4 v0x6470d7640420_0;
    %addi 1, 0, 32;
    %store/vec4 v0x6470d7640420_0, 0, 32;
    %jmp T_156.0;
T_156.1 ;
    %load/vec4 v0x6470d7640050_0;
    %parti/s 28, 0, 2;
    %store/vec4 v0x6470d76405e0_0, 0, 28;
    %jmp T_156;
    .thread T_156, $push;
    .scope S_0x6470d7640740;
T_157 ;
    %wait E_0x6470d7640d60;
    %pushi/vec4 0, 0, 30;
    %store/vec4 v0x6470d7642c70_0, 0, 30;
    %pushi/vec4 0, 0, 32;
    %store/vec4 v0x6470d7643000_0, 0, 32;
T_157.0 ;
    %load/vec4 v0x6470d7643000_0;
    %cmpi/s 7, 0, 32;
    %jmp/0xz T_157.1, 5;
    %pushi/vec4 0, 0, 30;
    %store/vec4 v0x6470d76430e0_0, 0, 30;
    %pushi/vec4 0, 0, 32;
    %store/vec4 v0x6470d7642ed0_0, 0, 32;
T_157.2 ;
    %load/vec4 v0x6470d7642ed0_0;
    %cmpi/s 7, 0, 32;
    %jmp/0xz T_157.3, 5;
    %load/vec4 v0x6470d7642b40_0;
    %load/vec4 v0x6470d7642ed0_0;
    %muli 2, 0, 32;
    %part/s 2;
    %load/vec4 v0x6470d7642d50_0;
    %load/vec4 v0x6470d7643000_0;
    %muli 2, 0, 32;
    %part/s 2;
    %store/vec4 v0x6470d76420e0_0, 0, 2;
    %store/vec4 v0x6470d7642000_0, 0, 2;
    %callf/vec4 TD_ga_ops_tb.u_sym.u_nzw.m_bb.tmul, S_0x6470d7641df0;
    %load/vec4 v0x6470d7642ed0_0;
    %load/vec4 v0x6470d7643000_0;
    %add;
    %muli 2, 0, 32;
    %ix/vec4/s 4;
    %store/vec4 v0x6470d76430e0_0, 4, 2;
    %load/vec4 v0x6470d7642ed0_0;
    %addi 1, 0, 32;
    %store/vec4 v0x6470d7642ed0_0, 0, 32;
    %jmp T_157.2;
T_157.3 ;
    %pushi/vec4 0, 0, 2;
    %store/vec4 v0x6470d7642df0_0, 0, 2;
    %pushi/vec4 0, 0, 32;
    %store/vec4 v0x6470d7642ed0_0, 0, 32;
T_157.4 ;
    %load/vec4 v0x6470d7642ed0_0;
    %cmpi/s 15, 0, 32;
    %jmp/0xz T_157.5, 5;
    %load/vec4 v0x6470d7642c70_0;
    %load/vec4 v0x6470d7642ed0_0;
    %muli 2, 0, 32;
    %part/s 2;
    %load/vec4 v0x6470d76430e0_0;
    %load/vec4 v0x6470d7642ed0_0;
    %muli 2, 0, 32;
    %part/s 2;
    %load/vec4 v0x6470d7642df0_0;
    %store/vec4 v0x6470d7641380_0, 0, 2;
    %store/vec4 v0x6470d76410d0_0, 0, 2;
    %store/vec4 v0x6470d7640e40_0, 0, 2;
    %callf/vec4 TD_ga_ops_tb.u_sym.u_nzw.m_bb.tadd1, S_0x6470d7640a00;
    %split/vec4 2;
    %load/vec4 v0x6470d7642ed0_0;
    %muli 2, 0, 32;
    %ix/vec4/s 4;
    %store/vec4 v0x6470d7642c70_0, 4, 2;
    %store/vec4 v0x6470d7642df0_0, 0, 2;
    %load/vec4 v0x6470d7642ed0_0;
    %addi 1, 0, 32;
    %store/vec4 v0x6470d7642ed0_0, 0, 32;
    %jmp T_157.4;
T_157.5 ;
    %load/vec4 v0x6470d7643000_0;
    %addi 1, 0, 32;
    %store/vec4 v0x6470d7643000_0, 0, 32;
    %jmp T_157.0;
T_157.1 ;
    %load/vec4 v0x6470d7642c70_0;
    %parti/s 28, 0, 2;
    %store/vec4 v0x6470d76431c0_0, 0, 28;
    %jmp T_157;
    .thread T_157, $push;
    .scope S_0x6470d7643320;
T_158 ;
    %wait E_0x6470d7643670;
    %load/vec4 v0x6470d7645940_0;
    %store/vec4 v0x6470d7645850_0, 0, 2;
    %pushi/vec4 0, 0, 32;
    %store/vec4 v0x6470d7645b50_0, 0, 32;
T_158.0 ;
    %load/vec4 v0x6470d7645b50_0;
    %pad/s 65;
    %cmpi/s 15, 0, 65;
    %jmp/0xz T_158.1, 5;
    %load/vec4 v0x6470d7645670_0;
    %load/vec4 v0x6470d7645b50_0;
    %muli 2, 0, 32;
    %part/s 2;
    %load/vec4 v0x6470d7645770_0;
    %load/vec4 v0x6470d7645b50_0;
    %muli 2, 0, 32;
    %part/s 2;
    %load/vec4 v0x6470d7645850_0;
    %store/vec4 v0x6470d7643e20_0, 0, 2;
    %store/vec4 v0x6470d7643b70_0, 0, 2;
    %store/vec4 v0x6470d76438e0_0, 0, 2;
    %callf/vec4 TD_ga_ops_tb.u_sym.u_nzw.u_s1.tadd1, S_0x6470d76436e0;
    %split/vec4 2;
    %load/vec4 v0x6470d7645b50_0;
    %muli 2, 0, 32;
    %ix/vec4/s 4;
    %store/vec4 v0x6470d7645c30_0, 4, 2;
    %store/vec4 v0x6470d7645850_0, 0, 2;
    %load/vec4 v0x6470d7645b50_0;
    %addi 1, 0, 32;
    %store/vec4 v0x6470d7645b50_0, 0, 32;
    %jmp T_158.0;
T_158.1 ;
    %load/vec4 v0x6470d7645850_0;
    %store/vec4 v0x6470d7645a20_0, 0, 2;
    %jmp T_158;
    .thread T_158, $push;
    .scope S_0x6470d7645db0;
T_159 ;
    %wait E_0x6470d7646150;
    %load/vec4 v0x6470d7648400_0;
    %store/vec4 v0x6470d7648310_0, 0, 2;
    %pushi/vec4 0, 0, 32;
    %store/vec4 v0x6470d7648610_0, 0, 32;
T_159.0 ;
    %load/vec4 v0x6470d7648610_0;
    %pad/s 65;
    %cmpi/s 15, 0, 65;
    %jmp/0xz T_159.1, 5;
    %load/vec4 v0x6470d7648140_0;
    %load/vec4 v0x6470d7648610_0;
    %muli 2, 0, 32;
    %part/s 2;
    %load/vec4 v0x6470d7648250_0;
    %load/vec4 v0x6470d7648610_0;
    %muli 2, 0, 32;
    %part/s 2;
    %load/vec4 v0x6470d7648310_0;
    %store/vec4 v0x6470d76468f0_0, 0, 2;
    %store/vec4 v0x6470d7646640_0, 0, 2;
    %store/vec4 v0x6470d76463b0_0, 0, 2;
    %callf/vec4 TD_ga_ops_tb.u_sym.u_nzw.u_s2.tadd1, S_0x6470d76461b0;
    %split/vec4 2;
    %load/vec4 v0x6470d7648610_0;
    %muli 2, 0, 32;
    %ix/vec4/s 4;
    %store/vec4 v0x6470d76486f0_0, 4, 2;
    %store/vec4 v0x6470d7648310_0, 0, 2;
    %load/vec4 v0x6470d7648610_0;
    %addi 1, 0, 32;
    %store/vec4 v0x6470d7648610_0, 0, 32;
    %jmp T_159.0;
T_159.1 ;
    %load/vec4 v0x6470d7648310_0;
    %store/vec4 v0x6470d76484e0_0, 0, 2;
    %jmp T_159;
    .thread T_159, $push;
    .scope S_0x6470d762c610;
T_160 ;
    %wait E_0x6470d762cbe0;
    %pushi/vec4 0, 0, 26;
    %store/vec4 v0x6470d762eb50_0, 0, 26;
    %pushi/vec4 0, 0, 32;
    %store/vec4 v0x6470d762eec0_0, 0, 32;
T_160.0 ;
    %load/vec4 v0x6470d762eec0_0;
    %cmpi/s 6, 0, 32;
    %jmp/0xz T_160.1, 5;
    %pushi/vec4 0, 0, 26;
    %store/vec4 v0x6470d762efa0_0, 0, 26;
    %pushi/vec4 0, 0, 32;
    %store/vec4 v0x6470d762ede0_0, 0, 32;
T_160.2 ;
    %load/vec4 v0x6470d762ede0_0;
    %cmpi/s 6, 0, 32;
    %jmp/0xz T_160.3, 5;
    %load/vec4 v0x6470d762e9e0_0;
    %load/vec4 v0x6470d762ede0_0;
    %muli 2, 0, 32;
    %part/s 2;
    %load/vec4 v0x6470d762ec30_0;
    %load/vec4 v0x6470d762eec0_0;
    %muli 2, 0, 32;
    %part/s 2;
    %store/vec4 v0x6470d762df80_0, 0, 2;
    %store/vec4 v0x6470d762dea0_0, 0, 2;
    %callf/vec4 TD_ga_ops_tb.u_sym.u_nz.m_aa.tmul, S_0x6470d762dc90;
    %load/vec4 v0x6470d762ede0_0;
    %load/vec4 v0x6470d762eec0_0;
    %add;
    %muli 2, 0, 32;
    %ix/vec4/s 4;
    %store/vec4 v0x6470d762efa0_0, 4, 2;
    %load/vec4 v0x6470d762ede0_0;
    %addi 1, 0, 32;
    %store/vec4 v0x6470d762ede0_0, 0, 32;
    %jmp T_160.2;
T_160.3 ;
    %pushi/vec4 0, 0, 2;
    %store/vec4 v0x6470d762ed00_0, 0, 2;
    %pushi/vec4 0, 0, 32;
    %store/vec4 v0x6470d762ede0_0, 0, 32;
T_160.4 ;
    %load/vec4 v0x6470d762ede0_0;
    %cmpi/s 13, 0, 32;
    %jmp/0xz T_160.5, 5;
    %load/vec4 v0x6470d762eb50_0;
    %load/vec4 v0x6470d762ede0_0;
    %muli 2, 0, 32;
    %part/s 2;
    %load/vec4 v0x6470d762efa0_0;
    %load/vec4 v0x6470d762ede0_0;
    %muli 2, 0, 32;
    %part/s 2;
    %load/vec4 v0x6470d762ed00_0;
    %store/vec4 v0x6470d762d220_0, 0, 2;
    %store/vec4 v0x6470d762cf70_0, 0, 2;
    %store/vec4 v0x6470d762cce0_0, 0, 2;
    %callf/vec4 TD_ga_ops_tb.u_sym.u_nz.m_aa.tadd1, S_0x6470d762c860;
    %split/vec4 2;
    %load/vec4 v0x6470d762ede0_0;
    %muli 2, 0, 32;
    %ix/vec4/s 4;
    %store/vec4 v0x6470d762eb50_0, 4, 2;
    %store/vec4 v0x6470d762ed00_0, 0, 2;
    %load/vec4 v0x6470d762ede0_0;
    %addi 1, 0, 32;
    %store/vec4 v0x6470d762ede0_0, 0, 32;
    %jmp T_160.4;
T_160.5 ;
    %load/vec4 v0x6470d762eec0_0;
    %addi 1, 0, 32;
    %store/vec4 v0x6470d762eec0_0, 0, 32;
    %jmp T_160.0;
T_160.1 ;
    %load/vec4 v0x6470d762eb50_0;
    %parti/s 24, 0, 2;
    %store/vec4 v0x6470d762f080_0, 0, 24;
    %jmp T_160;
    .thread T_160, $push;
    .scope S_0x6470d762f1e0;
T_161 ;
    %wait E_0x6470d762f7d0;
    %pushi/vec4 0, 0, 26;
    %store/vec4 v0x6470d76316b0_0, 0, 26;
    %pushi/vec4 0, 0, 32;
    %store/vec4 v0x6470d7631a70_0, 0, 32;
T_161.0 ;
    %load/vec4 v0x6470d7631a70_0;
    %cmpi/s 6, 0, 32;
    %jmp/0xz T_161.1, 5;
    %pushi/vec4 0, 0, 26;
    %store/vec4 v0x6470d7631b50_0, 0, 26;
    %pushi/vec4 0, 0, 32;
    %store/vec4 v0x6470d7631940_0, 0, 32;
T_161.2 ;
    %load/vec4 v0x6470d7631940_0;
    %cmpi/s 6, 0, 32;
    %jmp/0xz T_161.3, 5;
    %load/vec4 v0x6470d76315d0_0;
    %load/vec4 v0x6470d7631940_0;
    %muli 2, 0, 32;
    %part/s 2;
    %load/vec4 v0x6470d7631790_0;
    %load/vec4 v0x6470d7631a70_0;
    %muli 2, 0, 32;
    %part/s 2;
    %store/vec4 v0x6470d7630b70_0, 0, 2;
    %store/vec4 v0x6470d7630a90_0, 0, 2;
    %callf/vec4 TD_ga_ops_tb.u_sym.u_nz.m_ab.tmul, S_0x6470d7630880;
    %load/vec4 v0x6470d7631940_0;
    %load/vec4 v0x6470d7631a70_0;
    %add;
    %muli 2, 0, 32;
    %ix/vec4/s 4;
    %store/vec4 v0x6470d7631b50_0, 4, 2;
    %load/vec4 v0x6470d7631940_0;
    %addi 1, 0, 32;
    %store/vec4 v0x6470d7631940_0, 0, 32;
    %jmp T_161.2;
T_161.3 ;
    %pushi/vec4 0, 0, 2;
    %store/vec4 v0x6470d7631860_0, 0, 2;
    %pushi/vec4 0, 0, 32;
    %store/vec4 v0x6470d7631940_0, 0, 32;
T_161.4 ;
    %load/vec4 v0x6470d7631940_0;
    %cmpi/s 13, 0, 32;
    %jmp/0xz T_161.5, 5;
    %load/vec4 v0x6470d76316b0_0;
    %load/vec4 v0x6470d7631940_0;
    %muli 2, 0, 32;
    %part/s 2;
    %load/vec4 v0x6470d7631b50_0;
    %load/vec4 v0x6470d7631940_0;
    %muli 2, 0, 32;
    %part/s 2;
    %load/vec4 v0x6470d7631860_0;
    %store/vec4 v0x6470d762fe10_0, 0, 2;
    %store/vec4 v0x6470d762fb60_0, 0, 2;
    %store/vec4 v0x6470d762f8d0_0, 0, 2;
    %callf/vec4 TD_ga_ops_tb.u_sym.u_nz.m_ab.tadd1, S_0x6470d762f4a0;
    %split/vec4 2;
    %load/vec4 v0x6470d7631940_0;
    %muli 2, 0, 32;
    %ix/vec4/s 4;
    %store/vec4 v0x6470d76316b0_0, 4, 2;
    %store/vec4 v0x6470d7631860_0, 0, 2;
    %load/vec4 v0x6470d7631940_0;
    %addi 1, 0, 32;
    %store/vec4 v0x6470d7631940_0, 0, 32;
    %jmp T_161.4;
T_161.5 ;
    %load/vec4 v0x6470d7631a70_0;
    %addi 1, 0, 32;
    %store/vec4 v0x6470d7631a70_0, 0, 32;
    %jmp T_161.0;
T_161.1 ;
    %load/vec4 v0x6470d76316b0_0;
    %parti/s 24, 0, 2;
    %store/vec4 v0x6470d7631c30_0, 0, 24;
    %jmp T_161;
    .thread T_161, $push;
    .scope S_0x6470d7631d90;
T_162 ;
    %wait E_0x6470d76323b0;
    %pushi/vec4 0, 0, 26;
    %store/vec4 v0x6470d7634300_0, 0, 26;
    %pushi/vec4 0, 0, 32;
    %store/vec4 v0x6470d7634670_0, 0, 32;
T_162.0 ;
    %load/vec4 v0x6470d7634670_0;
    %cmpi/s 6, 0, 32;
    %jmp/0xz T_162.1, 5;
    %pushi/vec4 0, 0, 26;
    %store/vec4 v0x6470d7634750_0, 0, 26;
    %pushi/vec4 0, 0, 32;
    %store/vec4 v0x6470d7634590_0, 0, 32;
T_162.2 ;
    %load/vec4 v0x6470d7634590_0;
    %cmpi/s 6, 0, 32;
    %jmp/0xz T_162.3, 5;
    %load/vec4 v0x6470d7634190_0;
    %load/vec4 v0x6470d7634590_0;
    %muli 2, 0, 32;
    %part/s 2;
    %load/vec4 v0x6470d76343e0_0;
    %load/vec4 v0x6470d7634670_0;
    %muli 2, 0, 32;
    %part/s 2;
    %store/vec4 v0x6470d7633730_0, 0, 2;
    %store/vec4 v0x6470d7633650_0, 0, 2;
    %callf/vec4 TD_ga_ops_tb.u_sym.u_nz.m_bb.tmul, S_0x6470d7633440;
    %load/vec4 v0x6470d7634590_0;
    %load/vec4 v0x6470d7634670_0;
    %add;
    %muli 2, 0, 32;
    %ix/vec4/s 4;
    %store/vec4 v0x6470d7634750_0, 4, 2;
    %load/vec4 v0x6470d7634590_0;
    %addi 1, 0, 32;
    %store/vec4 v0x6470d7634590_0, 0, 32;
    %jmp T_162.2;
T_162.3 ;
    %pushi/vec4 0, 0, 2;
    %store/vec4 v0x6470d76344b0_0, 0, 2;
    %pushi/vec4 0, 0, 32;
    %store/vec4 v0x6470d7634590_0, 0, 32;
T_162.4 ;
    %load/vec4 v0x6470d7634590_0;
    %cmpi/s 13, 0, 32;
    %jmp/0xz T_162.5, 5;
    %load/vec4 v0x6470d7634300_0;
    %load/vec4 v0x6470d7634590_0;
    %muli 2, 0, 32;
    %part/s 2;
    %load/vec4 v0x6470d7634750_0;
    %load/vec4 v0x6470d7634590_0;
    %muli 2, 0, 32;
    %part/s 2;
    %load/vec4 v0x6470d76344b0_0;
    %store/vec4 v0x6470d76329d0_0, 0, 2;
    %store/vec4 v0x6470d7632720_0, 0, 2;
    %store/vec4 v0x6470d7632490_0, 0, 2;
    %callf/vec4 TD_ga_ops_tb.u_sym.u_nz.m_bb.tadd1, S_0x6470d7632050;
    %split/vec4 2;
    %load/vec4 v0x6470d7634590_0;
    %muli 2, 0, 32;
    %ix/vec4/s 4;
    %store/vec4 v0x6470d7634300_0, 4, 2;
    %store/vec4 v0x6470d76344b0_0, 0, 2;
    %load/vec4 v0x6470d7634590_0;
    %addi 1, 0, 32;
    %store/vec4 v0x6470d7634590_0, 0, 32;
    %jmp T_162.4;
T_162.5 ;
    %load/vec4 v0x6470d7634670_0;
    %addi 1, 0, 32;
    %store/vec4 v0x6470d7634670_0, 0, 32;
    %jmp T_162.0;
T_162.1 ;
    %load/vec4 v0x6470d7634300_0;
    %parti/s 24, 0, 2;
    %store/vec4 v0x6470d7634830_0, 0, 24;
    %jmp T_162;
    .thread T_162, $push;
    .scope S_0x6470d7634990;
T_163 ;
    %wait E_0x6470d7634ce0;
    %load/vec4 v0x6470d7636fb0_0;
    %store/vec4 v0x6470d7636ec0_0, 0, 2;
    %pushi/vec4 0, 0, 32;
    %store/vec4 v0x6470d76371c0_0, 0, 32;
T_163.0 ;
    %load/vec4 v0x6470d76371c0_0;
    %pad/s 65;
    %cmpi/s 13, 0, 65;
    %jmp/0xz T_163.1, 5;
    %load/vec4 v0x6470d7636ce0_0;
    %load/vec4 v0x6470d76371c0_0;
    %muli 2, 0, 32;
    %part/s 2;
    %load/vec4 v0x6470d7636de0_0;
    %load/vec4 v0x6470d76371c0_0;
    %muli 2, 0, 32;
    %part/s 2;
    %load/vec4 v0x6470d7636ec0_0;
    %store/vec4 v0x6470d7635490_0, 0, 2;
    %store/vec4 v0x6470d76351e0_0, 0, 2;
    %store/vec4 v0x6470d7634f50_0, 0, 2;
    %callf/vec4 TD_ga_ops_tb.u_sym.u_nz.u_s1.tadd1, S_0x6470d7634d50;
    %split/vec4 2;
    %load/vec4 v0x6470d76371c0_0;
    %muli 2, 0, 32;
    %ix/vec4/s 4;
    %store/vec4 v0x6470d76372a0_0, 4, 2;
    %store/vec4 v0x6470d7636ec0_0, 0, 2;
    %load/vec4 v0x6470d76371c0_0;
    %addi 1, 0, 32;
    %store/vec4 v0x6470d76371c0_0, 0, 32;
    %jmp T_163.0;
T_163.1 ;
    %load/vec4 v0x6470d7636ec0_0;
    %store/vec4 v0x6470d7637090_0, 0, 2;
    %jmp T_163;
    .thread T_163, $push;
    .scope S_0x6470d7637420;
T_164 ;
    %wait E_0x6470d76377c0;
    %load/vec4 v0x6470d7639a70_0;
    %store/vec4 v0x6470d7639980_0, 0, 2;
    %pushi/vec4 0, 0, 32;
    %store/vec4 v0x6470d7639c80_0, 0, 32;
T_164.0 ;
    %load/vec4 v0x6470d7639c80_0;
    %pad/s 65;
    %cmpi/s 13, 0, 65;
    %jmp/0xz T_164.1, 5;
    %load/vec4 v0x6470d76397b0_0;
    %load/vec4 v0x6470d7639c80_0;
    %muli 2, 0, 32;
    %part/s 2;
    %load/vec4 v0x6470d76398c0_0;
    %load/vec4 v0x6470d7639c80_0;
    %muli 2, 0, 32;
    %part/s 2;
    %load/vec4 v0x6470d7639980_0;
    %store/vec4 v0x6470d7637f60_0, 0, 2;
    %store/vec4 v0x6470d7637cb0_0, 0, 2;
    %store/vec4 v0x6470d7637a20_0, 0, 2;
    %callf/vec4 TD_ga_ops_tb.u_sym.u_nz.u_s2.tadd1, S_0x6470d7637820;
    %split/vec4 2;
    %load/vec4 v0x6470d7639c80_0;
    %muli 2, 0, 32;
    %ix/vec4/s 4;
    %store/vec4 v0x6470d7639d60_0, 4, 2;
    %store/vec4 v0x6470d7639980_0, 0, 2;
    %load/vec4 v0x6470d7639c80_0;
    %addi 1, 0, 32;
    %store/vec4 v0x6470d7639c80_0, 0, 32;
    %jmp T_164.0;
T_164.1 ;
    %load/vec4 v0x6470d7639980_0;
    %store/vec4 v0x6470d7639b50_0, 0, 2;
    %jmp T_164;
    .thread T_164, $push;
    .scope S_0x6470d761dc70;
T_165 ;
    %wait E_0x6470d761e210;
    %pushi/vec4 0, 0, 26;
    %store/vec4 v0x6470d7620140_0, 0, 26;
    %pushi/vec4 0, 0, 32;
    %store/vec4 v0x6470d76204d0_0, 0, 32;
T_165.0 ;
    %load/vec4 v0x6470d76204d0_0;
    %cmpi/s 6, 0, 32;
    %jmp/0xz T_165.1, 5;
    %pushi/vec4 0, 0, 26;
    %store/vec4 v0x6470d76205b0_0, 0, 26;
    %pushi/vec4 0, 0, 32;
    %store/vec4 v0x6470d76203a0_0, 0, 32;
T_165.2 ;
    %load/vec4 v0x6470d76203a0_0;
    %cmpi/s 6, 0, 32;
    %jmp/0xz T_165.3, 5;
    %load/vec4 v0x6470d7620010_0;
    %load/vec4 v0x6470d76203a0_0;
    %muli 2, 0, 32;
    %part/s 2;
    %load/vec4 v0x6470d7620220_0;
    %load/vec4 v0x6470d76204d0_0;
    %muli 2, 0, 32;
    %part/s 2;
    %store/vec4 v0x6470d761f5b0_0, 0, 2;
    %store/vec4 v0x6470d761f4d0_0, 0, 2;
    %callf/vec4 TD_ga_ops_tb.u_sym.u_nw.m_aa.tmul, S_0x6470d761f2c0;
    %load/vec4 v0x6470d76203a0_0;
    %load/vec4 v0x6470d76204d0_0;
    %add;
    %muli 2, 0, 32;
    %ix/vec4/s 4;
    %store/vec4 v0x6470d76205b0_0, 4, 2;
    %load/vec4 v0x6470d76203a0_0;
    %addi 1, 0, 32;
    %store/vec4 v0x6470d76203a0_0, 0, 32;
    %jmp T_165.2;
T_165.3 ;
    %pushi/vec4 0, 0, 2;
    %store/vec4 v0x6470d76202c0_0, 0, 2;
    %pushi/vec4 0, 0, 32;
    %store/vec4 v0x6470d76203a0_0, 0, 32;
T_165.4 ;
    %load/vec4 v0x6470d76203a0_0;
    %cmpi/s 13, 0, 32;
    %jmp/0xz T_165.5, 5;
    %load/vec4 v0x6470d7620140_0;
    %load/vec4 v0x6470d76203a0_0;
    %muli 2, 0, 32;
    %part/s 2;
    %load/vec4 v0x6470d76205b0_0;
    %load/vec4 v0x6470d76203a0_0;
    %muli 2, 0, 32;
    %part/s 2;
    %load/vec4 v0x6470d76202c0_0;
    %store/vec4 v0x6470d761e850_0, 0, 2;
    %store/vec4 v0x6470d761e5a0_0, 0, 2;
    %store/vec4 v0x6470d761e310_0, 0, 2;
    %callf/vec4 TD_ga_ops_tb.u_sym.u_nw.m_aa.tadd1, S_0x6470d761dec0;
    %split/vec4 2;
    %load/vec4 v0x6470d76203a0_0;
    %muli 2, 0, 32;
    %ix/vec4/s 4;
    %store/vec4 v0x6470d7620140_0, 4, 2;
    %store/vec4 v0x6470d76202c0_0, 0, 2;
    %load/vec4 v0x6470d76203a0_0;
    %addi 1, 0, 32;
    %store/vec4 v0x6470d76203a0_0, 0, 32;
    %jmp T_165.4;
T_165.5 ;
    %load/vec4 v0x6470d76204d0_0;
    %addi 1, 0, 32;
    %store/vec4 v0x6470d76204d0_0, 0, 32;
    %jmp T_165.0;
T_165.1 ;
    %load/vec4 v0x6470d7620140_0;
    %parti/s 24, 0, 2;
    %store/vec4 v0x6470d7620690_0, 0, 24;
    %jmp T_165;
    .thread T_165, $push;
    .scope S_0x6470d76207f0;
T_166 ;
    %wait E_0x6470d7620de0;
    %pushi/vec4 0, 0, 26;
    %store/vec4 v0x6470d7622d50_0, 0, 26;
    %pushi/vec4 0, 0, 32;
    %store/vec4 v0x6470d76230c0_0, 0, 32;
T_166.0 ;
    %load/vec4 v0x6470d76230c0_0;
    %cmpi/s 6, 0, 32;
    %jmp/0xz T_166.1, 5;
    %pushi/vec4 0, 0, 26;
    %store/vec4 v0x6470d76231a0_0, 0, 26;
    %pushi/vec4 0, 0, 32;
    %store/vec4 v0x6470d7622fe0_0, 0, 32;
T_166.2 ;
    %load/vec4 v0x6470d7622fe0_0;
    %cmpi/s 6, 0, 32;
    %jmp/0xz T_166.3, 5;
    %load/vec4 v0x6470d7622be0_0;
    %load/vec4 v0x6470d7622fe0_0;
    %muli 2, 0, 32;
    %part/s 2;
    %load/vec4 v0x6470d7622e30_0;
    %load/vec4 v0x6470d76230c0_0;
    %muli 2, 0, 32;
    %part/s 2;
    %store/vec4 v0x6470d7622180_0, 0, 2;
    %store/vec4 v0x6470d76220a0_0, 0, 2;
    %callf/vec4 TD_ga_ops_tb.u_sym.u_nw.m_ab.tmul, S_0x6470d7621e90;
    %load/vec4 v0x6470d7622fe0_0;
    %load/vec4 v0x6470d76230c0_0;
    %add;
    %muli 2, 0, 32;
    %ix/vec4/s 4;
    %store/vec4 v0x6470d76231a0_0, 4, 2;
    %load/vec4 v0x6470d7622fe0_0;
    %addi 1, 0, 32;
    %store/vec4 v0x6470d7622fe0_0, 0, 32;
    %jmp T_166.2;
T_166.3 ;
    %pushi/vec4 0, 0, 2;
    %store/vec4 v0x6470d7622f00_0, 0, 2;
    %pushi/vec4 0, 0, 32;
    %store/vec4 v0x6470d7622fe0_0, 0, 32;
T_166.4 ;
    %load/vec4 v0x6470d7622fe0_0;
    %cmpi/s 13, 0, 32;
    %jmp/0xz T_166.5, 5;
    %load/vec4 v0x6470d7622d50_0;
    %load/vec4 v0x6470d7622fe0_0;
    %muli 2, 0, 32;
    %part/s 2;
    %load/vec4 v0x6470d76231a0_0;
    %load/vec4 v0x6470d7622fe0_0;
    %muli 2, 0, 32;
    %part/s 2;
    %load/vec4 v0x6470d7622f00_0;
    %store/vec4 v0x6470d7621420_0, 0, 2;
    %store/vec4 v0x6470d7621170_0, 0, 2;
    %store/vec4 v0x6470d7620ee0_0, 0, 2;
    %callf/vec4 TD_ga_ops_tb.u_sym.u_nw.m_ab.tadd1, S_0x6470d7620ab0;
    %split/vec4 2;
    %load/vec4 v0x6470d7622fe0_0;
    %muli 2, 0, 32;
    %ix/vec4/s 4;
    %store/vec4 v0x6470d7622d50_0, 4, 2;
    %store/vec4 v0x6470d7622f00_0, 0, 2;
    %load/vec4 v0x6470d7622fe0_0;
    %addi 1, 0, 32;
    %store/vec4 v0x6470d7622fe0_0, 0, 32;
    %jmp T_166.4;
T_166.5 ;
    %load/vec4 v0x6470d76230c0_0;
    %addi 1, 0, 32;
    %store/vec4 v0x6470d76230c0_0, 0, 32;
    %jmp T_166.0;
T_166.1 ;
    %load/vec4 v0x6470d7622d50_0;
    %parti/s 24, 0, 2;
    %store/vec4 v0x6470d7623280_0, 0, 24;
    %jmp T_166;
    .thread T_166, $push;
    .scope S_0x6470d76233e0;
T_167 ;
    %wait E_0x6470d7623a00;
    %pushi/vec4 0, 0, 26;
    %store/vec4 v0x6470d7625950_0, 0, 26;
    %pushi/vec4 0, 0, 32;
    %store/vec4 v0x6470d7625cc0_0, 0, 32;
T_167.0 ;
    %load/vec4 v0x6470d7625cc0_0;
    %cmpi/s 6, 0, 32;
    %jmp/0xz T_167.1, 5;
    %pushi/vec4 0, 0, 26;
    %store/vec4 v0x6470d7625da0_0, 0, 26;
    %pushi/vec4 0, 0, 32;
    %store/vec4 v0x6470d7625be0_0, 0, 32;
T_167.2 ;
    %load/vec4 v0x6470d7625be0_0;
    %cmpi/s 6, 0, 32;
    %jmp/0xz T_167.3, 5;
    %load/vec4 v0x6470d76257e0_0;
    %load/vec4 v0x6470d7625be0_0;
    %muli 2, 0, 32;
    %part/s 2;
    %load/vec4 v0x6470d7625a30_0;
    %load/vec4 v0x6470d7625cc0_0;
    %muli 2, 0, 32;
    %part/s 2;
    %store/vec4 v0x6470d7624d80_0, 0, 2;
    %store/vec4 v0x6470d7624ca0_0, 0, 2;
    %callf/vec4 TD_ga_ops_tb.u_sym.u_nw.m_bb.tmul, S_0x6470d7624a90;
    %load/vec4 v0x6470d7625be0_0;
    %load/vec4 v0x6470d7625cc0_0;
    %add;
    %muli 2, 0, 32;
    %ix/vec4/s 4;
    %store/vec4 v0x6470d7625da0_0, 4, 2;
    %load/vec4 v0x6470d7625be0_0;
    %addi 1, 0, 32;
    %store/vec4 v0x6470d7625be0_0, 0, 32;
    %jmp T_167.2;
T_167.3 ;
    %pushi/vec4 0, 0, 2;
    %store/vec4 v0x6470d7625b00_0, 0, 2;
    %pushi/vec4 0, 0, 32;
    %store/vec4 v0x6470d7625be0_0, 0, 32;
T_167.4 ;
    %load/vec4 v0x6470d7625be0_0;
    %cmpi/s 13, 0, 32;
    %jmp/0xz T_167.5, 5;
    %load/vec4 v0x6470d7625950_0;
    %load/vec4 v0x6470d7625be0_0;
    %muli 2, 0, 32;
    %part/s 2;
    %load/vec4 v0x6470d7625da0_0;
    %load/vec4 v0x6470d7625be0_0;
    %muli 2, 0, 32;
    %part/s 2;
    %load/vec4 v0x6470d7625b00_0;
    %store/vec4 v0x6470d7624020_0, 0, 2;
    %store/vec4 v0x6470d7623d70_0, 0, 2;
    %store/vec4 v0x6470d7623ae0_0, 0, 2;
    %callf/vec4 TD_ga_ops_tb.u_sym.u_nw.m_bb.tadd1, S_0x6470d76236a0;
    %split/vec4 2;
    %load/vec4 v0x6470d7625be0_0;
    %muli 2, 0, 32;
    %ix/vec4/s 4;
    %store/vec4 v0x6470d7625950_0, 4, 2;
    %store/vec4 v0x6470d7625b00_0, 0, 2;
    %load/vec4 v0x6470d7625be0_0;
    %addi 1, 0, 32;
    %store/vec4 v0x6470d7625be0_0, 0, 32;
    %jmp T_167.4;
T_167.5 ;
    %load/vec4 v0x6470d7625cc0_0;
    %addi 1, 0, 32;
    %store/vec4 v0x6470d7625cc0_0, 0, 32;
    %jmp T_167.0;
T_167.1 ;
    %load/vec4 v0x6470d7625950_0;
    %parti/s 24, 0, 2;
    %store/vec4 v0x6470d7625e80_0, 0, 24;
    %jmp T_167;
    .thread T_167, $push;
    .scope S_0x6470d7625fe0;
T_168 ;
    %wait E_0x6470d7626330;
    %load/vec4 v0x6470d7628600_0;
    %store/vec4 v0x6470d7628510_0, 0, 2;
    %pushi/vec4 0, 0, 32;
    %store/vec4 v0x6470d7628810_0, 0, 32;
T_168.0 ;
    %load/vec4 v0x6470d7628810_0;
    %pad/s 65;
    %cmpi/s 13, 0, 65;
    %jmp/0xz T_168.1, 5;
    %load/vec4 v0x6470d7628330_0;
    %load/vec4 v0x6470d7628810_0;
    %muli 2, 0, 32;
    %part/s 2;
    %load/vec4 v0x6470d7628430_0;
    %load/vec4 v0x6470d7628810_0;
    %muli 2, 0, 32;
    %part/s 2;
    %load/vec4 v0x6470d7628510_0;
    %store/vec4 v0x6470d7626ae0_0, 0, 2;
    %store/vec4 v0x6470d7626830_0, 0, 2;
    %store/vec4 v0x6470d76265a0_0, 0, 2;
    %callf/vec4 TD_ga_ops_tb.u_sym.u_nw.u_s1.tadd1, S_0x6470d76263a0;
    %split/vec4 2;
    %load/vec4 v0x6470d7628810_0;
    %muli 2, 0, 32;
    %ix/vec4/s 4;
    %store/vec4 v0x6470d76288f0_0, 4, 2;
    %store/vec4 v0x6470d7628510_0, 0, 2;
    %load/vec4 v0x6470d7628810_0;
    %addi 1, 0, 32;
    %store/vec4 v0x6470d7628810_0, 0, 32;
    %jmp T_168.0;
T_168.1 ;
    %load/vec4 v0x6470d7628510_0;
    %store/vec4 v0x6470d76286e0_0, 0, 2;
    %jmp T_168;
    .thread T_168, $push;
    .scope S_0x6470d7628a70;
T_169 ;
    %wait E_0x6470d7628e10;
    %load/vec4 v0x6470d762b0c0_0;
    %store/vec4 v0x6470d762afd0_0, 0, 2;
    %pushi/vec4 0, 0, 32;
    %store/vec4 v0x6470d762b2d0_0, 0, 32;
T_169.0 ;
    %load/vec4 v0x6470d762b2d0_0;
    %pad/s 65;
    %cmpi/s 13, 0, 65;
    %jmp/0xz T_169.1, 5;
    %load/vec4 v0x6470d762ae00_0;
    %load/vec4 v0x6470d762b2d0_0;
    %muli 2, 0, 32;
    %part/s 2;
    %load/vec4 v0x6470d762af10_0;
    %load/vec4 v0x6470d762b2d0_0;
    %muli 2, 0, 32;
    %part/s 2;
    %load/vec4 v0x6470d762afd0_0;
    %store/vec4 v0x6470d76295b0_0, 0, 2;
    %store/vec4 v0x6470d7629300_0, 0, 2;
    %store/vec4 v0x6470d7629070_0, 0, 2;
    %callf/vec4 TD_ga_ops_tb.u_sym.u_nw.u_s2.tadd1, S_0x6470d7628e70;
    %split/vec4 2;
    %load/vec4 v0x6470d762b2d0_0;
    %muli 2, 0, 32;
    %ix/vec4/s 4;
    %store/vec4 v0x6470d762b3b0_0, 4, 2;
    %store/vec4 v0x6470d762afd0_0, 0, 2;
    %load/vec4 v0x6470d762b2d0_0;
    %addi 1, 0, 32;
    %store/vec4 v0x6470d762b2d0_0, 0, 32;
    %jmp T_169.0;
T_169.1 ;
    %load/vec4 v0x6470d762afd0_0;
    %store/vec4 v0x6470d762b1a0_0, 0, 2;
    %jmp T_169;
    .thread T_169, $push;
    .scope S_0x6470d7612e20;
T_170 ;
    %wait E_0x6470d7613190;
    %pushi/vec4 0, 0, 32;
    %store/vec4 v0x6470d7615600_0, 0, 32;
T_170.0 ;
    %load/vec4 v0x6470d7615600_0;
    %cmpi/s 15, 0, 32;
    %jmp/0xz T_170.1, 5;
    %load/vec4 v0x6470d7615220_0;
    %load/vec4 v0x6470d7615600_0;
    %muli 2, 0, 32;
    %part/s 2;
    %store/vec4 v0x6470d7614a70_0, 0, 2;
    %callf/vec4 TD_ga_ops_tb.u_sym.u1.tneg, S_0x6470d7614890;
    %load/vec4 v0x6470d7615600_0;
    %muli 2, 0, 32;
    %ix/vec4/s 4;
    %store/vec4 v0x6470d76156e0_0, 4, 2;
    %load/vec4 v0x6470d7615600_0;
    %addi 1, 0, 32;
    %store/vec4 v0x6470d7615600_0, 0, 32;
    %jmp T_170.0;
T_170.1 ;
    %pushi/vec4 0, 0, 2;
    %store/vec4 v0x6470d7615300_0, 0, 2;
    %pushi/vec4 0, 0, 32;
    %store/vec4 v0x6470d7615600_0, 0, 32;
T_170.2 ;
    %load/vec4 v0x6470d7615600_0;
    %cmpi/s 15, 0, 32;
    %jmp/0xz T_170.3, 5;
    %load/vec4 v0x6470d7615120_0;
    %load/vec4 v0x6470d7615600_0;
    %muli 2, 0, 32;
    %part/s 2;
    %load/vec4 v0x6470d76156e0_0;
    %load/vec4 v0x6470d7615600_0;
    %muli 2, 0, 32;
    %part/s 2;
    %load/vec4 v0x6470d7615300_0;
    %store/vec4 v0x6470d7613960_0, 0, 2;
    %store/vec4 v0x6470d76136b0_0, 0, 2;
    %store/vec4 v0x6470d7613420_0, 0, 2;
    %callf/vec4 TD_ga_ops_tb.u_sym.u1.tadd1, S_0x6470d7613220;
    %split/vec4 2;
    %load/vec4 v0x6470d7615600_0;
    %muli 2, 0, 32;
    %ix/vec4/s 4;
    %store/vec4 v0x6470d76154d0_0, 4, 2;
    %store/vec4 v0x6470d7615300_0, 0, 2;
    %load/vec4 v0x6470d7615600_0;
    %addi 1, 0, 32;
    %store/vec4 v0x6470d7615600_0, 0, 32;
    %jmp T_170.2;
T_170.3 ;
    %load/vec4 v0x6470d7615300_0;
    %store/vec4 v0x6470d76153f0_0, 0, 2;
    %jmp T_170;
    .thread T_170, $push;
    .scope S_0x6470d7615840;
T_171 ;
    %wait E_0x6470d7615c10;
    %pushi/vec4 0, 0, 32;
    %store/vec4 v0x6470d7618050_0, 0, 32;
T_171.0 ;
    %load/vec4 v0x6470d7618050_0;
    %cmpi/s 15, 0, 32;
    %jmp/0xz T_171.1, 5;
    %load/vec4 v0x6470d7617c90_0;
    %load/vec4 v0x6470d7618050_0;
    %muli 2, 0, 32;
    %part/s 2;
    %store/vec4 v0x6470d76174d0_0, 0, 2;
    %callf/vec4 TD_ga_ops_tb.u_sym.u2.tneg, S_0x6470d76172f0;
    %load/vec4 v0x6470d7618050_0;
    %muli 2, 0, 32;
    %ix/vec4/s 4;
    %store/vec4 v0x6470d7618130_0, 4, 2;
    %load/vec4 v0x6470d7618050_0;
    %addi 1, 0, 32;
    %store/vec4 v0x6470d7618050_0, 0, 32;
    %jmp T_171.0;
T_171.1 ;
    %pushi/vec4 0, 0, 2;
    %store/vec4 v0x6470d7617d50_0, 0, 2;
    %pushi/vec4 0, 0, 32;
    %store/vec4 v0x6470d7618050_0, 0, 32;
T_171.2 ;
    %load/vec4 v0x6470d7618050_0;
    %cmpi/s 15, 0, 32;
    %jmp/0xz T_171.3, 5;
    %load/vec4 v0x6470d7617b80_0;
    %load/vec4 v0x6470d7618050_0;
    %muli 2, 0, 32;
    %part/s 2;
    %load/vec4 v0x6470d7618130_0;
    %load/vec4 v0x6470d7618050_0;
    %muli 2, 0, 32;
    %part/s 2;
    %load/vec4 v0x6470d7617d50_0;
    %store/vec4 v0x6470d76163c0_0, 0, 2;
    %store/vec4 v0x6470d7616110_0, 0, 2;
    %store/vec4 v0x6470d7615e80_0, 0, 2;
    %callf/vec4 TD_ga_ops_tb.u_sym.u2.tadd1, S_0x6470d7615c80;
    %split/vec4 2;
    %load/vec4 v0x6470d7618050_0;
    %muli 2, 0, 32;
    %ix/vec4/s 4;
    %store/vec4 v0x6470d7617f20_0, 4, 2;
    %store/vec4 v0x6470d7617d50_0, 0, 2;
    %load/vec4 v0x6470d7618050_0;
    %addi 1, 0, 32;
    %store/vec4 v0x6470d7618050_0, 0, 32;
    %jmp T_171.2;
T_171.3 ;
    %load/vec4 v0x6470d7617d50_0;
    %store/vec4 v0x6470d7617e40_0, 0, 2;
    %jmp T_171;
    .thread T_171, $push;
    .scope S_0x6470d7422800;
T_172 ;
    %pushi/vec4 0, 0, 32;
    %store/vec4 v0x6470d7653ca0_0, 0, 32;
    %pushi/vec4 0, 0, 32;
    %store/vec4 v0x6470d7653bc0_0, 0, 32;
    %pushi/vec4 0, 0, 32;
    %store/vec4 v0x6470d7653d80_0, 0, 32;
    %pushi/vec4 4294966932, 0, 32;
    %ix/load 4, 0, 0;
    %flag_set/imm 4, 0;
    %store/vec4a v0x6470d76536d0, 4, 0;
    %pushi/vec4 4294967256, 0, 32;
    %ix/load 4, 1, 0;
    %flag_set/imm 4, 0;
    %store/vec4a v0x6470d76536d0, 4, 0;
    %pushi/vec4 4294967283, 0, 32;
    %ix/load 4, 2, 0;
    %flag_set/imm 4, 0;
    %store/vec4a v0x6470d76536d0, 4, 0;
    %pushi/vec4 4294967295, 0, 32;
    %ix/load 4, 3, 0;
    %flag_set/imm 4, 0;
    %store/vec4a v0x6470d76536d0, 4, 0;
    %pushi/vec4 0, 0, 32;
    %ix/load 4, 4, 0;
    %flag_set/imm 4, 0;
    %store/vec4a v0x6470d76536d0, 4, 0;
    %pushi/vec4 1, 0, 32;
    %ix/load 4, 5, 0;
    %flag_set/imm 4, 0;
    %store/vec4a v0x6470d76536d0, 4, 0;
    %pushi/vec4 13, 0, 32;
    %ix/load 4, 6, 0;
    %flag_set/imm 4, 0;
    %store/vec4a v0x6470d76536d0, 4, 0;
    %pushi/vec4 40, 0, 32;
    %ix/load 4, 7, 0;
    %flag_set/imm 4, 0;
    %store/vec4a v0x6470d76536d0, 4, 0;
    %pushi/vec4 364, 0, 32;
    %ix/load 4, 8, 0;
    %flag_set/imm 4, 0;
    %store/vec4a v0x6470d76536d0, 4, 0;
    %pushi/vec4 0, 0, 32;
    %store/vec4 v0x6470d7653a50_0, 0, 32;
T_172.0 ;
    %load/vec4 v0x6470d7653a50_0;
    %cmpi/s 6561, 0, 32;
    %jmp/0xz T_172.1, 5;
    %load/vec4 v0x6470d7653a50_0;
    %pushi/vec4 9, 0, 32;
    %mod/s;
    %ix/vec4/s 4;
    %load/vec4a v0x6470d76536d0, 4;
    %store/vec4 v0x6470d75e7dd0_0, 0, 32;
    %load/vec4 v0x6470d7653a50_0;
    %pushi/vec4 9, 0, 32;
    %div/s;
    %pushi/vec4 9, 0, 32;
    %mod/s;
    %ix/vec4/s 4;
    %load/vec4a v0x6470d76536d0, 4;
    %store/vec4 v0x6470d75fd5c0_0, 0, 32;
    %load/vec4 v0x6470d7653a50_0;
    %pushi/vec4 81, 0, 32;
    %div/s;
    %pushi/vec4 9, 0, 32;
    %mod/s;
    %ix/vec4/s 4;
    %load/vec4a v0x6470d76536d0, 4;
    %store/vec4 v0x6470d75fd6a0_0, 0, 32;
    %load/vec4 v0x6470d7653a50_0;
    %pushi/vec4 729, 0, 32;
    %div/s;
    %pushi/vec4 9, 0, 32;
    %mod/s;
    %ix/vec4/s 4;
    %load/vec4a v0x6470d76536d0, 4;
    %store/vec4 v0x6470d75fd760_0, 0, 32;
    %fork TD_ga_ops_tb.check_quad, S_0x6470d73b5630;
    %join;
    %load/vec4 v0x6470d7653a50_0;
    %addi 1, 0, 32;
    %store/vec4 v0x6470d7653a50_0, 0, 32;
    %jmp T_172.0;
T_172.1 ;
    %vpi_call 2 145 "$display", "boundary cross : %0d vectors | pass=%0d fail=%0d", 32'sb00000000000000000001100110100001, v0x6470d7653ca0_0, v0x6470d7653bc0_0 {0 0 0};
    %pushi/vec4 0, 0, 32;
    %store/vec4 v0x6470d7653a50_0, 0, 32;
T_172.2 ;
    %load/vec4 v0x6470d7653a50_0;
    %cmpi/s 2000, 0, 32;
    %jmp/0xz T_172.3, 5;
    %pushi/vec4 4294966932, 0, 32;
    %load/vec4 v0x6470d7653a50_0;
    %muli 7, 0, 32;
    %pushi/vec4 729, 0, 32;
    %mod/s;
    %add;
    %store/vec4 v0x6470d75e7dd0_0, 0, 32;
    %pushi/vec4 4294966932, 0, 32;
    %load/vec4 v0x6470d7653a50_0;
    %muli 11, 0, 32;
    %pushi/vec4 729, 0, 32;
    %mod/s;
    %add;
    %store/vec4 v0x6470d75fd5c0_0, 0, 32;
    %pushi/vec4 4294966932, 0, 32;
    %load/vec4 v0x6470d7653a50_0;
    %muli 13, 0, 32;
    %pushi/vec4 729, 0, 32;
    %mod/s;
    %add;
    %store/vec4 v0x6470d75fd6a0_0, 0, 32;
    %pushi/vec4 4294966932, 0, 32;
    %load/vec4 v0x6470d7653a50_0;
    %muli 17, 0, 32;
    %pushi/vec4 729, 0, 32;
    %mod/s;
    %add;
    %store/vec4 v0x6470d75fd760_0, 0, 32;
    %fork TD_ga_ops_tb.check_quad, S_0x6470d73b5630;
    %join;
    %load/vec4 v0x6470d7653a50_0;
    %addi 1, 0, 32;
    %store/vec4 v0x6470d7653a50_0, 0, 32;
    %jmp T_172.2;
T_172.3 ;
    %vpi_call 2 153 "$display", "stride sweep   : %0d vectors | pass=%0d fail=%0d", 32'sb00000000000000000000011111010000, v0x6470d7653ca0_0, v0x6470d7653bc0_0 {0 0 0};
    %pushi/vec4 20260829, 0, 32;
    %store/vec4 v0x6470d7653f20_0, 0, 32;
    %pushi/vec4 0, 0, 32;
    %store/vec4 v0x6470d7653a50_0, 0, 32;
T_172.4 ;
    %load/vec4 v0x6470d7653a50_0;
    %cmpi/s 2000, 0, 32;
    %jmp/0xz T_172.5, 5;
    %vpi_func 2 158 "$dist_uniform" 32, v0x6470d7653f20_0, 32'sb00000000000000000000000000000000, 32'sb00000000000000000000001011011000 {0 0 0};
    %subi 364, 0, 32;
    %store/vec4 v0x6470d75e7dd0_0, 0, 32;
    %vpi_func 2 159 "$dist_uniform" 32, v0x6470d7653f20_0, 32'sb00000000000000000000000000000000, 32'sb00000000000000000000001011011000 {0 0 0};
    %subi 364, 0, 32;
    %store/vec4 v0x6470d75fd5c0_0, 0, 32;
    %vpi_func 2 160 "$dist_uniform" 32, v0x6470d7653f20_0, 32'sb00000000000000000000000000000000, 32'sb00000000000000000000001011011000 {0 0 0};
    %subi 364, 0, 32;
    %store/vec4 v0x6470d75fd6a0_0, 0, 32;
    %vpi_func 2 161 "$dist_uniform" 32, v0x6470d7653f20_0, 32'sb00000000000000000000000000000000, 32'sb00000000000000000000001011011000 {0 0 0};
    %subi 364, 0, 32;
    %store/vec4 v0x6470d75fd760_0, 0, 32;
    %fork TD_ga_ops_tb.check_quad, S_0x6470d73b5630;
    %join;
    %load/vec4 v0x6470d7653a50_0;
    %addi 1, 0, 32;
    %store/vec4 v0x6470d7653a50_0, 0, 32;
    %jmp T_172.4;
T_172.5 ;
    %vpi_call 2 162 "$display", "random         : %0d vectors | pass=%0d fail=%0d", 32'sb00000000000000000000011111010000, v0x6470d7653ca0_0, v0x6470d7653bc0_0 {0 0 0};
    %vpi_call 2 164 "$display", "--------------------------------------------------------------" {0 0 0};
    %vpi_call 2 165 "$display", "TOTAL: %0d vectors, %0d assertions PASSED, %0d FAILED", v0x6470d7653d80_0, v0x6470d7653ca0_0, v0x6470d7653bc0_0 {0 0 0};
    %load/vec4 v0x6470d7653bc0_0;
    %cmpi/e 0, 0, 32;
    %jmp/0xz  T_172.6, 4;
    %vpi_call 2 166 "$display", "GA OPS: ALL ASSERTIONS PASSED" {0 0 0};
    %jmp T_172.7;
T_172.6 ;
    %vpi_call 2 167 "$display", "GA OPS: %0d FAILURES", v0x6470d7653bc0_0 {0 0 0};
T_172.7 ;
    %vpi_call 2 168 "$finish" {0 0 0};
    %end;
    .thread T_172;
# The file index is used to find the file name in the following table.
:file_names 5;
    "N/A";
    "<interactive>";
    "rtl/ga_ops_tb.v";
    "rtl/ga_ops.v";
    "rtl/tmul_opt.v";
