
Note: No compatibility mode selected!


Circuit: * =====================================================================

Doing analysis at TEMP = 27.000000 and TNOM = 27.000000

Using SPARSE 1.3 as Direct Linear Solver

Initial Transient Solution
--------------------------

Node                                   Voltage
----                                   -------
in                                           0
ra                                 8.12736e-26
rb                                -8.12736e-26
vdd                                          1
vss                                         -1
out                                          0
owire                                        0
vssn#branch                           1.01e-12
vddn#branch                          -1.01e-12
vin#branch                        -6.62837e-38


No. of Data Rows : 1220

  Measurements for Transient Analysis

vra_push            =  5.278985e-01 at=  1.103500e-08
vrb_push            =  4.122390e-01 at=  1.500000e-08
vra_null            =  -3.726153e-02 at=  2.596635e-08
vrb_null            =  -4.872647e-02 at=  2.001635e-08
vout_push           =  -9.843270e-01
vout_null           =  -1.801756e-04

    * =====================================================================
    Transient Analysis  Sat Aug 29 11:20:18  2026
--------------------------------------------------------------------------------
Index   time            v(in)           v(ra)           v(rb)           
--------------------------------------------------------------------------------
0	0.000000e+00	0.000000e+00	8.127359e-26	-8.12736e-26	
1	5.000000e-13	0.000000e+00	8.127350e-26	-8.12735e-26	
2	1.000000e-12	0.000000e+00	-7.27183e-26	-3.63591e-27	
3	2.000000e-12	0.000000e+00	-2.03623e-18	2.036233e-18	
4	4.000000e-12	0.000000e+00	-7.58797e-18	7.850449e-18	
5	8.000000e-12	0.000000e+00	-1.09412e-17	1.137398e-17	
6	1.600000e-11	0.000000e+00	-1.26938e-17	1.230361e-17	
7	3.200000e-11	0.000000e+00	-1.87870e-17	1.793906e-17	
8	6.400000e-11	0.000000e+00	-3.46879e-17	3.353596e-17	
9	1.140000e-10	0.000000e+00	3.845334e-17	-4.07891e-17	
10	1.640000e-10	0.000000e+00	1.476425e-16	-1.51512e-16	
11	2.140000e-10	0.000000e+00	2.062591e-16	-2.09957e-16	
12	2.640000e-10	0.000000e+00	2.517438e-16	-2.56272e-16	
13	3.140000e-10	0.000000e+00	2.789646e-16	-2.84205e-16	
14	3.640000e-10	0.000000e+00	2.986251e-16	-3.04830e-16	
15	4.140000e-10	0.000000e+00	3.109923e-16	-3.16466e-16	
16	4.640000e-10	0.000000e+00	3.179896e-16	-3.21913e-16	
17	5.140000e-10	0.000000e+00	3.216148e-16	-3.25392e-16	
18	5.640000e-10	0.000000e+00	3.236126e-16	-3.25152e-16	
19	6.140000e-10	0.000000e+00	3.236748e-16	-3.22018e-16	
20	6.640000e-10	0.000000e+00	3.219636e-16	-3.19637e-16	
21	7.140000e-10	0.000000e+00	3.185851e-16	-3.16179e-16	
22	7.640000e-10	0.000000e+00	3.155031e-16	-3.12710e-16	
23	8.140000e-10	0.000000e+00	3.122420e-16	-3.09294e-16	
24	8.640000e-10	0.000000e+00	3.088710e-16	-3.05947e-16	
25	9.140000e-10	0.000000e+00	3.054932e-16	-3.02648e-16	
26	9.640000e-10	0.000000e+00	3.021315e-16	-2.99366e-16	
27	1.014000e-09	0.000000e+00	2.987764e-16	-2.96074e-16	
28	1.064000e-09	0.000000e+00	2.954207e-16	-2.92763e-16	
29	1.114000e-09	0.000000e+00	2.920638e-16	-2.89434e-16	
30	1.164000e-09	0.000000e+00	2.887066e-16	-2.86095e-16	
31	1.214000e-09	0.000000e+00	2.853495e-16	-2.82756e-16	
32	1.264000e-09	0.000000e+00	2.819924e-16	-2.79422e-16	
33	1.314000e-09	0.000000e+00	2.786354e-16	-2.76094e-16	
34	1.364000e-09	0.000000e+00	2.752783e-16	-2.72771e-16	
35	1.414000e-09	0.000000e+00	2.719213e-16	-2.69448e-16	
36	1.464000e-09	0.000000e+00	2.685642e-16	-2.66124e-16	
37	1.514000e-09	0.000000e+00	2.652072e-16	-2.62799e-16	
38	1.564000e-09	0.000000e+00	2.618501e-16	-2.59472e-16	
39	1.614000e-09	0.000000e+00	2.584931e-16	-2.56144e-16	
40	1.664000e-09	0.000000e+00	2.551360e-16	-2.52817e-16	
41	1.714000e-09	0.000000e+00	2.517789e-16	-2.49490e-16	
42	1.764000e-09	0.000000e+00	2.484219e-16	-2.46163e-16	
43	1.814000e-09	0.000000e+00	2.450648e-16	-2.42837e-16	
44	1.864000e-09	0.000000e+00	2.417078e-16	-2.39511e-16	
45	1.914000e-09	0.000000e+00	2.383507e-16	-2.36184e-16	
46	1.964000e-09	0.000000e+00	2.349937e-16	-2.32858e-16	
47	2.014000e-09	0.000000e+00	2.316366e-16	-2.29531e-16	
48	2.064000e-09	0.000000e+00	2.282796e-16	-2.26205e-16	
49	2.114000e-09	0.000000e+00	2.249225e-16	-2.24833e-16	
50	2.164000e-09	0.000000e+00	2.215655e-16	-2.22658e-16	
51	2.214000e-09	0.000000e+00	2.182084e-16	-2.20092e-16	
52	2.264000e-09	0.000000e+00	2.148514e-16	-2.18935e-16	
53	2.314000e-09	0.000000e+00	2.114943e-16	-2.18523e-16	
54	2.364000e-09	0.000000e+00	2.081373e-16	-2.16760e-16	

Index   time            v(in)           v(ra)           v(rb)           
--------------------------------------------------------------------------------
55	2.414000e-09	0.000000e+00	2.047802e-16	-2.16072e-16	
56	2.464000e-09	0.000000e+00	2.014232e-16	-2.15737e-16	
57	2.514000e-09	0.000000e+00	1.980661e-16	-2.13792e-16	
58	2.564000e-09	0.000000e+00	1.947091e-16	-2.12847e-16	
59	2.614000e-09	0.000000e+00	1.913520e-16	-2.12321e-16	
60	2.664000e-09	0.000000e+00	1.879949e-16	-2.12258e-16	
61	2.714000e-09	0.000000e+00	1.846379e-16	-2.12490e-16	
62	2.764000e-09	0.000000e+00	1.812808e-16	-2.12797e-16	
63	2.814000e-09	0.000000e+00	1.798791e-16	-2.13017e-16	
64	2.864000e-09	0.000000e+00	1.799720e-16	-2.13095e-16	
65	2.914000e-09	0.000000e+00	1.796800e-16	-2.13058e-16	
66	2.964000e-09	0.000000e+00	1.795663e-16	-2.12969e-16	
67	3.014000e-09	0.000000e+00	1.795772e-16	-2.12888e-16	
68	3.064000e-09	0.000000e+00	1.795999e-16	-2.12845e-16	
69	3.114000e-09	0.000000e+00	1.796057e-16	-2.12843e-16	
70	3.164000e-09	0.000000e+00	1.796039e-16	-2.12865e-16	
71	3.214000e-09	0.000000e+00	1.796023e-16	-2.12892e-16	
72	3.264000e-09	0.000000e+00	1.796020e-16	-2.12910e-16	
73	3.314000e-09	0.000000e+00	1.796022e-16	-2.12916e-16	
74	3.364000e-09	0.000000e+00	1.796023e-16	-2.12912e-16	
75	3.414000e-09	0.000000e+00	1.796023e-16	-2.12904e-16	
76	3.464000e-09	0.000000e+00	1.796023e-16	-2.12897e-16	
77	3.514000e-09	0.000000e+00	1.796023e-16	-2.12894e-16	
78	3.564000e-09	0.000000e+00	1.796023e-16	-2.12894e-16	
79	3.614000e-09	0.000000e+00	1.796023e-16	-2.12896e-16	
80	3.664000e-09	0.000000e+00	1.796023e-16	-2.12898e-16	
81	3.714000e-09	0.000000e+00	1.796023e-16	-2.12900e-16	
82	3.764000e-09	0.000000e+00	1.796023e-16	-2.12900e-16	
83	3.814000e-09	0.000000e+00	1.796023e-16	-2.12900e-16	
84	3.864000e-09	0.000000e+00	1.796023e-16	-2.12899e-16	
85	3.914000e-09	0.000000e+00	1.796023e-16	-2.12898e-16	
86	3.964000e-09	0.000000e+00	1.796023e-16	-2.12898e-16	
87	4.014000e-09	0.000000e+00	1.796023e-16	-2.12898e-16	
88	4.064000e-09	0.000000e+00	1.796023e-16	-2.12898e-16	
89	4.114000e-09	0.000000e+00	1.796023e-16	-2.12898e-16	
90	4.164000e-09	0.000000e+00	1.796023e-16	-2.12899e-16	
91	4.214000e-09	0.000000e+00	1.796023e-16	-2.12899e-16	
92	4.264000e-09	0.000000e+00	1.796023e-16	-2.12899e-16	
93	4.314000e-09	0.000000e+00	1.796023e-16	-2.12898e-16	
94	4.364000e-09	0.000000e+00	1.796023e-16	-2.12898e-16	
95	4.414000e-09	0.000000e+00	1.796023e-16	-2.12898e-16	
96	4.464000e-09	0.000000e+00	1.796023e-16	-2.12898e-16	
97	4.514000e-09	0.000000e+00	1.796023e-16	-2.12898e-16	
98	4.564000e-09	0.000000e+00	1.796023e-16	-2.12898e-16	
99	4.614000e-09	0.000000e+00	1.796023e-16	-2.12898e-16	
100	4.664000e-09	0.000000e+00	1.796023e-16	-2.12898e-16	
101	4.714000e-09	0.000000e+00	1.796023e-16	-2.12898e-16	
102	4.764000e-09	0.000000e+00	1.796023e-16	-2.12898e-16	
103	4.814000e-09	0.000000e+00	1.796023e-16	-2.12898e-16	
104	4.864000e-09	0.000000e+00	1.796023e-16	-2.12898e-16	
105	4.914000e-09	0.000000e+00	1.796023e-16	-2.12898e-16	
106	4.964000e-09	0.000000e+00	1.796023e-16	-2.12898e-16	
107	5.014000e-09	0.000000e+00	1.796023e-16	-2.12898e-16	
108	5.064000e-09	0.000000e+00	1.796023e-16	-2.12898e-16	
109	5.114000e-09	0.000000e+00	1.796023e-16	-2.12898e-16	
110	5.164000e-09	0.000000e+00	1.796023e-16	-2.12898e-16	
111	5.214000e-09	0.000000e+00	1.796023e-16	-2.12898e-16	
112	5.264000e-09	0.000000e+00	1.796023e-16	-2.12898e-16	

Index   time            v(in)           v(ra)           v(rb)           
--------------------------------------------------------------------------------
113	5.314000e-09	0.000000e+00	1.796023e-16	-2.12898e-16	
114	5.364000e-09	0.000000e+00	1.796023e-16	-2.12898e-16	
115	5.414000e-09	0.000000e+00	1.796023e-16	-2.12898e-16	
116	5.464000e-09	0.000000e+00	1.796023e-16	-2.12898e-16	
117	5.514000e-09	0.000000e+00	1.796023e-16	-2.12898e-16	
118	5.564000e-09	0.000000e+00	1.796023e-16	-2.12898e-16	
119	5.614000e-09	0.000000e+00	1.796023e-16	-2.12898e-16	
120	5.664000e-09	0.000000e+00	1.796023e-16	-2.12898e-16	
121	5.714000e-09	0.000000e+00	1.796023e-16	-2.12898e-16	
122	5.764000e-09	0.000000e+00	1.796023e-16	-2.12898e-16	
123	5.814000e-09	0.000000e+00	1.796023e-16	-2.12898e-16	
124	5.864000e-09	0.000000e+00	1.796023e-16	-2.12898e-16	
125	5.914000e-09	0.000000e+00	1.796023e-16	-2.12898e-16	
126	5.964000e-09	0.000000e+00	1.796023e-16	-2.12898e-16	
127	6.014000e-09	0.000000e+00	1.796023e-16	-2.12898e-16	
128	6.064000e-09	0.000000e+00	1.796023e-16	-2.12898e-16	
129	6.114000e-09	0.000000e+00	1.796023e-16	-2.12898e-16	
130	6.164000e-09	0.000000e+00	1.796023e-16	-2.12898e-16	
131	6.214000e-09	0.000000e+00	1.796023e-16	-2.12898e-16	
132	6.264000e-09	0.000000e+00	1.796023e-16	-2.12898e-16	
133	6.314000e-09	0.000000e+00	1.796023e-16	-2.12898e-16	
134	6.364000e-09	0.000000e+00	1.796023e-16	-2.12898e-16	
135	6.414000e-09	0.000000e+00	1.796023e-16	-2.12898e-16	
136	6.464000e-09	0.000000e+00	1.796023e-16	-2.12898e-16	
137	6.514000e-09	0.000000e+00	1.796023e-16	-2.12898e-16	
138	6.564000e-09	0.000000e+00	1.796023e-16	-2.12898e-16	
139	6.614000e-09	0.000000e+00	1.796023e-16	-2.12898e-16	
140	6.664000e-09	0.000000e+00	1.796023e-16	-2.12898e-16	
141	6.714000e-09	0.000000e+00	1.796023e-16	-2.12898e-16	
142	6.764000e-09	0.000000e+00	1.796023e-16	-2.12898e-16	
143	6.814000e-09	0.000000e+00	1.796023e-16	-2.12898e-16	
144	6.864000e-09	0.000000e+00	1.796023e-16	-2.12898e-16	
145	6.914000e-09	0.000000e+00	1.796023e-16	-2.12898e-16	
146	6.964000e-09	0.000000e+00	1.796023e-16	-2.12898e-16	
147	7.014000e-09	0.000000e+00	1.796023e-16	-2.12898e-16	
148	7.064000e-09	0.000000e+00	1.796023e-16	-2.12898e-16	
149	7.114000e-09	0.000000e+00	1.796023e-16	-2.12898e-16	
150	7.164000e-09	0.000000e+00	1.796023e-16	-2.12898e-16	
151	7.214000e-09	0.000000e+00	1.796023e-16	-2.12898e-16	
152	7.264000e-09	0.000000e+00	1.796023e-16	-2.12898e-16	
153	7.314000e-09	0.000000e+00	1.796023e-16	-2.12898e-16	
154	7.364000e-09	0.000000e+00	1.796023e-16	-2.12898e-16	
155	7.414000e-09	0.000000e+00	1.796023e-16	-2.12898e-16	
156	7.464000e-09	0.000000e+00	1.796023e-16	-2.12898e-16	
157	7.514000e-09	0.000000e+00	1.796023e-16	-2.12898e-16	
158	7.564000e-09	0.000000e+00	1.796023e-16	-2.12898e-16	
159	7.614000e-09	0.000000e+00	1.796023e-16	-2.12898e-16	
160	7.664000e-09	0.000000e+00	1.796023e-16	-2.12898e-16	
161	7.714000e-09	0.000000e+00	1.796023e-16	-2.12898e-16	
162	7.764000e-09	0.000000e+00	1.796023e-16	-2.12898e-16	
163	7.814000e-09	0.000000e+00	1.796023e-16	-2.12898e-16	
164	7.864000e-09	0.000000e+00	1.796023e-16	-2.12898e-16	
165	7.914000e-09	0.000000e+00	1.796023e-16	-2.12898e-16	
166	7.964000e-09	0.000000e+00	1.796023e-16	-2.12898e-16	
167	8.014000e-09	0.000000e+00	1.796023e-16	-2.12898e-16	
168	8.064000e-09	0.000000e+00	1.796023e-16	-2.12898e-16	
169	8.114000e-09	0.000000e+00	1.796023e-16	-2.12898e-16	
170	8.164000e-09	0.000000e+00	1.796023e-16	-2.12898e-16	

Index   time            v(in)           v(ra)           v(rb)           
--------------------------------------------------------------------------------
171	8.214000e-09	0.000000e+00	1.796023e-16	-2.12898e-16	
172	8.264000e-09	0.000000e+00	1.796023e-16	-2.12898e-16	
173	8.314000e-09	0.000000e+00	1.796023e-16	-2.12898e-16	
174	8.364000e-09	0.000000e+00	1.796023e-16	-2.12898e-16	
175	8.414000e-09	0.000000e+00	1.796023e-16	-2.12898e-16	
176	8.464000e-09	0.000000e+00	1.796023e-16	-2.12898e-16	
177	8.514000e-09	0.000000e+00	1.796023e-16	-2.12898e-16	
178	8.564000e-09	0.000000e+00	1.796023e-16	-2.12898e-16	
179	8.614000e-09	0.000000e+00	1.796023e-16	-2.12898e-16	
180	8.664000e-09	0.000000e+00	1.796023e-16	-2.12898e-16	
181	8.714000e-09	0.000000e+00	1.796023e-16	-2.12898e-16	
182	8.764000e-09	0.000000e+00	1.796023e-16	-2.12898e-16	
183	8.814000e-09	0.000000e+00	1.796023e-16	-2.12898e-16	
184	8.864000e-09	0.000000e+00	1.796023e-16	-2.12898e-16	
185	8.914000e-09	0.000000e+00	1.796023e-16	-2.12898e-16	
186	8.964000e-09	0.000000e+00	1.796023e-16	-2.12898e-16	
187	9.014000e-09	0.000000e+00	1.796023e-16	-2.12898e-16	
188	9.064000e-09	0.000000e+00	1.796023e-16	-2.12898e-16	
189	9.114000e-09	0.000000e+00	1.796023e-16	-2.12898e-16	
190	9.164000e-09	0.000000e+00	1.796023e-16	-2.12898e-16	
191	9.214000e-09	0.000000e+00	1.796023e-16	-2.12898e-16	
192	9.264000e-09	0.000000e+00	1.796023e-16	-2.12898e-16	
193	9.314000e-09	0.000000e+00	1.796023e-16	-2.12898e-16	
194	9.364000e-09	0.000000e+00	1.796023e-16	-2.12898e-16	
195	9.414000e-09	0.000000e+00	1.796023e-16	-2.12898e-16	
196	9.464000e-09	0.000000e+00	1.796023e-16	-2.12898e-16	
197	9.514000e-09	0.000000e+00	1.796023e-16	-2.12898e-16	
198	9.564000e-09	0.000000e+00	1.796023e-16	-2.12898e-16	
199	9.614000e-09	0.000000e+00	1.796023e-16	-2.12898e-16	
200	9.664000e-09	0.000000e+00	1.796023e-16	-2.12898e-16	
201	9.714000e-09	0.000000e+00	1.796023e-16	-2.12898e-16	
202	9.764000e-09	0.000000e+00	1.796023e-16	-2.12898e-16	
203	9.814000e-09	0.000000e+00	1.796023e-16	-2.12898e-16	
204	9.864000e-09	0.000000e+00	1.796023e-16	-2.12898e-16	
205	9.914000e-09	0.000000e+00	1.796023e-16	-2.12898e-16	
206	9.964000e-09	0.000000e+00	1.796023e-16	-2.12898e-16	
207	1.000000e-08	0.000000e+00	1.816799e-16	-2.14575e-16	
208	1.000500e-08	5.000000e-03	1.233792e-03	1.233792e-03	
209	1.001500e-08	1.500000e-02	4.941273e-03	4.938817e-03	
210	1.003500e-08	3.500000e-02	1.486010e-02	1.482266e-02	
211	1.007500e-08	7.500000e-02	3.477449e-02	3.451937e-02	
212	1.011671e-08	1.167118e-01	5.562218e-02	5.493200e-02	
213	1.016671e-08	1.667118e-01	8.073402e-02	7.924079e-02	
214	1.021671e-08	2.167118e-01	1.059767e-01	1.033710e-01	
215	1.026671e-08	2.667118e-01	1.313573e-01	1.273165e-01	
216	1.031671e-08	3.167118e-01	1.568778e-01	1.510702e-01	
217	1.036671e-08	3.667118e-01	1.825438e-01	1.746366e-01	
218	1.041671e-08	4.167118e-01	2.083598e-01	1.980167e-01	
219	1.046671e-08	4.667118e-01	2.343339e-01	2.212137e-01	
220	1.051671e-08	5.167118e-01	2.604722e-01	2.442293e-01	
221	1.056671e-08	5.667118e-01	2.867800e-01	2.670662e-01	
222	1.061671e-08	6.167118e-01	3.132632e-01	2.897262e-01	
223	1.066671e-08	6.667118e-01	3.399292e-01	3.122118e-01	
224	1.071671e-08	7.167118e-01	3.667885e-01	3.345249e-01	
225	1.076671e-08	7.667118e-01	3.938586e-01	3.566677e-01	
226	1.081671e-08	8.167118e-01	4.211730e-01	3.786421e-01	
227	1.086671e-08	8.667118e-01	4.481258e-01	4.004504e-01	
228	1.091671e-08	9.167118e-01	4.757217e-01	4.221017e-01	

Index   time            v(in)           v(ra)           v(rb)           
--------------------------------------------------------------------------------
229	1.096671e-08	9.667118e-01	5.044607e-01	4.436039e-01	
230	1.100000e-08	1.000000e+00	5.242245e-01	4.578370e-01	
231	1.100500e-08	1.000000e+00	5.259000e-01	4.588175e-01	
232	1.101500e-08	1.000000e+00	5.277398e-01	4.596833e-01	
233	1.103500e-08	1.000000e+00	5.278985e-01	4.593682e-01	
234	1.107500e-08	1.000000e+00	5.274851e-01	4.588973e-01	
235	1.112500e-08	1.000000e+00	5.271293e-01	4.582541e-01	
236	1.117500e-08	1.000000e+00	5.267005e-01	4.576439e-01	
237	1.122500e-08	1.000000e+00	5.263192e-01	4.570122e-01	
238	1.127500e-08	1.000000e+00	5.259137e-01	4.563968e-01	
239	1.132500e-08	1.000000e+00	5.255263e-01	4.557714e-01	
240	1.137500e-08	1.000000e+00	5.251323e-01	4.551542e-01	
241	1.142500e-08	1.000000e+00	5.247460e-01	4.545327e-01	
242	1.147500e-08	1.000000e+00	5.243591e-01	4.539155e-01	
243	1.152500e-08	1.000000e+00	5.239763e-01	4.532967e-01	
244	1.157500e-08	1.000000e+00	5.235951e-01	4.526803e-01	
245	1.162500e-08	1.000000e+00	5.232169e-01	4.520636e-01	
246	1.167500e-08	1.000000e+00	5.228409e-01	4.514484e-01	
247	1.172500e-08	1.000000e+00	5.224674e-01	4.508335e-01	
248	1.177500e-08	1.000000e+00	5.220965e-01	4.502197e-01	
249	1.182500e-08	1.000000e+00	5.217279e-01	4.496065e-01	
250	1.187500e-08	1.000000e+00	5.213620e-01	4.489942e-01	
251	1.192500e-08	1.000000e+00	5.209984e-01	4.483826e-01	
252	1.197500e-08	1.000000e+00	5.206374e-01	4.477719e-01	
253	1.202500e-08	1.000000e+00	5.202788e-01	4.471618e-01	
254	1.207500e-08	1.000000e+00	5.199228e-01	4.465526e-01	
255	1.212500e-08	1.000000e+00	5.195691e-01	4.459442e-01	
256	1.217500e-08	1.000000e+00	5.192181e-01	4.453365e-01	
257	1.222500e-08	1.000000e+00	5.188694e-01	4.447296e-01	
258	1.227500e-08	1.000000e+00	5.185233e-01	4.441235e-01	
259	1.232500e-08	1.000000e+00	5.181796e-01	4.435181e-01	
260	1.237500e-08	1.000000e+00	5.178385e-01	4.429135e-01	
261	1.242500e-08	1.000000e+00	5.174997e-01	4.423097e-01	
262	1.247500e-08	1.000000e+00	5.171636e-01	4.417067e-01	
263	1.252500e-08	1.000000e+00	5.168298e-01	4.411044e-01	
264	1.257500e-08	1.000000e+00	5.164986e-01	4.405030e-01	
265	1.262500e-08	1.000000e+00	5.161698e-01	4.399022e-01	
266	1.267500e-08	1.000000e+00	5.158436e-01	4.393023e-01	
267	1.272500e-08	1.000000e+00	5.155197e-01	4.387031e-01	
268	1.277500e-08	1.000000e+00	5.151984e-01	4.381047e-01	
269	1.282500e-08	1.000000e+00	5.148794e-01	4.375071e-01	
270	1.287500e-08	1.000000e+00	5.145630e-01	4.369102e-01	
271	1.292500e-08	1.000000e+00	5.142490e-01	4.363141e-01	
272	1.297500e-08	1.000000e+00	5.139375e-01	4.357187e-01	
273	1.302500e-08	1.000000e+00	5.136283e-01	4.351241e-01	
274	1.307500e-08	1.000000e+00	5.133217e-01	4.345303e-01	
275	1.312500e-08	1.000000e+00	5.130174e-01	4.339372e-01	
276	1.317500e-08	1.000000e+00	5.127157e-01	4.333449e-01	
277	1.322500e-08	1.000000e+00	5.124162e-01	4.327534e-01	
278	1.327500e-08	1.000000e+00	5.121193e-01	4.321626e-01	
279	1.332500e-08	1.000000e+00	5.118247e-01	4.315725e-01	
280	1.337500e-08	1.000000e+00	5.115326e-01	4.309833e-01	
281	1.342500e-08	1.000000e+00	5.112428e-01	4.303947e-01	
282	1.347500e-08	1.000000e+00	5.109554e-01	4.298070e-01	
283	1.352500e-08	1.000000e+00	5.106703e-01	4.292200e-01	
284	1.357500e-08	1.000000e+00	5.103878e-01	4.286337e-01	
285	1.362500e-08	1.000000e+00	5.101074e-01	4.280482e-01	
286	1.367500e-08	1.000000e+00	5.098295e-01	4.274635e-01	

Index   time            v(in)           v(ra)           v(rb)           
--------------------------------------------------------------------------------
287	1.372500e-08	1.000000e+00	5.095539e-01	4.268795e-01	
288	1.377500e-08	1.000000e+00	5.092807e-01	4.262962e-01	
289	1.382500e-08	1.000000e+00	5.090097e-01	4.257137e-01	
290	1.387500e-08	1.000000e+00	5.087412e-01	4.251320e-01	
291	1.392500e-08	1.000000e+00	5.084748e-01	4.245510e-01	
292	1.397500e-08	1.000000e+00	5.082109e-01	4.239707e-01	
293	1.402500e-08	1.000000e+00	5.079491e-01	4.233912e-01	
294	1.407500e-08	1.000000e+00	5.076898e-01	4.228125e-01	
295	1.412500e-08	1.000000e+00	5.074325e-01	4.222345e-01	
296	1.417500e-08	1.000000e+00	5.071777e-01	4.216572e-01	
297	1.422500e-08	1.000000e+00	5.069250e-01	4.210807e-01	
298	1.427500e-08	1.000000e+00	5.066746e-01	4.205049e-01	
299	1.432500e-08	1.000000e+00	5.064264e-01	4.199299e-01	
300	1.437500e-08	1.000000e+00	5.061804e-01	4.193556e-01	
301	1.442500e-08	1.000000e+00	5.059366e-01	4.187820e-01	
302	1.447500e-08	1.000000e+00	5.056951e-01	4.182092e-01	
303	1.452500e-08	1.000000e+00	5.054556e-01	4.176371e-01	
304	1.457500e-08	1.000000e+00	5.052184e-01	4.170657e-01	
305	1.462500e-08	1.000000e+00	5.049833e-01	4.164951e-01	
306	1.467500e-08	1.000000e+00	5.047504e-01	4.159253e-01	
307	1.472500e-08	1.000000e+00	5.045196e-01	4.153561e-01	
308	1.477500e-08	1.000000e+00	5.042909e-01	4.147877e-01	
309	1.482500e-08	1.000000e+00	5.040643e-01	4.142200e-01	
310	1.487500e-08	1.000000e+00	5.038399e-01	4.136531e-01	
311	1.492500e-08	1.000000e+00	5.036175e-01	4.130869e-01	
312	1.497500e-08	1.000000e+00	5.033972e-01	4.125214e-01	
313	1.500000e-08	1.000000e+00	5.032878e-01	4.122390e-01	
314	1.500500e-08	9.950000e-01	5.018428e-01	4.110363e-01	
315	1.501500e-08	9.850000e-01	4.973012e-01	4.075464e-01	
316	1.503500e-08	9.650000e-01	4.842797e-01	3.985452e-01	
317	1.507500e-08	9.250000e-01	4.580455e-01	3.806699e-01	
318	1.512500e-08	8.750000e-01	4.271268e-01	3.581840e-01	
319	1.517500e-08	8.250000e-01	3.973696e-01	3.356405e-01	
320	1.522500e-08	7.750000e-01	3.684642e-01	3.129778e-01	
321	1.527500e-08	7.250000e-01	3.400433e-01	2.902354e-01	
322	1.532500e-08	6.750000e-01	3.120219e-01	2.673825e-01	
323	1.537500e-08	6.250000e-01	2.842972e-01	2.444371e-01	
324	1.542500e-08	5.750000e-01	2.567701e-01	2.213831e-01	
325	1.547500e-08	5.250000e-01	2.293742e-01	1.982279e-01	
326	1.552500e-08	4.750000e-01	2.022416e-01	1.749627e-01	
327	1.557500e-08	4.250000e-01	1.753177e-01	1.515897e-01	
328	1.562500e-08	3.750000e-01	1.486236e-01	1.281033e-01	
329	1.567500e-08	3.250000e-01	1.221373e-01	1.045033e-01	
330	1.572500e-08	2.750000e-01	9.586636e-02	8.079494e-02	
331	1.577500e-08	2.250000e-01	6.979996e-02	5.698627e-02	
332	1.582500e-08	1.750000e-01	4.393948e-02	3.307496e-02	
333	1.587500e-08	1.250000e-01	1.827862e-02	9.058936e-03	
334	1.592500e-08	7.500000e-02	-7.18377e-03	-1.50652e-02	
335	1.597500e-08	2.500000e-02	-3.24520e-02	-3.93002e-02	
336	1.600000e-08	0.000000e+00	-4.50138e-02	-5.14603e-02	
337	1.600500e-08	0.000000e+00	-4.62777e-02	-5.26713e-02	
338	1.601500e-08	0.000000e+00	-4.75488e-02	-5.38727e-02	
339	1.603500e-08	0.000000e+00	-4.75430e-02	-5.38420e-02	
340	1.607500e-08	0.000000e+00	-4.74897e-02	-5.37894e-02	
341	1.611635e-08	0.000000e+00	-4.74457e-02	-5.37327e-02	
342	1.616635e-08	0.000000e+00	-4.73850e-02	-5.36660e-02	
343	1.621635e-08	0.000000e+00	-4.73287e-02	-5.35983e-02	
344	1.626635e-08	0.000000e+00	-4.72697e-02	-5.35313e-02	

Index   time            v(in)           v(ra)           v(rb)           
--------------------------------------------------------------------------------
345	1.631635e-08	0.000000e+00	-4.72126e-02	-5.34640e-02	
346	1.636635e-08	0.000000e+00	-4.71543e-02	-5.33971e-02	
347	1.641635e-08	0.000000e+00	-4.70969e-02	-5.33301e-02	
348	1.646635e-08	0.000000e+00	-4.70390e-02	-5.32633e-02	
349	1.651635e-08	0.000000e+00	-4.69816e-02	-5.31965e-02	
350	1.656635e-08	0.000000e+00	-4.69240e-02	-5.31298e-02	
351	1.661635e-08	0.000000e+00	-4.68666e-02	-5.30632e-02	
352	1.666635e-08	0.000000e+00	-4.68092e-02	-5.29967e-02	
353	1.671635e-08	0.000000e+00	-4.67519e-02	-5.29302e-02	
354	1.676635e-08	0.000000e+00	-4.66947e-02	-5.28639e-02	
355	1.681635e-08	0.000000e+00	-4.66375e-02	-5.27976e-02	
356	1.686635e-08	0.000000e+00	-4.65804e-02	-5.27314e-02	
357	1.691635e-08	0.000000e+00	-4.65234e-02	-5.26653e-02	
358	1.696635e-08	0.000000e+00	-4.64664e-02	-5.25993e-02	
359	1.701635e-08	0.000000e+00	-4.64095e-02	-5.25334e-02	
360	1.706635e-08	0.000000e+00	-4.63527e-02	-5.24675e-02	
361	1.711635e-08	0.000000e+00	-4.62960e-02	-5.24017e-02	
362	1.716635e-08	0.000000e+00	-4.62393e-02	-5.23361e-02	
363	1.721635e-08	0.000000e+00	-4.61827e-02	-5.22705e-02	
364	1.726635e-08	0.000000e+00	-4.61261e-02	-5.22049e-02	
365	1.731635e-08	0.000000e+00	-4.60697e-02	-5.21395e-02	
366	1.736635e-08	0.000000e+00	-4.60132e-02	-5.20742e-02	
367	1.741635e-08	0.000000e+00	-4.59569e-02	-5.20089e-02	
368	1.746635e-08	0.000000e+00	-4.59006e-02	-5.19437e-02	
369	1.751635e-08	0.000000e+00	-4.58444e-02	-5.18786e-02	
370	1.756635e-08	0.000000e+00	-4.57883e-02	-5.18136e-02	
371	1.761635e-08	0.000000e+00	-4.57322e-02	-5.17486e-02	
372	1.766635e-08	0.000000e+00	-4.56762e-02	-5.16838e-02	
373	1.771635e-08	0.000000e+00	-4.56203e-02	-5.16190e-02	
374	1.776635e-08	0.000000e+00	-4.55644e-02	-5.15543e-02	
375	1.781635e-08	0.000000e+00	-4.55086e-02	-5.14897e-02	
376	1.786635e-08	0.000000e+00	-4.54529e-02	-5.14252e-02	
377	1.791635e-08	0.000000e+00	-4.53973e-02	-5.13607e-02	
378	1.796635e-08	0.000000e+00	-4.53417e-02	-5.12964e-02	
379	1.801635e-08	0.000000e+00	-4.52861e-02	-5.12321e-02	
380	1.806635e-08	0.000000e+00	-4.52307e-02	-5.11679e-02	
381	1.811635e-08	0.000000e+00	-4.51753e-02	-5.11038e-02	
382	1.816635e-08	0.000000e+00	-4.51200e-02	-5.10397e-02	
383	1.821635e-08	0.000000e+00	-4.50647e-02	-5.09758e-02	
384	1.826635e-08	0.000000e+00	-4.50095e-02	-5.09119e-02	
385	1.831635e-08	0.000000e+00	-4.49544e-02	-5.08481e-02	
386	1.836635e-08	0.000000e+00	-4.48993e-02	-5.07844e-02	
387	1.841635e-08	0.000000e+00	-4.48443e-02	-5.07207e-02	
388	1.846635e-08	0.000000e+00	-4.47894e-02	-5.06572e-02	
389	1.851635e-08	0.000000e+00	-4.47346e-02	-5.05937e-02	
390	1.856635e-08	0.000000e+00	-4.46798e-02	-5.05303e-02	
391	1.861635e-08	0.000000e+00	-4.46250e-02	-5.04670e-02	
392	1.866635e-08	0.000000e+00	-4.45704e-02	-5.04038e-02	
393	1.871635e-08	0.000000e+00	-4.45158e-02	-5.03406e-02	
394	1.876635e-08	0.000000e+00	-4.44613e-02	-5.02776e-02	
395	1.881635e-08	0.000000e+00	-4.44068e-02	-5.02146e-02	
396	1.886635e-08	0.000000e+00	-4.43524e-02	-5.01517e-02	
397	1.891635e-08	0.000000e+00	-4.42981e-02	-5.00888e-02	
398	1.896635e-08	0.000000e+00	-4.42438e-02	-5.00261e-02	
399	1.901635e-08	0.000000e+00	-4.41896e-02	-4.99634e-02	
400	1.906635e-08	0.000000e+00	-4.41355e-02	-4.99008e-02	
401	1.911635e-08	0.000000e+00	-4.40814e-02	-4.98383e-02	
402	1.916635e-08	0.000000e+00	-4.40274e-02	-4.97759e-02	

Index   time            v(in)           v(ra)           v(rb)           
--------------------------------------------------------------------------------
403	1.921635e-08	0.000000e+00	-4.39735e-02	-4.97135e-02	
404	1.926635e-08	0.000000e+00	-4.39196e-02	-4.96512e-02	
405	1.931635e-08	0.000000e+00	-4.38658e-02	-4.95890e-02	
406	1.936635e-08	0.000000e+00	-4.38121e-02	-4.95269e-02	
407	1.941635e-08	0.000000e+00	-4.37584e-02	-4.94649e-02	
408	1.946635e-08	0.000000e+00	-4.37048e-02	-4.94029e-02	
409	1.951635e-08	0.000000e+00	-4.36513e-02	-4.93410e-02	
410	1.956635e-08	0.000000e+00	-4.35978e-02	-4.92792e-02	
411	1.961635e-08	0.000000e+00	-4.35444e-02	-4.92175e-02	
412	1.966635e-08	0.000000e+00	-4.34910e-02	-4.91558e-02	
413	1.971635e-08	0.000000e+00	-4.34377e-02	-4.90943e-02	
414	1.976635e-08	0.000000e+00	-4.33845e-02	-4.90328e-02	
415	1.981635e-08	0.000000e+00	-4.33313e-02	-4.89714e-02	
416	1.986635e-08	0.000000e+00	-4.32783e-02	-4.89100e-02	
417	1.991635e-08	0.000000e+00	-4.32252e-02	-4.88488e-02	
418	1.996635e-08	0.000000e+00	-4.31723e-02	-4.87876e-02	
419	2.001635e-08	0.000000e+00	-4.31194e-02	-4.87265e-02	
420	2.006635e-08	0.000000e+00	-4.30665e-02	-4.86654e-02	
421	2.011635e-08	0.000000e+00	-4.30138e-02	-4.86045e-02	
422	2.016635e-08	0.000000e+00	-4.29611e-02	-4.85436e-02	
423	2.021635e-08	0.000000e+00	-4.29084e-02	-4.84828e-02	
424	2.026635e-08	0.000000e+00	-4.28558e-02	-4.84221e-02	
425	2.031635e-08	0.000000e+00	-4.28033e-02	-4.83615e-02	
426	2.036635e-08	0.000000e+00	-4.27509e-02	-4.83009e-02	
427	2.041635e-08	0.000000e+00	-4.26985e-02	-4.82404e-02	
428	2.046635e-08	0.000000e+00	-4.26462e-02	-4.81800e-02	
429	2.051635e-08	0.000000e+00	-4.25939e-02	-4.81197e-02	
430	2.056635e-08	0.000000e+00	-4.25417e-02	-4.80594e-02	
431	2.061635e-08	0.000000e+00	-4.24896e-02	-4.79992e-02	
432	2.066635e-08	0.000000e+00	-4.24375e-02	-4.79391e-02	
433	2.071635e-08	0.000000e+00	-4.23855e-02	-4.78791e-02	
434	2.076635e-08	0.000000e+00	-4.23335e-02	-4.78191e-02	
435	2.081635e-08	0.000000e+00	-4.22817e-02	-4.77593e-02	
436	2.086635e-08	0.000000e+00	-4.22298e-02	-4.76994e-02	
437	2.091635e-08	0.000000e+00	-4.21781e-02	-4.76397e-02	
438	2.096635e-08	0.000000e+00	-4.21264e-02	-4.75801e-02	
439	2.101635e-08	0.000000e+00	-4.20748e-02	-4.75205e-02	
440	2.106635e-08	0.000000e+00	-4.20232e-02	-4.74610e-02	
441	2.111635e-08	0.000000e+00	-4.19717e-02	-4.74016e-02	
442	2.116635e-08	0.000000e+00	-4.19202e-02	-4.73422e-02	
443	2.121635e-08	0.000000e+00	-4.18689e-02	-4.72829e-02	
444	2.126635e-08	0.000000e+00	-4.18175e-02	-4.72237e-02	
445	2.131635e-08	0.000000e+00	-4.17663e-02	-4.71646e-02	
446	2.136635e-08	0.000000e+00	-4.17151e-02	-4.71056e-02	
447	2.141635e-08	0.000000e+00	-4.16640e-02	-4.70466e-02	
448	2.146635e-08	0.000000e+00	-4.16129e-02	-4.69877e-02	
449	2.151635e-08	0.000000e+00	-4.15619e-02	-4.69289e-02	
450	2.156635e-08	0.000000e+00	-4.15109e-02	-4.68701e-02	
451	2.161635e-08	0.000000e+00	-4.14601e-02	-4.68114e-02	
452	2.166635e-08	0.000000e+00	-4.14092e-02	-4.67528e-02	
453	2.171635e-08	0.000000e+00	-4.13585e-02	-4.66943e-02	
454	2.176635e-08	0.000000e+00	-4.13078e-02	-4.66358e-02	
455	2.181635e-08	0.000000e+00	-4.12571e-02	-4.65775e-02	
456	2.186635e-08	0.000000e+00	-4.12066e-02	-4.65192e-02	
457	2.191635e-08	0.000000e+00	-4.11560e-02	-4.64609e-02	
458	2.196635e-08	0.000000e+00	-4.11056e-02	-4.64028e-02	
459	2.201635e-08	0.000000e+00	-4.10552e-02	-4.63447e-02	
460	2.206635e-08	0.000000e+00	-4.10049e-02	-4.62867e-02	

Index   time            v(in)           v(ra)           v(rb)           
--------------------------------------------------------------------------------
461	2.211635e-08	0.000000e+00	-4.09546e-02	-4.62287e-02	
462	2.216635e-08	0.000000e+00	-4.09044e-02	-4.61709e-02	
463	2.221635e-08	0.000000e+00	-4.08542e-02	-4.61131e-02	
464	2.226635e-08	0.000000e+00	-4.08041e-02	-4.60553e-02	
465	2.231635e-08	0.000000e+00	-4.07541e-02	-4.59977e-02	
466	2.236635e-08	0.000000e+00	-4.07042e-02	-4.59401e-02	
467	2.241635e-08	0.000000e+00	-4.06542e-02	-4.58826e-02	
468	2.246635e-08	0.000000e+00	-4.06044e-02	-4.58252e-02	
469	2.251635e-08	0.000000e+00	-4.05546e-02	-4.57678e-02	
470	2.256635e-08	0.000000e+00	-4.05049e-02	-4.57106e-02	
471	2.261635e-08	0.000000e+00	-4.04552e-02	-4.56533e-02	
472	2.266635e-08	0.000000e+00	-4.04056e-02	-4.55962e-02	
473	2.271635e-08	0.000000e+00	-4.03561e-02	-4.55391e-02	
474	2.276635e-08	0.000000e+00	-4.03066e-02	-4.54821e-02	
475	2.281635e-08	0.000000e+00	-4.02572e-02	-4.54252e-02	
476	2.286635e-08	0.000000e+00	-4.02078e-02	-4.53684e-02	
477	2.291635e-08	0.000000e+00	-4.01585e-02	-4.53116e-02	
478	2.296635e-08	0.000000e+00	-4.01093e-02	-4.52549e-02	
479	2.301635e-08	0.000000e+00	-4.00601e-02	-4.51983e-02	
480	2.306635e-08	0.000000e+00	-4.00110e-02	-4.51417e-02	
481	2.311635e-08	0.000000e+00	-3.99619e-02	-4.50852e-02	
482	2.316635e-08	0.000000e+00	-3.99129e-02	-4.50288e-02	
483	2.321635e-08	0.000000e+00	-3.98639e-02	-4.49724e-02	
484	2.326635e-08	0.000000e+00	-3.98151e-02	-4.49161e-02	
485	2.331635e-08	0.000000e+00	-3.97662e-02	-4.48599e-02	
486	2.336635e-08	0.000000e+00	-3.97175e-02	-4.48038e-02	
487	2.341635e-08	0.000000e+00	-3.96688e-02	-4.47477e-02	
488	2.346635e-08	0.000000e+00	-3.96201e-02	-4.46917e-02	
489	2.351635e-08	0.000000e+00	-3.95715e-02	-4.46358e-02	
490	2.356635e-08	0.000000e+00	-3.95230e-02	-4.45800e-02	
491	2.361635e-08	0.000000e+00	-3.94745e-02	-4.45242e-02	
492	2.366635e-08	0.000000e+00	-3.94261e-02	-4.44685e-02	
493	2.371635e-08	0.000000e+00	-3.93777e-02	-4.44128e-02	
494	2.376635e-08	0.000000e+00	-3.93295e-02	-4.43573e-02	
495	2.381635e-08	0.000000e+00	-3.92812e-02	-4.43018e-02	
496	2.386635e-08	0.000000e+00	-3.92330e-02	-4.42463e-02	
497	2.391635e-08	0.000000e+00	-3.91849e-02	-4.41910e-02	
498	2.396635e-08	0.000000e+00	-3.91369e-02	-4.41357e-02	
499	2.401635e-08	0.000000e+00	-3.90889e-02	-4.40805e-02	
500	2.406635e-08	0.000000e+00	-3.90409e-02	-4.40253e-02	
501	2.411635e-08	0.000000e+00	-3.89930e-02	-4.39702e-02	
502	2.416635e-08	0.000000e+00	-3.89452e-02	-4.39152e-02	
503	2.421635e-08	0.000000e+00	-3.88974e-02	-4.38603e-02	
504	2.426635e-08	0.000000e+00	-3.88497e-02	-4.38054e-02	
505	2.431635e-08	0.000000e+00	-3.88021e-02	-4.37506e-02	
506	2.436635e-08	0.000000e+00	-3.87545e-02	-4.36959e-02	
507	2.441635e-08	0.000000e+00	-3.87069e-02	-4.36412e-02	
508	2.446635e-08	0.000000e+00	-3.86594e-02	-4.35866e-02	
509	2.451635e-08	0.000000e+00	-3.86120e-02	-4.35321e-02	
510	2.456635e-08	0.000000e+00	-3.85647e-02	-4.34776e-02	
511	2.461635e-08	0.000000e+00	-3.85173e-02	-4.34232e-02	
512	2.466635e-08	0.000000e+00	-3.84701e-02	-4.33689e-02	
513	2.471635e-08	0.000000e+00	-3.84229e-02	-4.33147e-02	
514	2.476635e-08	0.000000e+00	-3.83758e-02	-4.32605e-02	
515	2.481635e-08	0.000000e+00	-3.83287e-02	-4.32064e-02	
516	2.486635e-08	0.000000e+00	-3.82817e-02	-4.31523e-02	
517	2.491635e-08	0.000000e+00	-3.82347e-02	-4.30983e-02	
518	2.496635e-08	0.000000e+00	-3.81878e-02	-4.30444e-02	

Index   time            v(in)           v(ra)           v(rb)           
--------------------------------------------------------------------------------
519	2.501635e-08	0.000000e+00	-3.81409e-02	-4.29906e-02	
520	2.506635e-08	0.000000e+00	-3.80942e-02	-4.29368e-02	
521	2.511635e-08	0.000000e+00	-3.80474e-02	-4.28831e-02	
522	2.516635e-08	0.000000e+00	-3.80007e-02	-4.28295e-02	
523	2.521635e-08	0.000000e+00	-3.79541e-02	-4.27759e-02	
524	2.526635e-08	0.000000e+00	-3.79075e-02	-4.27224e-02	
525	2.531635e-08	0.000000e+00	-3.78610e-02	-4.26690e-02	
526	2.536635e-08	0.000000e+00	-3.78146e-02	-4.26156e-02	
527	2.541635e-08	0.000000e+00	-3.77682e-02	-4.25623e-02	
528	2.546635e-08	0.000000e+00	-3.77218e-02	-4.25091e-02	
529	2.551635e-08	0.000000e+00	-3.76756e-02	-4.24559e-02	
530	2.556635e-08	0.000000e+00	-3.76293e-02	-4.24028e-02	
531	2.561635e-08	0.000000e+00	-3.75832e-02	-4.23498e-02	
532	2.566635e-08	0.000000e+00	-3.75370e-02	-4.22968e-02	
533	2.571635e-08	0.000000e+00	-3.74910e-02	-4.22439e-02	
534	2.576635e-08	0.000000e+00	-3.74450e-02	-4.21911e-02	
535	2.581635e-08	0.000000e+00	-3.73990e-02	-4.21383e-02	
536	2.586635e-08	0.000000e+00	-3.73531e-02	-4.20856e-02	
537	2.591635e-08	0.000000e+00	-3.73073e-02	-4.20330e-02	
538	2.596635e-08	0.000000e+00	-3.72615e-02	-4.19804e-02	
539	2.601635e-08	0.000000e+00	-3.72158e-02	-4.19279e-02	
540	2.606635e-08	0.000000e+00	-3.71701e-02	-4.18755e-02	
541	2.611635e-08	0.000000e+00	-3.71245e-02	-4.18231e-02	
542	2.616635e-08	0.000000e+00	-3.70790e-02	-4.17708e-02	
543	2.621635e-08	0.000000e+00	-3.70335e-02	-4.17186e-02	
544	2.626635e-08	0.000000e+00	-3.69880e-02	-4.16664e-02	
545	2.631635e-08	0.000000e+00	-3.69426e-02	-4.16143e-02	
546	2.636635e-08	0.000000e+00	-3.68973e-02	-4.15623e-02	
547	2.641635e-08	0.000000e+00	-3.68520e-02	-4.15103e-02	
548	2.646635e-08	0.000000e+00	-3.68068e-02	-4.14584e-02	
549	2.651635e-08	0.000000e+00	-3.67616e-02	-4.14066e-02	
550	2.656635e-08	0.000000e+00	-3.67165e-02	-4.13548e-02	
551	2.661635e-08	0.000000e+00	-3.66714e-02	-4.13031e-02	
552	2.666635e-08	0.000000e+00	-3.66264e-02	-4.12514e-02	
553	2.671635e-08	0.000000e+00	-3.65815e-02	-4.11999e-02	
554	2.676635e-08	0.000000e+00	-3.65366e-02	-4.11484e-02	
555	2.681635e-08	0.000000e+00	-3.64917e-02	-4.10969e-02	
556	2.686635e-08	0.000000e+00	-3.64469e-02	-4.10455e-02	
557	2.691635e-08	0.000000e+00	-3.64022e-02	-4.09942e-02	
558	2.696635e-08	0.000000e+00	-3.63575e-02	-4.09429e-02	
559	2.701635e-08	0.000000e+00	-3.63129e-02	-4.08918e-02	
560	2.706635e-08	0.000000e+00	-3.62683e-02	-4.08406e-02	
561	2.711635e-08	0.000000e+00	-3.62238e-02	-4.07896e-02	
562	2.716635e-08	0.000000e+00	-3.61794e-02	-4.07386e-02	
563	2.721635e-08	0.000000e+00	-3.61349e-02	-4.06877e-02	
564	2.726635e-08	0.000000e+00	-3.60906e-02	-4.06368e-02	
565	2.731635e-08	0.000000e+00	-3.60463e-02	-4.05860e-02	
566	2.736635e-08	0.000000e+00	-3.60020e-02	-4.05352e-02	
567	2.741635e-08	0.000000e+00	-3.59578e-02	-4.04846e-02	
568	2.746635e-08	0.000000e+00	-3.59137e-02	-4.04340e-02	
569	2.751635e-08	0.000000e+00	-3.58696e-02	-4.03834e-02	
570	2.756635e-08	0.000000e+00	-3.58256e-02	-4.03329e-02	
571	2.761635e-08	0.000000e+00	-3.57816e-02	-4.02825e-02	
572	2.766635e-08	0.000000e+00	-3.57377e-02	-4.02322e-02	
573	2.771635e-08	0.000000e+00	-3.56938e-02	-4.01819e-02	
574	2.776635e-08	0.000000e+00	-3.56500e-02	-4.01316e-02	
575	2.781635e-08	0.000000e+00	-3.56062e-02	-4.00815e-02	
576	2.786635e-08	0.000000e+00	-3.55625e-02	-4.00314e-02	

Index   time            v(in)           v(ra)           v(rb)           
--------------------------------------------------------------------------------
577	2.791635e-08	0.000000e+00	-3.55189e-02	-3.99813e-02	
578	2.796635e-08	0.000000e+00	-3.54753e-02	-3.99314e-02	
579	2.801635e-08	0.000000e+00	-3.54317e-02	-3.98814e-02	
580	2.806635e-08	0.000000e+00	-3.53882e-02	-3.98316e-02	
581	2.811635e-08	0.000000e+00	-3.53448e-02	-3.97818e-02	
582	2.816635e-08	0.000000e+00	-3.53014e-02	-3.97321e-02	
583	2.821635e-08	0.000000e+00	-3.52580e-02	-3.96824e-02	
584	2.826635e-08	0.000000e+00	-3.52147e-02	-3.96328e-02	
585	2.831635e-08	0.000000e+00	-3.51715e-02	-3.95833e-02	
586	2.836635e-08	0.000000e+00	-3.51283e-02	-3.95338e-02	
587	2.841635e-08	0.000000e+00	-3.50852e-02	-3.94844e-02	
588	2.846635e-08	0.000000e+00	-3.50421e-02	-3.94351e-02	
589	2.851635e-08	0.000000e+00	-3.49991e-02	-3.93858e-02	
590	2.856635e-08	0.000000e+00	-3.49561e-02	-3.93365e-02	
591	2.861635e-08	0.000000e+00	-3.49132e-02	-3.92874e-02	
592	2.866635e-08	0.000000e+00	-3.48703e-02	-3.92383e-02	
593	2.871635e-08	0.000000e+00	-3.48275e-02	-3.91892e-02	
594	2.876635e-08	0.000000e+00	-3.47848e-02	-3.91403e-02	
595	2.881635e-08	0.000000e+00	-3.47420e-02	-3.90913e-02	
596	2.886635e-08	0.000000e+00	-3.46994e-02	-3.90425e-02	
597	2.891635e-08	0.000000e+00	-3.46568e-02	-3.89937e-02	
598	2.896635e-08	0.000000e+00	-3.46142e-02	-3.89450e-02	
599	2.901635e-08	0.000000e+00	-3.45717e-02	-3.88963e-02	
600	2.906635e-08	0.000000e+00	-3.45293e-02	-3.88477e-02	
601	2.911635e-08	0.000000e+00	-3.44869e-02	-3.87991e-02	
602	2.916635e-08	0.000000e+00	-3.44445e-02	-3.87507e-02	
603	2.921635e-08	0.000000e+00	-3.44022e-02	-3.87022e-02	
604	2.926635e-08	0.000000e+00	-3.43600e-02	-3.86539e-02	
605	2.931635e-08	0.000000e+00	-3.43178e-02	-3.86056e-02	
606	2.936635e-08	0.000000e+00	-3.42756e-02	-3.85573e-02	
607	2.941635e-08	0.000000e+00	-3.42335e-02	-3.85092e-02	
608	2.946635e-08	0.000000e+00	-3.41915e-02	-3.84610e-02	
609	2.951635e-08	0.000000e+00	-3.41495e-02	-3.84130e-02	
610	2.956635e-08	0.000000e+00	-3.41076e-02	-3.83650e-02	
611	2.961635e-08	0.000000e+00	-3.40657e-02	-3.83170e-02	
612	2.966635e-08	0.000000e+00	-3.40238e-02	-3.82692e-02	
613	2.971635e-08	0.000000e+00	-3.39821e-02	-3.82213e-02	
614	2.976635e-08	0.000000e+00	-3.39403e-02	-3.81736e-02	
615	2.981635e-08	0.000000e+00	-3.38986e-02	-3.81259e-02	
616	2.986635e-08	0.000000e+00	-3.38570e-02	-3.80783e-02	
617	2.991635e-08	0.000000e+00	-3.38154e-02	-3.80307e-02	
618	2.996635e-08	0.000000e+00	-3.37739e-02	-3.79832e-02	
619	3.001635e-08	0.000000e+00	-3.37324e-02	-3.79357e-02	
620	3.006635e-08	0.000000e+00	-3.36910e-02	-3.78883e-02	
621	3.011635e-08	0.000000e+00	-3.36496e-02	-3.78410e-02	
622	3.016635e-08	0.000000e+00	-3.36083e-02	-3.77937e-02	
623	3.021635e-08	0.000000e+00	-3.35670e-02	-3.77465e-02	
624	3.026635e-08	0.000000e+00	-3.35258e-02	-3.76993e-02	
625	3.031635e-08	0.000000e+00	-3.34846e-02	-3.76522e-02	
626	3.036635e-08	0.000000e+00	-3.34435e-02	-3.76052e-02	
627	3.041635e-08	0.000000e+00	-3.34024e-02	-3.75582e-02	
628	3.046635e-08	0.000000e+00	-3.33614e-02	-3.75113e-02	
629	3.051635e-08	0.000000e+00	-3.33204e-02	-3.74644e-02	
630	3.056635e-08	0.000000e+00	-3.32794e-02	-3.74176e-02	
631	3.061635e-08	0.000000e+00	-3.32386e-02	-3.73709e-02	
632	3.066635e-08	0.000000e+00	-3.31977e-02	-3.73242e-02	
633	3.071635e-08	0.000000e+00	-3.31570e-02	-3.72776e-02	
634	3.076635e-08	0.000000e+00	-3.31162e-02	-3.72310e-02	

Index   time            v(in)           v(ra)           v(rb)           
--------------------------------------------------------------------------------
635	3.081635e-08	0.000000e+00	-3.30756e-02	-3.71845e-02	
636	3.086635e-08	0.000000e+00	-3.30349e-02	-3.71380e-02	
637	3.091635e-08	0.000000e+00	-3.29943e-02	-3.70916e-02	
638	3.096635e-08	0.000000e+00	-3.29538e-02	-3.70453e-02	
639	3.101635e-08	0.000000e+00	-3.29133e-02	-3.69990e-02	
640	3.106635e-08	0.000000e+00	-3.28729e-02	-3.69528e-02	
641	3.111635e-08	0.000000e+00	-3.28325e-02	-3.69067e-02	
642	3.116635e-08	0.000000e+00	-3.27922e-02	-3.68606e-02	
643	3.121635e-08	0.000000e+00	-3.27519e-02	-3.68145e-02	
644	3.126635e-08	0.000000e+00	-3.27117e-02	-3.67685e-02	
645	3.131635e-08	0.000000e+00	-3.26715e-02	-3.67226e-02	
646	3.136635e-08	0.000000e+00	-3.26313e-02	-3.66767e-02	
647	3.141635e-08	0.000000e+00	-3.25912e-02	-3.66309e-02	
648	3.146635e-08	0.000000e+00	-3.25512e-02	-3.65852e-02	
649	3.151635e-08	0.000000e+00	-3.25112e-02	-3.65395e-02	
650	3.156635e-08	0.000000e+00	-3.24713e-02	-3.64938e-02	
651	3.161635e-08	0.000000e+00	-3.24314e-02	-3.64483e-02	
652	3.166635e-08	0.000000e+00	-3.23915e-02	-3.64027e-02	
653	3.171635e-08	0.000000e+00	-3.23517e-02	-3.63573e-02	
654	3.176635e-08	0.000000e+00	-3.23120e-02	-3.63119e-02	
655	3.181635e-08	0.000000e+00	-3.22723e-02	-3.62665e-02	
656	3.186635e-08	0.000000e+00	-3.22326e-02	-3.62212e-02	
657	3.191635e-08	0.000000e+00	-3.21930e-02	-3.61760e-02	
658	3.196635e-08	0.000000e+00	-3.21535e-02	-3.61308e-02	
659	3.201635e-08	0.000000e+00	-3.21140e-02	-3.60857e-02	
660	3.206635e-08	0.000000e+00	-3.20745e-02	-3.60406e-02	
661	3.211635e-08	0.000000e+00	-3.20351e-02	-3.59956e-02	
662	3.216635e-08	0.000000e+00	-3.19957e-02	-3.59507e-02	
663	3.221635e-08	0.000000e+00	-3.19564e-02	-3.59058e-02	
664	3.226635e-08	0.000000e+00	-3.19172e-02	-3.58609e-02	
665	3.231635e-08	0.000000e+00	-3.18779e-02	-3.58161e-02	
666	3.236635e-08	0.000000e+00	-3.18388e-02	-3.57714e-02	
667	3.241635e-08	0.000000e+00	-3.17996e-02	-3.57267e-02	
668	3.246635e-08	0.000000e+00	-3.17606e-02	-3.56821e-02	
669	3.251635e-08	0.000000e+00	-3.17215e-02	-3.56376e-02	
670	3.256635e-08	0.000000e+00	-3.16826e-02	-3.55931e-02	
671	3.261635e-08	0.000000e+00	-3.16436e-02	-3.55486e-02	
672	3.266635e-08	0.000000e+00	-3.16047e-02	-3.55042e-02	
673	3.271635e-08	0.000000e+00	-3.15659e-02	-3.54599e-02	
674	3.276635e-08	0.000000e+00	-3.15271e-02	-3.54156e-02	
675	3.281635e-08	0.000000e+00	-3.14884e-02	-3.53714e-02	
676	3.286635e-08	0.000000e+00	-3.14497e-02	-3.53272e-02	
677	3.291635e-08	0.000000e+00	-3.14110e-02	-3.52831e-02	
678	3.296635e-08	0.000000e+00	-3.13724e-02	-3.52391e-02	
679	3.301635e-08	0.000000e+00	-3.13339e-02	-3.51951e-02	
680	3.306635e-08	0.000000e+00	-3.12954e-02	-3.51511e-02	
681	3.311635e-08	0.000000e+00	-3.12569e-02	-3.51072e-02	
682	3.316635e-08	0.000000e+00	-3.12185e-02	-3.50634e-02	
683	3.321635e-08	0.000000e+00	-3.11801e-02	-3.50196e-02	
684	3.326635e-08	0.000000e+00	-3.11418e-02	-3.49759e-02	
685	3.331635e-08	0.000000e+00	-3.11035e-02	-3.49322e-02	
686	3.336635e-08	0.000000e+00	-3.10653e-02	-3.48886e-02	
687	3.341635e-08	0.000000e+00	-3.10271e-02	-3.48450e-02	
688	3.346635e-08	0.000000e+00	-3.09890e-02	-3.48015e-02	
689	3.351635e-08	0.000000e+00	-3.09509e-02	-3.47581e-02	
690	3.356635e-08	0.000000e+00	-3.09129e-02	-3.47147e-02	
691	3.361635e-08	0.000000e+00	-3.08749e-02	-3.46714e-02	
692	3.366635e-08	0.000000e+00	-3.08369e-02	-3.46281e-02	

Index   time            v(in)           v(ra)           v(rb)           
--------------------------------------------------------------------------------
693	3.371635e-08	0.000000e+00	-3.07990e-02	-3.45848e-02	
694	3.376635e-08	0.000000e+00	-3.07612e-02	-3.45417e-02	
695	3.381635e-08	0.000000e+00	-3.07234e-02	-3.44985e-02	
696	3.386635e-08	0.000000e+00	-3.06856e-02	-3.44555e-02	
697	3.391635e-08	0.000000e+00	-3.06479e-02	-3.44125e-02	
698	3.396635e-08	0.000000e+00	-3.06102e-02	-3.43695e-02	
699	3.401635e-08	0.000000e+00	-3.05726e-02	-3.43266e-02	
700	3.406635e-08	0.000000e+00	-3.05350e-02	-3.42837e-02	
701	3.411635e-08	0.000000e+00	-3.04975e-02	-3.42409e-02	
702	3.416635e-08	0.000000e+00	-3.04600e-02	-3.41982e-02	
703	3.421635e-08	0.000000e+00	-3.04225e-02	-3.41555e-02	
704	3.426635e-08	0.000000e+00	-3.03851e-02	-3.41129e-02	
705	3.431635e-08	0.000000e+00	-3.03478e-02	-3.40703e-02	
706	3.436635e-08	0.000000e+00	-3.03105e-02	-3.40278e-02	
707	3.441635e-08	0.000000e+00	-3.02732e-02	-3.39853e-02	
708	3.446635e-08	0.000000e+00	-3.02360e-02	-3.39429e-02	
709	3.451635e-08	0.000000e+00	-3.01988e-02	-3.39005e-02	
710	3.456635e-08	0.000000e+00	-3.01617e-02	-3.38582e-02	
711	3.461635e-08	0.000000e+00	-3.01246e-02	-3.38159e-02	
712	3.466635e-08	0.000000e+00	-3.00876e-02	-3.37737e-02	
713	3.471635e-08	0.000000e+00	-3.00506e-02	-3.37315e-02	
714	3.476635e-08	0.000000e+00	-3.00137e-02	-3.36894e-02	
715	3.481635e-08	0.000000e+00	-2.99768e-02	-3.36474e-02	
716	3.486635e-08	0.000000e+00	-2.99399e-02	-3.36054e-02	
717	3.491635e-08	0.000000e+00	-2.99031e-02	-3.35634e-02	
718	3.496635e-08	0.000000e+00	-2.98664e-02	-3.35216e-02	
719	3.501635e-08	0.000000e+00	-2.98296e-02	-3.34797e-02	
720	3.506635e-08	0.000000e+00	-2.97930e-02	-3.34379e-02	
721	3.511635e-08	0.000000e+00	-2.97563e-02	-3.33962e-02	
722	3.516635e-08	0.000000e+00	-2.97198e-02	-3.33545e-02	
723	3.521635e-08	0.000000e+00	-2.96832e-02	-3.33129e-02	
724	3.526635e-08	0.000000e+00	-2.96467e-02	-3.32713e-02	
725	3.531635e-08	0.000000e+00	-2.96103e-02	-3.32298e-02	
726	3.536635e-08	0.000000e+00	-2.95739e-02	-3.31883e-02	
727	3.541635e-08	0.000000e+00	-2.95375e-02	-3.31469e-02	
728	3.546635e-08	0.000000e+00	-2.95012e-02	-3.31055e-02	
729	3.551635e-08	0.000000e+00	-2.94649e-02	-3.30642e-02	
730	3.556635e-08	0.000000e+00	-2.94287e-02	-3.30229e-02	
731	3.561635e-08	0.000000e+00	-2.93925e-02	-3.29817e-02	
732	3.566635e-08	0.000000e+00	-2.93564e-02	-3.29406e-02	
733	3.571635e-08	0.000000e+00	-2.93203e-02	-3.28995e-02	
734	3.576635e-08	0.000000e+00	-2.92842e-02	-3.28584e-02	
735	3.581635e-08	0.000000e+00	-2.92482e-02	-3.28174e-02	
736	3.586635e-08	0.000000e+00	-2.92123e-02	-3.27764e-02	
737	3.591635e-08	0.000000e+00	-2.91763e-02	-3.27355e-02	
738	3.596635e-08	0.000000e+00	-2.91405e-02	-3.26947e-02	
739	3.601635e-08	0.000000e+00	-2.91046e-02	-3.26539e-02	
740	3.606635e-08	0.000000e+00	-2.90688e-02	-3.26131e-02	
741	3.611635e-08	0.000000e+00	-2.90331e-02	-3.25724e-02	
742	3.616635e-08	0.000000e+00	-2.89974e-02	-3.25318e-02	
743	3.621635e-08	0.000000e+00	-2.89617e-02	-3.24912e-02	
744	3.626635e-08	0.000000e+00	-2.89261e-02	-3.24507e-02	
745	3.631635e-08	0.000000e+00	-2.88906e-02	-3.24102e-02	
746	3.636635e-08	0.000000e+00	-2.88550e-02	-3.23697e-02	
747	3.641635e-08	0.000000e+00	-2.88195e-02	-3.23293e-02	
748	3.646635e-08	0.000000e+00	-2.87841e-02	-3.22890e-02	
749	3.651635e-08	0.000000e+00	-2.87487e-02	-3.22487e-02	
750	3.656635e-08	0.000000e+00	-2.87134e-02	-3.22085e-02	

Index   time            v(in)           v(ra)           v(rb)           
--------------------------------------------------------------------------------
751	3.661635e-08	0.000000e+00	-2.86780e-02	-3.21683e-02	
752	3.666635e-08	0.000000e+00	-2.86428e-02	-3.21281e-02	
753	3.671635e-08	0.000000e+00	-2.86076e-02	-3.20881e-02	
754	3.676635e-08	0.000000e+00	-2.85724e-02	-3.20480e-02	
755	3.681635e-08	0.000000e+00	-2.85372e-02	-3.20080e-02	
756	3.686635e-08	0.000000e+00	-2.85021e-02	-3.19681e-02	
757	3.691635e-08	0.000000e+00	-2.84671e-02	-3.19282e-02	
758	3.696635e-08	0.000000e+00	-2.84321e-02	-3.18884e-02	
759	3.701635e-08	0.000000e+00	-2.83971e-02	-3.18486e-02	
760	3.706635e-08	0.000000e+00	-2.83622e-02	-3.18088e-02	
761	3.711635e-08	0.000000e+00	-2.83273e-02	-3.17692e-02	
762	3.716635e-08	0.000000e+00	-2.82925e-02	-3.17295e-02	
763	3.721635e-08	0.000000e+00	-2.82577e-02	-3.16899e-02	
764	3.726635e-08	0.000000e+00	-2.82229e-02	-3.16504e-02	
765	3.731635e-08	0.000000e+00	-2.81882e-02	-3.16109e-02	
766	3.736635e-08	0.000000e+00	-2.81535e-02	-3.15715e-02	
767	3.741635e-08	0.000000e+00	-2.81189e-02	-3.15321e-02	
768	3.746635e-08	0.000000e+00	-2.80843e-02	-3.14928e-02	
769	3.751635e-08	0.000000e+00	-2.80498e-02	-3.14535e-02	
770	3.756635e-08	0.000000e+00	-2.80153e-02	-3.14142e-02	
771	3.761635e-08	0.000000e+00	-2.79808e-02	-3.13750e-02	
772	3.766635e-08	0.000000e+00	-2.79464e-02	-3.13359e-02	
773	3.771635e-08	0.000000e+00	-2.79120e-02	-3.12968e-02	
774	3.776635e-08	0.000000e+00	-2.78777e-02	-3.12578e-02	
775	3.781635e-08	0.000000e+00	-2.78434e-02	-3.12188e-02	
776	3.786635e-08	0.000000e+00	-2.78092e-02	-3.11798e-02	
777	3.791635e-08	0.000000e+00	-2.77750e-02	-3.11409e-02	
778	3.796635e-08	0.000000e+00	-2.77408e-02	-3.11021e-02	
779	3.801635e-08	0.000000e+00	-2.77067e-02	-3.10633e-02	
780	3.806635e-08	0.000000e+00	-2.76726e-02	-3.10245e-02	
781	3.811635e-08	0.000000e+00	-2.76386e-02	-3.09858e-02	
782	3.816635e-08	0.000000e+00	-2.76046e-02	-3.09472e-02	
783	3.821635e-08	0.000000e+00	-2.75706e-02	-3.09086e-02	
784	3.826635e-08	0.000000e+00	-2.75367e-02	-3.08700e-02	
785	3.831635e-08	0.000000e+00	-2.75028e-02	-3.08315e-02	
786	3.836635e-08	0.000000e+00	-2.74690e-02	-3.07931e-02	
787	3.841635e-08	0.000000e+00	-2.74352e-02	-3.07546e-02	
788	3.846635e-08	0.000000e+00	-2.74015e-02	-3.07163e-02	
789	3.851635e-08	0.000000e+00	-2.73677e-02	-3.06780e-02	
790	3.856635e-08	0.000000e+00	-2.73341e-02	-3.06397e-02	
791	3.861635e-08	0.000000e+00	-2.73005e-02	-3.06015e-02	
792	3.866635e-08	0.000000e+00	-2.72669e-02	-3.05633e-02	
793	3.871635e-08	0.000000e+00	-2.72333e-02	-3.05252e-02	
794	3.876635e-08	0.000000e+00	-2.71998e-02	-3.04871e-02	
795	3.881635e-08	0.000000e+00	-2.71664e-02	-3.04491e-02	
796	3.886635e-08	0.000000e+00	-2.71329e-02	-3.04111e-02	
797	3.891635e-08	0.000000e+00	-2.70996e-02	-3.03732e-02	
798	3.896635e-08	0.000000e+00	-2.70662e-02	-3.03353e-02	
799	3.901635e-08	0.000000e+00	-2.70329e-02	-3.02975e-02	
800	3.906635e-08	0.000000e+00	-2.69997e-02	-3.02597e-02	
801	3.911635e-08	0.000000e+00	-2.69664e-02	-3.02219e-02	
802	3.916635e-08	0.000000e+00	-2.69333e-02	-3.01843e-02	
803	3.921635e-08	0.000000e+00	-2.69001e-02	-3.01466e-02	
804	3.926635e-08	0.000000e+00	-2.68670e-02	-3.01090e-02	
805	3.931635e-08	0.000000e+00	-2.68340e-02	-3.00715e-02	
806	3.936635e-08	0.000000e+00	-2.68010e-02	-3.00340e-02	
807	3.941635e-08	0.000000e+00	-2.67680e-02	-2.99965e-02	
808	3.946635e-08	0.000000e+00	-2.67351e-02	-2.99591e-02	

Index   time            v(in)           v(ra)           v(rb)           
--------------------------------------------------------------------------------
809	3.951635e-08	0.000000e+00	-2.67022e-02	-2.99217e-02	
810	3.956635e-08	0.000000e+00	-2.66693e-02	-2.98844e-02	
811	3.961635e-08	0.000000e+00	-2.66365e-02	-2.98471e-02	
812	3.966635e-08	0.000000e+00	-2.66037e-02	-2.98099e-02	
813	3.971635e-08	0.000000e+00	-2.65710e-02	-2.97727e-02	
814	3.976635e-08	0.000000e+00	-2.65383e-02	-2.97356e-02	
815	3.981635e-08	0.000000e+00	-2.65057e-02	-2.96985e-02	
816	3.986635e-08	0.000000e+00	-2.64730e-02	-2.96615e-02	
817	3.991635e-08	0.000000e+00	-2.64405e-02	-2.96245e-02	
818	3.996635e-08	0.000000e+00	-2.64079e-02	-2.95876e-02	
819	4.001635e-08	0.000000e+00	-2.63754e-02	-2.95507e-02	
820	4.006635e-08	0.000000e+00	-2.63430e-02	-2.95138e-02	
821	4.011635e-08	0.000000e+00	-2.63106e-02	-2.94770e-02	
822	4.016635e-08	0.000000e+00	-2.62782e-02	-2.94403e-02	
823	4.021635e-08	0.000000e+00	-2.62459e-02	-2.94036e-02	
824	4.026635e-08	0.000000e+00	-2.62136e-02	-2.93669e-02	
825	4.031635e-08	0.000000e+00	-2.61813e-02	-2.93303e-02	
826	4.036635e-08	0.000000e+00	-2.61491e-02	-2.92937e-02	
827	4.041635e-08	0.000000e+00	-2.61169e-02	-2.92572e-02	
828	4.046635e-08	0.000000e+00	-2.60848e-02	-2.92207e-02	
829	4.051635e-08	0.000000e+00	-2.60527e-02	-2.91843e-02	
830	4.056635e-08	0.000000e+00	-2.60206e-02	-2.91479e-02	
831	4.061635e-08	0.000000e+00	-2.59886e-02	-2.91115e-02	
832	4.066635e-08	0.000000e+00	-2.59566e-02	-2.90752e-02	
833	4.071635e-08	0.000000e+00	-2.59247e-02	-2.90390e-02	
834	4.076635e-08	0.000000e+00	-2.58928e-02	-2.90028e-02	
835	4.081635e-08	0.000000e+00	-2.58609e-02	-2.89666e-02	
836	4.086635e-08	0.000000e+00	-2.58291e-02	-2.89305e-02	
837	4.091635e-08	0.000000e+00	-2.57973e-02	-2.88944e-02	
838	4.096635e-08	0.000000e+00	-2.57656e-02	-2.88584e-02	
839	4.101635e-08	0.000000e+00	-2.57338e-02	-2.88224e-02	
840	4.106635e-08	0.000000e+00	-2.57022e-02	-2.87865e-02	
841	4.111635e-08	0.000000e+00	-2.56705e-02	-2.87506e-02	
842	4.116635e-08	0.000000e+00	-2.56390e-02	-2.87147e-02	
843	4.121635e-08	0.000000e+00	-2.56074e-02	-2.86789e-02	
844	4.126635e-08	0.000000e+00	-2.55759e-02	-2.86432e-02	
845	4.131635e-08	0.000000e+00	-2.55444e-02	-2.86075e-02	
846	4.136635e-08	0.000000e+00	-2.55130e-02	-2.85718e-02	
847	4.141635e-08	0.000000e+00	-2.54816e-02	-2.85362e-02	
848	4.146635e-08	0.000000e+00	-2.54502e-02	-2.85006e-02	
849	4.151635e-08	0.000000e+00	-2.54189e-02	-2.84651e-02	
850	4.156635e-08	0.000000e+00	-2.53876e-02	-2.84296e-02	
851	4.161635e-08	0.000000e+00	-2.53564e-02	-2.83941e-02	
852	4.166635e-08	0.000000e+00	-2.53251e-02	-2.83587e-02	
853	4.171635e-08	0.000000e+00	-2.52940e-02	-2.83234e-02	
854	4.176635e-08	0.000000e+00	-2.52628e-02	-2.82881e-02	
855	4.181635e-08	0.000000e+00	-2.52318e-02	-2.82528e-02	
856	4.186635e-08	0.000000e+00	-2.52007e-02	-2.82176e-02	
857	4.191635e-08	0.000000e+00	-2.51697e-02	-2.81824e-02	
858	4.196635e-08	0.000000e+00	-2.51387e-02	-2.81473e-02	
859	4.201635e-08	0.000000e+00	-2.51078e-02	-2.81122e-02	
860	4.206635e-08	0.000000e+00	-2.50769e-02	-2.80772e-02	
861	4.211635e-08	0.000000e+00	-2.50460e-02	-2.80422e-02	
862	4.216635e-08	0.000000e+00	-2.50152e-02	-2.80072e-02	
863	4.221635e-08	0.000000e+00	-2.49844e-02	-2.79723e-02	
864	4.226635e-08	0.000000e+00	-2.49536e-02	-2.79374e-02	
865	4.231635e-08	0.000000e+00	-2.49229e-02	-2.79026e-02	
866	4.236635e-08	0.000000e+00	-2.48922e-02	-2.78678e-02	

Index   time            v(in)           v(ra)           v(rb)           
--------------------------------------------------------------------------------
867	4.241635e-08	0.000000e+00	-2.48616e-02	-2.78331e-02	
868	4.246635e-08	0.000000e+00	-2.48310e-02	-2.77984e-02	
869	4.251635e-08	0.000000e+00	-2.48004e-02	-2.77637e-02	
870	4.256635e-08	0.000000e+00	-2.47699e-02	-2.77291e-02	
871	4.261635e-08	0.000000e+00	-2.47394e-02	-2.76946e-02	
872	4.266635e-08	0.000000e+00	-2.47089e-02	-2.76600e-02	
873	4.271635e-08	0.000000e+00	-2.46785e-02	-2.76256e-02	
874	4.276635e-08	0.000000e+00	-2.46482e-02	-2.75911e-02	
875	4.281635e-08	0.000000e+00	-2.46178e-02	-2.75567e-02	
876	4.286635e-08	0.000000e+00	-2.45875e-02	-2.75224e-02	
877	4.291635e-08	0.000000e+00	-2.45572e-02	-2.74881e-02	
878	4.296635e-08	0.000000e+00	-2.45270e-02	-2.74538e-02	
879	4.301635e-08	0.000000e+00	-2.44968e-02	-2.74196e-02	
880	4.306635e-08	0.000000e+00	-2.44667e-02	-2.73854e-02	
881	4.311635e-08	0.000000e+00	-2.44365e-02	-2.73513e-02	
882	4.316635e-08	0.000000e+00	-2.44065e-02	-2.73172e-02	
883	4.321635e-08	0.000000e+00	-2.43764e-02	-2.72832e-02	
884	4.326635e-08	0.000000e+00	-2.43464e-02	-2.72492e-02	
885	4.331635e-08	0.000000e+00	-2.43164e-02	-2.72152e-02	
886	4.336635e-08	0.000000e+00	-2.42865e-02	-2.71813e-02	
887	4.341635e-08	0.000000e+00	-2.42566e-02	-2.71474e-02	
888	4.346635e-08	0.000000e+00	-2.42267e-02	-2.71136e-02	
889	4.351635e-08	0.000000e+00	-2.41969e-02	-2.70798e-02	
890	4.356635e-08	0.000000e+00	-2.41671e-02	-2.70460e-02	
891	4.361635e-08	0.000000e+00	-2.41374e-02	-2.70123e-02	
892	4.366635e-08	0.000000e+00	-2.41076e-02	-2.69787e-02	
893	4.371635e-08	0.000000e+00	-2.40780e-02	-2.69450e-02	
894	4.376635e-08	0.000000e+00	-2.40483e-02	-2.69115e-02	
895	4.381635e-08	0.000000e+00	-2.40187e-02	-2.68779e-02	
896	4.386635e-08	0.000000e+00	-2.39891e-02	-2.68444e-02	
897	4.391635e-08	0.000000e+00	-2.39596e-02	-2.68110e-02	
898	4.396635e-08	0.000000e+00	-2.39301e-02	-2.67776e-02	
899	4.401635e-08	0.000000e+00	-2.39007e-02	-2.67442e-02	
900	4.406635e-08	0.000000e+00	-2.38712e-02	-2.67109e-02	
901	4.411635e-08	0.000000e+00	-2.38418e-02	-2.66776e-02	
902	4.416635e-08	0.000000e+00	-2.38125e-02	-2.66443e-02	
903	4.421635e-08	0.000000e+00	-2.37832e-02	-2.66111e-02	
904	4.426635e-08	0.000000e+00	-2.37539e-02	-2.65780e-02	
905	4.431635e-08	0.000000e+00	-2.37246e-02	-2.65448e-02	
906	4.436635e-08	0.000000e+00	-2.36954e-02	-2.65118e-02	
907	4.441635e-08	0.000000e+00	-2.36662e-02	-2.64787e-02	
908	4.446635e-08	0.000000e+00	-2.36371e-02	-2.64457e-02	
909	4.451635e-08	0.000000e+00	-2.36080e-02	-2.64128e-02	
910	4.456635e-08	0.000000e+00	-2.35789e-02	-2.63799e-02	
911	4.461635e-08	0.000000e+00	-2.35499e-02	-2.63470e-02	
912	4.466635e-08	0.000000e+00	-2.35209e-02	-2.63142e-02	
913	4.471635e-08	0.000000e+00	-2.34919e-02	-2.62814e-02	
914	4.476635e-08	0.000000e+00	-2.34630e-02	-2.62486e-02	
915	4.481635e-08	0.000000e+00	-2.34341e-02	-2.62159e-02	
916	4.486635e-08	0.000000e+00	-2.34053e-02	-2.61832e-02	
917	4.491635e-08	0.000000e+00	-2.33764e-02	-2.61506e-02	
918	4.496635e-08	0.000000e+00	-2.33477e-02	-2.61180e-02	
919	4.501635e-08	0.000000e+00	-2.33189e-02	-2.60855e-02	
920	4.506635e-08	0.000000e+00	-2.32902e-02	-2.60530e-02	
921	4.511635e-08	0.000000e+00	-2.32615e-02	-2.60205e-02	
922	4.516635e-08	0.000000e+00	-2.32329e-02	-2.59881e-02	
923	4.521635e-08	0.000000e+00	-2.32043e-02	-2.59557e-02	
924	4.526635e-08	0.000000e+00	-2.31757e-02	-2.59234e-02	

Index   time            v(in)           v(ra)           v(rb)           
--------------------------------------------------------------------------------
925	4.531635e-08	0.000000e+00	-2.31471e-02	-2.58911e-02	
926	4.536635e-08	0.000000e+00	-2.31186e-02	-2.58588e-02	
927	4.541635e-08	0.000000e+00	-2.30902e-02	-2.58266e-02	
928	4.546635e-08	0.000000e+00	-2.30617e-02	-2.57944e-02	
929	4.551635e-08	0.000000e+00	-2.30333e-02	-2.57623e-02	
930	4.556635e-08	0.000000e+00	-2.30050e-02	-2.57302e-02	
931	4.561635e-08	0.000000e+00	-2.29766e-02	-2.56981e-02	
932	4.566635e-08	0.000000e+00	-2.29483e-02	-2.56661e-02	
933	4.571635e-08	0.000000e+00	-2.29201e-02	-2.56341e-02	
934	4.576635e-08	0.000000e+00	-2.28919e-02	-2.56022e-02	
935	4.581635e-08	0.000000e+00	-2.28637e-02	-2.55703e-02	
936	4.586635e-08	0.000000e+00	-2.28355e-02	-2.55385e-02	
937	4.591635e-08	0.000000e+00	-2.28074e-02	-2.55066e-02	
938	4.596635e-08	0.000000e+00	-2.27793e-02	-2.54749e-02	
939	4.601635e-08	0.000000e+00	-2.27512e-02	-2.54431e-02	
940	4.606635e-08	0.000000e+00	-2.27232e-02	-2.54114e-02	
941	4.611635e-08	0.000000e+00	-2.26952e-02	-2.53798e-02	
942	4.616635e-08	0.000000e+00	-2.26673e-02	-2.53482e-02	
943	4.621635e-08	0.000000e+00	-2.26394e-02	-2.53166e-02	
944	4.626635e-08	0.000000e+00	-2.26115e-02	-2.52850e-02	
945	4.631635e-08	0.000000e+00	-2.25836e-02	-2.52535e-02	
946	4.636635e-08	0.000000e+00	-2.25558e-02	-2.52221e-02	
947	4.641635e-08	0.000000e+00	-2.25281e-02	-2.51907e-02	
948	4.646635e-08	0.000000e+00	-2.25003e-02	-2.51593e-02	
949	4.651635e-08	0.000000e+00	-2.24726e-02	-2.51279e-02	
950	4.656635e-08	0.000000e+00	-2.24449e-02	-2.50966e-02	
951	4.661635e-08	0.000000e+00	-2.24173e-02	-2.50654e-02	
952	4.666635e-08	0.000000e+00	-2.23897e-02	-2.50341e-02	
953	4.671635e-08	0.000000e+00	-2.23621e-02	-2.50030e-02	
954	4.676635e-08	0.000000e+00	-2.23345e-02	-2.49718e-02	
955	4.681635e-08	0.000000e+00	-2.23070e-02	-2.49407e-02	
956	4.686635e-08	0.000000e+00	-2.22796e-02	-2.49096e-02	
957	4.691635e-08	0.000000e+00	-2.22521e-02	-2.48786e-02	
958	4.696635e-08	0.000000e+00	-2.22247e-02	-2.48476e-02	
959	4.701635e-08	0.000000e+00	-2.21973e-02	-2.48167e-02	
960	4.706635e-08	0.000000e+00	-2.21700e-02	-2.47858e-02	
961	4.711635e-08	0.000000e+00	-2.21427e-02	-2.47549e-02	
962	4.716635e-08	0.000000e+00	-2.21154e-02	-2.47240e-02	
963	4.721635e-08	0.000000e+00	-2.20882e-02	-2.46933e-02	
964	4.726635e-08	0.000000e+00	-2.20610e-02	-2.46625e-02	
965	4.731635e-08	0.000000e+00	-2.20338e-02	-2.46318e-02	
966	4.736635e-08	0.000000e+00	-2.20066e-02	-2.46011e-02	
967	4.741635e-08	0.000000e+00	-2.19795e-02	-2.45704e-02	
968	4.746635e-08	0.000000e+00	-2.19525e-02	-2.45398e-02	
969	4.751635e-08	0.000000e+00	-2.19254e-02	-2.45093e-02	
970	4.756635e-08	0.000000e+00	-2.18984e-02	-2.44788e-02	
971	4.761635e-08	0.000000e+00	-2.18714e-02	-2.44483e-02	
972	4.766635e-08	0.000000e+00	-2.18445e-02	-2.44178e-02	
973	4.771635e-08	0.000000e+00	-2.18176e-02	-2.43874e-02	
974	4.776635e-08	0.000000e+00	-2.17907e-02	-2.43570e-02	
975	4.781635e-08	0.000000e+00	-2.17639e-02	-2.43267e-02	
976	4.786635e-08	0.000000e+00	-2.17371e-02	-2.42964e-02	
977	4.791635e-08	0.000000e+00	-2.17103e-02	-2.42661e-02	
978	4.796635e-08	0.000000e+00	-2.16835e-02	-2.42359e-02	
979	4.801635e-08	0.000000e+00	-2.16568e-02	-2.42057e-02	
980	4.806635e-08	0.000000e+00	-2.16301e-02	-2.41756e-02	
981	4.811635e-08	0.000000e+00	-2.16035e-02	-2.41455e-02	
982	4.816635e-08	0.000000e+00	-2.15769e-02	-2.41154e-02	

Index   time            v(in)           v(ra)           v(rb)           
--------------------------------------------------------------------------------
983	4.821635e-08	0.000000e+00	-2.15503e-02	-2.40854e-02	
984	4.826635e-08	0.000000e+00	-2.15238e-02	-2.40554e-02	
985	4.831635e-08	0.000000e+00	-2.14972e-02	-2.40254e-02	
986	4.836635e-08	0.000000e+00	-2.14708e-02	-2.39955e-02	
987	4.841635e-08	0.000000e+00	-2.14443e-02	-2.39656e-02	
988	4.846635e-08	0.000000e+00	-2.14179e-02	-2.39358e-02	
989	4.851635e-08	0.000000e+00	-2.13915e-02	-2.39059e-02	
990	4.856635e-08	0.000000e+00	-2.13651e-02	-2.38762e-02	
991	4.861635e-08	0.000000e+00	-2.13388e-02	-2.38464e-02	
992	4.866635e-08	0.000000e+00	-2.13125e-02	-2.38167e-02	
993	4.871635e-08	0.000000e+00	-2.12863e-02	-2.37871e-02	
994	4.876635e-08	0.000000e+00	-2.12601e-02	-2.37575e-02	
995	4.881635e-08	0.000000e+00	-2.12339e-02	-2.37279e-02	
996	4.886635e-08	0.000000e+00	-2.12077e-02	-2.36983e-02	
997	4.891635e-08	0.000000e+00	-2.11816e-02	-2.36688e-02	
998	4.896635e-08	0.000000e+00	-2.11555e-02	-2.36393e-02	
999	4.901635e-08	0.000000e+00	-2.11294e-02	-2.36099e-02	
1000	4.906635e-08	0.000000e+00	-2.11034e-02	-2.35805e-02	
1001	4.911635e-08	0.000000e+00	-2.10774e-02	-2.35511e-02	
1002	4.916635e-08	0.000000e+00	-2.10514e-02	-2.35218e-02	
1003	4.921635e-08	0.000000e+00	-2.10255e-02	-2.34925e-02	
1004	4.926635e-08	0.000000e+00	-2.09996e-02	-2.34633e-02	
1005	4.931635e-08	0.000000e+00	-2.09737e-02	-2.34340e-02	
1006	4.936635e-08	0.000000e+00	-2.09479e-02	-2.34049e-02	
1007	4.941635e-08	0.000000e+00	-2.09220e-02	-2.33757e-02	
1008	4.946635e-08	0.000000e+00	-2.08963e-02	-2.33466e-02	
1009	4.951635e-08	0.000000e+00	-2.08705e-02	-2.33175e-02	
1010	4.956635e-08	0.000000e+00	-2.08448e-02	-2.32885e-02	
1011	4.961635e-08	0.000000e+00	-2.08191e-02	-2.32595e-02	
1012	4.966635e-08	0.000000e+00	-2.07935e-02	-2.32305e-02	
1013	4.971635e-08	0.000000e+00	-2.07678e-02	-2.32016e-02	
1014	4.976635e-08	0.000000e+00	-2.07423e-02	-2.31727e-02	
1015	4.981635e-08	0.000000e+00	-2.07167e-02	-2.31439e-02	
1016	4.986635e-08	0.000000e+00	-2.06912e-02	-2.31151e-02	
1017	4.991635e-08	0.000000e+00	-2.06657e-02	-2.30863e-02	
1018	4.996635e-08	0.000000e+00	-2.06402e-02	-2.30575e-02	
1019	5.001635e-08	0.000000e+00	-2.06148e-02	-2.30288e-02	
1020	5.006635e-08	0.000000e+00	-2.05894e-02	-2.30001e-02	
1021	5.011635e-08	0.000000e+00	-2.05640e-02	-2.29715e-02	
1022	5.016635e-08	0.000000e+00	-2.05387e-02	-2.29429e-02	
1023	5.021635e-08	0.000000e+00	-2.05134e-02	-2.29143e-02	
1024	5.026635e-08	0.000000e+00	-2.04881e-02	-2.28858e-02	
1025	5.031635e-08	0.000000e+00	-2.04628e-02	-2.28573e-02	
1026	5.036635e-08	0.000000e+00	-2.04376e-02	-2.28289e-02	
1027	5.041635e-08	0.000000e+00	-2.04124e-02	-2.28004e-02	
1028	5.046635e-08	0.000000e+00	-2.03873e-02	-2.27720e-02	
1029	5.051635e-08	0.000000e+00	-2.03622e-02	-2.27437e-02	
1030	5.056635e-08	0.000000e+00	-2.03371e-02	-2.27154e-02	
1031	5.061635e-08	0.000000e+00	-2.03120e-02	-2.26871e-02	
1032	5.066635e-08	0.000000e+00	-2.02870e-02	-2.26588e-02	
1033	5.071635e-08	0.000000e+00	-2.02620e-02	-2.26306e-02	
1034	5.076635e-08	0.000000e+00	-2.02370e-02	-2.26025e-02	
1035	5.081635e-08	0.000000e+00	-2.02121e-02	-2.25743e-02	
1036	5.086635e-08	0.000000e+00	-2.01872e-02	-2.25462e-02	
1037	5.091635e-08	0.000000e+00	-2.01623e-02	-2.25181e-02	
1038	5.096635e-08	0.000000e+00	-2.01374e-02	-2.24901e-02	
1039	5.101635e-08	0.000000e+00	-2.01126e-02	-2.24621e-02	
1040	5.106635e-08	0.000000e+00	-2.00878e-02	-2.24341e-02	

Index   time            v(in)           v(ra)           v(rb)           
--------------------------------------------------------------------------------
1041	5.111635e-08	0.000000e+00	-2.00631e-02	-2.24062e-02	
1042	5.116635e-08	0.000000e+00	-2.00384e-02	-2.23783e-02	
1043	5.121635e-08	0.000000e+00	-2.00137e-02	-2.23505e-02	
1044	5.126635e-08	0.000000e+00	-1.99890e-02	-2.23226e-02	
1045	5.131635e-08	0.000000e+00	-1.99644e-02	-2.22948e-02	
1046	5.136635e-08	0.000000e+00	-1.99398e-02	-2.22671e-02	
1047	5.141635e-08	0.000000e+00	-1.99152e-02	-2.22394e-02	
1048	5.146635e-08	0.000000e+00	-1.98906e-02	-2.22117e-02	
1049	5.151635e-08	0.000000e+00	-1.98661e-02	-2.21840e-02	
1050	5.156635e-08	0.000000e+00	-1.98416e-02	-2.21564e-02	
1051	5.161635e-08	0.000000e+00	-1.98172e-02	-2.21288e-02	
1052	5.166635e-08	0.000000e+00	-1.97928e-02	-2.21013e-02	
1053	5.171635e-08	0.000000e+00	-1.97684e-02	-2.20738e-02	
1054	5.176635e-08	0.000000e+00	-1.97440e-02	-2.20463e-02	
1055	5.181635e-08	0.000000e+00	-1.97197e-02	-2.20189e-02	
1056	5.186635e-08	0.000000e+00	-1.96954e-02	-2.19914e-02	
1057	5.191635e-08	0.000000e+00	-1.96711e-02	-2.19641e-02	
1058	5.196635e-08	0.000000e+00	-1.96468e-02	-2.19367e-02	
1059	5.201635e-08	0.000000e+00	-1.96226e-02	-2.19094e-02	
1060	5.206635e-08	0.000000e+00	-1.95984e-02	-2.18822e-02	
1061	5.211635e-08	0.000000e+00	-1.95743e-02	-2.18549e-02	
1062	5.216635e-08	0.000000e+00	-1.95502e-02	-2.18277e-02	
1063	5.221635e-08	0.000000e+00	-1.95261e-02	-2.18005e-02	
1064	5.226635e-08	0.000000e+00	-1.95020e-02	-2.17734e-02	
1065	5.231635e-08	0.000000e+00	-1.94780e-02	-2.17463e-02	
1066	5.236635e-08	0.000000e+00	-1.94540e-02	-2.17192e-02	
1067	5.241635e-08	0.000000e+00	-1.94300e-02	-2.16922e-02	
1068	5.246635e-08	0.000000e+00	-1.94060e-02	-2.16652e-02	
1069	5.251635e-08	0.000000e+00	-1.93821e-02	-2.16382e-02	
1070	5.256635e-08	0.000000e+00	-1.93582e-02	-2.16113e-02	
1071	5.261635e-08	0.000000e+00	-1.93344e-02	-2.15844e-02	
1072	5.266635e-08	0.000000e+00	-1.93105e-02	-2.15575e-02	
1073	5.271635e-08	0.000000e+00	-1.92867e-02	-2.15307e-02	
1074	5.276635e-08	0.000000e+00	-1.92630e-02	-2.15039e-02	
1075	5.281635e-08	0.000000e+00	-1.92392e-02	-2.14771e-02	
1076	5.286635e-08	0.000000e+00	-1.92155e-02	-2.14504e-02	
1077	5.291635e-08	0.000000e+00	-1.91918e-02	-2.14237e-02	
1078	5.296635e-08	0.000000e+00	-1.91682e-02	-2.13970e-02	
1079	5.301635e-08	0.000000e+00	-1.91445e-02	-2.13704e-02	
1080	5.306635e-08	0.000000e+00	-1.91209e-02	-2.13438e-02	
1081	5.311635e-08	0.000000e+00	-1.90974e-02	-2.13172e-02	
1082	5.316635e-08	0.000000e+00	-1.90738e-02	-2.12907e-02	
1083	5.321635e-08	0.000000e+00	-1.90503e-02	-2.12642e-02	
1084	5.326635e-08	0.000000e+00	-1.90268e-02	-2.12377e-02	
1085	5.331635e-08	0.000000e+00	-1.90034e-02	-2.12113e-02	
1086	5.336635e-08	0.000000e+00	-1.89799e-02	-2.11849e-02	
1087	5.341635e-08	0.000000e+00	-1.89565e-02	-2.11585e-02	
1088	5.346635e-08	0.000000e+00	-1.89332e-02	-2.11322e-02	
1089	5.351635e-08	0.000000e+00	-1.89098e-02	-2.11059e-02	
1090	5.356635e-08	0.000000e+00	-1.88865e-02	-2.10796e-02	
1091	5.361635e-08	0.000000e+00	-1.88632e-02	-2.10534e-02	
1092	5.366635e-08	0.000000e+00	-1.88400e-02	-2.10272e-02	
1093	5.371635e-08	0.000000e+00	-1.88168e-02	-2.10010e-02	
1094	5.376635e-08	0.000000e+00	-1.87936e-02	-2.09749e-02	
1095	5.381635e-08	0.000000e+00	-1.87704e-02	-2.09488e-02	
1096	5.386635e-08	0.000000e+00	-1.87473e-02	-2.09227e-02	
1097	5.391635e-08	0.000000e+00	-1.87242e-02	-2.08967e-02	
1098	5.396635e-08	0.000000e+00	-1.87011e-02	-2.08707e-02	

Index   time            v(in)           v(ra)           v(rb)           
--------------------------------------------------------------------------------
1099	5.401635e-08	0.000000e+00	-1.86780e-02	-2.08447e-02	
1100	5.406635e-08	0.000000e+00	-1.86550e-02	-2.08188e-02	
1101	5.411635e-08	0.000000e+00	-1.86320e-02	-2.07929e-02	
1102	5.416635e-08	0.000000e+00	-1.86090e-02	-2.07670e-02	
1103	5.421635e-08	0.000000e+00	-1.85861e-02	-2.07411e-02	
1104	5.426635e-08	0.000000e+00	-1.85632e-02	-2.07153e-02	
1105	5.431635e-08	0.000000e+00	-1.85403e-02	-2.06895e-02	
1106	5.436635e-08	0.000000e+00	-1.85174e-02	-2.06638e-02	
1107	5.441635e-08	0.000000e+00	-1.84946e-02	-2.06381e-02	
1108	5.446635e-08	0.000000e+00	-1.84718e-02	-2.06124e-02	
1109	5.451635e-08	0.000000e+00	-1.84490e-02	-2.05868e-02	
1110	5.456635e-08	0.000000e+00	-1.84263e-02	-2.05611e-02	
1111	5.461635e-08	0.000000e+00	-1.84036e-02	-2.05355e-02	
1112	5.466635e-08	0.000000e+00	-1.83809e-02	-2.05100e-02	
1113	5.471635e-08	0.000000e+00	-1.83582e-02	-2.04845e-02	
1114	5.476635e-08	0.000000e+00	-1.83356e-02	-2.04590e-02	
1115	5.481635e-08	0.000000e+00	-1.83130e-02	-2.04335e-02	
1116	5.486635e-08	0.000000e+00	-1.82904e-02	-2.04081e-02	
1117	5.491635e-08	0.000000e+00	-1.82678e-02	-2.03827e-02	
1118	5.496635e-08	0.000000e+00	-1.82453e-02	-2.03573e-02	
1119	5.501635e-08	0.000000e+00	-1.82228e-02	-2.03320e-02	
1120	5.506635e-08	0.000000e+00	-1.82004e-02	-2.03067e-02	
1121	5.511635e-08	0.000000e+00	-1.81779e-02	-2.02814e-02	
1122	5.516635e-08	0.000000e+00	-1.81555e-02	-2.02562e-02	
1123	5.521635e-08	0.000000e+00	-1.81331e-02	-2.02310e-02	
1124	5.526635e-08	0.000000e+00	-1.81108e-02	-2.02058e-02	
1125	5.531635e-08	0.000000e+00	-1.80884e-02	-2.01807e-02	
1126	5.536635e-08	0.000000e+00	-1.80661e-02	-2.01556e-02	
1127	5.541635e-08	0.000000e+00	-1.80439e-02	-2.01305e-02	
1128	5.546635e-08	0.000000e+00	-1.80216e-02	-2.01054e-02	
1129	5.551635e-08	0.000000e+00	-1.79994e-02	-2.00804e-02	
1130	5.556635e-08	0.000000e+00	-1.79772e-02	-2.00554e-02	
1131	5.561635e-08	0.000000e+00	-1.79550e-02	-2.00305e-02	
1132	5.566635e-08	0.000000e+00	-1.79329e-02	-2.00056e-02	
1133	5.571635e-08	0.000000e+00	-1.79108e-02	-1.99807e-02	
1134	5.576635e-08	0.000000e+00	-1.78887e-02	-1.99558e-02	
1135	5.581635e-08	0.000000e+00	-1.78666e-02	-1.99310e-02	
1136	5.586635e-08	0.000000e+00	-1.78446e-02	-1.99062e-02	
1137	5.591635e-08	0.000000e+00	-1.78226e-02	-1.98814e-02	
1138	5.596635e-08	0.000000e+00	-1.78006e-02	-1.98567e-02	
1139	5.601635e-08	0.000000e+00	-1.77787e-02	-1.98320e-02	
1140	5.606635e-08	0.000000e+00	-1.77568e-02	-1.98073e-02	
1141	5.611635e-08	0.000000e+00	-1.77349e-02	-1.97827e-02	
1142	5.616635e-08	0.000000e+00	-1.77130e-02	-1.97580e-02	
1143	5.621635e-08	0.000000e+00	-1.76911e-02	-1.97335e-02	
1144	5.626635e-08	0.000000e+00	-1.76693e-02	-1.97089e-02	
1145	5.631635e-08	0.000000e+00	-1.76475e-02	-1.96844e-02	
1146	5.636635e-08	0.000000e+00	-1.76258e-02	-1.96599e-02	
1147	5.641635e-08	0.000000e+00	-1.76041e-02	-1.96354e-02	
1148	5.646635e-08	0.000000e+00	-1.75823e-02	-1.96110e-02	
1149	5.651635e-08	0.000000e+00	-1.75607e-02	-1.95866e-02	
1150	5.656635e-08	0.000000e+00	-1.75390e-02	-1.95622e-02	
1151	5.661635e-08	0.000000e+00	-1.75174e-02	-1.95379e-02	
1152	5.666635e-08	0.000000e+00	-1.74958e-02	-1.95136e-02	
1153	5.671635e-08	0.000000e+00	-1.74742e-02	-1.94893e-02	
1154	5.676635e-08	0.000000e+00	-1.74527e-02	-1.94651e-02	
1155	5.681635e-08	0.000000e+00	-1.74311e-02	-1.94409e-02	
1156	5.686635e-08	0.000000e+00	-1.74096e-02	-1.94167e-02	

Index   time            v(in)           v(ra)           v(rb)           
--------------------------------------------------------------------------------
1157	5.691635e-08	0.000000e+00	-1.73882e-02	-1.93925e-02	
1158	5.696635e-08	0.000000e+00	-1.73667e-02	-1.93684e-02	
1159	5.701635e-08	0.000000e+00	-1.73453e-02	-1.93443e-02	
1160	5.706635e-08	0.000000e+00	-1.73239e-02	-1.93202e-02	
1161	5.711635e-08	0.000000e+00	-1.73026e-02	-1.92962e-02	
1162	5.716635e-08	0.000000e+00	-1.72812e-02	-1.92722e-02	
1163	5.721635e-08	0.000000e+00	-1.72599e-02	-1.92482e-02	
1164	5.726635e-08	0.000000e+00	-1.72386e-02	-1.92243e-02	
1165	5.731635e-08	0.000000e+00	-1.72174e-02	-1.92004e-02	
1166	5.736635e-08	0.000000e+00	-1.71961e-02	-1.91765e-02	
1167	5.741635e-08	0.000000e+00	-1.71749e-02	-1.91526e-02	
1168	5.746635e-08	0.000000e+00	-1.71537e-02	-1.91288e-02	
1169	5.751635e-08	0.000000e+00	-1.71326e-02	-1.91050e-02	
1170	5.756635e-08	0.000000e+00	-1.71115e-02	-1.90812e-02	
1171	5.761635e-08	0.000000e+00	-1.70904e-02	-1.90575e-02	
1172	5.766635e-08	0.000000e+00	-1.70693e-02	-1.90338e-02	
1173	5.771635e-08	0.000000e+00	-1.70482e-02	-1.90101e-02	
1174	5.776635e-08	0.000000e+00	-1.70272e-02	-1.89865e-02	
1175	5.781635e-08	0.000000e+00	-1.70062e-02	-1.89628e-02	
1176	5.786635e-08	0.000000e+00	-1.69852e-02	-1.89392e-02	
1177	5.791635e-08	0.000000e+00	-1.69643e-02	-1.89157e-02	
1178	5.796635e-08	0.000000e+00	-1.69434e-02	-1.88922e-02	
1179	5.801635e-08	0.000000e+00	-1.69225e-02	-1.88687e-02	
1180	5.806635e-08	0.000000e+00	-1.69016e-02	-1.88452e-02	
1181	5.811635e-08	0.000000e+00	-1.68807e-02	-1.88217e-02	
1182	5.816635e-08	0.000000e+00	-1.68599e-02	-1.87983e-02	
1183	5.821635e-08	0.000000e+00	-1.68391e-02	-1.87749e-02	
1184	5.826635e-08	0.000000e+00	-1.68184e-02	-1.87516e-02	
1185	5.831635e-08	0.000000e+00	-1.67976e-02	-1.87283e-02	
1186	5.836635e-08	0.000000e+00	-1.67769e-02	-1.87050e-02	
1187	5.841635e-08	0.000000e+00	-1.67562e-02	-1.86817e-02	
1188	5.846635e-08	0.000000e+00	-1.67355e-02	-1.86585e-02	
1189	5.851635e-08	0.000000e+00	-1.67149e-02	-1.86353e-02	
1190	5.856635e-08	0.000000e+00	-1.66943e-02	-1.86121e-02	
1191	5.861635e-08	0.000000e+00	-1.66737e-02	-1.85889e-02	
1192	5.866635e-08	0.000000e+00	-1.66531e-02	-1.85658e-02	
1193	5.871635e-08	0.000000e+00	-1.66326e-02	-1.85427e-02	
1194	5.876635e-08	0.000000e+00	-1.66121e-02	-1.85197e-02	
1195	5.881635e-08	0.000000e+00	-1.65916e-02	-1.84966e-02	
1196	5.886635e-08	0.000000e+00	-1.65711e-02	-1.84736e-02	
1197	5.891635e-08	0.000000e+00	-1.65507e-02	-1.84506e-02	
1198	5.896635e-08	0.000000e+00	-1.65303e-02	-1.84277e-02	
1199	5.901635e-08	0.000000e+00	-1.65099e-02	-1.84048e-02	
1200	5.906635e-08	0.000000e+00	-1.64895e-02	-1.83819e-02	
1201	5.911635e-08	0.000000e+00	-1.64692e-02	-1.83590e-02	
1202	5.916635e-08	0.000000e+00	-1.64489e-02	-1.83362e-02	
1203	5.921635e-08	0.000000e+00	-1.64286e-02	-1.83134e-02	
1204	5.926635e-08	0.000000e+00	-1.64083e-02	-1.82906e-02	
1205	5.931635e-08	0.000000e+00	-1.63881e-02	-1.82678e-02	
1206	5.936635e-08	0.000000e+00	-1.63679e-02	-1.82451e-02	
1207	5.941635e-08	0.000000e+00	-1.63477e-02	-1.82224e-02	
1208	5.946635e-08	0.000000e+00	-1.63275e-02	-1.81998e-02	
1209	5.951635e-08	0.000000e+00	-1.63074e-02	-1.81771e-02	
1210	5.956635e-08	0.000000e+00	-1.62872e-02	-1.81545e-02	
1211	5.961635e-08	0.000000e+00	-1.62672e-02	-1.81319e-02	
1212	5.966635e-08	0.000000e+00	-1.62471e-02	-1.81094e-02	
1213	5.971635e-08	0.000000e+00	-1.62270e-02	-1.80869e-02	
1214	5.976635e-08	0.000000e+00	-1.62070e-02	-1.80644e-02	

Index   time            v(in)           v(ra)           v(rb)           
--------------------------------------------------------------------------------
1215	5.981635e-08	0.000000e+00	-1.61870e-02	-1.80419e-02	
1216	5.986635e-08	0.000000e+00	-1.61671e-02	-1.80195e-02	
1217	5.991635e-08	0.000000e+00	-1.61471e-02	-1.79971e-02	
1218	5.996635e-08	0.000000e+00	-1.61272e-02	-1.79747e-02	
1219	6.000000e-08	0.000000e+00	-1.61138e-02	-1.79596e-02	

    * =====================================================================
    Transient Analysis  Sat Aug 29 11:20:18  2026
--------------------------------------------------------------------------------
Index   time            v(owire)        
--------------------------------------------------------------------------------
0	0.000000e+00	0.000000e+00	
1	5.000000e-13	0.000000e+00	
2	1.000000e-12	0.000000e+00	
3	2.000000e-12	0.000000e+00	
4	4.000000e-12	0.000000e+00	
5	8.000000e-12	0.000000e+00	
6	1.600000e-11	0.000000e+00	
7	3.200000e-11	0.000000e+00	
8	6.400000e-11	0.000000e+00	
9	1.140000e-10	0.000000e+00	
10	1.640000e-10	0.000000e+00	
11	2.140000e-10	0.000000e+00	
12	2.640000e-10	0.000000e+00	
13	3.140000e-10	0.000000e+00	
14	3.640000e-10	0.000000e+00	
15	4.140000e-10	0.000000e+00	
16	4.640000e-10	0.000000e+00	
17	5.140000e-10	0.000000e+00	
18	5.640000e-10	0.000000e+00	
19	6.140000e-10	0.000000e+00	
20	6.640000e-10	0.000000e+00	
21	7.140000e-10	0.000000e+00	
22	7.640000e-10	0.000000e+00	
23	8.140000e-10	0.000000e+00	
24	8.640000e-10	0.000000e+00	
25	9.140000e-10	0.000000e+00	
26	9.640000e-10	0.000000e+00	
27	1.014000e-09	0.000000e+00	
28	1.064000e-09	0.000000e+00	
29	1.114000e-09	0.000000e+00	
30	1.164000e-09	0.000000e+00	
31	1.214000e-09	0.000000e+00	
32	1.264000e-09	0.000000e+00	
33	1.314000e-09	0.000000e+00	
34	1.364000e-09	0.000000e+00	
35	1.414000e-09	0.000000e+00	
36	1.464000e-09	0.000000e+00	
37	1.514000e-09	0.000000e+00	
38	1.564000e-09	0.000000e+00	
39	1.614000e-09	0.000000e+00	
40	1.664000e-09	0.000000e+00	
41	1.714000e-09	0.000000e+00	
42	1.764000e-09	0.000000e+00	
43	1.814000e-09	0.000000e+00	
44	1.864000e-09	0.000000e+00	
45	1.914000e-09	0.000000e+00	
46	1.964000e-09	0.000000e+00	
47	2.014000e-09	0.000000e+00	
48	2.064000e-09	0.000000e+00	
49	2.114000e-09	0.000000e+00	
50	2.164000e-09	0.000000e+00	
51	2.214000e-09	0.000000e+00	
52	2.264000e-09	0.000000e+00	
53	2.314000e-09	0.000000e+00	
54	2.364000e-09	0.000000e+00	

Index   time            v(owire)        
--------------------------------------------------------------------------------
55	2.414000e-09	0.000000e+00	
56	2.464000e-09	0.000000e+00	
57	2.514000e-09	0.000000e+00	
58	2.564000e-09	0.000000e+00	
59	2.614000e-09	0.000000e+00	
60	2.664000e-09	0.000000e+00	
61	2.714000e-09	0.000000e+00	
62	2.764000e-09	0.000000e+00	
63	2.814000e-09	0.000000e+00	
64	2.864000e-09	0.000000e+00	
65	2.914000e-09	0.000000e+00	
66	2.964000e-09	0.000000e+00	
67	3.014000e-09	0.000000e+00	
68	3.064000e-09	0.000000e+00	
69	3.114000e-09	0.000000e+00	
70	3.164000e-09	0.000000e+00	
71	3.214000e-09	0.000000e+00	
72	3.264000e-09	0.000000e+00	
73	3.314000e-09	0.000000e+00	
74	3.364000e-09	0.000000e+00	
75	3.414000e-09	0.000000e+00	
76	3.464000e-09	0.000000e+00	
77	3.514000e-09	0.000000e+00	
78	3.564000e-09	0.000000e+00	
79	3.614000e-09	0.000000e+00	
80	3.664000e-09	0.000000e+00	
81	3.714000e-09	0.000000e+00	
82	3.764000e-09	0.000000e+00	
83	3.814000e-09	0.000000e+00	
84	3.864000e-09	0.000000e+00	
85	3.914000e-09	0.000000e+00	
86	3.964000e-09	0.000000e+00	
87	4.014000e-09	0.000000e+00	
88	4.064000e-09	0.000000e+00	
89	4.114000e-09	0.000000e+00	
90	4.164000e-09	0.000000e+00	
91	4.214000e-09	0.000000e+00	
92	4.264000e-09	0.000000e+00	
93	4.314000e-09	0.000000e+00	
94	4.364000e-09	0.000000e+00	
95	4.414000e-09	0.000000e+00	
96	4.464000e-09	0.000000e+00	
97	4.514000e-09	0.000000e+00	
98	4.564000e-09	0.000000e+00	
99	4.614000e-09	0.000000e+00	
100	4.664000e-09	0.000000e+00	
101	4.714000e-09	0.000000e+00	
102	4.764000e-09	0.000000e+00	
103	4.814000e-09	0.000000e+00	
104	4.864000e-09	0.000000e+00	
105	4.914000e-09	0.000000e+00	
106	4.964000e-09	0.000000e+00	
107	5.014000e-09	0.000000e+00	
108	5.064000e-09	0.000000e+00	
109	5.114000e-09	0.000000e+00	
110	5.164000e-09	0.000000e+00	
111	5.214000e-09	0.000000e+00	
112	5.264000e-09	0.000000e+00	

Index   time            v(owire)        
--------------------------------------------------------------------------------
113	5.314000e-09	0.000000e+00	
114	5.364000e-09	0.000000e+00	
115	5.414000e-09	0.000000e+00	
116	5.464000e-09	0.000000e+00	
117	5.514000e-09	0.000000e+00	
118	5.564000e-09	0.000000e+00	
119	5.614000e-09	0.000000e+00	
120	5.664000e-09	0.000000e+00	
121	5.714000e-09	0.000000e+00	
122	5.764000e-09	0.000000e+00	
123	5.814000e-09	0.000000e+00	
124	5.864000e-09	0.000000e+00	
125	5.914000e-09	0.000000e+00	
126	5.964000e-09	0.000000e+00	
127	6.014000e-09	0.000000e+00	
128	6.064000e-09	0.000000e+00	
129	6.114000e-09	0.000000e+00	
130	6.164000e-09	0.000000e+00	
131	6.214000e-09	0.000000e+00	
132	6.264000e-09	0.000000e+00	
133	6.314000e-09	0.000000e+00	
134	6.364000e-09	0.000000e+00	
135	6.414000e-09	0.000000e+00	
136	6.464000e-09	0.000000e+00	
137	6.514000e-09	0.000000e+00	
138	6.564000e-09	0.000000e+00	
139	6.614000e-09	0.000000e+00	
140	6.664000e-09	0.000000e+00	
141	6.714000e-09	0.000000e+00	
142	6.764000e-09	0.000000e+00	
143	6.814000e-09	0.000000e+00	
144	6.864000e-09	0.000000e+00	
145	6.914000e-09	0.000000e+00	
146	6.964000e-09	0.000000e+00	
147	7.014000e-09	0.000000e+00	
148	7.064000e-09	0.000000e+00	
149	7.114000e-09	0.000000e+00	
150	7.164000e-09	0.000000e+00	
151	7.214000e-09	0.000000e+00	
152	7.264000e-09	0.000000e+00	
153	7.314000e-09	0.000000e+00	
154	7.364000e-09	0.000000e+00	
155	7.414000e-09	0.000000e+00	
156	7.464000e-09	0.000000e+00	
157	7.514000e-09	0.000000e+00	
158	7.564000e-09	0.000000e+00	
159	7.614000e-09	0.000000e+00	
160	7.664000e-09	0.000000e+00	
161	7.714000e-09	0.000000e+00	
162	7.764000e-09	0.000000e+00	
163	7.814000e-09	0.000000e+00	
164	7.864000e-09	0.000000e+00	
165	7.914000e-09	0.000000e+00	
166	7.964000e-09	0.000000e+00	
167	8.014000e-09	0.000000e+00	
168	8.064000e-09	0.000000e+00	
169	8.114000e-09	0.000000e+00	
170	8.164000e-09	0.000000e+00	

Index   time            v(owire)        
--------------------------------------------------------------------------------
171	8.214000e-09	0.000000e+00	
172	8.264000e-09	0.000000e+00	
173	8.314000e-09	0.000000e+00	
174	8.364000e-09	0.000000e+00	
175	8.414000e-09	0.000000e+00	
176	8.464000e-09	0.000000e+00	
177	8.514000e-09	0.000000e+00	
178	8.564000e-09	0.000000e+00	
179	8.614000e-09	0.000000e+00	
180	8.664000e-09	0.000000e+00	
181	8.714000e-09	0.000000e+00	
182	8.764000e-09	0.000000e+00	
183	8.814000e-09	0.000000e+00	
184	8.864000e-09	0.000000e+00	
185	8.914000e-09	0.000000e+00	
186	8.964000e-09	0.000000e+00	
187	9.014000e-09	0.000000e+00	
188	9.064000e-09	0.000000e+00	
189	9.114000e-09	0.000000e+00	
190	9.164000e-09	0.000000e+00	
191	9.214000e-09	0.000000e+00	
192	9.264000e-09	0.000000e+00	
193	9.314000e-09	0.000000e+00	
194	9.364000e-09	0.000000e+00	
195	9.414000e-09	0.000000e+00	
196	9.464000e-09	0.000000e+00	
197	9.514000e-09	0.000000e+00	
198	9.564000e-09	0.000000e+00	
199	9.614000e-09	0.000000e+00	
200	9.664000e-09	0.000000e+00	
201	9.714000e-09	0.000000e+00	
202	9.764000e-09	0.000000e+00	
203	9.814000e-09	0.000000e+00	
204	9.864000e-09	0.000000e+00	
205	9.914000e-09	0.000000e+00	
206	9.964000e-09	0.000000e+00	
207	1.000000e-08	0.000000e+00	
208	1.000500e-08	0.000000e+00	
209	1.001500e-08	0.000000e+00	
210	1.003500e-08	0.000000e+00	
211	1.007500e-08	0.000000e+00	
212	1.011671e-08	0.000000e+00	
213	1.016671e-08	0.000000e+00	
214	1.021671e-08	0.000000e+00	
215	1.026671e-08	0.000000e+00	
216	1.031671e-08	0.000000e+00	
217	1.036671e-08	0.000000e+00	
218	1.041671e-08	-1.98861e-04	
219	1.046671e-08	-3.74177e-03	
220	1.051671e-08	-1.73100e-02	
221	1.056671e-08	-4.82415e-02	
222	1.061671e-08	-1.03588e-01	
223	1.066671e-08	-1.90062e-01	
224	1.071671e-08	-3.13959e-01	
225	1.076671e-08	-4.81073e-01	
226	1.081671e-08	-6.96615e-01	
227	1.086671e-08	-8.86911e-01	
228	1.091671e-08	-9.70261e-01	

Index   time            v(owire)        
--------------------------------------------------------------------------------
229	1.096671e-08	-9.80887e-01	
230	1.100000e-08	-9.81774e-01	
231	1.100500e-08	-9.82176e-01	
232	1.101500e-08	-9.83067e-01	
233	1.103500e-08	-9.84507e-01	
234	1.107500e-08	-9.85272e-01	
235	1.112500e-08	-9.85218e-01	
236	1.117500e-08	-9.85208e-01	
237	1.122500e-08	-9.85182e-01	
238	1.127500e-08	-9.85170e-01	
239	1.132500e-08	-9.85148e-01	
240	1.137500e-08	-9.85134e-01	
241	1.142500e-08	-9.85114e-01	
242	1.147500e-08	-9.85099e-01	
243	1.152500e-08	-9.85080e-01	
244	1.157500e-08	-9.85065e-01	
245	1.162500e-08	-9.85046e-01	
246	1.167500e-08	-9.85031e-01	
247	1.172500e-08	-9.85012e-01	
248	1.177500e-08	-9.84997e-01	
249	1.182500e-08	-9.84979e-01	
250	1.187500e-08	-9.84964e-01	
251	1.192500e-08	-9.84945e-01	
252	1.197500e-08	-9.84930e-01	
253	1.202500e-08	-9.84912e-01	
254	1.207500e-08	-9.84898e-01	
255	1.212500e-08	-9.84880e-01	
256	1.217500e-08	-9.84865e-01	
257	1.222500e-08	-9.84847e-01	
258	1.227500e-08	-9.84833e-01	
259	1.232500e-08	-9.84815e-01	
260	1.237500e-08	-9.84801e-01	
261	1.242500e-08	-9.84783e-01	
262	1.247500e-08	-9.84769e-01	
263	1.252500e-08	-9.84752e-01	
264	1.257500e-08	-9.84738e-01	
265	1.262500e-08	-9.84721e-01	
266	1.267500e-08	-9.84707e-01	
267	1.272500e-08	-9.84690e-01	
268	1.277500e-08	-9.84676e-01	
269	1.282500e-08	-9.84659e-01	
270	1.287500e-08	-9.84645e-01	
271	1.292500e-08	-9.84629e-01	
272	1.297500e-08	-9.84615e-01	
273	1.302500e-08	-9.84599e-01	
274	1.307500e-08	-9.84586e-01	
275	1.312500e-08	-9.84570e-01	
276	1.317500e-08	-9.84556e-01	
277	1.322500e-08	-9.84541e-01	
278	1.327500e-08	-9.84527e-01	
279	1.332500e-08	-9.84512e-01	
280	1.337500e-08	-9.84499e-01	
281	1.342500e-08	-9.84483e-01	
282	1.347500e-08	-9.84470e-01	
283	1.352500e-08	-9.84455e-01	
284	1.357500e-08	-9.84442e-01	
285	1.362500e-08	-9.84428e-01	
286	1.367500e-08	-9.84415e-01	

Index   time            v(owire)        
--------------------------------------------------------------------------------
287	1.372500e-08	-9.84400e-01	
288	1.377500e-08	-9.84387e-01	
289	1.382500e-08	-9.84373e-01	
290	1.387500e-08	-9.84361e-01	
291	1.392500e-08	-9.84346e-01	
292	1.397500e-08	-9.84334e-01	
293	1.402500e-08	-9.84320e-01	
294	1.407500e-08	-9.84308e-01	
295	1.412500e-08	-9.84294e-01	
296	1.417500e-08	-9.84282e-01	
297	1.422500e-08	-9.84268e-01	
298	1.427500e-08	-9.84257e-01	
299	1.432500e-08	-9.84243e-01	
300	1.437500e-08	-9.84231e-01	
301	1.442500e-08	-9.84218e-01	
302	1.447500e-08	-9.84207e-01	
303	1.452500e-08	-9.84194e-01	
304	1.457500e-08	-9.84182e-01	
305	1.462500e-08	-9.84170e-01	
306	1.467500e-08	-9.84158e-01	
307	1.472500e-08	-9.84146e-01	
308	1.477500e-08	-9.84135e-01	
309	1.482500e-08	-9.84122e-01	
310	1.487500e-08	-9.84111e-01	
311	1.492500e-08	-9.84099e-01	
312	1.497500e-08	-9.84088e-01	
313	1.500000e-08	-9.84082e-01	
314	1.500500e-08	-9.84315e-01	
315	1.501500e-08	-9.84958e-01	
316	1.503500e-08	-9.85988e-01	
317	1.507500e-08	-9.85686e-01	
318	1.512500e-08	-9.83771e-01	
319	1.517500e-08	-9.81457e-01	
320	1.522500e-08	-9.78529e-01	
321	1.527500e-08	-9.74658e-01	
322	1.532500e-08	-9.69157e-01	
323	1.537500e-08	-9.60540e-01	
324	1.542500e-08	-9.41601e-01	
325	1.547500e-08	-9.06778e-01	
326	1.552500e-08	-8.64907e-01	
327	1.557500e-08	-8.22730e-01	
328	1.562500e-08	-7.82597e-01	
329	1.567500e-08	-7.44422e-01	
330	1.572500e-08	-7.08109e-01	
331	1.577500e-08	-6.73567e-01	
332	1.582500e-08	-6.40710e-01	
333	1.587500e-08	-6.09456e-01	
334	1.592500e-08	-5.79726e-01	
335	1.597500e-08	-5.51447e-01	
336	1.600000e-08	-5.37831e-01	
337	1.600500e-08	-5.35155e-01	
338	1.601500e-08	-5.29830e-01	
339	1.603500e-08	-5.19338e-01	
340	1.607500e-08	-4.98972e-01	
341	1.611635e-08	-4.78755e-01	
342	1.616635e-08	-4.55402e-01	
343	1.621635e-08	-4.33187e-01	
344	1.626635e-08	-4.12056e-01	

Index   time            v(owire)        
--------------------------------------------------------------------------------
345	1.631635e-08	-3.91955e-01	
346	1.636635e-08	-3.72836e-01	
347	1.641635e-08	-3.54649e-01	
348	1.646635e-08	-3.37349e-01	
349	1.651635e-08	-3.20893e-01	
350	1.656635e-08	-3.05239e-01	
351	1.661635e-08	-2.90350e-01	
352	1.666635e-08	-2.76186e-01	
353	1.671635e-08	-2.62714e-01	
354	1.676635e-08	-2.49898e-01	
355	1.681635e-08	-2.37708e-01	
356	1.686635e-08	-2.26113e-01	
357	1.691635e-08	-2.15083e-01	
358	1.696635e-08	-2.04591e-01	
359	1.701635e-08	-1.94611e-01	
360	1.706635e-08	-1.85118e-01	
361	1.711635e-08	-1.76088e-01	
362	1.716635e-08	-1.67498e-01	
363	1.721635e-08	-1.59327e-01	
364	1.726635e-08	-1.51555e-01	
365	1.731635e-08	-1.44162e-01	
366	1.736635e-08	-1.37130e-01	
367	1.741635e-08	-1.30441e-01	
368	1.746635e-08	-1.24078e-01	
369	1.751635e-08	-1.18025e-01	
370	1.756635e-08	-1.12268e-01	
371	1.761635e-08	-1.06791e-01	
372	1.766635e-08	-1.01582e-01	
373	1.771635e-08	-9.66268e-02	
374	1.776635e-08	-9.19133e-02	
375	1.781635e-08	-8.74297e-02	
376	1.786635e-08	-8.31649e-02	
377	1.791635e-08	-7.91080e-02	
378	1.796635e-08	-7.52491e-02	
379	1.801635e-08	-7.15784e-02	
380	1.806635e-08	-6.80868e-02	
381	1.811635e-08	-6.47655e-02	
382	1.816635e-08	-6.16062e-02	
383	1.821635e-08	-5.86010e-02	
384	1.826635e-08	-5.57424e-02	
385	1.831635e-08	-5.30233e-02	
386	1.836635e-08	-5.04368e-02	
387	1.841635e-08	-4.79764e-02	
388	1.846635e-08	-4.56361e-02	
389	1.851635e-08	-4.34100e-02	
390	1.856635e-08	-4.12924e-02	
391	1.861635e-08	-3.92782e-02	
392	1.866635e-08	-3.73621e-02	
393	1.871635e-08	-3.55396e-02	
394	1.876635e-08	-3.38060e-02	
395	1.881635e-08	-3.21569e-02	
396	1.886635e-08	-3.05883e-02	
397	1.891635e-08	-2.90961e-02	
398	1.896635e-08	-2.76768e-02	
399	1.901635e-08	-2.63267e-02	
400	1.906635e-08	-2.50425e-02	
401	1.911635e-08	-2.38209e-02	
402	1.916635e-08	-2.26589e-02	

Index   time            v(owire)        
--------------------------------------------------------------------------------
403	1.921635e-08	-2.15536e-02	
404	1.926635e-08	-2.05022e-02	
405	1.931635e-08	-1.95021e-02	
406	1.936635e-08	-1.85508e-02	
407	1.941635e-08	-1.76459e-02	
408	1.946635e-08	-1.67851e-02	
409	1.951635e-08	-1.59663e-02	
410	1.956635e-08	-1.51875e-02	
411	1.961635e-08	-1.44466e-02	
412	1.966635e-08	-1.37419e-02	
413	1.971635e-08	-1.30716e-02	
414	1.976635e-08	-1.24339e-02	
415	1.981635e-08	-1.18274e-02	
416	1.986635e-08	-1.12504e-02	
417	1.991635e-08	-1.07016e-02	
418	1.996635e-08	-1.01796e-02	
419	2.001635e-08	-9.68304e-03	
420	2.006635e-08	-9.21070e-03	
421	2.011635e-08	-8.76140e-03	
422	2.016635e-08	-8.33401e-03	
423	2.021635e-08	-7.92748e-03	
424	2.026635e-08	-7.54077e-03	
425	2.031635e-08	-7.17293e-03	
426	2.036635e-08	-6.82303e-03	
427	2.041635e-08	-6.49020e-03	
428	2.046635e-08	-6.17360e-03	
429	2.051635e-08	-5.87245e-03	
430	2.056635e-08	-5.58599e-03	
431	2.061635e-08	-5.31350e-03	
432	2.066635e-08	-5.05431e-03	
433	2.071635e-08	-4.80776e-03	
434	2.076635e-08	-4.57323e-03	
435	2.081635e-08	-4.35015e-03	
436	2.086635e-08	-4.13794e-03	
437	2.091635e-08	-3.93609e-03	
438	2.096635e-08	-3.74409e-03	
439	2.101635e-08	-3.56145e-03	
440	2.106635e-08	-3.38772e-03	
441	2.111635e-08	-3.22247e-03	
442	2.116635e-08	-3.06527e-03	
443	2.121635e-08	-2.91575e-03	
444	2.126635e-08	-2.77352e-03	
445	2.131635e-08	-2.63822e-03	
446	2.136635e-08	-2.50953e-03	
447	2.141635e-08	-2.38711e-03	
448	2.146635e-08	-2.27067e-03	
449	2.151635e-08	-2.15990e-03	
450	2.156635e-08	-2.05454e-03	
451	2.161635e-08	-1.95432e-03	
452	2.166635e-08	-1.85899e-03	
453	2.171635e-08	-1.76831e-03	
454	2.176635e-08	-1.68205e-03	
455	2.181635e-08	-1.60000e-03	
456	2.186635e-08	-1.52195e-03	
457	2.191635e-08	-1.44771e-03	
458	2.196635e-08	-1.37709e-03	
459	2.201635e-08	-1.30991e-03	
460	2.206635e-08	-1.24601e-03	

Index   time            v(owire)        
--------------------------------------------------------------------------------
461	2.211635e-08	-1.18523e-03	
462	2.216635e-08	-1.12742e-03	
463	2.221635e-08	-1.07242e-03	
464	2.226635e-08	-1.02011e-03	
465	2.231635e-08	-9.70345e-04	
466	2.236635e-08	-9.23011e-04	
467	2.241635e-08	-8.77986e-04	
468	2.246635e-08	-8.35158e-04	
469	2.251635e-08	-7.94418e-04	
470	2.256635e-08	-7.55666e-04	
471	2.261635e-08	-7.18804e-04	
472	2.266635e-08	-6.83741e-04	
473	2.271635e-08	-6.50388e-04	
474	2.276635e-08	-6.18661e-04	
475	2.281635e-08	-5.88483e-04	
476	2.286635e-08	-5.59776e-04	
477	2.291635e-08	-5.32470e-04	
478	2.296635e-08	-5.06496e-04	
479	2.301635e-08	-4.81789e-04	
480	2.306635e-08	-4.58287e-04	
481	2.311635e-08	-4.35931e-04	
482	2.316635e-08	-4.14666e-04	
483	2.321635e-08	-3.94439e-04	
484	2.326635e-08	-3.75198e-04	
485	2.331635e-08	-3.56896e-04	
486	2.336635e-08	-3.39486e-04	
487	2.341635e-08	-3.22926e-04	
488	2.346635e-08	-3.07173e-04	
489	2.351635e-08	-2.92189e-04	
490	2.356635e-08	-2.77936e-04	
491	2.361635e-08	-2.64378e-04	
492	2.366635e-08	-2.51482e-04	
493	2.371635e-08	-2.39214e-04	
494	2.376635e-08	-2.27545e-04	
495	2.381635e-08	-2.16446e-04	
496	2.386635e-08	-2.05887e-04	
497	2.391635e-08	-1.95844e-04	
498	2.396635e-08	-1.86291e-04	
499	2.401635e-08	-1.77203e-04	
500	2.406635e-08	-1.68559e-04	
501	2.411635e-08	-1.60337e-04	
502	2.416635e-08	-1.52515e-04	
503	2.421635e-08	-1.45076e-04	
504	2.426635e-08	-1.37999e-04	
505	2.431635e-08	-1.31267e-04	
506	2.436635e-08	-1.24864e-04	
507	2.441635e-08	-1.18773e-04	
508	2.446635e-08	-1.12979e-04	
509	2.451635e-08	-1.07468e-04	
510	2.456635e-08	-1.02226e-04	
511	2.461635e-08	-9.72390e-05	
512	2.466635e-08	-9.24956e-05	
513	2.471635e-08	-8.79837e-05	
514	2.476635e-08	-8.36918e-05	
515	2.481635e-08	-7.96093e-05	
516	2.486635e-08	-7.57259e-05	
517	2.491635e-08	-7.20319e-05	
518	2.496635e-08	-6.85182e-05	

Index   time            v(owire)        
--------------------------------------------------------------------------------
519	2.501635e-08	-6.51758e-05	
520	2.506635e-08	-6.19965e-05	
521	2.511635e-08	-5.89723e-05	
522	2.516635e-08	-5.60956e-05	
523	2.521635e-08	-5.33592e-05	
524	2.526635e-08	-5.07563e-05	
525	2.531635e-08	-4.82804e-05	
526	2.536635e-08	-4.59253e-05	
527	2.541635e-08	-4.36850e-05	
528	2.546635e-08	-4.15540e-05	
529	2.551635e-08	-3.95270e-05	
530	2.556635e-08	-3.75989e-05	
531	2.561635e-08	-3.57648e-05	
532	2.566635e-08	-3.40201e-05	
533	2.571635e-08	-3.23606e-05	
534	2.576635e-08	-3.07821e-05	
535	2.581635e-08	-2.92805e-05	
536	2.586635e-08	-2.78522e-05	
537	2.591635e-08	-2.64935e-05	
538	2.596635e-08	-2.52012e-05	
539	2.601635e-08	-2.39718e-05	
540	2.606635e-08	-2.28025e-05	
541	2.611635e-08	-2.16902e-05	
542	2.616635e-08	-2.06321e-05	
543	2.621635e-08	-1.96257e-05	
544	2.626635e-08	-1.86683e-05	
545	2.631635e-08	-1.77577e-05	
546	2.636635e-08	-1.68914e-05	
547	2.641635e-08	-1.60675e-05	
548	2.646635e-08	-1.52837e-05	
549	2.651635e-08	-1.45381e-05	
550	2.656635e-08	-1.38290e-05	
551	2.661635e-08	-1.31544e-05	
552	2.666635e-08	-1.25127e-05	
553	2.671635e-08	-1.19023e-05	
554	2.676635e-08	-1.13217e-05	
555	2.681635e-08	-1.07694e-05	
556	2.686635e-08	-1.02441e-05	
557	2.691635e-08	-9.74439e-06	
558	2.696635e-08	-9.26906e-06	
559	2.701635e-08	-8.81691e-06	
560	2.706635e-08	-8.38682e-06	
561	2.711635e-08	-7.97770e-06	
562	2.716635e-08	-7.58855e-06	
563	2.721635e-08	-7.21837e-06	
564	2.726635e-08	-6.86626e-06	
565	2.731635e-08	-6.53132e-06	
566	2.736635e-08	-6.21272e-06	
567	2.741635e-08	-5.90966e-06	
568	2.746635e-08	-5.62138e-06	
569	2.751635e-08	-5.34717e-06	
570	2.756635e-08	-5.08633e-06	
571	2.761635e-08	-4.83822e-06	
572	2.766635e-08	-4.60221e-06	
573	2.771635e-08	-4.37771e-06	
574	2.776635e-08	-4.16416e-06	
575	2.781635e-08	-3.96103e-06	
576	2.786635e-08	-3.76781e-06	

Index   time            v(owire)        
--------------------------------------------------------------------------------
577	2.791635e-08	-3.58401e-06	
578	2.796635e-08	-3.40918e-06	
579	2.801635e-08	-3.24288e-06	
580	2.806635e-08	-3.08469e-06	
581	2.811635e-08	-2.93422e-06	
582	2.816635e-08	-2.79109e-06	
583	2.821635e-08	-2.65494e-06	
584	2.826635e-08	-2.52543e-06	
585	2.831635e-08	-2.40224e-06	
586	2.836635e-08	-2.28505e-06	
587	2.841635e-08	-2.17359e-06	
588	2.846635e-08	-2.06756e-06	
589	2.851635e-08	-1.96670e-06	
590	2.856635e-08	-1.87077e-06	
591	2.861635e-08	-1.77951e-06	
592	2.866635e-08	-1.69270e-06	
593	2.871635e-08	-1.61013e-06	
594	2.876635e-08	-1.53159e-06	
595	2.881635e-08	-1.45688e-06	
596	2.886635e-08	-1.38581e-06	
597	2.891635e-08	-1.31821e-06	
598	2.896635e-08	-1.25391e-06	
599	2.901635e-08	-1.19274e-06	
600	2.906635e-08	-1.13456e-06	
601	2.911635e-08	-1.07921e-06	
602	2.916635e-08	-1.02657e-06	
603	2.921635e-08	-9.76493e-07	
604	2.926635e-08	-9.28859e-07	
605	2.931635e-08	-8.83549e-07	
606	2.936635e-08	-8.40449e-07	
607	2.941635e-08	-7.99452e-07	
608	2.946635e-08	-7.60454e-07	
609	2.951635e-08	-7.23359e-07	
610	2.956635e-08	-6.88073e-07	
611	2.961635e-08	-6.54508e-07	
612	2.966635e-08	-6.22581e-07	
613	2.971635e-08	-5.92211e-07	
614	2.976635e-08	-5.63323e-07	
615	2.981635e-08	-5.35844e-07	
616	2.986635e-08	-5.09705e-07	
617	2.991635e-08	-4.84841e-07	
618	2.996635e-08	-4.61191e-07	
619	3.001635e-08	-4.38693e-07	
620	3.006635e-08	-4.17294e-07	
621	3.011635e-08	-3.96938e-07	
622	3.016635e-08	-3.77575e-07	
623	3.021635e-08	-3.59157e-07	
624	3.026635e-08	-3.41637e-07	
625	3.031635e-08	-3.24972e-07	
626	3.036635e-08	-3.09119e-07	
627	3.041635e-08	-2.94040e-07	
628	3.046635e-08	-2.79697e-07	
629	3.051635e-08	-2.66053e-07	
630	3.056635e-08	-2.53075e-07	
631	3.061635e-08	-2.40730e-07	
632	3.066635e-08	-2.28987e-07	
633	3.071635e-08	-2.17817e-07	
634	3.076635e-08	-2.07192e-07	

Index   time            v(owire)        
--------------------------------------------------------------------------------
635	3.081635e-08	-1.97085e-07	
636	3.086635e-08	-1.87471e-07	
637	3.091635e-08	-1.78326e-07	
638	3.096635e-08	-1.69627e-07	
639	3.101635e-08	-1.61353e-07	
640	3.106635e-08	-1.53482e-07	
641	3.111635e-08	-1.45995e-07	
642	3.116635e-08	-1.38873e-07	
643	3.121635e-08	-1.32099e-07	
644	3.126635e-08	-1.25655e-07	
645	3.131635e-08	-1.19525e-07	
646	3.136635e-08	-1.13695e-07	
647	3.141635e-08	-1.08149e-07	
648	3.146635e-08	-1.02873e-07	
649	3.151635e-08	-9.78551e-08	
650	3.156635e-08	-9.30817e-08	
651	3.161635e-08	-8.85411e-08	
652	3.166635e-08	-8.42220e-08	
653	3.171635e-08	-8.01136e-08	
654	3.176635e-08	-7.62057e-08	
655	3.181635e-08	-7.24883e-08	
656	3.186635e-08	-6.89523e-08	
657	3.191635e-08	-6.55888e-08	
658	3.196635e-08	-6.23893e-08	
659	3.201635e-08	-5.93459e-08	
660	3.206635e-08	-5.64510e-08	
661	3.211635e-08	-5.36973e-08	
662	3.216635e-08	-5.10779e-08	
663	3.221635e-08	-4.85863e-08	
664	3.226635e-08	-4.62162e-08	
665	3.231635e-08	-4.39618e-08	
666	3.236635e-08	-4.18173e-08	
667	3.241635e-08	-3.97774e-08	
668	3.246635e-08	-3.78371e-08	
669	3.251635e-08	-3.59914e-08	
670	3.256635e-08	-3.42357e-08	
671	3.261635e-08	-3.25657e-08	
672	3.266635e-08	-3.09771e-08	
673	3.271635e-08	-2.94660e-08	
674	3.276635e-08	-2.80286e-08	
675	3.281635e-08	-2.66614e-08	
676	3.286635e-08	-2.53608e-08	
677	3.291635e-08	-2.41237e-08	
678	3.296635e-08	-2.29470e-08	
679	3.301635e-08	-2.18276e-08	
680	3.306635e-08	-2.07628e-08	
681	3.311635e-08	-1.97500e-08	
682	3.316635e-08	-1.87866e-08	
683	3.321635e-08	-1.78702e-08	
684	3.326635e-08	-1.69985e-08	
685	3.331635e-08	-1.61693e-08	
686	3.336635e-08	-1.53805e-08	
687	3.341635e-08	-1.46303e-08	
688	3.346635e-08	-1.39166e-08	
689	3.351635e-08	-1.32377e-08	
690	3.356635e-08	-1.25920e-08	
691	3.361635e-08	-1.19777e-08	
692	3.366635e-08	-1.13935e-08	

Index   time            v(owire)        
--------------------------------------------------------------------------------
693	3.371635e-08	-1.08377e-08	
694	3.376635e-08	-1.03090e-08	
695	3.381635e-08	-9.80613e-09	
696	3.386635e-08	-9.32779e-09	
697	3.391635e-08	-8.87277e-09	
698	3.396635e-08	-8.43995e-09	
699	3.401635e-08	-8.02825e-09	
700	3.406635e-08	-7.63663e-09	
701	3.411635e-08	-7.26411e-09	
702	3.416635e-08	-6.90976e-09	
703	3.421635e-08	-6.57270e-09	
704	3.426635e-08	-6.25208e-09	
705	3.431635e-08	-5.94710e-09	
706	3.436635e-08	-5.65700e-09	
707	3.441635e-08	-5.38105e-09	
708	3.446635e-08	-5.11856e-09	
709	3.451635e-08	-4.86887e-09	
710	3.456635e-08	-4.63136e-09	
711	3.461635e-08	-4.40544e-09	
712	3.466635e-08	-4.19054e-09	
713	3.471635e-08	-3.98613e-09	
714	3.476635e-08	-3.79168e-09	
715	3.481635e-08	-3.60672e-09	
716	3.486635e-08	-3.43078e-09	
717	3.491635e-08	-3.26343e-09	
718	3.496635e-08	-3.10424e-09	
719	3.501635e-08	-2.95281e-09	
720	3.506635e-08	-2.80877e-09	
721	3.511635e-08	-2.67176e-09	
722	3.516635e-08	-2.54143e-09	
723	3.521635e-08	-2.41746e-09	
724	3.526635e-08	-2.29953e-09	
725	3.531635e-08	-2.18736e-09	
726	3.536635e-08	-2.08066e-09	
727	3.541635e-08	-1.97916e-09	
728	3.546635e-08	-1.88262e-09	
729	3.551635e-08	-1.79078e-09	
730	3.556635e-08	-1.70343e-09	
731	3.561635e-08	-1.62033e-09	
732	3.566635e-08	-1.54129e-09	
733	3.571635e-08	-1.46611e-09	
734	3.576635e-08	-1.39459e-09	
735	3.581635e-08	-1.32656e-09	
736	3.586635e-08	-1.26185e-09	
737	3.591635e-08	-1.20030e-09	
738	3.596635e-08	-1.14175e-09	
739	3.601635e-08	-1.08605e-09	
740	3.606635e-08	-1.03307e-09	
741	3.611635e-08	-9.82680e-10	
742	3.616635e-08	-9.34744e-10	
743	3.621635e-08	-8.89147e-10	
744	3.626635e-08	-8.45774e-10	
745	3.631635e-08	-8.04517e-10	
746	3.636635e-08	-7.65272e-10	
747	3.641635e-08	-7.27942e-10	
748	3.646635e-08	-6.92432e-10	
749	3.651635e-08	-6.58655e-10	
750	3.656635e-08	-6.26526e-10	

Index   time            v(owire)        
--------------------------------------------------------------------------------
751	3.661635e-08	-5.95963e-10	
752	3.666635e-08	-5.66892e-10	
753	3.671635e-08	-5.39239e-10	
754	3.676635e-08	-5.12934e-10	
755	3.681635e-08	-4.87913e-10	
756	3.686635e-08	-4.64113e-10	
757	3.691635e-08	-4.41473e-10	
758	3.696635e-08	-4.19938e-10	
759	3.701635e-08	-3.99453e-10	
760	3.706635e-08	-3.79967e-10	
761	3.711635e-08	-3.61432e-10	
762	3.716635e-08	-3.43802e-10	
763	3.721635e-08	-3.27031e-10	
764	3.726635e-08	-3.11078e-10	
765	3.731635e-08	-2.95903e-10	
766	3.736635e-08	-2.81469e-10	
767	3.741635e-08	-2.67739e-10	
768	3.746635e-08	-2.54678e-10	
769	3.751635e-08	-2.42255e-10	
770	3.756635e-08	-2.30438e-10	
771	3.761635e-08	-2.19197e-10	
772	3.766635e-08	-2.08504e-10	
773	3.771635e-08	-1.98333e-10	
774	3.776635e-08	-1.88659e-10	
775	3.781635e-08	-1.79456e-10	
776	3.786635e-08	-1.70702e-10	
777	3.791635e-08	-1.62375e-10	
778	3.796635e-08	-1.54454e-10	
779	3.801635e-08	-1.46920e-10	
780	3.806635e-08	-1.39753e-10	
781	3.811635e-08	-1.32936e-10	
782	3.816635e-08	-1.26451e-10	
783	3.821635e-08	-1.20283e-10	
784	3.826635e-08	-1.14415e-10	
785	3.831635e-08	-1.08834e-10	
786	3.836635e-08	-1.03525e-10	
787	3.841635e-08	-9.84751e-11	
788	3.846635e-08	-9.36714e-11	
789	3.851635e-08	-8.91021e-11	
790	3.856635e-08	-8.47557e-11	
791	3.861635e-08	-8.06212e-11	
792	3.866635e-08	-7.66885e-11	
793	3.871635e-08	-7.29476e-11	
794	3.876635e-08	-6.93892e-11	
795	3.881635e-08	-6.60043e-11	
796	3.886635e-08	-6.27846e-11	
797	3.891635e-08	-5.97219e-11	
798	3.896635e-08	-5.68087e-11	
799	3.901635e-08	-5.40375e-11	
800	3.906635e-08	-5.14015e-11	
801	3.911635e-08	-4.88941e-11	
802	3.916635e-08	-4.65091e-11	
803	3.921635e-08	-4.42403e-11	
804	3.926635e-08	-4.20823e-11	
805	3.931635e-08	-4.00295e-11	
806	3.936635e-08	-3.80768e-11	
807	3.941635e-08	-3.62194e-11	
808	3.946635e-08	-3.44526e-11	

Index   time            v(owire)        
--------------------------------------------------------------------------------
809	3.951635e-08	-3.27720e-11	
810	3.956635e-08	-3.11734e-11	
811	3.961635e-08	-2.96527e-11	
812	3.966635e-08	-2.82062e-11	
813	3.971635e-08	-2.68303e-11	
814	3.976635e-08	-2.55215e-11	
815	3.981635e-08	-2.42766e-11	
816	3.986635e-08	-2.30923e-11	
817	3.991635e-08	-2.19659e-11	
818	3.996635e-08	-2.08944e-11	
819	4.001635e-08	-1.98751e-11	
820	4.006635e-08	-1.89056e-11	
821	4.011635e-08	-1.79834e-11	
822	4.016635e-08	-1.71062e-11	
823	4.021635e-08	-1.62717e-11	
824	4.026635e-08	-1.54780e-11	
825	4.031635e-08	-1.47229e-11	
826	4.036635e-08	-1.40048e-11	
827	4.041635e-08	-1.33216e-11	
828	4.046635e-08	-1.26718e-11	
829	4.051635e-08	-1.20536e-11	
830	4.056635e-08	-1.14656e-11	
831	4.061635e-08	-1.09063e-11	
832	4.066635e-08	-1.03743e-11	
833	4.071635e-08	-9.86826e-12	
834	4.076635e-08	-9.38689e-12	
835	4.081635e-08	-8.92899e-12	
836	4.086635e-08	-8.49343e-12	
837	4.091635e-08	-8.07911e-12	
838	4.096635e-08	-7.68501e-12	
839	4.101635e-08	-7.31013e-12	
840	4.106635e-08	-6.95354e-12	
841	4.111635e-08	-6.61434e-12	
842	4.116635e-08	-6.29169e-12	
843	4.121635e-08	-5.98478e-12	
844	4.126635e-08	-5.69284e-12	
845	4.131635e-08	-5.41514e-12	
846	4.136635e-08	-5.15099e-12	
847	4.141635e-08	-4.89972e-12	
848	4.146635e-08	-4.66071e-12	
849	4.151635e-08	-4.43336e-12	
850	4.156635e-08	-4.21710e-12	
851	4.161635e-08	-4.01138e-12	
852	4.166635e-08	-3.81571e-12	
853	4.171635e-08	-3.62957e-12	
854	4.176635e-08	-3.45252e-12	
855	4.181635e-08	-3.28411e-12	
856	4.186635e-08	-3.12391e-12	
857	4.191635e-08	-2.97152e-12	
858	4.196635e-08	-2.82657e-12	
859	4.201635e-08	-2.68869e-12	
860	4.206635e-08	-2.55753e-12	
861	4.211635e-08	-2.43277e-12	
862	4.216635e-08	-2.31410e-12	
863	4.221635e-08	-2.20122e-12	
864	4.226635e-08	-2.09384e-12	
865	4.231635e-08	-1.99170e-12	
866	4.236635e-08	-1.89455e-12	

Index   time            v(owire)        
--------------------------------------------------------------------------------
867	4.241635e-08	-1.80213e-12	
868	4.246635e-08	-1.71422e-12	
869	4.251635e-08	-1.63060e-12	
870	4.256635e-08	-1.55106e-12	
871	4.261635e-08	-1.47540e-12	
872	4.266635e-08	-1.40343e-12	
873	4.271635e-08	-1.33497e-12	
874	4.276635e-08	-1.26985e-12	
875	4.281635e-08	-1.20790e-12	
876	4.286635e-08	-1.14898e-12	
877	4.291635e-08	-1.09293e-12	
878	4.296635e-08	-1.03962e-12	
879	4.301635e-08	-9.88906e-13	
880	4.306635e-08	-9.40667e-13	
881	4.311635e-08	-8.94781e-13	
882	4.316635e-08	-8.51133e-13	
883	4.321635e-08	-8.09614e-13	
884	4.326635e-08	-7.70121e-13	
885	4.331635e-08	-7.32554e-13	
886	4.336635e-08	-6.96819e-13	
887	4.341635e-08	-6.62828e-13	
888	4.346635e-08	-6.30495e-13	
889	4.351635e-08	-5.99739e-13	
890	4.356635e-08	-5.70484e-13	
891	4.361635e-08	-5.42655e-13	
892	4.366635e-08	-5.16184e-13	
893	4.371635e-08	-4.91005e-13	
894	4.376635e-08	-4.67053e-13	
895	4.381635e-08	-4.44270e-13	
896	4.386635e-08	-4.22598e-13	
897	4.391635e-08	-4.01984e-13	
898	4.396635e-08	-3.82375e-13	
899	4.401635e-08	-3.63722e-13	
900	4.406635e-08	-3.45980e-13	
901	4.411635e-08	-3.29103e-13	
902	4.416635e-08	-3.13049e-13	
903	4.421635e-08	-2.97778e-13	
904	4.426635e-08	-2.83252e-13	
905	4.431635e-08	-2.69435e-13	
906	4.436635e-08	-2.56292e-13	
907	4.441635e-08	-2.43790e-13	
908	4.446635e-08	-2.31898e-13	
909	4.451635e-08	-2.20586e-13	
910	4.456635e-08	-2.09825e-13	
911	4.461635e-08	-1.99590e-13	
912	4.466635e-08	-1.89854e-13	
913	4.471635e-08	-1.80593e-13	
914	4.476635e-08	-1.71783e-13	
915	4.481635e-08	-1.63404e-13	
916	4.486635e-08	-1.55433e-13	
917	4.491635e-08	-1.47851e-13	
918	4.496635e-08	-1.40638e-13	
919	4.501635e-08	-1.33778e-13	
920	4.506635e-08	-1.27252e-13	
921	4.511635e-08	-1.21045e-13	
922	4.516635e-08	-1.15140e-13	
923	4.521635e-08	-1.09524e-13	
924	4.526635e-08	-1.04181e-13	

Index   time            v(owire)        
--------------------------------------------------------------------------------
925	4.531635e-08	-9.90990e-14	
926	4.536635e-08	-9.42649e-14	
927	4.541635e-08	-8.96666e-14	
928	4.546635e-08	-8.52927e-14	
929	4.551635e-08	-8.11320e-14	
930	4.556635e-08	-7.71744e-14	
931	4.561635e-08	-7.34098e-14	
932	4.566635e-08	-6.98288e-14	
933	4.571635e-08	-6.64225e-14	
934	4.576635e-08	-6.31824e-14	
935	4.581635e-08	-6.01003e-14	
936	4.586635e-08	-5.71686e-14	
937	4.591635e-08	-5.43799e-14	
938	4.596635e-08	-5.17272e-14	
939	4.601635e-08	-4.92039e-14	
940	4.606635e-08	-4.68037e-14	
941	4.611635e-08	-4.45206e-14	
942	4.616635e-08	-4.23489e-14	
943	4.621635e-08	-4.02831e-14	
944	4.626635e-08	-3.83181e-14	
945	4.631635e-08	-3.64489e-14	
946	4.636635e-08	-3.46709e-14	
947	4.641635e-08	-3.29796e-14	
948	4.646635e-08	-3.13709e-14	
949	4.651635e-08	-2.98406e-14	
950	4.656635e-08	-2.83849e-14	
951	4.661635e-08	-2.70003e-14	
952	4.666635e-08	-2.56832e-14	
953	4.671635e-08	-2.44304e-14	
954	4.676635e-08	-2.32387e-14	
955	4.681635e-08	-2.21051e-14	
956	4.686635e-08	-2.10268e-14	
957	4.691635e-08	-2.00011e-14	
958	4.696635e-08	-1.90254e-14	
959	4.701635e-08	-1.80973e-14	
960	4.706635e-08	-1.72145e-14	
961	4.711635e-08	-1.63748e-14	
962	4.716635e-08	-1.55760e-14	
963	4.721635e-08	-1.48162e-14	
964	4.726635e-08	-1.40935e-14	
965	4.731635e-08	-1.34060e-14	
966	4.736635e-08	-1.27520e-14	
967	4.741635e-08	-1.21300e-14	
968	4.746635e-08	-1.15383e-14	
969	4.751635e-08	-1.09754e-14	
970	4.756635e-08	-1.04401e-14	
971	4.761635e-08	-9.93079e-15	
972	4.766635e-08	-9.44636e-15	
973	4.771635e-08	-8.98556e-15	
974	4.776635e-08	-8.54724e-15	
975	4.781635e-08	-8.13030e-15	
976	4.786635e-08	-7.73370e-15	
977	4.791635e-08	-7.35645e-15	
978	4.796635e-08	-6.99760e-15	
979	4.801635e-08	-6.65625e-15	
980	4.806635e-08	-6.33156e-15	
981	4.811635e-08	-6.02270e-15	
982	4.816635e-08	-5.72891e-15	

Index   time            v(owire)        
--------------------------------------------------------------------------------
983	4.821635e-08	-5.44945e-15	
984	4.826635e-08	-5.18362e-15	
985	4.831635e-08	-4.93076e-15	
986	4.836635e-08	-4.69024e-15	
987	4.841635e-08	-4.46145e-15	
988	4.846635e-08	-4.24381e-15	
989	4.851635e-08	-4.03680e-15	
990	4.856635e-08	-3.83988e-15	
991	4.861635e-08	-3.65257e-15	
992	4.866635e-08	-3.47440e-15	
993	4.871635e-08	-3.30491e-15	
994	4.876635e-08	-3.14370e-15	
995	4.881635e-08	-2.99035e-15	
996	4.886635e-08	-2.84448e-15	
997	4.891635e-08	-2.70572e-15	
998	4.896635e-08	-2.57374e-15	
999	4.901635e-08	-2.44819e-15	
1000	4.906635e-08	-2.32876e-15	
1001	4.911635e-08	-2.21516e-15	
1002	4.916635e-08	-2.10711e-15	
1003	4.921635e-08	-2.00432e-15	
1004	4.926635e-08	-1.90655e-15	
1005	4.931635e-08	-1.81355e-15	
1006	4.936635e-08	-1.72508e-15	
1007	4.941635e-08	-1.64093e-15	
1008	4.946635e-08	-1.56089e-15	
1009	4.951635e-08	-1.48475e-15	
1010	4.956635e-08	-1.41232e-15	
1011	4.961635e-08	-1.34343e-15	
1012	4.966635e-08	-1.27789e-15	
1013	4.971635e-08	-1.21556e-15	
1014	4.976635e-08	-1.15626e-15	
1015	4.981635e-08	-1.09986e-15	
1016	4.986635e-08	-1.04621e-15	
1017	4.991635e-08	-9.95172e-16	
1018	4.996635e-08	-9.46627e-16	
1019	5.001635e-08	-9.00450e-16	
1020	5.006635e-08	-8.56525e-16	
1021	5.011635e-08	-8.14744e-16	
1022	5.016635e-08	-7.75000e-16	
1023	5.021635e-08	-7.37195e-16	
1024	5.026635e-08	-7.01234e-16	
1025	5.031635e-08	-6.67028e-16	
1026	5.036635e-08	-6.34490e-16	
1027	5.041635e-08	-6.03539e-16	
1028	5.046635e-08	-5.74098e-16	
1029	5.051635e-08	-5.46093e-16	
1030	5.056635e-08	-5.19455e-16	
1031	5.061635e-08	-4.94115e-16	
1032	5.066635e-08	-4.70012e-16	
1033	5.071635e-08	-4.47085e-16	
1034	5.076635e-08	-4.25276e-16	
1035	5.081635e-08	-4.04531e-16	
1036	5.086635e-08	-3.84797e-16	
1037	5.091635e-08	-3.66027e-16	
1038	5.096635e-08	-3.48172e-16	
1039	5.101635e-08	-3.31188e-16	
1040	5.106635e-08	-3.15032e-16	

Index   time            v(owire)        
--------------------------------------------------------------------------------
1041	5.111635e-08	-2.99665e-16	
1042	5.116635e-08	-2.85047e-16	
1043	5.121635e-08	-2.71142e-16	
1044	5.126635e-08	-2.57916e-16	
1045	5.131635e-08	-2.45335e-16	
1046	5.136635e-08	-2.33367e-16	
1047	5.141635e-08	-2.21983e-16	
1048	5.146635e-08	-2.11155e-16	
1049	5.151635e-08	-2.00855e-16	
1050	5.156635e-08	-1.91057e-16	
1051	5.161635e-08	-1.81737e-16	
1052	5.166635e-08	-1.72872e-16	
1053	5.171635e-08	-1.64439e-16	
1054	5.176635e-08	-1.56418e-16	
1055	5.181635e-08	-1.48787e-16	
1056	5.186635e-08	-1.41530e-16	
1057	5.191635e-08	-1.34626e-16	
1058	5.196635e-08	-1.28059e-16	
1059	5.201635e-08	-1.21812e-16	
1060	5.206635e-08	-1.15870e-16	
1061	5.211635e-08	-1.10218e-16	
1062	5.216635e-08	-1.04841e-16	
1063	5.221635e-08	-9.97269e-17	
1064	5.226635e-08	-9.48622e-17	
1065	5.231635e-08	-9.02347e-17	
1066	5.236635e-08	-8.58331e-17	
1067	5.241635e-08	-8.16461e-17	
1068	5.246635e-08	-7.76633e-17	
1069	5.251635e-08	-7.38749e-17	
1070	5.256635e-08	-7.02712e-17	
1071	5.261635e-08	-6.68434e-17	
1072	5.266635e-08	-6.35827e-17	
1073	5.271635e-08	-6.04811e-17	
1074	5.276635e-08	-5.75308e-17	
1075	5.281635e-08	-5.47244e-17	
1076	5.286635e-08	-5.20549e-17	
1077	5.291635e-08	-4.95157e-17	
1078	5.296635e-08	-4.71003e-17	
1079	5.301635e-08	-4.48027e-17	
1080	5.306635e-08	-4.26172e-17	
1081	5.311635e-08	-4.05383e-17	
1082	5.316635e-08	-3.85608e-17	
1083	5.321635e-08	-3.66798e-17	
1084	5.326635e-08	-3.48906e-17	
1085	5.331635e-08	-3.31886e-17	
1086	5.336635e-08	-3.15696e-17	
1087	5.341635e-08	-3.00296e-17	
1088	5.346635e-08	-2.85648e-17	
1089	5.351635e-08	-2.71714e-17	
1090	5.356635e-08	-2.58459e-17	
1091	5.361635e-08	-2.45852e-17	
1092	5.366635e-08	-2.33859e-17	
1093	5.371635e-08	-2.22451e-17	
1094	5.376635e-08	-2.11600e-17	
1095	5.381635e-08	-2.01278e-17	
1096	5.386635e-08	-1.91460e-17	
1097	5.391635e-08	-1.82120e-17	
1098	5.396635e-08	-1.73236e-17	

Index   time            v(owire)        
--------------------------------------------------------------------------------
1099	5.401635e-08	-1.64786e-17	
1100	5.406635e-08	-1.56747e-17	
1101	5.411635e-08	-1.49101e-17	
1102	5.416635e-08	-1.41828e-17	
1103	5.421635e-08	-1.34909e-17	
1104	5.426635e-08	-1.28328e-17	
1105	5.431635e-08	-1.22069e-17	
1106	5.436635e-08	-1.16114e-17	
1107	5.441635e-08	-1.10450e-17	
1108	5.446635e-08	-1.05062e-17	
1109	5.451635e-08	-9.99371e-18	
1110	5.456635e-08	-9.50621e-18	
1111	5.461635e-08	-9.04249e-18	
1112	5.466635e-08	-8.60139e-18	
1113	5.471635e-08	-8.18181e-18	
1114	5.476635e-08	-7.78270e-18	
1115	5.481635e-08	-7.40306e-18	
1116	5.486635e-08	-7.04193e-18	
1117	5.491635e-08	-6.69842e-18	
1118	5.496635e-08	-6.37167e-18	
1119	5.501635e-08	-6.06086e-18	
1120	5.506635e-08	-5.76521e-18	
1121	5.511635e-08	-5.48398e-18	
1122	5.516635e-08	-5.21647e-18	
1123	5.521635e-08	-4.96200e-18	
1124	5.526635e-08	-4.71995e-18	
1125	5.531635e-08	-4.48971e-18	
1126	5.536635e-08	-4.27070e-18	
1127	5.541635e-08	-4.06238e-18	
1128	5.546635e-08	-3.86421e-18	
1129	5.551635e-08	-3.67571e-18	
1130	5.556635e-08	-3.49641e-18	
1131	5.561635e-08	-3.32585e-18	
1132	5.566635e-08	-3.16362e-18	
1133	5.571635e-08	-3.00929e-18	
1134	5.576635e-08	-2.86250e-18	
1135	5.581635e-08	-2.72286e-18	
1136	5.586635e-08	-2.59004e-18	
1137	5.591635e-08	-2.46370e-18	
1138	5.596635e-08	-2.34352e-18	
1139	5.601635e-08	-2.22920e-18	
1140	5.606635e-08	-2.12046e-18	
1141	5.611635e-08	-2.01702e-18	
1142	5.616635e-08	-1.91863e-18	
1143	5.621635e-08	-1.82504e-18	
1144	5.626635e-08	-1.73601e-18	
1145	5.631635e-08	-1.65133e-18	
1146	5.636635e-08	-1.57078e-18	
1147	5.641635e-08	-1.49415e-18	
1148	5.646635e-08	-1.42127e-18	
1149	5.651635e-08	-1.35194e-18	
1150	5.656635e-08	-1.28599e-18	
1151	5.661635e-08	-1.22326e-18	
1152	5.666635e-08	-1.16359e-18	
1153	5.671635e-08	-1.10683e-18	
1154	5.676635e-08	-1.05283e-18	
1155	5.681635e-08	-1.00148e-18	
1156	5.686635e-08	-9.52624e-19	

Index   time            v(owire)        
--------------------------------------------------------------------------------
1157	5.691635e-08	-9.06155e-19	
1158	5.696635e-08	-8.61952e-19	
1159	5.701635e-08	-8.19906e-19	
1160	5.706635e-08	-7.79910e-19	
1161	5.711635e-08	-7.41866e-19	
1162	5.716635e-08	-7.05677e-19	
1163	5.721635e-08	-6.71254e-19	
1164	5.726635e-08	-6.38510e-19	
1165	5.731635e-08	-6.07363e-19	
1166	5.736635e-08	-5.77736e-19	
1167	5.741635e-08	-5.49553e-19	
1168	5.746635e-08	-5.22746e-19	
1169	5.751635e-08	-4.97246e-19	
1170	5.756635e-08	-4.72990e-19	
1171	5.761635e-08	-4.49918e-19	
1172	5.766635e-08	-4.27970e-19	
1173	5.771635e-08	-4.07094e-19	
1174	5.776635e-08	-3.87235e-19	
1175	5.781635e-08	-3.68346e-19	
1176	5.786635e-08	-3.50378e-19	
1177	5.791635e-08	-3.33286e-19	
1178	5.796635e-08	-3.17028e-19	
1179	5.801635e-08	-3.01564e-19	
1180	5.806635e-08	-2.86853e-19	
1181	5.811635e-08	-2.72860e-19	
1182	5.816635e-08	-2.59550e-19	
1183	5.821635e-08	-2.46889e-19	
1184	5.826635e-08	-2.34846e-19	
1185	5.831635e-08	-2.23390e-19	
1186	5.836635e-08	-2.12493e-19	
1187	5.841635e-08	-2.02127e-19	
1188	5.846635e-08	-1.92267e-19	
1189	5.851635e-08	-1.82888e-19	
1190	5.856635e-08	-1.73967e-19	
1191	5.861635e-08	-1.65481e-19	
1192	5.866635e-08	-1.57409e-19	
1193	5.871635e-08	-1.49730e-19	
1194	5.876635e-08	-1.42426e-19	
1195	5.881635e-08	-1.35479e-19	
1196	5.886635e-08	-1.28870e-19	
1197	5.891635e-08	-1.22584e-19	
1198	5.896635e-08	-1.16604e-19	
1199	5.901635e-08	-1.10916e-19	
1200	5.906635e-08	-1.05505e-19	
1201	5.911635e-08	-1.00359e-19	
1202	5.916635e-08	-9.54632e-20	
1203	5.921635e-08	-9.08065e-20	
1204	5.926635e-08	-8.63769e-20	
1205	5.931635e-08	-8.21634e-20	
1206	5.936635e-08	-7.81554e-20	
1207	5.941635e-08	-7.43429e-20	
1208	5.946635e-08	-7.07165e-20	
1209	5.951635e-08	-6.72669e-20	
1210	5.956635e-08	-6.39856e-20	
1211	5.961635e-08	-6.08643e-20	
1212	5.966635e-08	-5.78953e-20	
1213	5.971635e-08	-5.50712e-20	
1214	5.976635e-08	-5.23848e-20	

Index   time            v(owire)        
--------------------------------------------------------------------------------
1215	5.981635e-08	-4.98294e-20	
1216	5.986635e-08	-4.73987e-20	
1217	5.991635e-08	-4.50866e-20	
1218	5.996635e-08	-4.28872e-20	
1219	6.000000e-08	1.359903e-18	


Total analysis time (seconds) = 0.0452492

Total elapsed time (seconds) = 0.057 

Total DRAM available = 61921.320 MB.
DRAM currently available = 34145.332 MB.
Maximum ngspice program size =   23.496 MB.
Current ngspice program size =   12.777 MB.

Shared ngspice pages =   10.734 MB.
Text (code) pages =    7.578 MB.
Stack = 0 bytes.
Library pages =    2.090 MB.

