### PASS 1: FAIR-FIGHT DRIVER (VTD=0.4, WP=11u fixed)

Note: No compatibility mode selected!


Circuit: * lswsweep vd=1.0 mode=fair vtd=0.4 wp=11u

Doing analysis at TEMP = 27.000000 and TNOM = 27.000000

Using SPARSE 1.3 as Direct Linear Solver

Initial Transient Solution
--------------------------

Node                                   Voltage
----                                   -------
vdd                                          1
vss                                         -1
vddsa                                        1
pwpsup                               1.212e-11
pwpsa                               1.1396e-11
didtp                                        0
didtn                                        0
drv_pa                                       0
gp_pa                                        1
gn_pa                                       -1
cell_pa                                      0
xc_pa.x                                      0
ra_pa                                        0
rb_pa                                        0
pwpl_pa                                      0
pwpg_pa                                      0
qg_pa                                        0
clk_pa                                       1
outap_pa                           9.14501e-10
xsaa_pa.cs                            0.400333
outapb_pa                          9.14501e-10
outbp_pa                           9.14501e-10
xsab_pa.cs                            0.400333
outbpb_pa                          9.14501e-10
vda_pa                            -7.39145e-20
vdb_pa                                       0
drv_na                                       0
gp_na                                        1
gn_na                                       -1
cell_na                                      0
xc_na.x                                      0
ra_na                                        0
rb_na                                        0
pwpl_na                                      0
pwpg_na                                      0
qg_na                                        0
clk_na                                       1
outap_na                           9.14501e-10
xsaa_na.cs                            0.400333
outapb_na                          9.14501e-10
outbp_na                           9.14501e-10
xsab_na.cs                            0.400333
outbpb_na                          9.14501e-10
vda_na                                       0
vdb_na                                       0
drv_pb                                       0
gp_pb                                        1
gn_pb                                       -1
cell_pb                                      0
xc_pb.x                                      0
ra_pb                                        0
rb_pb                                        0
pwpl_pb                                      0
pwpg_pb                                      0
qg_pb                                        0
clk_pb                                       1
clkb_pb                                      1
paa_pb                                 3.4e-09
xpaa_pb.tp                                0.33
paab_pb                                3.4e-09
outap_pb                           9.14501e-10
xsaa_pb.cs                            0.400333
outapb_pb                          9.14501e-10
pab_pb                                 3.4e-09
xpab_pb.tp                                0.33
pabb_pb                                3.4e-09
outbp_pb                           9.14501e-10
xsab_pb.cs                            0.400333
outbpb_pb                          9.14501e-10
vda_pb                                       0
vdb_pb                             8.06036e-21
drv_nb                                       0
gp_nb                                        1
gn_nb                                       -1
cell_nb                                      0
xc_nb.x                                      0
ra_nb                                        0
rb_nb                                        0
pwpl_nb                                      0
pwpg_nb                                      0
qg_nb                                        0
clk_nb                                       1
clkb_nb                                      1
paa_nb                                 3.4e-09
xpaa_nb.tp                                0.33
paab_nb                                3.4e-09
outap_nb                           9.14501e-10
xsaa_nb.cs                            0.400333
outapb_nb                          9.14501e-10
pab_nb                                 3.4e-09
xpab_nb.tp                                0.33
pabb_nb                                3.4e-09
outbp_nb                           9.14501e-10
xsab_nb.cs                            0.400333
outbpb_nb                          9.14501e-10
vda_nb                                       0
vdb_nb                            -4.99614e-20
drv_nla                                      0
gp_nla                                       1
gn_nla                                      -1
cell_nla                                     0
xc_nla.x                                     0
ra_nla                                       0
rb_nla                                       0
pwpl_nla                                     0
clk_nla                                      1
outap_nla                          9.14501e-10
xsaa_nla.cs                           0.400333
outapb_nla                         9.14501e-10
outbp_nla                          9.14501e-10
xsab_nla.cs                           0.400333
outbpb_nla                         9.14501e-10
vda_nla                                      0
vdb_nla                                      0
drv_nlb                                      0
gp_nlb                                       1
gn_nlb                                      -1
cell_nlb                                     0
xc_nlb.x                                     0
ra_nlb                                       0
rb_nlb                                       0
pwpl_nlb                                     0
clk_nlb                                      1
clkb_nlb                                     1
paa_nlb                                3.4e-09
xpaa_nlb.tp                               0.33
paab_nlb                               3.4e-09
outap_nlb                          9.14501e-10
xsaa_nlb.cs                           0.400333
outapb_nlb                         9.14501e-10
pab_nlb                                3.4e-09
xpab_nlb.tp                               0.33
pabb_nlb                               3.4e-09
outbp_nlb                          9.14501e-10
xsab_nlb.cs                           0.400333
outbpb_nlb                         9.14501e-10
vda_nlb                            3.90266e-20
vdb_nlb                                      0
bdb_nlb#branch                               0
bda_nlb#branch                               0
bpl_nlb#branch                               0
vs_nlb#branch                                0
bdb_nla#branch                               0
bda_nla#branch                               0
bpl_nla#branch                               0
vs_nla#branch                                0
bdb_nb#branch                                0
bda_nb#branch                                0
bqg_nb#branch                                0
vgn_nb#branch                                0
bpg_nb#branch                                0
bpl_nb#branch                                0
vs_nb#branch                                 0
bdb_pb#branch                                0
bda_pb#branch                                0
bqg_pb#branch                                0
vgp_pb#branch                                0
bpg_pb#branch                                0
bpl_pb#branch                                0
vs_pb#branch                                 0
bdb_na#branch                                0
bda_na#branch                                0
bqg_na#branch                                0
vgn_na#branch                                0
bpg_na#branch                                0
bpl_na#branch                                0
vs_na#branch                                 0
bdb_pa#branch                                0
bda_pa#branch                                0
bqg_pa#branch                                0
vgp_pa#branch                                0
bpg_pa#branch                                0
bpl_pa#branch                                0
vs_pa#branch                                 0
bdidtn#branch                                0
vss#branch                            6.06e-12
bdidtp#branch                                0
vdd#branch                           -6.06e-12
bpsa#branch                                  0
vddsa#branch                       -1.1396e-11
bpsup#branch                                 0
vclkb_nlb#branch                             0
vclk_nlb#branch                              0
vgn_nlb#branch                               0
vgp_nlb#branch                               0
vclk_nla#branch                              0
vgn_nla#branch                               0
vgp_nla#branch                               0
vclkb_nb#branch                              0
vclk_nb#branch                               0
vgp_nb#branch                                0
vclkb_pb#branch                              0
vclk_pb#branch                               0
vgn_pb#branch                                0
vclk_na#branch                               0
vgp_na#branch                                0
vclk_pa#branch                               0
vgn_pa#branch                                0

 Reference value :  3.62456e-08 Reference value :  7.54256e-08 Reference value :  1.11866e-07 Reference value :  1.49366e-07 Reference value :  1.84230e-07 Reference value :  2.20030e-07 Reference value :  2.55330e-07
No. of Data Rows : 14616

  Measurements for Transient Analysis

e_drv_pa            =   1.13071e-12 from=  1.59000e-07 to=  1.64000e-07
e_line_pa           =   5.21023e-13 from=  1.59000e-07 to=  1.64000e-07
qg_pa               =   -2.33675e-14 from=  1.61100e-07 to=  1.62200e-07
e_rec_pa            =   4.83705e-14 from=  1.58000e-07 to=  1.68000e-07
e_pump_pa           =   1.04898e-13 from=  1.61100e-07 to=  1.61600e-07
lvl_pa              =  6.983190e-01 at=  1.612060e-07
lvl_pl_pa           =  6.717037e-01 at=  1.610900e-07
raila_pa            =  2.500599e-01 at=  1.612300e-07
raila_pl_pa         =  2.204678e-01 at=  1.610900e-07
railb_pa            =  -2.397191e-02 at=  1.617900e-07
dema_pa             =  7.515121e-01
demb_pa             =  6.540308e-01
da_pa               =  6.265226e-01
db_pa               =  1.192887e-01
dapk_pa             =  6.490164e-01 at=  1.619500e-07
dbpk_pa             =  1.331208e-01 at=  1.623900e-07
ipk_pa              =  -1.262094e-03 at=  1.602000e-07
didt_pa             =  5.626466e+07 at=  1.600060e-07
e_drv_na            =   1.13028e-12 from=  1.79000e-07 to=  1.84000e-07
e_line_na           =   5.20939e-13 from=  1.79000e-07 to=  1.84000e-07
qg_na               =   1.16590e-14 from=  1.81100e-07 to=  1.82200e-07
e_rec_na            =   5.13664e-14 from=  1.78000e-07 to=  1.88000e-07
e_pump_na           =   1.15608e-13 from=  1.81100e-07 to=  1.81600e-07
lvl_na              =  -6.968661e-01 at=  1.812020e-07
lvl_pl_na           =  -6.722005e-01 at=  1.810900e-07
raila_na            =  2.525968e-02 at=  1.818100e-07
railb_na            =  -2.499975e-01 at=  1.812300e-07
railb_pl_na         =  -2.208805e-01 at=  1.810900e-07
dema_na             =  6.938838e-01
demb_na             =  6.894456e-01
da_na               =  2.665095e-01
db_na               =  4.226953e-01
dapk_na             =  3.593640e-01 at=  1.823900e-07
dbpk_na             =  4.424470e-01 at=  1.817900e-07
ipk_na              =  1.204404e-03 at=  1.802000e-07
didt_na             =  2.813233e+07 at=  1.800060e-07
e_drv_pb            =   1.13054e-12 from=  2.09000e-07 to=  2.14000e-07
e_line_pb           =   5.21174e-13 from=  2.09000e-07 to=  2.14000e-07
qg_pb               =   -2.33795e-14 from=  2.11100e-07 to=  2.12200e-07
e_rec_pb            =   1.87378e-13 from=  2.08000e-07 to=  2.18000e-07
lvl_pb              =  6.984819e-01 at=  2.112060e-07
raila_pb            =  2.501384e-01 at=  2.112300e-07
railb_pb            =  -2.414073e-02 at=  2.118300e-07
dema_pb             =  8.136431e-01
demb_pb             =  7.970024e-01
da_pb               =  7.359529e-01
db_pb               =  7.101422e-01
dapk_pb             =  7.792604e-01 at=  2.120900e-07
dbpk_pb             =  7.188816e-01 at=  2.123300e-07
ipk_pb              =  -1.262094e-03 at=  2.102000e-07
didt_pb             =  5.626466e+07 at=  2.100060e-07
e_drv_nb            =   1.13013e-12 from=  2.29000e-07 to=  2.34000e-07
e_line_nb           =   5.21064e-13 from=  2.29000e-07 to=  2.34000e-07
qg_nb               =   1.16599e-14 from=  2.31100e-07 to=  2.32200e-07
e_rec_nb            =   1.89262e-13 from=  2.28000e-07 to=  2.38000e-07
lvl_nb              =  -6.969320e-01 at=  2.312020e-07
raila_nb            =  2.533118e-02 at=  2.317900e-07
railb_nb            =  -2.500604e-01 at=  2.312300e-07
dema_nb             =  7.959950e-01
demb_nb             =  8.175860e-01
da_nb               =  7.084809e-01
db_nb               =  7.421172e-01
dapk_nb             =  7.161752e-01 at=  2.323300e-07
dbpk_nb             =  7.955623e-01 at=  2.320700e-07
ipk_nb              =  1.204405e-03 at=  2.302000e-07
didt_nb             =  2.813233e+07 at=  2.300060e-07
e_drv_nla           =   6.06000e-20 from=  2.59000e-07 to=  2.64000e-07
e_rec_nla           =   5.14969e-14 from=  2.58000e-07 to=  2.68000e-07
raila_nla           =  8.644471e-04 at=  2.615300e-07
railb_nla           =  8.641582e-04 at=  2.615300e-07
dema_nla            =  6.042006e-01
demb_nla            =  6.001654e-01
da_nla              =  4.035321e-03
db_nla              =  -4.034985e-03
e_drv_nlb           =   6.06000e-20 from=  2.79000e-07 to=  2.84000e-07
e_rec_nlb           =   1.94834e-13 from=  2.78000e-07 to=  2.88000e-07
raila_nlb           =  1.674821e-03 at=  2.815500e-07
railb_nlb           =  1.673750e-03 at=  2.815500e-07
dema_nlb            =  7.895608e-01
demb_nlb            =  9.134184e-02
da_nlb              =  6.982189e-01
db_nlb              =  -6.982189e-01


Total analysis time (seconds) = 1.97488

Total elapsed time (seconds) = 1.987 

Total DRAM available = 62177.336 MB.
DRAM currently available = 10443.129 MB.
Maximum ngspice program size =   30.738 MB.
Current ngspice program size =   20.688 MB.

Shared ngspice pages =   11.398 MB.
Text (code) pages =    7.578 MB.
Stack = 0 bytes.
Library pages =    9.332 MB.


Note: No compatibility mode selected!


Circuit: * lswsweep vd=0.9 mode=fair vtd=0.4 wp=11u

Doing analysis at TEMP = 27.000000 and TNOM = 27.000000

Using SPARSE 1.3 as Direct Linear Solver

Initial Transient Solution
--------------------------

Node                                   Voltage
----                                   -------
vdd                                        0.9
vss                                       -0.9
vddsa                                        1
pwpsup                               9.828e-12
pwpsa                               1.1396e-11
didtp                                        0
didtn                                        0
drv_pa                                       0
gp_pa                                      0.9
gn_pa                                     -0.9
cell_pa                                      0
xc_pa.x                                      0
ra_pa                                        0
rb_pa                                        0
pwpl_pa                                      0
pwpg_pa                                      0
qg_pa                                        0
clk_pa                                       1
outap_pa                           9.14501e-10
xsaa_pa.cs                            0.400333
outapb_pa                          9.14501e-10
outbp_pa                           9.14501e-10
xsab_pa.cs                            0.400333
outbpb_pa                          9.14501e-10
vda_pa                            -7.39145e-20
vdb_pa                                       0
drv_na                                       0
gp_na                                      0.9
gn_na                                     -0.9
cell_na                                      0
xc_na.x                                      0
ra_na                                        0
rb_na                                        0
pwpl_na                                      0
pwpg_na                                      0
qg_na                                        0
clk_na                                       1
outap_na                           9.14501e-10
xsaa_na.cs                            0.400333
outapb_na                          9.14501e-10
outbp_na                           9.14501e-10
xsab_na.cs                            0.400333
outbpb_na                          9.14501e-10
vda_na                                       0
vdb_na                                       0
drv_pb                                       0
gp_pb                                      0.9
gn_pb                                     -0.9
cell_pb                                      0
xc_pb.x                                      0
ra_pb                                        0
rb_pb                                        0
pwpl_pb                                      0
pwpg_pb                                      0
qg_pb                                        0
clk_pb                                       1
clkb_pb                                      1
paa_pb                                 3.4e-09
xpaa_pb.tp                                0.33
paab_pb                                3.4e-09
outap_pb                           9.14501e-10
xsaa_pb.cs                            0.400333
outapb_pb                          9.14501e-10
pab_pb                                 3.4e-09
xpab_pb.tp                                0.33
pabb_pb                                3.4e-09
outbp_pb                           9.14501e-10
xsab_pb.cs                            0.400333
outbpb_pb                          9.14501e-10
vda_pb                                       0
vdb_pb                             8.06036e-21
drv_nb                                       0
gp_nb                                      0.9
gn_nb                                     -0.9
cell_nb                                      0
xc_nb.x                                      0
ra_nb                                        0
rb_nb                                        0
pwpl_nb                                      0
pwpg_nb                                      0
qg_nb                                        0
clk_nb                                       1
clkb_nb                                      1
paa_nb                                 3.4e-09
xpaa_nb.tp                                0.33
paab_nb                                3.4e-09
outap_nb                           9.14501e-10
xsaa_nb.cs                            0.400333
outapb_nb                          9.14501e-10
pab_nb                                 3.4e-09
xpab_nb.tp                                0.33
pabb_nb                                3.4e-09
outbp_nb                           9.14501e-10
xsab_nb.cs                            0.400333
outbpb_nb                          9.14501e-10
vda_nb                                       0
vdb_nb                            -4.99614e-20
drv_nla                                      0
gp_nla                                     0.9
gn_nla                                    -0.9
cell_nla                                     0
xc_nla.x                                     0
ra_nla                                       0
rb_nla                                       0
pwpl_nla                                     0
clk_nla                                      1
outap_nla                          9.14501e-10
xsaa_nla.cs                           0.400333
outapb_nla                         9.14501e-10
outbp_nla                          9.14501e-10
xsab_nla.cs                           0.400333
outbpb_nla                         9.14501e-10
vda_nla                                      0
vdb_nla                                      0
drv_nlb                                      0
gp_nlb                                     0.9
gn_nlb                                    -0.9
cell_nlb                                     0
xc_nlb.x                                     0
ra_nlb                                       0
rb_nlb                                       0
pwpl_nlb                                     0
clk_nlb                                      1
clkb_nlb                                     1
paa_nlb                                3.4e-09
xpaa_nlb.tp                               0.33
paab_nlb                               3.4e-09
outap_nlb                          9.14501e-10
xsaa_nlb.cs                           0.400333
outapb_nlb                         9.14501e-10
pab_nlb                                3.4e-09
xpab_nlb.tp                               0.33
pabb_nlb                               3.4e-09
outbp_nlb                          9.14501e-10
xsab_nlb.cs                           0.400333
outbpb_nlb                         9.14501e-10
vda_nlb                            3.90266e-20
vdb_nlb                                      0
bdb_nlb#branch                               0
bda_nlb#branch                               0
bpl_nlb#branch                               0
vs_nlb#branch                                0
bdb_nla#branch                               0
bda_nla#branch                               0
bpl_nla#branch                               0
vs_nla#branch                                0
bdb_nb#branch                                0
bda_nb#branch                                0
bqg_nb#branch                                0
vgn_nb#branch                                0
bpg_nb#branch                                0
bpl_nb#branch                                0
vs_nb#branch                                 0
bdb_pb#branch                                0
bda_pb#branch                                0
bqg_pb#branch                                0
vgp_pb#branch                                0
bpg_pb#branch                                0
bpl_pb#branch                                0
vs_pb#branch                                 0
bdb_na#branch                                0
bda_na#branch                                0
bqg_na#branch                                0
vgn_na#branch                                0
bpg_na#branch                                0
bpl_na#branch                                0
vs_na#branch                                 0
bdb_pa#branch                                0
bda_pa#branch                                0
bqg_pa#branch                                0
vgp_pa#branch                                0
bpg_pa#branch                                0
bpl_pa#branch                                0
vs_pa#branch                                 0
bdidtn#branch                                0
vss#branch                            5.46e-12
bdidtp#branch                                0
vdd#branch                           -5.46e-12
bpsa#branch                                  0
vddsa#branch                       -1.1396e-11
bpsup#branch                                 0
vclkb_nlb#branch                             0
vclk_nlb#branch                              0
vgn_nlb#branch                               0
vgp_nlb#branch                               0
vclk_nla#branch                              0
vgn_nla#branch                               0
vgp_nla#branch                               0
vclkb_nb#branch                              0
vclk_nb#branch                               0
vgp_nb#branch                                0
vclkb_pb#branch                              0
vclk_pb#branch                               0
vgn_pb#branch                                0
vclk_na#branch                               0
vgp_na#branch                                0
vclk_pa#branch                               0
vgn_pa#branch                                0

 Reference value :  3.56456e-08 Reference value :  7.45456e-08 Reference value :  1.13726e-07 Reference value :  1.50846e-07 Reference value :  1.85350e-07 Reference value :  2.21930e-07 Reference value :  2.57970e-07
No. of Data Rows : 14616

  Measurements for Transient Analysis

e_drv_pa            =   7.46665e-13 from=  1.59000e-07 to=  1.64000e-07
e_line_pa           =   2.87127e-13 from=  1.59000e-07 to=  1.64000e-07
qg_pa               =   -1.98509e-14 from=  1.61100e-07 to=  1.62200e-07
e_rec_pa            =   4.97672e-14 from=  1.58000e-07 to=  1.68000e-07
e_pump_pa           =   7.18994e-14 from=  1.61100e-07 to=  1.61600e-07
lvl_pa              =  5.598455e-01 at=  1.612020e-07
lvl_pl_pa           =  5.268298e-01 at=  1.610900e-07
raila_pa            =  1.435333e-01 at=  1.612500e-07
raila_pl_pa         =  1.117262e-01 at=  1.610900e-07
railb_pa            =  -1.230021e-02 at=  1.619100e-07
dema_pa             =  7.244247e-01
demb_pa             =  6.304343e-01
da_pa               =  5.688416e-01
db_pa               =  5.987672e-02
dapk_pa             =  5.756054e-01 at=  1.620500e-07
dbpk_pa             =  7.107496e-02 at=  1.623900e-07
ipk_pa              =  -8.980585e-04 at=  1.602000e-07
didt_pa             =  5.070229e+07 at=  1.600060e-07
e_drv_na            =   7.46574e-13 from=  1.79000e-07 to=  1.84000e-07
e_line_na           =   2.87153e-13 from=  1.79000e-07 to=  1.84000e-07
qg_na               =   9.92245e-15 from=  1.81100e-07 to=  1.82200e-07
e_rec_na            =   5.16157e-14 from=  1.78000e-07 to=  1.88000e-07
e_pump_na           =   8.05858e-14 from=  1.81100e-07 to=  1.81600e-07
lvl_na              =  -5.588359e-01 at=  1.812020e-07
lvl_pl_na           =  -5.271351e-01 at=  1.810900e-07
raila_na            =  1.356706e-02 at=  1.818700e-07
railb_na            =  -1.435165e-01 at=  1.812500e-07
railb_pl_na         =  -1.118994e-01 at=  1.810900e-07
dema_na             =  6.454336e-01
demb_na             =  6.886992e-01
da_na               =  9.764674e-02
db_na               =  3.293943e-01
dapk_na             =  1.252863e-01 at=  1.823900e-07
dbpk_na             =  3.322772e-01 at=  1.823900e-07
ipk_na              =  8.462024e-04 at=  1.802000e-07
didt_na             =  2.535115e+07 at=  1.800060e-07
e_drv_pb            =   7.46577e-13 from=  2.09000e-07 to=  2.14000e-07
e_line_pb           =   2.87269e-13 from=  2.09000e-07 to=  2.14000e-07
qg_pb               =   -1.98555e-14 from=  2.11100e-07 to=  2.12200e-07
e_rec_pb            =   1.90001e-13 from=  2.08000e-07 to=  2.18000e-07
lvl_pb              =  5.601038e-01 at=  2.112020e-07
raila_pb            =  1.437623e-01 at=  2.112500e-07
railb_pb            =  -1.262169e-02 at=  2.119300e-07
dema_pb             =  8.043609e-01
demb_pb             =  7.939969e-01
da_pb               =  7.216688e-01
db_pb               =  7.053702e-01
dapk_pb             =  7.475379e-01 at=  2.121500e-07
dbpk_pb             =  7.091148e-01 at=  2.124500e-07
ipk_pb              =  -8.980589e-04 at=  2.102000e-07
didt_pb             =  5.070229e+07 at=  2.100060e-07
e_drv_nb            =   7.46492e-13 from=  2.29000e-07 to=  2.34000e-07
e_line_nb           =   2.87281e-13 from=  2.29000e-07 to=  2.34000e-07
qg_nb               =   9.92439e-15 from=  2.31100e-07 to=  2.32200e-07
e_rec_nb            =   1.91220e-13 from=  2.28000e-07 to=  2.38000e-07
lvl_nb              =  -5.590623e-01 at=  2.312020e-07
raila_nb            =  1.337852e-02 at=  2.318700e-07
railb_nb            =  -1.436926e-01 at=  2.312500e-07
dema_nb             =  7.934022e-01
demb_nb             =  8.066406e-01
da_nb               =  7.043776e-01
db_nb               =  7.253312e-01
dapk_nb             =  7.077827e-01 at=  2.324300e-07
dbpk_nb             =  7.561331e-01 at=  2.321300e-07
ipk_nb              =  8.462028e-04 at=  2.302000e-07
didt_nb             =  2.535115e+07 at=  2.300060e-07
e_drv_nla           =   4.91400e-20 from=  2.59000e-07 to=  2.64000e-07
e_rec_nla           =   5.14969e-14 from=  2.58000e-07 to=  2.68000e-07
raila_nla           =  8.644471e-04 at=  2.615300e-07
railb_nla           =  8.641582e-04 at=  2.615300e-07
dema_nla            =  6.042006e-01
demb_nla            =  6.001654e-01
da_nla              =  4.035321e-03
db_nla              =  -4.034985e-03
e_drv_nlb           =   4.91400e-20 from=  2.79000e-07 to=  2.84000e-07
e_rec_nlb           =   1.94834e-13 from=  2.78000e-07 to=  2.88000e-07
raila_nlb           =  1.674821e-03 at=  2.815500e-07
railb_nlb           =  1.673750e-03 at=  2.815500e-07
dema_nlb            =  7.895608e-01
demb_nlb            =  9.134184e-02
da_nlb              =  6.982189e-01
db_nlb              =  -6.982189e-01


Total analysis time (seconds) = 1.95604

Total elapsed time (seconds) = 1.964 

Total DRAM available = 62177.336 MB.
DRAM currently available = 10451.996 MB.
Maximum ngspice program size =   30.734 MB.
Current ngspice program size =   20.863 MB.

Shared ngspice pages =   11.578 MB.
Text (code) pages =    7.578 MB.
Stack = 0 bytes.
Library pages =    9.328 MB.


Note: No compatibility mode selected!


Circuit: * lswsweep vd=0.8 mode=fair vtd=0.4 wp=11u

Doing analysis at TEMP = 27.000000 and TNOM = 27.000000

Using SPARSE 1.3 as Direct Linear Solver

Initial Transient Solution
--------------------------

Node                                   Voltage
----                                   -------
vdd                                        0.8
vss                                       -0.8
vddsa                                        1
pwpsup                               7.776e-12
pwpsa                               1.1396e-11
didtp                                        0
didtn                                        0
drv_pa                                       0
gp_pa                                      0.8
gn_pa                                     -0.8
cell_pa                                      0
xc_pa.x                                      0
ra_pa                                        0
rb_pa                                        0
pwpl_pa                                      0
pwpg_pa                                      0
qg_pa                                        0
clk_pa                                       1
outap_pa                           9.14501e-10
xsaa_pa.cs                            0.400333
outapb_pa                          9.14501e-10
outbp_pa                           9.14501e-10
xsab_pa.cs                            0.400333
outbpb_pa                          9.14501e-10
vda_pa                            -7.39145e-20
vdb_pa                                       0
drv_na                                       0
gp_na                                      0.8
gn_na                                     -0.8
cell_na                                      0
xc_na.x                                      0
ra_na                                        0
rb_na                                        0
pwpl_na                                      0
pwpg_na                                      0
qg_na                                        0
clk_na                                       1
outap_na                           9.14501e-10
xsaa_na.cs                            0.400333
outapb_na                          9.14501e-10
outbp_na                           9.14501e-10
xsab_na.cs                            0.400333
outbpb_na                          9.14501e-10
vda_na                                       0
vdb_na                                       0
drv_pb                                       0
gp_pb                                      0.8
gn_pb                                     -0.8
cell_pb                                      0
xc_pb.x                                      0
ra_pb                                        0
rb_pb                                        0
pwpl_pb                                      0
pwpg_pb                                      0
qg_pb                                        0
clk_pb                                       1
clkb_pb                                      1
paa_pb                                 3.4e-09
xpaa_pb.tp                                0.33
paab_pb                                3.4e-09
outap_pb                           9.14501e-10
xsaa_pb.cs                            0.400333
outapb_pb                          9.14501e-10
pab_pb                                 3.4e-09
xpab_pb.tp                                0.33
pabb_pb                                3.4e-09
outbp_pb                           9.14501e-10
xsab_pb.cs                            0.400333
outbpb_pb                          9.14501e-10
vda_pb                                       0
vdb_pb                             8.06036e-21
drv_nb                                       0
gp_nb                                      0.8
gn_nb                                     -0.8
cell_nb                                      0
xc_nb.x                                      0
ra_nb                                        0
rb_nb                                        0
pwpl_nb                                      0
pwpg_nb                                      0
qg_nb                                        0
clk_nb                                       1
clkb_nb                                      1
paa_nb                                 3.4e-09
xpaa_nb.tp                                0.33
paab_nb                                3.4e-09
outap_nb                           9.14501e-10
xsaa_nb.cs                            0.400333
outapb_nb                          9.14501e-10
pab_nb                                 3.4e-09
xpab_nb.tp                                0.33
pabb_nb                                3.4e-09
outbp_nb                           9.14501e-10
xsab_nb.cs                            0.400333
outbpb_nb                          9.14501e-10
vda_nb                                       0
vdb_nb                            -4.99614e-20
drv_nla                                      0
gp_nla                                     0.8
gn_nla                                    -0.8
cell_nla                                     0
xc_nla.x                                     0
ra_nla                                       0
rb_nla                                       0
pwpl_nla                                     0
clk_nla                                      1
outap_nla                          9.14501e-10
xsaa_nla.cs                           0.400333
outapb_nla                         9.14501e-10
outbp_nla                          9.14501e-10
xsab_nla.cs                           0.400333
outbpb_nla                         9.14501e-10
vda_nla                                      0
vdb_nla                                      0
drv_nlb                                      0
gp_nlb                                     0.8
gn_nlb                                    -0.8
cell_nlb                                     0
xc_nlb.x                                     0
ra_nlb                                       0
rb_nlb                                       0
pwpl_nlb                                     0
clk_nlb                                      1
clkb_nlb                                     1
paa_nlb                                3.4e-09
xpaa_nlb.tp                               0.33
paab_nlb                               3.4e-09
outap_nlb                          9.14501e-10
xsaa_nlb.cs                           0.400333
outapb_nlb                         9.14501e-10
pab_nlb                                3.4e-09
xpab_nlb.tp                               0.33
pabb_nlb                               3.4e-09
outbp_nlb                          9.14501e-10
xsab_nlb.cs                           0.400333
outbpb_nlb                         9.14501e-10
vda_nlb                            3.90266e-20
vdb_nlb                                      0
bdb_nlb#branch                               0
bda_nlb#branch                               0
bpl_nlb#branch                               0
vs_nlb#branch                                0
bdb_nla#branch                               0
bda_nla#branch                               0
bpl_nla#branch                               0
vs_nla#branch                                0
bdb_nb#branch                                0
bda_nb#branch                                0
bqg_nb#branch                                0
vgn_nb#branch                                0
bpg_nb#branch                                0
bpl_nb#branch                                0
vs_nb#branch                                 0
bdb_pb#branch                                0
bda_pb#branch                                0
bqg_pb#branch                                0
vgp_pb#branch                                0
bpg_pb#branch                                0
bpl_pb#branch                                0
vs_pb#branch                                 0
bdb_na#branch                                0
bda_na#branch                                0
bqg_na#branch                                0
vgn_na#branch                                0
bpg_na#branch                                0
bpl_na#branch                                0
vs_na#branch                                 0
bdb_pa#branch                                0
bda_pa#branch                                0
bqg_pa#branch                                0
vgp_pa#branch                                0
bpg_pa#branch                                0
bpl_pa#branch                                0
vs_pa#branch                                 0
bdidtn#branch                                0
vss#branch                            4.86e-12
bdidtp#branch                                0
vdd#branch                           -4.86e-12
bpsa#branch                                  0
vddsa#branch                       -1.1396e-11
bpsup#branch                                 0
vclkb_nlb#branch                             0
vclk_nlb#branch                              0
vgn_nlb#branch                               0
vgp_nlb#branch                               0
vclk_nla#branch                              0
vgn_nla#branch                               0
vgp_nla#branch                               0
vclkb_nb#branch                              0
vclk_nb#branch                               0
vgp_nb#branch                                0
vclkb_pb#branch                              0
vclk_pb#branch                               0
vgn_pb#branch                                0
vclk_na#branch                               0
vgp_na#branch                                0
vclk_pa#branch                               0
vgn_pa#branch                                0

 Reference value :  3.66856e-08 Reference value :  7.63256e-08 Reference value :  1.15526e-07 Reference value :  1.55006e-07 Reference value :  1.91970e-07 Reference value :  2.30630e-07 Reference value :  2.69650e-07
No. of Data Rows : 14616

  Measurements for Transient Analysis

e_drv_pa            =   4.29230e-13 from=  1.59000e-07 to=  1.64000e-07
e_line_pa           =   1.21415e-13 from=  1.59000e-07 to=  1.64000e-07
qg_pa               =   -1.70703e-14 from=  1.61100e-07 to=  1.62200e-07
e_rec_pa            =   5.14066e-14 from=  1.58000e-07 to=  1.68000e-07
e_pump_pa           =   3.96736e-14 from=  1.61100e-07 to=  1.61600e-07
lvl_pa              =  3.799836e-01 at=  1.612000e-07
lvl_pl_pa           =  3.478571e-01 at=  1.610900e-07
raila_pa            =  6.029236e-02 at=  1.612020e-07
raila_pl_pa         =  5.900792e-02 at=  1.610900e-07
railb_pa            =  -8.680238e-04 at=  1.624700e-07
dema_pa             =  6.439610e-01
demb_pa             =  5.896670e-01
da_pa               =  9.402527e-02
db_pa               =  -2.433727e-02
dapk_pa             =  1.079657e-01 at=  1.623900e-07
dbpk_pa             =  -3.585899e-08 at=  1.614500e-07
ipk_pa              =  -5.989535e-04 at=  1.602000e-07
didt_pa             =  4.512568e+07 at=  1.600060e-07
e_drv_na            =   4.29205e-13 from=  1.79000e-07 to=  1.84000e-07
e_line_na           =   1.21420e-13 from=  1.79000e-07 to=  1.84000e-07
qg_na               =   8.53514e-15 from=  1.81100e-07 to=  1.82200e-07
e_rec_na            =   5.15985e-14 from=  1.78000e-07 to=  1.88000e-07
e_pump_na           =   4.65017e-14 from=  1.81100e-07 to=  1.81600e-07
lvl_na              =  -3.799941e-01 at=  1.812000e-07
lvl_pl_na           =  -3.478687e-01 at=  1.810900e-07
raila_na            =  1.041926e-03 at=  1.821700e-07
railb_na            =  -6.032248e-02 at=  1.812020e-07
railb_pl_na         =  -5.904084e-02 at=  1.810900e-07
dema_na             =  5.941985e-01
demb_na             =  6.342823e-01
da_na               =  -1.567081e-02
db_na               =  6.949028e-02
dapk_na             =  -3.597094e-08 at=  1.814500e-07
dbpk_na             =  7.609699e-02 at=  1.823900e-07
ipk_na              =  5.529162e-04 at=  1.802000e-07
didt_na             =  2.256284e+07 at=  1.800060e-07
e_drv_pb            =   4.29226e-13 from=  2.09000e-07 to=  2.14000e-07
e_line_pb           =   1.21464e-13 from=  2.09000e-07 to=  2.14000e-07
qg_pb               =   -1.70703e-14 from=  2.11100e-07 to=  2.12200e-07
e_rec_pb            =   1.93650e-13 from=  2.08000e-07 to=  2.18000e-07
lvl_pb              =  3.803841e-01 at=  2.112000e-07
raila_pb            =  5.995540e-02 at=  2.112020e-07
railb_pb            =  -9.264115e-04 at=  2.124100e-07
dema_pb             =  7.914794e-01
demb_pb             =  9.165980e-02
da_pb               =  7.013280e-01
db_pb               =  -6.974507e-01
dapk_pb             =  7.025489e-01 at=  2.124900e-07
dbpk_pb             =  -1.387779e-17 at=  2.114900e-07
ipk_pb              =  -5.989536e-04 at=  2.102000e-07
didt_pb             =  4.512568e+07 at=  2.100060e-07
e_drv_nb            =   4.29201e-13 from=  2.29000e-07 to=  2.34000e-07
e_line_nb           =   1.21464e-13 from=  2.29000e-07 to=  2.34000e-07
qg_nb               =   8.53514e-15 from=  2.31100e-07 to=  2.32200e-07
e_rec_nb            =   1.94044e-13 from=  2.28000e-07 to=  2.38000e-07
lvl_nb              =  -3.803841e-01 at=  2.312000e-07
raila_nb            =  9.808401e-04 at=  2.322900e-07
railb_nb            =  -5.995540e-02 at=  2.312020e-07
dema_nb             =  9.169974e-02
demb_nb             =  7.917110e-01
da_nb               =  -6.973382e-01
db_nb               =  7.017213e-01
dapk_nb             =  5.551115e-17 at=  2.314500e-07
dbpk_nb             =  7.030373e-01 at=  2.324900e-07
ipk_nb              =  5.529163e-04 at=  2.302000e-07
didt_nb             =  2.256284e+07 at=  2.300060e-07
e_drv_nla           =   3.88800e-20 from=  2.59000e-07 to=  2.64000e-07
e_rec_nla           =   5.14969e-14 from=  2.58000e-07 to=  2.68000e-07
raila_nla           =  8.644471e-04 at=  2.615300e-07
railb_nla           =  8.641582e-04 at=  2.615300e-07
dema_nla            =  6.042006e-01
demb_nla            =  6.001654e-01
da_nla              =  4.035321e-03
db_nla              =  -4.034985e-03
e_drv_nlb           =   3.88800e-20 from=  2.79000e-07 to=  2.84000e-07
e_rec_nlb           =   1.94834e-13 from=  2.78000e-07 to=  2.88000e-07
raila_nlb           =  1.674821e-03 at=  2.815500e-07
railb_nlb           =  1.673750e-03 at=  2.815500e-07
dema_nlb            =  7.895608e-01
demb_nlb            =  9.134184e-02
da_nlb              =  6.982189e-01
db_nlb              =  -6.982189e-01


Total analysis time (seconds) = 1.87314

Total elapsed time (seconds) = 1.881 

Total DRAM available = 62177.336 MB.
DRAM currently available = 10464.895 MB.
Maximum ngspice program size =   30.738 MB.
Current ngspice program size =   20.844 MB.

Shared ngspice pages =   11.555 MB.
Text (code) pages =    7.578 MB.
Stack = 0 bytes.
Library pages =    9.332 MB.


Note: No compatibility mode selected!


Circuit: * lswsweep vd=0.75 mode=fair vtd=0.4 wp=11u

Doing analysis at TEMP = 27.000000 and TNOM = 27.000000

Using SPARSE 1.3 as Direct Linear Solver

Initial Transient Solution
--------------------------

Node                                   Voltage
----                                   -------
vdd                                       0.75
vss                                      -0.75
vddsa                                        1
pwpsup                                6.84e-12
pwpsa                               1.1396e-11
didtp                                        0
didtn                                        0
drv_pa                                       0
gp_pa                                     0.75
gn_pa                                    -0.75
cell_pa                                      0
xc_pa.x                                      0
ra_pa                                        0
rb_pa                                        0
pwpl_pa                                      0
pwpg_pa                                      0
qg_pa                                        0
clk_pa                                       1
outap_pa                           9.14501e-10
xsaa_pa.cs                            0.400333
outapb_pa                          9.14501e-10
outbp_pa                           9.14501e-10
xsab_pa.cs                            0.400333
outbpb_pa                          9.14501e-10
vda_pa                            -7.39145e-20
vdb_pa                                       0
drv_na                                       0
gp_na                                     0.75
gn_na                                    -0.75
cell_na                                      0
xc_na.x                                      0
ra_na                                        0
rb_na                                        0
pwpl_na                                      0
pwpg_na                                      0
qg_na                                        0
clk_na                                       1
outap_na                           9.14501e-10
xsaa_na.cs                            0.400333
outapb_na                          9.14501e-10
outbp_na                           9.14501e-10
xsab_na.cs                            0.400333
outbpb_na                          9.14501e-10
vda_na                                       0
vdb_na                                       0
drv_pb                                       0
gp_pb                                     0.75
gn_pb                                    -0.75
cell_pb                                      0
xc_pb.x                                      0
ra_pb                                        0
rb_pb                                        0
pwpl_pb                                      0
pwpg_pb                                      0
qg_pb                                        0
clk_pb                                       1
clkb_pb                                      1
paa_pb                                 3.4e-09
xpaa_pb.tp                                0.33
paab_pb                                3.4e-09
outap_pb                           9.14501e-10
xsaa_pb.cs                            0.400333
outapb_pb                          9.14501e-10
pab_pb                                 3.4e-09
xpab_pb.tp                                0.33
pabb_pb                                3.4e-09
outbp_pb                           9.14501e-10
xsab_pb.cs                            0.400333
outbpb_pb                          9.14501e-10
vda_pb                                       0
vdb_pb                             8.06036e-21
drv_nb                                       0
gp_nb                                     0.75
gn_nb                                    -0.75
cell_nb                                      0
xc_nb.x                                      0
ra_nb                                        0
rb_nb                                        0
pwpl_nb                                      0
pwpg_nb                                      0
qg_nb                                        0
clk_nb                                       1
clkb_nb                                      1
paa_nb                                 3.4e-09
xpaa_nb.tp                                0.33
paab_nb                                3.4e-09
outap_nb                           9.14501e-10
xsaa_nb.cs                            0.400333
outapb_nb                          9.14501e-10
pab_nb                                 3.4e-09
xpab_nb.tp                                0.33
pabb_nb                                3.4e-09
outbp_nb                           9.14501e-10
xsab_nb.cs                            0.400333
outbpb_nb                          9.14501e-10
vda_nb                                       0
vdb_nb                            -4.99614e-20
drv_nla                                      0
gp_nla                                    0.75
gn_nla                                   -0.75
cell_nla                                     0
xc_nla.x                                     0
ra_nla                                       0
rb_nla                                       0
pwpl_nla                                     0
clk_nla                                      1
outap_nla                          9.14501e-10
xsaa_nla.cs                           0.400333
outapb_nla                         9.14501e-10
outbp_nla                          9.14501e-10
xsab_nla.cs                           0.400333
outbpb_nla                         9.14501e-10
vda_nla                                      0
vdb_nla                                      0
drv_nlb                                      0
gp_nlb                                    0.75
gn_nlb                                   -0.75
cell_nlb                                     0
xc_nlb.x                                     0
ra_nlb                                       0
rb_nlb                                       0
pwpl_nlb                                     0
clk_nlb                                      1
clkb_nlb                                     1
paa_nlb                                3.4e-09
xpaa_nlb.tp                               0.33
paab_nlb                               3.4e-09
outap_nlb                          9.14501e-10
xsaa_nlb.cs                           0.400333
outapb_nlb                         9.14501e-10
pab_nlb                                3.4e-09
xpab_nlb.tp                               0.33
pabb_nlb                               3.4e-09
outbp_nlb                          9.14501e-10
xsab_nlb.cs                           0.400333
outbpb_nlb                         9.14501e-10
vda_nlb                            3.90266e-20
vdb_nlb                                      0
bdb_nlb#branch                               0
bda_nlb#branch                               0
bpl_nlb#branch                               0
vs_nlb#branch                                0
bdb_nla#branch                               0
bda_nla#branch                               0
bpl_nla#branch                               0
vs_nla#branch                                0
bdb_nb#branch                                0
bda_nb#branch                                0
bqg_nb#branch                                0
vgn_nb#branch                                0
bpg_nb#branch                                0
bpl_nb#branch                                0
vs_nb#branch                                 0
bdb_pb#branch                                0
bda_pb#branch                                0
bqg_pb#branch                                0
vgp_pb#branch                                0
bpg_pb#branch                                0
bpl_pb#branch                                0
vs_pb#branch                                 0
bdb_na#branch                                0
bda_na#branch                                0
bqg_na#branch                                0
vgn_na#branch                                0
bpg_na#branch                                0
bpl_na#branch                                0
vs_na#branch                                 0
bdb_pa#branch                                0
bda_pa#branch                                0
bqg_pa#branch                                0
vgp_pa#branch                                0
bpg_pa#branch                                0
bpl_pa#branch                                0
vs_pa#branch                                 0
bdidtn#branch                                0
vss#branch                            4.56e-12
bdidtp#branch                                0
vdd#branch                           -4.56e-12
bpsa#branch                                  0
vddsa#branch                       -1.1396e-11
bpsup#branch                                 0
vclkb_nlb#branch                             0
vclk_nlb#branch                              0
vgn_nlb#branch                               0
vgp_nlb#branch                               0
vclk_nla#branch                              0
vgn_nla#branch                               0
vgp_nla#branch                               0
vclkb_nb#branch                              0
vclk_nb#branch                               0
vgp_nb#branch                                0
vclkb_pb#branch                              0
vclk_pb#branch                               0
vgn_pb#branch                                0
vclk_na#branch                               0
vgp_na#branch                                0
vclk_pa#branch                               0
vgn_pa#branch                                0

 Reference value :  3.77056e-08 Reference value :  7.72056e-08 Reference value :  1.16826e-07 Reference value :  1.55966e-07 Reference value :  1.92650e-07 Reference value :  2.30310e-07 Reference value :  2.68270e-07
No. of Data Rows : 14616

  Measurements for Transient Analysis

e_drv_pa            =   3.06865e-13 from=  1.59000e-07 to=  1.64000e-07
e_line_pa           =   7.08146e-14 from=  1.59000e-07 to=  1.64000e-07
qg_pa               =   -1.59187e-14 from=  1.61100e-07 to=  1.62200e-07
e_rec_pa            =   5.14541e-14 from=  1.58000e-07 to=  1.68000e-07
e_pump_pa           =   2.57608e-14 from=  1.61100e-07 to=  1.61600e-07
lvl_pa              =  2.914385e-01 at=  1.612000e-07
lvl_pl_pa           =  2.665551e-01 at=  1.610900e-07
raila_pa            =  4.501084e-02 at=  1.612000e-07
raila_pl_pa         =  4.417515e-02 at=  1.610900e-07
railb_pa            =  -4.130366e-05 at=  1.625000e-07
dema_pa             =  6.274487e-01
demb_pa             =  5.908702e-01
da_pa               =  5.407310e-02
db_pa               =  -2.204784e-02
dapk_pa             =  5.774114e-02 at=  1.623900e-07
dbpk_pa             =  -5.306730e-08 at=  1.614500e-07
ipk_pa              =  -4.737045e-04 at=  1.602000e-07
didt_pa             =  4.233204e+07 at=  1.600060e-07
e_drv_na            =   3.06837e-13 from=  1.79000e-07 to=  1.84000e-07
e_line_na           =   7.08171e-14 from=  1.79000e-07 to=  1.84000e-07
qg_na               =   7.95933e-15 from=  1.81100e-07 to=  1.82200e-07
e_rec_na            =   5.15630e-14 from=  1.78000e-07 to=  1.88000e-07
e_pump_na           =   3.17303e-14 from=  1.81100e-07 to=  1.81600e-07
lvl_na              =  -2.914460e-01 at=  1.812000e-07
lvl_pl_na           =  -2.665632e-01 at=  1.810900e-07
raila_na            =  2.605709e-04 at=  1.820300e-07
railb_na            =  -4.503220e-02 at=  1.812000e-07
railb_pl_na         =  -4.419812e-02 at=  1.810900e-07
dema_na             =  5.953013e-01
demb_na             =  6.222291e-01
da_na               =  -1.357399e-02
db_na               =  4.202138e-02
dapk_na             =  -5.320764e-08 at=  1.814500e-07
dbpk_na             =  4.439534e-02 at=  1.823900e-07
ipk_na              =  4.305712e-04 at=  1.802000e-07
didt_na             =  2.116602e+07 at=  1.800060e-07
e_drv_pb            =   3.06863e-13 from=  2.09000e-07 to=  2.14000e-07
e_line_pb           =   7.07959e-14 from=  2.09000e-07 to=  2.14000e-07
qg_pb               =   -1.59187e-14 from=  2.11100e-07 to=  2.12200e-07
e_rec_pb            =   1.93980e-13 from=  2.08000e-07 to=  2.18000e-07
lvl_pb              =  2.916779e-01 at=  2.112000e-07
raila_pb            =  4.480299e-02 at=  2.112000e-07
railb_pb            =  -5.817829e-05 at=  2.124900e-07
dema_pb             =  7.896365e-01
demb_pb             =  9.137113e-02
da_pb               =  6.982967e-01
db_pb               =  -6.981725e-01
dapk_pb             =  6.986017e-01 at=  2.125700e-07
dbpk_pb             =  2.775558e-17 at=  2.114900e-07
ipk_pb              =  -4.737046e-04 at=  2.102000e-07
didt_pb             =  4.233204e+07 at=  2.100060e-07
e_drv_nb            =   3.06835e-13 from=  2.29000e-07 to=  2.34000e-07
e_line_nb           =   7.07959e-14 from=  2.29000e-07 to=  2.34000e-07
qg_nb               =   7.95933e-15 from=  2.31100e-07 to=  2.32200e-07
e_rec_nb            =   1.94315e-13 from=  2.28000e-07 to=  2.38000e-07
lvl_nb              =  -2.916779e-01 at=  2.312000e-07
raila_nb            =  1.034202e-04 at=  2.322500e-07
railb_nb            =  -4.480299e-02 at=  2.312000e-07
dema_nb             =  9.136905e-02
demb_nb             =  7.896257e-01
da_nb               =  -6.981594e-01
db_nb               =  6.982847e-01
dapk_nb             =  6.938894e-17 at=  2.314900e-07
dbpk_nb             =  6.985086e-01 at=  2.326100e-07
ipk_nb              =  4.305713e-04 at=  2.302000e-07
didt_nb             =  2.116602e+07 at=  2.300060e-07
e_drv_nla           =   3.42000e-20 from=  2.59000e-07 to=  2.64000e-07
e_rec_nla           =   5.14969e-14 from=  2.58000e-07 to=  2.68000e-07
raila_nla           =  8.644471e-04 at=  2.615300e-07
railb_nla           =  8.641582e-04 at=  2.615300e-07
dema_nla            =  6.042006e-01
demb_nla            =  6.001654e-01
da_nla              =  4.035321e-03
db_nla              =  -4.034985e-03
e_drv_nlb           =   3.42000e-20 from=  2.79000e-07 to=  2.84000e-07
e_rec_nlb           =   1.94834e-13 from=  2.78000e-07 to=  2.88000e-07
raila_nlb           =  1.674821e-03 at=  2.815500e-07
railb_nlb           =  1.673750e-03 at=  2.815500e-07
dema_nlb            =  7.895608e-01
demb_nlb            =  9.134184e-02
da_nlb              =  6.982189e-01
db_nlb              =  -6.982189e-01


Total analysis time (seconds) = 1.8841

Total elapsed time (seconds) = 1.891 

Total DRAM available = 62177.336 MB.
DRAM currently available = 10472.031 MB.
Maximum ngspice program size =   30.738 MB.
Current ngspice program size =   20.738 MB.

Shared ngspice pages =   11.449 MB.
Text (code) pages =    7.578 MB.
Stack = 0 bytes.
Library pages =    9.332 MB.


Note: No compatibility mode selected!


Circuit: * lswsweep vd=0.7 mode=fair vtd=0.4 wp=11u

Doing analysis at TEMP = 27.000000 and TNOM = 27.000000

Using SPARSE 1.3 as Direct Linear Solver

Initial Transient Solution
--------------------------

Node                                   Voltage
----                                   -------
vdd                                        0.7
vss                                       -0.7
vddsa                                        1
pwpsup                               5.964e-12
pwpsa                               1.1396e-11
didtp                                        0
didtn                                        0
drv_pa                                       0
gp_pa                                      0.7
gn_pa                                     -0.7
cell_pa                                      0
xc_pa.x                                      0
ra_pa                                        0
rb_pa                                        0
pwpl_pa                                      0
pwpg_pa                                      0
qg_pa                                        0
clk_pa                                       1
outap_pa                           9.14501e-10
xsaa_pa.cs                            0.400333
outapb_pa                          9.14501e-10
outbp_pa                           9.14501e-10
xsab_pa.cs                            0.400333
outbpb_pa                          9.14501e-10
vda_pa                            -7.39145e-20
vdb_pa                                       0
drv_na                                       0
gp_na                                      0.7
gn_na                                     -0.7
cell_na                                      0
xc_na.x                                      0
ra_na                                        0
rb_na                                        0
pwpl_na                                      0
pwpg_na                                      0
qg_na                                        0
clk_na                                       1
outap_na                           9.14501e-10
xsaa_na.cs                            0.400333
outapb_na                          9.14501e-10
outbp_na                           9.14501e-10
xsab_na.cs                            0.400333
outbpb_na                          9.14501e-10
vda_na                                       0
vdb_na                                       0
drv_pb                                       0
gp_pb                                      0.7
gn_pb                                     -0.7
cell_pb                                      0
xc_pb.x                                      0
ra_pb                                        0
rb_pb                                        0
pwpl_pb                                      0
pwpg_pb                                      0
qg_pb                                        0
clk_pb                                       1
clkb_pb                                      1
paa_pb                                 3.4e-09
xpaa_pb.tp                                0.33
paab_pb                                3.4e-09
outap_pb                           9.14501e-10
xsaa_pb.cs                            0.400333
outapb_pb                          9.14501e-10
pab_pb                                 3.4e-09
xpab_pb.tp                                0.33
pabb_pb                                3.4e-09
outbp_pb                           9.14501e-10
xsab_pb.cs                            0.400333
outbpb_pb                          9.14501e-10
vda_pb                                       0
vdb_pb                             8.06036e-21
drv_nb                                       0
gp_nb                                      0.7
gn_nb                                     -0.7
cell_nb                                      0
xc_nb.x                                      0
ra_nb                                        0
rb_nb                                        0
pwpl_nb                                      0
pwpg_nb                                      0
qg_nb                                        0
clk_nb                                       1
clkb_nb                                      1
paa_nb                                 3.4e-09
xpaa_nb.tp                                0.33
paab_nb                                3.4e-09
outap_nb                           9.14501e-10
xsaa_nb.cs                            0.400333
outapb_nb                          9.14501e-10
pab_nb                                 3.4e-09
xpab_nb.tp                                0.33
pabb_nb                                3.4e-09
outbp_nb                           9.14501e-10
xsab_nb.cs                            0.400333
outbpb_nb                          9.14501e-10
vda_nb                                       0
vdb_nb                            -4.99614e-20
drv_nla                                      0
gp_nla                                     0.7
gn_nla                                    -0.7
cell_nla                                     0
xc_nla.x                                     0
ra_nla                                       0
rb_nla                                       0
pwpl_nla                                     0
clk_nla                                      1
outap_nla                          9.14501e-10
xsaa_nla.cs                           0.400333
outapb_nla                         9.14501e-10
outbp_nla                          9.14501e-10
xsab_nla.cs                           0.400333
outbpb_nla                         9.14501e-10
vda_nla                                      0
vdb_nla                                      0
drv_nlb                                      0
gp_nlb                                     0.7
gn_nlb                                    -0.7
cell_nlb                                     0
xc_nlb.x                                     0
ra_nlb                                       0
rb_nlb                                       0
pwpl_nlb                                     0
clk_nlb                                      1
clkb_nlb                                     1
paa_nlb                                3.4e-09
xpaa_nlb.tp                               0.33
paab_nlb                               3.4e-09
outap_nlb                          9.14501e-10
xsaa_nlb.cs                           0.400333
outapb_nlb                         9.14501e-10
pab_nlb                                3.4e-09
xpab_nlb.tp                               0.33
pabb_nlb                               3.4e-09
outbp_nlb                          9.14501e-10
xsab_nlb.cs                           0.400333
outbpb_nlb                         9.14501e-10
vda_nlb                            3.90266e-20
vdb_nlb                                      0
bdb_nlb#branch                               0
bda_nlb#branch                               0
bpl_nlb#branch                               0
vs_nlb#branch                                0
bdb_nla#branch                               0
bda_nla#branch                               0
bpl_nla#branch                               0
vs_nla#branch                                0
bdb_nb#branch                                0
bda_nb#branch                                0
bqg_nb#branch                                0
vgn_nb#branch                                0
bpg_nb#branch                                0
bpl_nb#branch                                0
vs_nb#branch                                 0
bdb_pb#branch                                0
bda_pb#branch                                0
bqg_pb#branch                                0
vgp_pb#branch                                0
bpg_pb#branch                                0
bpl_pb#branch                                0
vs_pb#branch                                 0
bdb_na#branch                                0
bda_na#branch                                0
bqg_na#branch                                0
vgn_na#branch                                0
bpg_na#branch                                0
bpl_na#branch                                0
vs_na#branch                                 0
bdb_pa#branch                                0
bda_pa#branch                                0
bqg_pa#branch                                0
vgp_pa#branch                                0
bpg_pa#branch                                0
bpl_pa#branch                                0
vs_pa#branch                                 0
bdidtn#branch                                0
vss#branch                            4.26e-12
bdidtp#branch                                0
vdd#branch                           -4.26e-12
bpsa#branch                                  0
vddsa#branch                       -1.1396e-11
bpsup#branch                                 0
vclkb_nlb#branch                             0
vclk_nlb#branch                              0
vgn_nlb#branch                               0
vgp_nlb#branch                               0
vclk_nla#branch                              0
vgn_nla#branch                               0
vgp_nla#branch                               0
vclkb_nb#branch                              0
vclk_nb#branch                               0
vgp_nb#branch                                0
vclkb_pb#branch                              0
vclk_pb#branch                               0
vgn_pb#branch                                0
vclk_na#branch                               0
vgp_na#branch                                0
vclk_pa#branch                               0
vgn_pa#branch                                0

 Reference value :  3.44856e-08 Reference value :  7.03656e-08 Reference value :  1.04766e-07 Reference value :  1.39446e-07 Reference value :  1.72850e-07 Reference value :  2.09090e-07 Reference value :  2.44190e-07 Reference value :  2.81990e-07
No. of Data Rows : 14616

  Measurements for Transient Analysis

e_drv_pa            =   2.09403e-13 from=  1.59000e-07 to=  1.64000e-07
e_line_pa           =   3.79548e-14 from=  1.59000e-07 to=  1.64000e-07
qg_pa               =   -1.47634e-14 from=  1.61100e-07 to=  1.62200e-07
e_rec_pa            =   5.14667e-14 from=  1.58000e-07 to=  1.68000e-07
e_pump_pa           =   1.50452e-14 from=  1.61100e-07 to=  1.61600e-07
lvl_pa              =  2.142514e-01 at=  1.612000e-07
lvl_pl_pa           =  1.957858e-01 at=  1.610900e-07
raila_pa            =  3.228583e-02 at=  1.612000e-07
raila_pl_pa         =  3.177028e-02 at=  1.610900e-07
railb_pa            =  -1.047747e-05 at=  1.625000e-07
dema_pa             =  6.200418e-01
demb_pa             =  5.930859e-01
da_pa               =  3.742787e-02
db_pa               =  -1.781978e-02
dapk_pa             =  3.992744e-02 at=  1.623900e-07
dbpk_pa             =  -1.365726e-07 at=  1.614300e-07
ipk_pa              =  -3.646108e-04 at=  1.602000e-07
didt_pa             =  3.953483e+07 at=  1.600060e-07
e_drv_na            =   2.09376e-13 from=  1.79000e-07 to=  1.84000e-07
e_line_na           =   3.79559e-14 from=  1.79000e-07 to=  1.84000e-07
qg_na               =   7.38169e-15 from=  1.81100e-07 to=  1.82200e-07
e_rec_na            =   5.15430e-14 from=  1.78000e-07 to=  1.88000e-07
e_pump_na           =   2.02124e-14 from=  1.81100e-07 to=  1.81600e-07
lvl_na              =  -2.142563e-01 at=  1.812000e-07
lvl_pl_na           =  -1.957910e-01 at=  1.810900e-07
raila_na            =  2.622652e-04 at=  1.819700e-07
railb_na            =  -3.229981e-02 at=  1.812000e-07
railb_pl_na         =  -3.178503e-02 at=  1.810900e-07
dema_na             =  5.974451e-01
demb_na             =  6.155741e-01
da_na               =  -9.400594e-03
db_na               =  2.757198e-02
dapk_na             =  -1.367647e-07 at=  1.814300e-07
dbpk_na             =  2.910001e-02 at=  1.823900e-07
ipk_na              =  3.243780e-04 at=  1.802000e-07
didt_na             =  1.976741e+07 at=  1.800060e-07
e_drv_pb            =   2.09402e-13 from=  2.09000e-07 to=  2.14000e-07
e_line_pb           =   3.79217e-14 from=  2.09000e-07 to=  2.14000e-07
qg_pb               =   -1.47634e-14 from=  2.11100e-07 to=  2.12200e-07
e_rec_pb            =   1.94110e-13 from=  2.08000e-07 to=  2.18000e-07
lvl_pb              =  2.143694e-01 at=  2.112000e-07
raila_pb            =  3.216857e-02 at=  2.112000e-07
railb_pb            =  -2.750880e-05 at=  2.124900e-07
dema_pb             =  7.896110e-01
demb_pb             =  9.136391e-02
da_pb               =  6.982646e-01
db_pb               =  -6.981896e-01
dapk_pb             =  6.984042e-01 at=  2.126300e-07
dbpk_pb             =  6.938894e-17 at=  2.114900e-07
ipk_pb              =  -3.646108e-04 at=  2.102000e-07
didt_pb             =  3.953483e+07 at=  2.100060e-07
e_drv_nb            =   2.09376e-13 from=  2.29000e-07 to=  2.34000e-07
e_line_nb           =   3.79217e-14 from=  2.29000e-07 to=  2.34000e-07
qg_nb               =   7.38169e-15 from=  2.31100e-07 to=  2.32200e-07
e_rec_nb            =   1.94538e-13 from=  2.28000e-07 to=  2.38000e-07
lvl_nb              =  -2.143694e-01 at=  2.312000e-07
raila_nb            =  6.713978e-05 at=  2.322300e-07
railb_nb            =  -3.216857e-02 at=  2.312000e-07
dema_nb             =  9.135639e-02
demb_nb             =  7.895978e-01
da_nb               =  -6.981776e-01
db_nb               =  6.982502e-01
dapk_nb             =  2.949030e-17 at=  2.314060e-07
dbpk_nb             =  6.983260e-01 at=  2.327100e-07
ipk_nb              =  3.243780e-04 at=  2.302000e-07
didt_nb             =  1.976741e+07 at=  2.300060e-07
e_drv_nla           =   2.98200e-20 from=  2.59000e-07 to=  2.64000e-07
e_rec_nla           =   5.14969e-14 from=  2.58000e-07 to=  2.68000e-07
raila_nla           =  8.644471e-04 at=  2.615300e-07
railb_nla           =  8.641582e-04 at=  2.615300e-07
dema_nla            =  6.042006e-01
demb_nla            =  6.001654e-01
da_nla              =  4.035321e-03
db_nla              =  -4.034985e-03
e_drv_nlb           =   2.98200e-20 from=  2.79000e-07 to=  2.84000e-07
e_rec_nlb           =   1.94834e-13 from=  2.78000e-07 to=  2.88000e-07
raila_nlb           =  1.674821e-03 at=  2.815500e-07
railb_nlb           =  1.673750e-03 at=  2.815500e-07
dema_nlb            =  7.895608e-01
demb_nlb            =  9.134184e-02
da_nlb              =  6.982189e-01
db_nlb              =  -6.982189e-01


Total analysis time (seconds) = 2.03555

Total elapsed time (seconds) = 2.049 

Total DRAM available = 62177.336 MB.
DRAM currently available = 10480.277 MB.
Maximum ngspice program size =   30.738 MB.
Current ngspice program size =   20.793 MB.

Shared ngspice pages =   11.504 MB.
Text (code) pages =    7.578 MB.
Stack = 0 bytes.
Library pages =    9.332 MB.


Note: No compatibility mode selected!


Circuit: * lswsweep vd=0.65 mode=fair vtd=0.4 wp=11u

Doing analysis at TEMP = 27.000000 and TNOM = 27.000000

Using SPARSE 1.3 as Direct Linear Solver

Initial Transient Solution
--------------------------

Node                                   Voltage
----                                   -------
vdd                                       0.65
vss                                      -0.65
vddsa                                        1
pwpsup                               5.148e-12
pwpsa                               1.1396e-11
didtp                                        0
didtn                                        0
drv_pa                                       0
gp_pa                                     0.65
gn_pa                                    -0.65
cell_pa                                      0
xc_pa.x                                      0
ra_pa                                        0
rb_pa                                        0
pwpl_pa                                      0
pwpg_pa                                      0
qg_pa                                        0
clk_pa                                       1
outap_pa                           9.14501e-10
xsaa_pa.cs                            0.400333
outapb_pa                          9.14501e-10
outbp_pa                           9.14501e-10
xsab_pa.cs                            0.400333
outbpb_pa                          9.14501e-10
vda_pa                            -7.39145e-20
vdb_pa                                       0
drv_na                                       0
gp_na                                     0.65
gn_na                                    -0.65
cell_na                                      0
xc_na.x                                      0
ra_na                                        0
rb_na                                        0
pwpl_na                                      0
pwpg_na                                      0
qg_na                                        0
clk_na                                       1
outap_na                           9.14501e-10
xsaa_na.cs                            0.400333
outapb_na                          9.14501e-10
outbp_na                           9.14501e-10
xsab_na.cs                            0.400333
outbpb_na                          9.14501e-10
vda_na                                       0
vdb_na                                       0
drv_pb                                       0
gp_pb                                     0.65
gn_pb                                    -0.65
cell_pb                                      0
xc_pb.x                                      0
ra_pb                                        0
rb_pb                                        0
pwpl_pb                                      0
pwpg_pb                                      0
qg_pb                                        0
clk_pb                                       1
clkb_pb                                      1
paa_pb                                 3.4e-09
xpaa_pb.tp                                0.33
paab_pb                                3.4e-09
outap_pb                           9.14501e-10
xsaa_pb.cs                            0.400333
outapb_pb                          9.14501e-10
pab_pb                                 3.4e-09
xpab_pb.tp                                0.33
pabb_pb                                3.4e-09
outbp_pb                           9.14501e-10
xsab_pb.cs                            0.400333
outbpb_pb                          9.14501e-10
vda_pb                                       0
vdb_pb                             8.06036e-21
drv_nb                                       0
gp_nb                                     0.65
gn_nb                                    -0.65
cell_nb                                      0
xc_nb.x                                      0
ra_nb                                        0
rb_nb                                        0
pwpl_nb                                      0
pwpg_nb                                      0
qg_nb                                        0
clk_nb                                       1
clkb_nb                                      1
paa_nb                                 3.4e-09
xpaa_nb.tp                                0.33
paab_nb                                3.4e-09
outap_nb                           9.14501e-10
xsaa_nb.cs                            0.400333
outapb_nb                          9.14501e-10
pab_nb                                 3.4e-09
xpab_nb.tp                                0.33
pabb_nb                                3.4e-09
outbp_nb                           9.14501e-10
xsab_nb.cs                            0.400333
outbpb_nb                          9.14501e-10
vda_nb                                       0
vdb_nb                            -4.99614e-20
drv_nla                                      0
gp_nla                                    0.65
gn_nla                                   -0.65
cell_nla                                     0
xc_nla.x                                     0
ra_nla                                       0
rb_nla                                       0
pwpl_nla                                     0
clk_nla                                      1
outap_nla                          9.14501e-10
xsaa_nla.cs                           0.400333
outapb_nla                         9.14501e-10
outbp_nla                          9.14501e-10
xsab_nla.cs                           0.400333
outbpb_nla                         9.14501e-10
vda_nla                                      0
vdb_nla                                      0
drv_nlb                                      0
gp_nlb                                    0.65
gn_nlb                                   -0.65
cell_nlb                                     0
xc_nlb.x                                     0
ra_nlb                                       0
rb_nlb                                       0
pwpl_nlb                                     0
clk_nlb                                      1
clkb_nlb                                     1
paa_nlb                                3.4e-09
xpaa_nlb.tp                               0.33
paab_nlb                               3.4e-09
outap_nlb                          9.14501e-10
xsaa_nlb.cs                           0.400333
outapb_nlb                         9.14501e-10
pab_nlb                                3.4e-09
xpab_nlb.tp                               0.33
pabb_nlb                               3.4e-09
outbp_nlb                          9.14501e-10
xsab_nlb.cs                           0.400333
outbpb_nlb                         9.14501e-10
vda_nlb                            3.90266e-20
vdb_nlb                                      0
bdb_nlb#branch                               0
bda_nlb#branch                               0
bpl_nlb#branch                               0
vs_nlb#branch                                0
bdb_nla#branch                               0
bda_nla#branch                               0
bpl_nla#branch                               0
vs_nla#branch                                0
bdb_nb#branch                                0
bda_nb#branch                                0
bqg_nb#branch                                0
vgn_nb#branch                                0
bpg_nb#branch                                0
bpl_nb#branch                                0
vs_nb#branch                                 0
bdb_pb#branch                                0
bda_pb#branch                                0
bqg_pb#branch                                0
vgp_pb#branch                                0
bpg_pb#branch                                0
bpl_pb#branch                                0
vs_pb#branch                                 0
bdb_na#branch                                0
bda_na#branch                                0
bqg_na#branch                                0
vgn_na#branch                                0
bpg_na#branch                                0
bpl_na#branch                                0
vs_na#branch                                 0
bdb_pa#branch                                0
bda_pa#branch                                0
bqg_pa#branch                                0
vgp_pa#branch                                0
bpg_pa#branch                                0
bpl_pa#branch                                0
vs_pa#branch                                 0
bdidtn#branch                                0
vss#branch                            3.96e-12
bdidtp#branch                                0
vdd#branch                           -3.96e-12
bpsa#branch                                  0
vddsa#branch                       -1.1396e-11
bpsup#branch                                 0
vclkb_nlb#branch                             0
vclk_nlb#branch                              0
vgn_nlb#branch                               0
vgp_nlb#branch                               0
vclk_nla#branch                              0
vgn_nla#branch                               0
vgp_nla#branch                               0
vclkb_nb#branch                              0
vclk_nb#branch                               0
vgp_nb#branch                                0
vclkb_pb#branch                              0
vclk_pb#branch                               0
vgn_pb#branch                                0
vclk_na#branch                               0
vgp_na#branch                                0
vclk_pa#branch                               0
vgn_pa#branch                                0

 Reference value :  3.37256e-08 Reference value :  7.24856e-08 Reference value :  1.11066e-07 Reference value :  1.49866e-07 Reference value :  1.85790e-07 Reference value :  2.23030e-07 Reference value :  2.60130e-07
No. of Data Rows : 14616

  Measurements for Transient Analysis

e_drv_pa            =   1.34215e-13 from=  1.59000e-07 to=  1.64000e-07
e_line_pa           =   1.81261e-14 from=  1.59000e-07 to=  1.64000e-07
qg_pa               =   -1.36264e-14 from=  1.61100e-07 to=  1.62200e-07
e_rec_pa            =   5.14762e-14 from=  1.58000e-07 to=  1.68000e-07
e_pump_pa           =   7.13969e-15 from=  1.61100e-07 to=  1.61600e-07
lvl_pa              =  1.486694e-01 at=  1.612000e-07
lvl_pl_pa           =  1.357392e-01 at=  1.610900e-07
raila_pa            =  2.192823e-02 at=  1.612000e-07
raila_pl_pa         =  2.162923e-02 at=  1.610900e-07
railb_pa            =  -2.476162e-10 at=  1.600000e-07
dema_pa             =  6.142904e-01
demb_pa             =  5.951392e-01
da_pa               =  2.498171e-02
db_pa               =  -1.386584e-02
dapk_pa             =  2.665060e-02 at=  1.623900e-07
dbpk_pa             =  -2.841473e-07 at=  1.614300e-07
ipk_pa              =  -2.716238e-04 at=  1.602000e-07
didt_pa             =  3.673406e+07 at=  1.600060e-07
e_drv_na            =   1.34195e-13 from=  1.79000e-07 to=  1.84000e-07
e_line_na           =   1.81265e-14 from=  1.79000e-07 to=  1.84000e-07
qg_na               =   6.81321e-15 from=  1.81100e-07 to=  1.82200e-07
e_rec_na            =   5.15270e-14 from=  1.78000e-07 to=  1.88000e-07
e_pump_na           =   1.15683e-14 from=  1.81100e-07 to=  1.81600e-07
lvl_na              =  -1.486722e-01 at=  1.812000e-07
lvl_pl_na           =  -1.357421e-01 at=  1.810900e-07
raila_na            =  3.103019e-04 at=  1.819300e-07
railb_na            =  -2.193636e-02 at=  1.812000e-07
railb_pl_na         =  -2.163763e-02 at=  1.810900e-07
dema_na             =  5.994175e-01
demb_na             =  6.103557e-01
da_na               =  -5.523181e-03
db_na               =  1.659788e-02
dapk_na             =  -2.837814e-07 at=  1.814300e-07
dbpk_na             =  1.746899e-02 at=  1.823900e-07
ipk_na              =  2.342879e-04 at=  1.802000e-07
didt_na             =  1.836703e+07 at=  1.800060e-07
e_drv_pb            =   1.34215e-13 from=  2.09000e-07 to=  2.14000e-07
e_line_pb           =   1.80993e-14 from=  2.09000e-07 to=  2.14000e-07
qg_pb               =   -1.36264e-14 from=  2.11100e-07 to=  2.12200e-07
e_rec_pb            =   1.94247e-13 from=  2.08000e-07 to=  2.18000e-07
lvl_pb              =  1.487156e-01 at=  2.112000e-07
raila_pb            =  2.186835e-02 at=  2.112000e-07
railb_pb            =  -8.407013e-06 at=  2.124900e-07
dema_pb             =  7.895941e-01
demb_pb             =  9.135832e-02
da_pb               =  6.982449e-01
db_pb               =  -6.982010e-01
dapk_pb             =  6.983026e-01 at=  2.127100e-07
dbpk_pb             =  5.204170e-17 at=  2.114140e-07
ipk_pb              =  -2.716238e-04 at=  2.102000e-07
didt_pb             =  3.673406e+07 at=  2.100060e-07
e_drv_nb            =   1.34194e-13 from=  2.29000e-07 to=  2.34000e-07
e_line_nb           =   1.80992e-14 from=  2.29000e-07 to=  2.34000e-07
qg_nb               =   6.81321e-15 from=  2.31100e-07 to=  2.32200e-07
e_rec_nb            =   1.94907e-13 from=  2.28000e-07 to=  2.38000e-07
lvl_nb              =  -1.487156e-01 at=  2.312000e-07
raila_nb            =  5.455048e-05 at=  2.321100e-07
railb_nb            =  -2.186835e-02 at=  2.312000e-07
dema_nb             =  9.133507e-02
demb_nb             =  7.895778e-01
da_nb               =  -6.981850e-01
db_nb               =  6.982293e-01
dapk_nb             =  4.163336e-17 at=  2.314900e-07
dbpk_nb             =  6.982449e-01 at=  2.328300e-07
ipk_nb              =  2.342879e-04 at=  2.302000e-07
didt_nb             =  1.836703e+07 at=  2.300060e-07
e_drv_nla           =   2.57400e-20 from=  2.59000e-07 to=  2.64000e-07
e_rec_nla           =   5.14969e-14 from=  2.58000e-07 to=  2.68000e-07
raila_nla           =  8.644471e-04 at=  2.615300e-07
railb_nla           =  8.641582e-04 at=  2.615300e-07
dema_nla            =  6.042006e-01
demb_nla            =  6.001654e-01
da_nla              =  4.035321e-03
db_nla              =  -4.034985e-03
e_drv_nlb           =   2.57400e-20 from=  2.79000e-07 to=  2.84000e-07
e_rec_nlb           =   1.94834e-13 from=  2.78000e-07 to=  2.88000e-07
raila_nlb           =  1.674821e-03 at=  2.815500e-07
railb_nlb           =  1.673750e-03 at=  2.815500e-07
dema_nlb            =  7.895608e-01
demb_nlb            =  9.134184e-02
da_nlb              =  6.982189e-01
db_nlb              =  -6.982189e-01


Total analysis time (seconds) = 1.94173

Total elapsed time (seconds) = 1.950 

Total DRAM available = 62177.336 MB.
DRAM currently available = 10471.324 MB.
Maximum ngspice program size =   30.742 MB.
Current ngspice program size =   20.844 MB.

Shared ngspice pages =   11.551 MB.
Text (code) pages =    7.578 MB.
Stack = 0 bytes.
Library pages =    9.336 MB.


Note: No compatibility mode selected!


Circuit: * lswsweep vd=0.6 mode=fair vtd=0.4 wp=11u

Doing analysis at TEMP = 27.000000 and TNOM = 27.000000

Using SPARSE 1.3 as Direct Linear Solver

Initial Transient Solution
--------------------------

Node                                   Voltage
----                                   -------
vdd                                        0.6
vss                                       -0.6
vddsa                                        1
pwpsup                               4.392e-12
pwpsa                               1.1396e-11
didtp                                        0
didtn                                        0
drv_pa                                       0
gp_pa                                      0.6
gn_pa                                     -0.6
cell_pa                                      0
xc_pa.x                                      0
ra_pa                                        0
rb_pa                                        0
pwpl_pa                                      0
pwpg_pa                                      0
qg_pa                                        0
clk_pa                                       1
outap_pa                           9.14501e-10
xsaa_pa.cs                            0.400333
outapb_pa                          9.14501e-10
outbp_pa                           9.14501e-10
xsab_pa.cs                            0.400333
outbpb_pa                          9.14501e-10
vda_pa                            -7.39145e-20
vdb_pa                                       0
drv_na                                       0
gp_na                                      0.6
gn_na                                     -0.6
cell_na                                      0
xc_na.x                                      0
ra_na                                        0
rb_na                                        0
pwpl_na                                      0
pwpg_na                                      0
qg_na                                        0
clk_na                                       1
outap_na                           9.14501e-10
xsaa_na.cs                            0.400333
outapb_na                          9.14501e-10
outbp_na                           9.14501e-10
xsab_na.cs                            0.400333
outbpb_na                          9.14501e-10
vda_na                                       0
vdb_na                                       0
drv_pb                                       0
gp_pb                                      0.6
gn_pb                                     -0.6
cell_pb                                      0
xc_pb.x                                      0
ra_pb                                        0
rb_pb                                        0
pwpl_pb                                      0
pwpg_pb                                      0
qg_pb                                        0
clk_pb                                       1
clkb_pb                                      1
paa_pb                                 3.4e-09
xpaa_pb.tp                                0.33
paab_pb                                3.4e-09
outap_pb                           9.14501e-10
xsaa_pb.cs                            0.400333
outapb_pb                          9.14501e-10
pab_pb                                 3.4e-09
xpab_pb.tp                                0.33
pabb_pb                                3.4e-09
outbp_pb                           9.14501e-10
xsab_pb.cs                            0.400333
outbpb_pb                          9.14501e-10
vda_pb                                       0
vdb_pb                             8.06036e-21
drv_nb                                       0
gp_nb                                      0.6
gn_nb                                     -0.6
cell_nb                                      0
xc_nb.x                                      0
ra_nb                                        0
rb_nb                                        0
pwpl_nb                                      0
pwpg_nb                                      0
qg_nb                                        0
clk_nb                                       1
clkb_nb                                      1
paa_nb                                 3.4e-09
xpaa_nb.tp                                0.33
paab_nb                                3.4e-09
outap_nb                           9.14501e-10
xsaa_nb.cs                            0.400333
outapb_nb                          9.14501e-10
pab_nb                                 3.4e-09
xpab_nb.tp                                0.33
pabb_nb                                3.4e-09
outbp_nb                           9.14501e-10
xsab_nb.cs                            0.400333
outbpb_nb                          9.14501e-10
vda_nb                                       0
vdb_nb                            -4.99614e-20
drv_nla                                      0
gp_nla                                     0.6
gn_nla                                    -0.6
cell_nla                                     0
xc_nla.x                                     0
ra_nla                                       0
rb_nla                                       0
pwpl_nla                                     0
clk_nla                                      1
outap_nla                          9.14501e-10
xsaa_nla.cs                           0.400333
outapb_nla                         9.14501e-10
outbp_nla                          9.14501e-10
xsab_nla.cs                           0.400333
outbpb_nla                         9.14501e-10
vda_nla                                      0
vdb_nla                                      0
drv_nlb                                      0
gp_nlb                                     0.6
gn_nlb                                    -0.6
cell_nlb                                     0
xc_nlb.x                                     0
ra_nlb                                       0
rb_nlb                                       0
pwpl_nlb                                     0
clk_nlb                                      1
clkb_nlb                                     1
paa_nlb                                3.4e-09
xpaa_nlb.tp                               0.33
paab_nlb                               3.4e-09
outap_nlb                          9.14501e-10
xsaa_nlb.cs                           0.400333
outapb_nlb                         9.14501e-10
pab_nlb                                3.4e-09
xpab_nlb.tp                               0.33
pabb_nlb                               3.4e-09
outbp_nlb                          9.14501e-10
xsab_nlb.cs                           0.400333
outbpb_nlb                         9.14501e-10
vda_nlb                            3.90266e-20
vdb_nlb                                      0
bdb_nlb#branch                               0
bda_nlb#branch                               0
bpl_nlb#branch                               0
vs_nlb#branch                                0
bdb_nla#branch                               0
bda_nla#branch                               0
bpl_nla#branch                               0
vs_nla#branch                                0
bdb_nb#branch                                0
bda_nb#branch                                0
bqg_nb#branch                                0
vgn_nb#branch                                0
bpg_nb#branch                                0
bpl_nb#branch                                0
vs_nb#branch                                 0
bdb_pb#branch                                0
bda_pb#branch                                0
bqg_pb#branch                                0
vgp_pb#branch                                0
bpg_pb#branch                                0
bpl_pb#branch                                0
vs_pb#branch                                 0
bdb_na#branch                                0
bda_na#branch                                0
bqg_na#branch                                0
vgn_na#branch                                0
bpg_na#branch                                0
bpl_na#branch                                0
vs_na#branch                                 0
bdb_pa#branch                                0
bda_pa#branch                                0
bqg_pa#branch                                0
vgp_pa#branch                                0
bpg_pa#branch                                0
bpl_pa#branch                                0
vs_pa#branch                                 0
bdidtn#branch                                0
vss#branch                            3.66e-12
bdidtp#branch                                0
vdd#branch                           -3.66e-12
bpsa#branch                                  0
vddsa#branch                       -1.1396e-11
bpsup#branch                                 0
vclkb_nlb#branch                             0
vclk_nlb#branch                              0
vgn_nlb#branch                               0
vgp_nlb#branch                               0
vclk_nla#branch                              0
vgn_nla#branch                               0
vgp_nla#branch                               0
vclkb_nb#branch                              0
vclk_nb#branch                               0
vgp_nb#branch                                0
vclkb_pb#branch                              0
vclk_pb#branch                               0
vgn_pb#branch                                0
vclk_na#branch                               0
vgp_na#branch                                0
vclk_pa#branch                               0
vgn_pa#branch                                0

 Reference value :  3.00256e-08 Reference value :  6.34056e-08 Reference value :  9.76456e-08 Reference value :  1.31826e-07 Reference value :  1.64130e-07 Reference value :  1.98510e-07 Reference value :  2.33490e-07 Reference value :  2.71930e-07
No. of Data Rows : 14616

  Measurements for Transient Analysis

e_drv_pa            =   7.87227e-14 from=  1.59000e-07 to=  1.64000e-07
e_line_pa           =   7.33372e-15 from=  1.59000e-07 to=  1.64000e-07
qg_pa               =   -1.25197e-14 from=  1.61100e-07 to=  1.62200e-07
e_rec_pa            =   5.14836e-14 from=  1.58000e-07 to=  1.68000e-07
e_pump_pa           =   1.69073e-15 from=  1.61100e-07 to=  1.61600e-07
lvl_pa              =  9.490931e-02 at=  1.612000e-07
lvl_pl_pa           =  8.658060e-02 at=  1.610900e-07
raila_pa            =  1.375063e-02 at=  1.612000e-07
raila_pl_pa         =  1.358659e-02 at=  1.610900e-07
railb_pa            =  -2.476162e-10 at=  1.600000e-07
dema_pa             =  6.102779e-01
demb_pa             =  5.968917e-01
da_pa               =  1.652242e-02
db_pa               =  -1.046327e-02
dapk_pa             =  1.764218e-02 at=  1.623900e-07
dbpk_pa             =  -5.334990e-07 at=  1.614300e-07
ipk_pa              =  -1.946831e-04 at=  1.602000e-07
didt_pa             =  3.392973e+07 at=  1.600060e-07
e_drv_na            =   7.87111e-14 from=  1.79000e-07 to=  1.84000e-07
e_line_na           =   7.33384e-15 from=  1.79000e-07 to=  1.84000e-07
qg_na               =   6.25986e-15 from=  1.81100e-07 to=  1.82200e-07
e_rec_na            =   5.15146e-14 from=  1.78000e-07 to=  1.88000e-07
e_pump_na           =   5.44665e-15 from=  1.81100e-07 to=  1.81600e-07
lvl_na              =  -9.491068e-02 at=  1.812000e-07
lvl_pl_na           =  -8.658201e-02 at=  1.810900e-07
raila_na            =  3.874830e-04 at=  1.819100e-07
railb_na            =  -1.375459e-02 at=  1.812000e-07
railb_pl_na         =  -1.359059e-02 at=  1.810900e-07
dema_na             =  6.011084e-01
demb_na             =  6.063541e-01
da_na               =  -2.169891e-03
db_na               =  8.375310e-03
dapk_na             =  -5.311203e-07 at=  1.814300e-07
dbpk_na             =  8.754291e-03 at=  1.823900e-07
ipk_na              =  1.602406e-04 at=  1.802000e-07
didt_na             =  1.696486e+07 at=  1.800060e-07
e_drv_pb            =   7.87228e-14 from=  2.09000e-07 to=  2.14000e-07
e_line_pb           =   7.32259e-15 from=  2.09000e-07 to=  2.14000e-07
qg_pb               =   -1.25197e-14 from=  2.11100e-07 to=  2.12200e-07
e_rec_pb            =   1.94391e-13 from=  2.08000e-07 to=  2.18000e-07
lvl_pb              =  9.490603e-02 at=  2.112000e-07
raila_pb            =  1.372108e-02 at=  2.112000e-07
railb_pb            =  -3.469447e-18 at=  2.100140e-07
dema_pb             =  7.895827e-01
demb_pb             =  9.135365e-02
da_pb               =  6.982332e-01
db_pb               =  -6.982085e-01
dapk_pb             =  6.982541e-01 at=  2.127900e-07
dbpk_pb             =  5.551115e-17 at=  2.114900e-07
ipk_pb              =  -1.946832e-04 at=  2.102000e-07
didt_pb             =  3.392973e+07 at=  2.100060e-07
e_drv_nb            =   7.87111e-14 from=  2.29000e-07 to=  2.34000e-07
e_line_nb           =   7.32259e-15 from=  2.29000e-07 to=  2.34000e-07
qg_nb               =   6.25986e-15 from=  2.31100e-07 to=  2.32200e-07
e_rec_nb            =   1.95532e-13 from=  2.28000e-07 to=  2.38000e-07
lvl_nb              =  -9.490603e-02 at=  2.312000e-07
raila_nb            =  2.238847e-04 at=  2.316300e-07
railb_nb            =  -1.372108e-02 at=  2.312000e-07
dema_nb             =  7.894353e-01
demb_nb             =  7.895560e-01
da_nb               =  6.981736e-01
db_nb               =  6.982157e-01
dapk_nb             =  6.982233e-01 at=  2.332500e-07
dbpk_nb             =  6.982157e-01 at=  2.329900e-07
ipk_nb              =  1.602406e-04 at=  2.302000e-07
didt_nb             =  1.696486e+07 at=  2.300060e-07
e_drv_nla           =   2.19600e-20 from=  2.59000e-07 to=  2.64000e-07
e_rec_nla           =   5.14969e-14 from=  2.58000e-07 to=  2.68000e-07
raila_nla           =  8.644471e-04 at=  2.615300e-07
railb_nla           =  8.641582e-04 at=  2.615300e-07
dema_nla            =  6.042006e-01
demb_nla            =  6.001654e-01
da_nla              =  4.035321e-03
db_nla              =  -4.034985e-03
e_drv_nlb           =   2.19600e-20 from=  2.79000e-07 to=  2.84000e-07
e_rec_nlb           =   1.94834e-13 from=  2.78000e-07 to=  2.88000e-07
raila_nlb           =  1.674821e-03 at=  2.815500e-07
railb_nlb           =  1.673750e-03 at=  2.815500e-07
dema_nlb            =  7.895608e-01
demb_nlb            =  9.134184e-02
da_nlb              =  6.982189e-01
db_nlb              =  -6.982189e-01


Total analysis time (seconds) = 2.11419

Total elapsed time (seconds) = 2.128 

Total DRAM available = 62177.336 MB.
DRAM currently available = 10473.852 MB.
Maximum ngspice program size =   30.742 MB.
Current ngspice program size =   20.715 MB.

Shared ngspice pages =   11.426 MB.
Text (code) pages =    7.578 MB.
Stack = 0 bytes.
Library pages =    9.336 MB.


Note: No compatibility mode selected!


Circuit: * lswsweep vd=0.5 mode=fair vtd=0.4 wp=11u

Doing analysis at TEMP = 27.000000 and TNOM = 27.000000

Using SPARSE 1.3 as Direct Linear Solver

Initial Transient Solution
--------------------------

Node                                   Voltage
----                                   -------
vdd                                        0.5
vss                                       -0.5
vddsa                                        1
pwpsup                                3.06e-12
pwpsa                               1.1396e-11
didtp                                        0
didtn                                        0
drv_pa                                       0
gp_pa                                      0.5
gn_pa                                     -0.5
cell_pa                                      0
xc_pa.x                                      0
ra_pa                                        0
rb_pa                                        0
pwpl_pa                                      0
pwpg_pa                                      0
qg_pa                                        0
clk_pa                                       1
outap_pa                           9.14501e-10
xsaa_pa.cs                            0.400333
outapb_pa                          9.14501e-10
outbp_pa                           9.14501e-10
xsab_pa.cs                            0.400333
outbpb_pa                          9.14501e-10
vda_pa                            -7.39145e-20
vdb_pa                                       0
drv_na                                       0
gp_na                                      0.5
gn_na                                     -0.5
cell_na                                      0
xc_na.x                                      0
ra_na                                        0
rb_na                                        0
pwpl_na                                      0
pwpg_na                                      0
qg_na                                        0
clk_na                                       1
outap_na                           9.14501e-10
xsaa_na.cs                            0.400333
outapb_na                          9.14501e-10
outbp_na                           9.14501e-10
xsab_na.cs                            0.400333
outbpb_na                          9.14501e-10
vda_na                                       0
vdb_na                                       0
drv_pb                                       0
gp_pb                                      0.5
gn_pb                                     -0.5
cell_pb                                      0
xc_pb.x                                      0
ra_pb                                        0
rb_pb                                        0
pwpl_pb                                      0
pwpg_pb                                      0
qg_pb                                        0
clk_pb                                       1
clkb_pb                                      1
paa_pb                                 3.4e-09
xpaa_pb.tp                                0.33
paab_pb                                3.4e-09
outap_pb                           9.14501e-10
xsaa_pb.cs                            0.400333
outapb_pb                          9.14501e-10
pab_pb                                 3.4e-09
xpab_pb.tp                                0.33
pabb_pb                                3.4e-09
outbp_pb                           9.14501e-10
xsab_pb.cs                            0.400333
outbpb_pb                          9.14501e-10
vda_pb                                       0
vdb_pb                             8.06036e-21
drv_nb                                       0
gp_nb                                      0.5
gn_nb                                     -0.5
cell_nb                                      0
xc_nb.x                                      0
ra_nb                                        0
rb_nb                                        0
pwpl_nb                                      0
pwpg_nb                                      0
qg_nb                                        0
clk_nb                                       1
clkb_nb                                      1
paa_nb                                 3.4e-09
xpaa_nb.tp                                0.33
paab_nb                                3.4e-09
outap_nb                           9.14501e-10
xsaa_nb.cs                            0.400333
outapb_nb                          9.14501e-10
pab_nb                                 3.4e-09
xpab_nb.tp                                0.33
pabb_nb                                3.4e-09
outbp_nb                           9.14501e-10
xsab_nb.cs                            0.400333
outbpb_nb                          9.14501e-10
vda_nb                                       0
vdb_nb                            -4.99614e-20
drv_nla                                      0
gp_nla                                     0.5
gn_nla                                    -0.5
cell_nla                                     0
xc_nla.x                                     0
ra_nla                                       0
rb_nla                                       0
pwpl_nla                                     0
clk_nla                                      1
outap_nla                          9.14501e-10
xsaa_nla.cs                           0.400333
outapb_nla                         9.14501e-10
outbp_nla                          9.14501e-10
xsab_nla.cs                           0.400333
outbpb_nla                         9.14501e-10
vda_nla                                      0
vdb_nla                                      0
drv_nlb                                      0
gp_nlb                                     0.5
gn_nlb                                    -0.5
cell_nlb                                     0
xc_nlb.x                                     0
ra_nlb                                       0
rb_nlb                                       0
pwpl_nlb                                     0
clk_nlb                                      1
clkb_nlb                                     1
paa_nlb                                3.4e-09
xpaa_nlb.tp                               0.33
paab_nlb                               3.4e-09
outap_nlb                          9.14501e-10
xsaa_nlb.cs                           0.400333
outapb_nlb                         9.14501e-10
pab_nlb                                3.4e-09
xpab_nlb.tp                               0.33
pabb_nlb                               3.4e-09
outbp_nlb                          9.14501e-10
xsab_nlb.cs                           0.400333
outbpb_nlb                         9.14501e-10
vda_nlb                            3.90266e-20
vdb_nlb                                      0
bdb_nlb#branch                               0
bda_nlb#branch                               0
bpl_nlb#branch                               0
vs_nlb#branch                                0
bdb_nla#branch                               0
bda_nla#branch                               0
bpl_nla#branch                               0
vs_nla#branch                                0
bdb_nb#branch                                0
bda_nb#branch                                0
bqg_nb#branch                                0
vgn_nb#branch                                0
bpg_nb#branch                                0
bpl_nb#branch                                0
vs_nb#branch                                 0
bdb_pb#branch                                0
bda_pb#branch                                0
bqg_pb#branch                                0
vgp_pb#branch                                0
bpg_pb#branch                                0
bpl_pb#branch                                0
vs_pb#branch                                 0
bdb_na#branch                                0
bda_na#branch                                0
bqg_na#branch                                0
vgn_na#branch                                0
bpg_na#branch                                0
bpl_na#branch                                0
vs_na#branch                                 0
bdb_pa#branch                                0
bda_pa#branch                                0
bqg_pa#branch                                0
vgp_pa#branch                                0
bpg_pa#branch                                0
bpl_pa#branch                                0
vs_pa#branch                                 0
bdidtn#branch                                0
vss#branch                            3.06e-12
bdidtp#branch                                0
vdd#branch                           -3.06e-12
bpsa#branch                                  0
vddsa#branch                       -1.1396e-11
bpsup#branch                                 0
vclkb_nlb#branch                             0
vclk_nlb#branch                              0
vgn_nlb#branch                               0
vgp_nlb#branch                               0
vclk_nla#branch                              0
vgn_nla#branch                               0
vgp_nla#branch                               0
vclkb_nb#branch                              0
vclk_nb#branch                               0
vgp_nb#branch                                0
vclkb_pb#branch                              0
vclk_pb#branch                               0
vgn_pb#branch                                0
vclk_na#branch                               0
vgp_na#branch                                0
vclk_pa#branch                               0
vgn_pa#branch                                0

 Reference value :  3.59256e-08 Reference value :  7.49656e-08 Reference value :  1.14426e-07 Reference value :  1.53046e-07 Reference value :  1.90290e-07 Reference value :  2.28350e-07 Reference value :  2.65650e-07
No. of Data Rows : 14616

  Measurements for Transient Analysis

e_drv_pa            =   1.60818e-14 from=  1.59000e-07 to=  1.64000e-07
e_line_pa           =   4.42536e-16 from=  1.59000e-07 to=  1.64000e-07
qg_pa               =   -1.02608e-14 from=  1.61100e-07 to=  1.62200e-07
e_rec_pa            =   5.14934e-14 from=  1.58000e-07 to=  1.68000e-07
e_pump_pa           =   -3.34586e-15 from=  1.61100e-07 to=  1.61600e-07
lvl_pa              =  2.338604e-02 at=  1.612000e-07
lvl_pl_pa           =  2.131886e-02 at=  1.610900e-07
raila_pa            =  3.224336e-03 at=  1.612000e-07
raila_pl_pa         =  3.188393e-03 at=  1.610900e-07
railb_pa            =  -2.476162e-10 at=  1.600000e-07
dema_pa             =  6.054308e-01
demb_pa             =  5.991588e-01
da_pa               =  6.532404e-03
db_pa               =  -6.021293e-03
dapk_pa             =  7.029509e-03 at=  1.623900e-07
dbpk_pa             =  -2.337364e-07 at=  1.614300e-07
ipk_pa              =  -8.864709e-05 at=  1.602000e-07
didt_pa             =  2.831038e+07 at=  1.600060e-07
e_drv_na            =   1.60792e-14 from=  1.79000e-07 to=  1.84000e-07
e_line_na           =   4.42538e-16 from=  1.79000e-07 to=  1.84000e-07
qg_na               =   5.13039e-15 from=  1.81100e-07 to=  1.82200e-07
e_rec_na            =   5.15008e-14 from=  1.78000e-07 to=  1.88000e-07
e_pump_na           =   -7.80668e-16 from=  1.81100e-07 to=  1.81600e-07
lvl_na              =  -2.338616e-02 at=  1.812000e-07
lvl_pl_na           =  -2.131898e-02 at=  1.810900e-07
raila_na            =  5.209115e-04 at=  1.818700e-07
railb_na            =  -3.224649e-03 at=  1.812000e-07
railb_pl_na         =  -3.188698e-03 at=  1.810900e-07
dema_na             =  6.032612e-01
demb_na             =  6.014564e-01
da_na               =  2.139469e-03
db_na               =  -1.475321e-03
dapk_na             =  2.380752e-03 at=  1.823900e-07
dbpk_na             =  1.267571e-04 at=  1.815140e-07
ipk_na              =  5.998060e-05 at=  1.802000e-07
didt_na             =  1.415519e+07 at=  1.800060e-07
e_drv_pb            =   1.60818e-14 from=  2.09000e-07 to=  2.14000e-07
e_line_pb           =   4.42091e-16 from=  2.09000e-07 to=  2.14000e-07
qg_pb               =   -1.02608e-14 from=  2.11100e-07 to=  2.12200e-07
e_rec_pb            =   1.94684e-13 from=  2.08000e-07 to=  2.18000e-07
lvl_pb              =  2.338468e-02 at=  2.112000e-07
raila_pb            =  3.218112e-03 at=  2.112000e-07
railb_pb            =  -6.505213e-18 at=  2.100700e-07
dema_pb             =  7.895669e-01
demb_pb             =  9.134607e-02
da_pb               =  6.982215e-01
db_pb               =  -6.982172e-01
dapk_pb             =  6.982223e-01 at=  2.129500e-07
dbpk_pb             =  9.367507e-17 at=  2.114300e-07
ipk_pb              =  -8.864709e-05 at=  2.102000e-07
didt_pb             =  2.831038e+07 at=  2.100060e-07
e_drv_nb            =   1.60792e-14 from=  2.29000e-07 to=  2.34000e-07
e_line_nb           =   4.42091e-16 from=  2.29000e-07 to=  2.34000e-07
qg_nb               =   5.13039e-15 from=  2.31100e-07 to=  2.32200e-07
e_rec_nb            =   1.95046e-13 from=  2.28000e-07 to=  2.38000e-07
lvl_nb              =  -2.338468e-02 at=  2.312000e-07
raila_nb            =  1.228806e-03 at=  2.315700e-07
railb_nb            =  -3.218112e-03 at=  2.312000e-07
dema_nb             =  7.895544e-01
demb_nb             =  9.133383e-02
da_nb               =  6.982177e-01
db_nb               =  -6.982172e-01
dapk_nb             =  6.982186e-01 at=  2.330700e-07
dbpk_nb             =  4.253246e-08 at=  2.315060e-07
ipk_nb              =  5.998060e-05 at=  2.302000e-07
didt_nb             =  1.415519e+07 at=  2.300060e-07
e_drv_nla           =   1.53000e-20 from=  2.59000e-07 to=  2.64000e-07
e_rec_nla           =   5.14969e-14 from=  2.58000e-07 to=  2.68000e-07
raila_nla           =  8.644471e-04 at=  2.615300e-07
railb_nla           =  8.641582e-04 at=  2.615300e-07
dema_nla            =  6.042006e-01
demb_nla            =  6.001654e-01
da_nla              =  4.035321e-03
db_nla              =  -4.034985e-03
e_drv_nlb           =   1.53000e-20 from=  2.79000e-07 to=  2.84000e-07
e_rec_nlb           =   1.94834e-13 from=  2.78000e-07 to=  2.88000e-07
raila_nlb           =  1.674821e-03 at=  2.815500e-07
railb_nlb           =  1.673750e-03 at=  2.815500e-07
dema_nlb            =  7.895608e-01
demb_nlb            =  9.134184e-02
da_nlb              =  6.982189e-01
db_nlb              =  -6.982189e-01


Total analysis time (seconds) = 1.89234

Total elapsed time (seconds) = 1.905 

Total DRAM available = 62177.336 MB.
DRAM currently available = 10479.844 MB.
Maximum ngspice program size =   30.738 MB.
Current ngspice program size =   21.012 MB.

Shared ngspice pages =   11.723 MB.
Text (code) pages =    7.578 MB.
Stack = 0 bytes.
Library pages =    9.332 MB.


Note: No compatibility mode selected!


Circuit: * lswsweep vd=0.45 mode=fair vtd=0.4 wp=11u

Doing analysis at TEMP = 27.000000 and TNOM = 27.000000

Using SPARSE 1.3 as Direct Linear Solver

Initial Transient Solution
--------------------------

Node                                   Voltage
----                                   -------
vdd                                       0.45
vss                                      -0.45
vddsa                                        1
pwpsup                               2.484e-12
pwpsa                               1.1396e-11
didtp                                        0
didtn                                        0
drv_pa                                       0
gp_pa                                     0.45
gn_pa                                    -0.45
cell_pa                                      0
xc_pa.x                                      0
ra_pa                                        0
rb_pa                                        0
pwpl_pa                                      0
pwpg_pa                                      0
qg_pa                                        0
clk_pa                                       1
outap_pa                           9.14501e-10
xsaa_pa.cs                            0.400333
outapb_pa                          9.14501e-10
outbp_pa                           9.14501e-10
xsab_pa.cs                            0.400333
outbpb_pa                          9.14501e-10
vda_pa                            -7.39145e-20
vdb_pa                                       0
drv_na                                       0
gp_na                                     0.45
gn_na                                    -0.45
cell_na                                      0
xc_na.x                                      0
ra_na                                        0
rb_na                                        0
pwpl_na                                      0
pwpg_na                                      0
qg_na                                        0
clk_na                                       1
outap_na                           9.14501e-10
xsaa_na.cs                            0.400333
outapb_na                          9.14501e-10
outbp_na                           9.14501e-10
xsab_na.cs                            0.400333
outbpb_na                          9.14501e-10
vda_na                                       0
vdb_na                                       0
drv_pb                                       0
gp_pb                                     0.45
gn_pb                                    -0.45
cell_pb                                      0
xc_pb.x                                      0
ra_pb                                        0
rb_pb                                        0
pwpl_pb                                      0
pwpg_pb                                      0
qg_pb                                        0
clk_pb                                       1
clkb_pb                                      1
paa_pb                                 3.4e-09
xpaa_pb.tp                                0.33
paab_pb                                3.4e-09
outap_pb                           9.14501e-10
xsaa_pb.cs                            0.400333
outapb_pb                          9.14501e-10
pab_pb                                 3.4e-09
xpab_pb.tp                                0.33
pabb_pb                                3.4e-09
outbp_pb                           9.14501e-10
xsab_pb.cs                            0.400333
outbpb_pb                          9.14501e-10
vda_pb                                       0
vdb_pb                             8.06036e-21
drv_nb                                       0
gp_nb                                     0.45
gn_nb                                    -0.45
cell_nb                                      0
xc_nb.x                                      0
ra_nb                                        0
rb_nb                                        0
pwpl_nb                                      0
pwpg_nb                                      0
qg_nb                                        0
clk_nb                                       1
clkb_nb                                      1
paa_nb                                 3.4e-09
xpaa_nb.tp                                0.33
paab_nb                                3.4e-09
outap_nb                           9.14501e-10
xsaa_nb.cs                            0.400333
outapb_nb                          9.14501e-10
pab_nb                                 3.4e-09
xpab_nb.tp                                0.33
pabb_nb                                3.4e-09
outbp_nb                           9.14501e-10
xsab_nb.cs                            0.400333
outbpb_nb                          9.14501e-10
vda_nb                                       0
vdb_nb                            -4.99614e-20
drv_nla                                      0
gp_nla                                    0.45
gn_nla                                   -0.45
cell_nla                                     0
xc_nla.x                                     0
ra_nla                                       0
rb_nla                                       0
pwpl_nla                                     0
clk_nla                                      1
outap_nla                          9.14501e-10
xsaa_nla.cs                           0.400333
outapb_nla                         9.14501e-10
outbp_nla                          9.14501e-10
xsab_nla.cs                           0.400333
outbpb_nla                         9.14501e-10
vda_nla                                      0
vdb_nla                                      0
drv_nlb                                      0
gp_nlb                                    0.45
gn_nlb                                   -0.45
cell_nlb                                     0
xc_nlb.x                                     0
ra_nlb                                       0
rb_nlb                                       0
pwpl_nlb                                     0
clk_nlb                                      1
clkb_nlb                                     1
paa_nlb                                3.4e-09
xpaa_nlb.tp                               0.33
paab_nlb                               3.4e-09
outap_nlb                          9.14501e-10
xsaa_nlb.cs                           0.400333
outapb_nlb                         9.14501e-10
pab_nlb                                3.4e-09
xpab_nlb.tp                               0.33
pabb_nlb                               3.4e-09
outbp_nlb                          9.14501e-10
xsab_nlb.cs                           0.400333
outbpb_nlb                         9.14501e-10
vda_nlb                            3.90266e-20
vdb_nlb                                      0
bdb_nlb#branch                               0
bda_nlb#branch                               0
bpl_nlb#branch                               0
vs_nlb#branch                                0
bdb_nla#branch                               0
bda_nla#branch                               0
bpl_nla#branch                               0
vs_nla#branch                                0
bdb_nb#branch                                0
bda_nb#branch                                0
bqg_nb#branch                                0
vgn_nb#branch                                0
bpg_nb#branch                                0
bpl_nb#branch                                0
vs_nb#branch                                 0
bdb_pb#branch                                0
bda_pb#branch                                0
bqg_pb#branch                                0
vgp_pb#branch                                0
bpg_pb#branch                                0
bpl_pb#branch                                0
vs_pb#branch                                 0
bdb_na#branch                                0
bda_na#branch                                0
bqg_na#branch                                0
vgn_na#branch                                0
bpg_na#branch                                0
bpl_na#branch                                0
vs_na#branch                                 0
bdb_pa#branch                                0
bda_pa#branch                                0
bqg_pa#branch                                0
vgp_pa#branch                                0
bpg_pa#branch                                0
bpl_pa#branch                                0
vs_pa#branch                                 0
bdidtn#branch                                0
vss#branch                            2.76e-12
bdidtp#branch                                0
vdd#branch                           -2.76e-12
bpsa#branch                                  0
vddsa#branch                       -1.1396e-11
bpsup#branch                                 0
vclkb_nlb#branch                             0
vclk_nlb#branch                              0
vgn_nlb#branch                               0
vgp_nlb#branch                               0
vclk_nla#branch                              0
vgn_nla#branch                               0
vgp_nla#branch                               0
vclkb_nb#branch                              0
vclk_nb#branch                               0
vgp_nb#branch                                0
vclkb_pb#branch                              0
vclk_pb#branch                               0
vgn_pb#branch                                0
vclk_na#branch                               0
vgp_na#branch                                0
vclk_pa#branch                               0
vgn_pa#branch                                0

 Reference value :  3.55856e-08 Reference value :  7.43056e-08 Reference value :  1.13186e-07 Reference value :  1.51146e-07 Reference value :  1.86190e-07 Reference value :  2.22790e-07 Reference value :  2.59970e-07
No. of Data Rows : 14616

  Measurements for Transient Analysis

e_drv_pa            =   3.57353e-15 from=  1.59000e-07 to=  1.64000e-07
e_line_pa           =   2.70628e-17 from=  1.59000e-07 to=  1.64000e-07
qg_pa               =   -9.12153e-15 from=  1.61100e-07 to=  1.62200e-07
e_rec_pa            =   5.14960e-14 from=  1.58000e-07 to=  1.68000e-07
e_pump_pa           =   -3.72405e-15 from=  1.61100e-07 to=  1.61600e-07
lvl_pa              =  5.809305e-03 at=  1.612000e-07
lvl_pl_pa           =  5.294206e-03 at=  1.610900e-07
raila_pa            =  1.020683e-03 at=  1.615300e-07
raila_pl_pa         =  7.787060e-04 at=  1.610900e-07
railb_pa            =  -2.476162e-10 at=  1.600000e-07
dema_pa             =  6.044721e-01
demb_pa             =  5.998930e-01
da_pa               =  4.585097e-03
db_pa               =  -4.573341e-03
dapk_pa             =  4.964086e-03 at=  1.623900e-07
dbpk_pa             =  -2.973738e-08 at=  1.614140e-07
ipk_pa              =  -5.937808e-05 at=  1.602000e-07
didt_pa             =  2.549537e+07 at=  1.600060e-07
e_drv_na            =   3.57352e-15 from=  1.79000e-07 to=  1.84000e-07
e_line_na           =   2.70629e-17 from=  1.79000e-07 to=  1.84000e-07
qg_na               =   4.56077e-15 from=  1.81100e-07 to=  1.82200e-07
e_rec_na            =   5.14978e-14 from=  1.78000e-07 to=  1.88000e-07
e_pump_na           =   -1.67170e-15 from=  1.81100e-07 to=  1.81600e-07
lvl_na              =  -5.809314e-03 at=  1.812000e-07
lvl_pl_na           =  -5.294215e-03 at=  1.810900e-07
raila_na            =  7.134652e-04 at=  1.815300e-07
railb_na            =  -7.832631e-04 at=  1.812000e-07
railb_pl_na         =  -7.787289e-04 at=  1.810900e-07
dema_na             =  6.039404e-01
demb_na             =  6.004493e-01
da_na               =  3.509158e-03
db_na               =  -3.473368e-03
dapk_na             =  3.826815e-03 at=  1.823900e-07
dbpk_na             =  2.830535e-06 at=  1.814700e-07
ipk_na              =  3.359426e-05 at=  1.802000e-07
didt_na             =  1.274769e+07 at=  1.800060e-07
e_drv_pb            =   3.57353e-15 from=  2.09000e-07 to=  2.14000e-07
e_line_pb           =   2.70618e-17 from=  2.09000e-07 to=  2.14000e-07
qg_pb               =   -9.12153e-15 from=  2.11100e-07 to=  2.12200e-07
e_rec_pb            =   1.94793e-13 from=  2.08000e-07 to=  2.18000e-07
lvl_pb              =  5.809286e-03 at=  2.112000e-07
raila_pb            =  1.814163e-03 at=  2.115500e-07
railb_pb            =  -2.168404e-18 at=  2.100060e-07
dema_pb             =  7.895622e-01
demb_pb             =  9.134304e-02
da_pb               =  6.982193e-01
db_pb               =  -6.982189e-01
dapk_pb             =  6.982193e-01 at=  2.129900e-07
dbpk_pb             =  1.387779e-17 at=  2.114140e-07
ipk_pb              =  -5.937808e-05 at=  2.102000e-07
didt_pb             =  2.549537e+07 at=  2.100060e-07
e_drv_nb            =   3.57352e-15 from=  2.29000e-07 to=  2.34000e-07
e_line_nb           =   2.70618e-17 from=  2.29000e-07 to=  2.34000e-07
qg_nb               =   4.56077e-15 from=  2.31100e-07 to=  2.32200e-07
e_rec_nb            =   1.94879e-13 from=  2.28000e-07 to=  2.38000e-07
lvl_nb              =  -5.809286e-03 at=  2.312000e-07
raila_nb            =  1.541678e-03 at=  2.315700e-07
railb_nb            =  -7.831895e-04 at=  2.312000e-07
dema_nb             =  7.895593e-01
demb_nb             =  9.134048e-02
da_nb               =  6.982186e-01
db_nb               =  -6.982189e-01
dapk_nb             =  6.982188e-01 at=  2.330300e-07
dbpk_nb             =  6.938894e-18 at=  2.314500e-07
ipk_nb              =  3.359426e-05 at=  2.302000e-07
didt_nb             =  1.274769e+07 at=  2.300060e-07
e_drv_nla           =   1.24200e-20 from=  2.59000e-07 to=  2.64000e-07
e_rec_nla           =   5.14969e-14 from=  2.58000e-07 to=  2.68000e-07
raila_nla           =  8.644471e-04 at=  2.615300e-07
railb_nla           =  8.641582e-04 at=  2.615300e-07
dema_nla            =  6.042006e-01
demb_nla            =  6.001654e-01
da_nla              =  4.035321e-03
db_nla              =  -4.034985e-03
e_drv_nlb           =   1.24200e-20 from=  2.79000e-07 to=  2.84000e-07
e_rec_nlb           =   1.94834e-13 from=  2.78000e-07 to=  2.88000e-07
raila_nlb           =  1.674821e-03 at=  2.815500e-07
railb_nlb           =  1.673750e-03 at=  2.815500e-07
dema_nlb            =  7.895608e-01
demb_nlb            =  9.134184e-02
da_nlb              =  6.982189e-01
db_nlb              =  -6.982189e-01


Total analysis time (seconds) = 1.93907

Total elapsed time (seconds) = 1.948 

Total DRAM available = 62177.336 MB.
DRAM currently available = 10473.449 MB.
Maximum ngspice program size =   30.738 MB.
Current ngspice program size =   20.980 MB.

Shared ngspice pages =   11.691 MB.
Text (code) pages =    7.578 MB.
Stack = 0 bytes.
Library pages =    9.332 MB.


Note: No compatibility mode selected!


Circuit: * lswsweep vd=0.4 mode=fair vtd=0.4 wp=11u

Doing analysis at TEMP = 27.000000 and TNOM = 27.000000

Using SPARSE 1.3 as Direct Linear Solver

Initial Transient Solution
--------------------------

Node                                   Voltage
----                                   -------
vdd                                        0.4
vss                                       -0.4
vddsa                                        1
pwpsup                               1.968e-12
pwpsa                               1.1396e-11
didtp                                        0
didtn                                        0
drv_pa                                       0
gp_pa                                      0.4
gn_pa                                     -0.4
cell_pa                                      0
xc_pa.x                                      0
ra_pa                                        0
rb_pa                                        0
pwpl_pa                                      0
pwpg_pa                                      0
qg_pa                                        0
clk_pa                                       1
outap_pa                           9.14501e-10
xsaa_pa.cs                            0.400333
outapb_pa                          9.14501e-10
outbp_pa                           9.14501e-10
xsab_pa.cs                            0.400333
outbpb_pa                          9.14501e-10
vda_pa                            -7.39145e-20
vdb_pa                                       0
drv_na                                       0
gp_na                                      0.4
gn_na                                     -0.4
cell_na                                      0
xc_na.x                                      0
ra_na                                        0
rb_na                                        0
pwpl_na                                      0
pwpg_na                                      0
qg_na                                        0
clk_na                                       1
outap_na                           9.14501e-10
xsaa_na.cs                            0.400333
outapb_na                          9.14501e-10
outbp_na                           9.14501e-10
xsab_na.cs                            0.400333
outbpb_na                          9.14501e-10
vda_na                                       0
vdb_na                                       0
drv_pb                                       0
gp_pb                                      0.4
gn_pb                                     -0.4
cell_pb                                      0
xc_pb.x                                      0
ra_pb                                        0
rb_pb                                        0
pwpl_pb                                      0
pwpg_pb                                      0
qg_pb                                        0
clk_pb                                       1
clkb_pb                                      1
paa_pb                                 3.4e-09
xpaa_pb.tp                                0.33
paab_pb                                3.4e-09
outap_pb                           9.14501e-10
xsaa_pb.cs                            0.400333
outapb_pb                          9.14501e-10
pab_pb                                 3.4e-09
xpab_pb.tp                                0.33
pabb_pb                                3.4e-09
outbp_pb                           9.14501e-10
xsab_pb.cs                            0.400333
outbpb_pb                          9.14501e-10
vda_pb                                       0
vdb_pb                             8.06036e-21
drv_nb                                       0
gp_nb                                      0.4
gn_nb                                     -0.4
cell_nb                                      0
xc_nb.x                                      0
ra_nb                                        0
rb_nb                                        0
pwpl_nb                                      0
pwpg_nb                                      0
qg_nb                                        0
clk_nb                                       1
clkb_nb                                      1
paa_nb                                 3.4e-09
xpaa_nb.tp                                0.33
paab_nb                                3.4e-09
outap_nb                           9.14501e-10
xsaa_nb.cs                            0.400333
outapb_nb                          9.14501e-10
pab_nb                                 3.4e-09
xpab_nb.tp                                0.33
pabb_nb                                3.4e-09
outbp_nb                           9.14501e-10
xsab_nb.cs                            0.400333
outbpb_nb                          9.14501e-10
vda_nb                                       0
vdb_nb                            -4.99614e-20
drv_nla                                      0
gp_nla                                     0.4
gn_nla                                    -0.4
cell_nla                                     0
xc_nla.x                                     0
ra_nla                                       0
rb_nla                                       0
pwpl_nla                                     0
clk_nla                                      1
outap_nla                          9.14501e-10
xsaa_nla.cs                           0.400333
outapb_nla                         9.14501e-10
outbp_nla                          9.14501e-10
xsab_nla.cs                           0.400333
outbpb_nla                         9.14501e-10
vda_nla                                      0
vdb_nla                                      0
drv_nlb                                      0
gp_nlb                                     0.4
gn_nlb                                    -0.4
cell_nlb                                     0
xc_nlb.x                                     0
ra_nlb                                       0
rb_nlb                                       0
pwpl_nlb                                     0
clk_nlb                                      1
clkb_nlb                                     1
paa_nlb                                3.4e-09
xpaa_nlb.tp                               0.33
paab_nlb                               3.4e-09
outap_nlb                          9.14501e-10
xsaa_nlb.cs                           0.400333
outapb_nlb                         9.14501e-10
pab_nlb                                3.4e-09
xpab_nlb.tp                               0.33
pabb_nlb                               3.4e-09
outbp_nlb                          9.14501e-10
xsab_nlb.cs                           0.400333
outbpb_nlb                         9.14501e-10
vda_nlb                            3.90266e-20
vdb_nlb                                      0
bdb_nlb#branch                               0
bda_nlb#branch                               0
bpl_nlb#branch                               0
vs_nlb#branch                                0
bdb_nla#branch                               0
bda_nla#branch                               0
bpl_nla#branch                               0
vs_nla#branch                                0
bdb_nb#branch                                0
bda_nb#branch                                0
bqg_nb#branch                                0
vgn_nb#branch                                0
bpg_nb#branch                                0
bpl_nb#branch                                0
vs_nb#branch                                 0
bdb_pb#branch                                0
bda_pb#branch                                0
bqg_pb#branch                                0
vgp_pb#branch                                0
bpg_pb#branch                                0
bpl_pb#branch                                0
vs_pb#branch                                 0
bdb_na#branch                                0
bda_na#branch                                0
bqg_na#branch                                0
vgn_na#branch                                0
bpg_na#branch                                0
bpl_na#branch                                0
vs_na#branch                                 0
bdb_pa#branch                                0
bda_pa#branch                                0
bqg_pa#branch                                0
vgp_pa#branch                                0
bpg_pa#branch                                0
bpl_pa#branch                                0
vs_pa#branch                                 0
bdidtn#branch                                0
vss#branch                            2.46e-12
bdidtp#branch                                0
vdd#branch                           -2.46e-12
bpsa#branch                                  0
vddsa#branch                       -1.1396e-11
bpsup#branch                                 0
vclkb_nlb#branch                             0
vclk_nlb#branch                              0
vgn_nlb#branch                               0
vgp_nlb#branch                               0
vclk_nla#branch                              0
vgn_nla#branch                               0
vgp_nla#branch                               0
vclkb_nb#branch                              0
vclk_nb#branch                               0
vgp_nb#branch                                0
vclkb_pb#branch                              0
vclk_pb#branch                               0
vgn_pb#branch                                0
vclk_na#branch                               0
vgp_na#branch                                0
vclk_pa#branch                               0
vgn_pa#branch                                0

 Reference value :  3.56456e-08 Reference value :  7.33656e-08 Reference value :  1.11546e-07 Reference value :  1.49626e-07 Reference value :  1.85430e-07 Reference value :  2.21050e-07 Reference value :  2.57010e-07
No. of Data Rows : 14616

  Measurements for Transient Analysis

e_drv_pa            =   -5.13580e-18 from=  1.59000e-07 to=  1.64000e-07
e_line_pa           =   -7.58035e-25 from=  1.59000e-07 to=  1.64000e-07
qg_pa               =   -7.97793e-15 from=  1.61100e-07 to=  1.62200e-07
e_rec_pa            =   5.14969e-14 from=  1.58000e-07 to=  1.68000e-07
e_pump_pa           =   -3.19117e-15 from=  1.61100e-07 to=  1.61600e-07
lvl_pa              =  3.471227e-04 at=  1.615300e-07
lvl_pl_pa           =  -3.022921e-11 at=  1.610900e-07
raila_pa            =  8.643847e-04 at=  1.615300e-07
raila_pl_pa         =  -2.449013e-10 at=  1.610900e-07
railb_pa            =  -2.476162e-10 at=  1.600000e-07
dema_pa             =  6.042005e-01
demb_pa             =  6.001655e-01
da_pa               =  4.035157e-03
db_pa               =  -4.034821e-03
dapk_pa             =  4.382595e-03 at=  1.623900e-07
dbpk_pa             =  1.933176e-14 at=  1.614300e-07
ipk_pa              =  -4.580941e-05 at=  1.602000e-07
didt_pa             =  2.267680e+07 at=  1.600060e-07
e_drv_na            =   -2.56298e-18 from=  1.79000e-07 to=  1.84000e-07
e_line_na           =   -7.58035e-25 from=  1.79000e-07 to=  1.84000e-07
qg_na               =   3.98896e-15 from=  1.81100e-07 to=  1.82200e-07
e_rec_na            =   5.14969e-14 from=  1.78000e-07 to=  1.88000e-07
e_pump_na           =   -1.59558e-15 from=  1.81100e-07 to=  1.81600e-07
lvl_na              =  -1.380402e-11 at=  1.800000e-07
lvl_pl_na           =  -1.342565e-11 at=  1.805100e-07
raila_na            =  8.644015e-04 at=  1.815300e-07
railb_na            =  -2.046165e-10 at=  1.800000e-07
railb_pl_na         =  -2.036848e-10 at=  1.805100e-07
dema_na             =  6.042005e-01
demb_na             =  6.001655e-01
da_na               =  4.035201e-03
db_na               =  -4.034865e-03
dapk_na             =  4.382642e-03 at=  1.823900e-07
dbpk_na             =  1.400963e-14 at=  1.814300e-07
ipk_na              =  2.290471e-05 at=  1.802000e-07
didt_na             =  1.133840e+07 at=  1.800060e-07
e_drv_pb            =   -5.13580e-18 from=  2.09000e-07 to=  2.14000e-07
e_line_pb           =   -7.58089e-25 from=  2.09000e-07 to=  2.14000e-07
qg_pb               =   -7.97793e-15 from=  2.11100e-07 to=  2.12200e-07
e_rec_pb            =   1.94834e-13 from=  2.08000e-07 to=  2.18000e-07
lvl_pb              =  6.724741e-04 at=  2.115500e-07
raila_pb            =  1.674820e-03 at=  2.115500e-07
railb_pb            =  -1.040834e-17 at=  2.103900e-07
dema_pb             =  7.895608e-01
demb_pb             =  9.134184e-02
da_pb               =  6.982189e-01
db_pb               =  -6.982189e-01
dapk_pb             =  6.982190e-01 at=  2.130100e-07
dbpk_pb             =  9.367507e-17 at=  2.114140e-07
ipk_pb              =  -4.580941e-05 at=  2.102000e-07
didt_pb             =  2.267680e+07 at=  2.100060e-07
e_drv_nb            =   -2.56298e-18 from=  2.29000e-07 to=  2.34000e-07
e_line_nb           =   -7.58089e-25 from=  2.29000e-07 to=  2.34000e-07
qg_nb               =   3.98896e-15 from=  2.31100e-07 to=  2.32200e-07
e_rec_nb            =   1.94834e-13 from=  2.28000e-07 to=  2.38000e-07
lvl_nb              =  -2.319326e-18 at=  2.300140e-07
raila_nb            =  1.674820e-03 at=  2.315500e-07
railb_nb            =  -1.040834e-17 at=  2.300060e-07
dema_nb             =  7.895608e-01
demb_nb             =  9.134184e-02
da_nb               =  6.982189e-01
db_nb               =  -6.982189e-01
dapk_nb             =  6.982190e-01 at=  2.330100e-07
dbpk_nb             =  3.989864e-17 at=  2.314060e-07
ipk_nb              =  2.290471e-05 at=  2.302000e-07
didt_nb             =  1.133840e+07 at=  2.300060e-07
e_drv_nla           =   9.84000e-21 from=  2.59000e-07 to=  2.64000e-07
e_rec_nla           =   5.14969e-14 from=  2.58000e-07 to=  2.68000e-07
raila_nla           =  8.644471e-04 at=  2.615300e-07
railb_nla           =  8.641582e-04 at=  2.615300e-07
dema_nla            =  6.042006e-01
demb_nla            =  6.001654e-01
da_nla              =  4.035321e-03
db_nla              =  -4.034985e-03
e_drv_nlb           =   9.84000e-21 from=  2.79000e-07 to=  2.84000e-07
e_rec_nlb           =   1.94834e-13 from=  2.78000e-07 to=  2.88000e-07
raila_nlb           =  1.674821e-03 at=  2.815500e-07
railb_nlb           =  1.673750e-03 at=  2.815500e-07
dema_nlb            =  7.895608e-01
demb_nlb            =  9.134184e-02
da_nlb              =  6.982189e-01
db_nlb              =  -6.982189e-01


Total analysis time (seconds) = 1.95566

Total elapsed time (seconds) = 1.968 

Total DRAM available = 62177.336 MB.
DRAM currently available = 10468.969 MB.
Maximum ngspice program size =   30.742 MB.
Current ngspice program size =   20.961 MB.

Shared ngspice pages =   11.668 MB.
Text (code) pages =    7.578 MB.
Stack = 0 bytes.
Library pages =    9.336 MB.


Note: No compatibility mode selected!


Circuit: * lswsweep vd=0.35 mode=fair vtd=0.4 wp=11u

Doing analysis at TEMP = 27.000000 and TNOM = 27.000000

Using SPARSE 1.3 as Direct Linear Solver

Initial Transient Solution
--------------------------

Node                                   Voltage
----                                   -------
vdd                                       0.35
vss                                      -0.35
vddsa                                        1
pwpsup                               1.512e-12
pwpsa                               1.1396e-11
didtp                                        0
didtn                                        0
drv_pa                                       0
gp_pa                                     0.35
gn_pa                                    -0.35
cell_pa                                      0
xc_pa.x                                      0
ra_pa                                        0
rb_pa                                        0
pwpl_pa                                      0
pwpg_pa                                      0
qg_pa                                        0
clk_pa                                       1
outap_pa                           9.14501e-10
xsaa_pa.cs                            0.400333
outapb_pa                          9.14501e-10
outbp_pa                           9.14501e-10
xsab_pa.cs                            0.400333
outbpb_pa                          9.14501e-10
vda_pa                            -7.39145e-20
vdb_pa                                       0
drv_na                                       0
gp_na                                     0.35
gn_na                                    -0.35
cell_na                                      0
xc_na.x                                      0
ra_na                                        0
rb_na                                        0
pwpl_na                                      0
pwpg_na                                      0
qg_na                                        0
clk_na                                       1
outap_na                           9.14501e-10
xsaa_na.cs                            0.400333
outapb_na                          9.14501e-10
outbp_na                           9.14501e-10
xsab_na.cs                            0.400333
outbpb_na                          9.14501e-10
vda_na                                       0
vdb_na                                       0
drv_pb                                       0
gp_pb                                     0.35
gn_pb                                    -0.35
cell_pb                                      0
xc_pb.x                                      0
ra_pb                                        0
rb_pb                                        0
pwpl_pb                                      0
pwpg_pb                                      0
qg_pb                                        0
clk_pb                                       1
clkb_pb                                      1
paa_pb                                 3.4e-09
xpaa_pb.tp                                0.33
paab_pb                                3.4e-09
outap_pb                           9.14501e-10
xsaa_pb.cs                            0.400333
outapb_pb                          9.14501e-10
pab_pb                                 3.4e-09
xpab_pb.tp                                0.33
pabb_pb                                3.4e-09
outbp_pb                           9.14501e-10
xsab_pb.cs                            0.400333
outbpb_pb                          9.14501e-10
vda_pb                                       0
vdb_pb                             8.06036e-21
drv_nb                                       0
gp_nb                                     0.35
gn_nb                                    -0.35
cell_nb                                      0
xc_nb.x                                      0
ra_nb                                        0
rb_nb                                        0
pwpl_nb                                      0
pwpg_nb                                      0
qg_nb                                        0
clk_nb                                       1
clkb_nb                                      1
paa_nb                                 3.4e-09
xpaa_nb.tp                                0.33
paab_nb                                3.4e-09
outap_nb                           9.14501e-10
xsaa_nb.cs                            0.400333
outapb_nb                          9.14501e-10
pab_nb                                 3.4e-09
xpab_nb.tp                                0.33
pabb_nb                                3.4e-09
outbp_nb                           9.14501e-10
xsab_nb.cs                            0.400333
outbpb_nb                          9.14501e-10
vda_nb                                       0
vdb_nb                            -4.99614e-20
drv_nla                                      0
gp_nla                                    0.35
gn_nla                                   -0.35
cell_nla                                     0
xc_nla.x                                     0
ra_nla                                       0
rb_nla                                       0
pwpl_nla                                     0
clk_nla                                      1
outap_nla                          9.14501e-10
xsaa_nla.cs                           0.400333
outapb_nla                         9.14501e-10
outbp_nla                          9.14501e-10
xsab_nla.cs                           0.400333
outbpb_nla                         9.14501e-10
vda_nla                                      0
vdb_nla                                      0
drv_nlb                                      0
gp_nlb                                    0.35
gn_nlb                                   -0.35
cell_nlb                                     0
xc_nlb.x                                     0
ra_nlb                                       0
rb_nlb                                       0
pwpl_nlb                                     0
clk_nlb                                      1
clkb_nlb                                     1
paa_nlb                                3.4e-09
xpaa_nlb.tp                               0.33
paab_nlb                               3.4e-09
outap_nlb                          9.14501e-10
xsaa_nlb.cs                           0.400333
outapb_nlb                         9.14501e-10
pab_nlb                                3.4e-09
xpab_nlb.tp                               0.33
pabb_nlb                               3.4e-09
outbp_nlb                          9.14501e-10
xsab_nlb.cs                           0.400333
outbpb_nlb                         9.14501e-10
vda_nlb                            3.90266e-20
vdb_nlb                                      0
bdb_nlb#branch                               0
bda_nlb#branch                               0
bpl_nlb#branch                               0
vs_nlb#branch                                0
bdb_nla#branch                               0
bda_nla#branch                               0
bpl_nla#branch                               0
vs_nla#branch                                0
bdb_nb#branch                                0
bda_nb#branch                                0
bqg_nb#branch                                0
vgn_nb#branch                                0
bpg_nb#branch                                0
bpl_nb#branch                                0
vs_nb#branch                                 0
bdb_pb#branch                                0
bda_pb#branch                                0
bqg_pb#branch                                0
vgp_pb#branch                                0
bpg_pb#branch                                0
bpl_pb#branch                                0
vs_pb#branch                                 0
bdb_na#branch                                0
bda_na#branch                                0
bqg_na#branch                                0
vgn_na#branch                                0
bpg_na#branch                                0
bpl_na#branch                                0
vs_na#branch                                 0
bdb_pa#branch                                0
bda_pa#branch                                0
bqg_pa#branch                                0
vgp_pa#branch                                0
bpg_pa#branch                                0
bpl_pa#branch                                0
vs_pa#branch                                 0
bdidtn#branch                                0
vss#branch                            2.16e-12
bdidtp#branch                                0
vdd#branch                           -2.16e-12
bpsa#branch                                  0
vddsa#branch                       -1.1396e-11
bpsup#branch                                 0
vclkb_nlb#branch                             0
vclk_nlb#branch                              0
vgn_nlb#branch                               0
vgp_nlb#branch                               0
vclk_nla#branch                              0
vgn_nla#branch                               0
vgp_nla#branch                               0
vclkb_nb#branch                              0
vclk_nb#branch                               0
vgp_nb#branch                                0
vclkb_pb#branch                              0
vclk_pb#branch                               0
vgn_pb#branch                                0
vclk_na#branch                               0
vgp_na#branch                                0
vclk_pa#branch                               0
vgn_pa#branch                                0

 Reference value :  3.68656e-08 Reference value :  7.67056e-08 Reference value :  1.17946e-07 Reference value :  1.58286e-07 Reference value :  1.96170e-07 Reference value :  2.32810e-07 Reference value :  2.70550e-07
No. of Data Rows : 14616

  Measurements for Transient Analysis

e_drv_pa            =   -3.14880e-18 from=  1.59000e-07 to=  1.64000e-07
e_line_pa           =   -1.37365e-28 from=  1.59000e-07 to=  1.64000e-07
qg_pa               =   -6.87005e-15 from=  1.61100e-07 to=  1.62200e-07
e_rec_pa            =   5.14969e-14 from=  1.58000e-07 to=  1.68000e-07
e_pump_pa           =   -2.40452e-15 from=  1.61100e-07 to=  1.61600e-07
lvl_pa              =  3.471227e-04 at=  1.615300e-07
lvl_pl_pa           =  -3.022920e-11 at=  1.610900e-07
raila_pa            =  8.643847e-04 at=  1.615300e-07
raila_pl_pa         =  -2.449013e-10 at=  1.610900e-07
railb_pa            =  -2.476162e-10 at=  1.600000e-07
dema_pa             =  6.042005e-01
demb_pa             =  6.001655e-01
da_pa               =  4.035157e-03
db_pa               =  -4.034821e-03
dapk_pa             =  4.382595e-03 at=  1.623900e-07
dbpk_pa             =  1.918257e-14 at=  1.614300e-07
ipk_pa              =  -3.970932e-05 at=  1.600020e-07
didt_pa             =  1.985466e+07 at=  1.600060e-07
e_drv_na            =   -1.57062e-18 from=  1.79000e-07 to=  1.84000e-07
e_line_na           =   -1.37366e-28 from=  1.79000e-07 to=  1.84000e-07
qg_na               =   3.43502e-15 from=  1.81100e-07 to=  1.82200e-07
e_rec_na            =   5.14969e-14 from=  1.78000e-07 to=  1.88000e-07
e_pump_na           =   -1.20226e-15 from=  1.81100e-07 to=  1.81600e-07
lvl_na              =  -1.380402e-11 at=  1.800000e-07
lvl_pl_na           =  -1.342566e-11 at=  1.805100e-07
raila_na            =  8.644015e-04 at=  1.815300e-07
railb_na            =  -2.046165e-10 at=  1.800000e-07
railb_pl_na         =  -2.036848e-10 at=  1.805100e-07
dema_na             =  6.042005e-01
demb_na             =  6.001655e-01
da_na               =  4.035201e-03
db_na               =  -4.034865e-03
dapk_na             =  4.382642e-03 at=  1.823900e-07
dbpk_na             =  1.405126e-14 at=  1.814300e-07
ipk_na              =  1.985466e-05 at=  1.800020e-07
didt_na             =  9.927330e+06 at=  1.800060e-07
e_drv_pb            =   -3.14880e-18 from=  2.09000e-07 to=  2.14000e-07
e_line_pb           =   -1.98480e-28 from=  2.09000e-07 to=  2.14000e-07
qg_pb               =   -6.87005e-15 from=  2.11100e-07 to=  2.12200e-07
e_rec_pb            =   1.94834e-13 from=  2.08000e-07 to=  2.18000e-07
lvl_pb              =  6.724741e-04 at=  2.115500e-07
raila_pb            =  1.674820e-03 at=  2.115500e-07
railb_pb            =  -5.637851e-18 at=  2.103100e-07
dema_pb             =  7.895608e-01
demb_pb             =  9.134184e-02
da_pb               =  6.982189e-01
db_pb               =  -6.982189e-01
dapk_pb             =  6.982190e-01 at=  2.130100e-07
dbpk_pb             =  6.765422e-17 at=  2.114140e-07
ipk_pb              =  -3.970932e-05 at=  2.100020e-07
didt_pb             =  1.985466e+07 at=  2.100060e-07
e_drv_nb            =   -1.57062e-18 from=  2.29000e-07 to=  2.34000e-07
e_line_nb           =   -1.98480e-28 from=  2.29000e-07 to=  2.34000e-07
qg_nb               =   3.43502e-15 from=  2.31100e-07 to=  2.32200e-07
e_rec_nb            =   1.94834e-13 from=  2.28000e-07 to=  2.38000e-07
lvl_nb              =  -2.319326e-18 at=  2.300140e-07
raila_nb            =  1.674820e-03 at=  2.315500e-07
railb_nb            =  -1.040834e-17 at=  2.300060e-07
dema_nb             =  7.895608e-01
demb_nb             =  9.134184e-02
da_nb               =  6.982189e-01
db_nb               =  -6.982189e-01
dapk_nb             =  6.982190e-01 at=  2.330100e-07
dbpk_nb             =  3.989864e-17 at=  2.314060e-07
ipk_nb              =  1.985466e-05 at=  2.300020e-07
didt_nb             =  9.927330e+06 at=  2.300060e-07
e_drv_nla           =   7.56000e-21 from=  2.59000e-07 to=  2.64000e-07
e_rec_nla           =   5.14969e-14 from=  2.58000e-07 to=  2.68000e-07
raila_nla           =  8.644471e-04 at=  2.615300e-07
railb_nla           =  8.641582e-04 at=  2.615300e-07
dema_nla            =  6.042006e-01
demb_nla            =  6.001654e-01
da_nla              =  4.035321e-03
db_nla              =  -4.034985e-03
e_drv_nlb           =   7.56000e-21 from=  2.79000e-07 to=  2.84000e-07
e_rec_nlb           =   1.94834e-13 from=  2.78000e-07 to=  2.88000e-07
raila_nlb           =  1.674821e-03 at=  2.815500e-07
railb_nlb           =  1.673750e-03 at=  2.815500e-07
dema_nlb            =  7.895608e-01
demb_nlb            =  9.134184e-02
da_nlb              =  6.982189e-01
db_nlb              =  -6.982189e-01


Total analysis time (seconds) = 1.87027

Total elapsed time (seconds) = 1.878 

Total DRAM available = 62177.336 MB.
DRAM currently available = 10468.770 MB.
Maximum ngspice program size =   30.742 MB.
Current ngspice program size =   20.805 MB.

Shared ngspice pages =   11.512 MB.
Text (code) pages =    7.578 MB.
Stack = 0 bytes.
Library pages =    9.336 MB.


Note: No compatibility mode selected!


Circuit: * lswsweep vd=0.3 mode=fair vtd=0.4 wp=11u

Doing analysis at TEMP = 27.000000 and TNOM = 27.000000

Using SPARSE 1.3 as Direct Linear Solver

Initial Transient Solution
--------------------------

Node                                   Voltage
----                                   -------
vdd                                        0.3
vss                                       -0.3
vddsa                                        1
pwpsup                               1.116e-12
pwpsa                               1.1396e-11
didtp                                        0
didtn                                        0
drv_pa                                       0
gp_pa                                      0.3
gn_pa                                     -0.3
cell_pa                                      0
xc_pa.x                                      0
ra_pa                                        0
rb_pa                                        0
pwpl_pa                                      0
pwpg_pa                                      0
qg_pa                                        0
clk_pa                                       1
outap_pa                           9.14501e-10
xsaa_pa.cs                            0.400333
outapb_pa                          9.14501e-10
outbp_pa                           9.14501e-10
xsab_pa.cs                            0.400333
outbpb_pa                          9.14501e-10
vda_pa                            -7.39145e-20
vdb_pa                                       0
drv_na                                       0
gp_na                                      0.3
gn_na                                     -0.3
cell_na                                      0
xc_na.x                                      0
ra_na                                        0
rb_na                                        0
pwpl_na                                      0
pwpg_na                                      0
qg_na                                        0
clk_na                                       1
outap_na                           9.14501e-10
xsaa_na.cs                            0.400333
outapb_na                          9.14501e-10
outbp_na                           9.14501e-10
xsab_na.cs                            0.400333
outbpb_na                          9.14501e-10
vda_na                                       0
vdb_na                                       0
drv_pb                                       0
gp_pb                                      0.3
gn_pb                                     -0.3
cell_pb                                      0
xc_pb.x                                      0
ra_pb                                        0
rb_pb                                        0
pwpl_pb                                      0
pwpg_pb                                      0
qg_pb                                        0
clk_pb                                       1
clkb_pb                                      1
paa_pb                                 3.4e-09
xpaa_pb.tp                                0.33
paab_pb                                3.4e-09
outap_pb                           9.14501e-10
xsaa_pb.cs                            0.400333
outapb_pb                          9.14501e-10
pab_pb                                 3.4e-09
xpab_pb.tp                                0.33
pabb_pb                                3.4e-09
outbp_pb                           9.14501e-10
xsab_pb.cs                            0.400333
outbpb_pb                          9.14501e-10
vda_pb                                       0
vdb_pb                             8.06036e-21
drv_nb                                       0
gp_nb                                      0.3
gn_nb                                     -0.3
cell_nb                                      0
xc_nb.x                                      0
ra_nb                                        0
rb_nb                                        0
pwpl_nb                                      0
pwpg_nb                                      0
qg_nb                                        0
clk_nb                                       1
clkb_nb                                      1
paa_nb                                 3.4e-09
xpaa_nb.tp                                0.33
paab_nb                                3.4e-09
outap_nb                           9.14501e-10
xsaa_nb.cs                            0.400333
outapb_nb                          9.14501e-10
pab_nb                                 3.4e-09
xpab_nb.tp                                0.33
pabb_nb                                3.4e-09
outbp_nb                           9.14501e-10
xsab_nb.cs                            0.400333
outbpb_nb                          9.14501e-10
vda_nb                                       0
vdb_nb                            -4.99614e-20
drv_nla                                      0
gp_nla                                     0.3
gn_nla                                    -0.3
cell_nla                                     0
xc_nla.x                                     0
ra_nla                                       0
rb_nla                                       0
pwpl_nla                                     0
clk_nla                                      1
outap_nla                          9.14501e-10
xsaa_nla.cs                           0.400333
outapb_nla                         9.14501e-10
outbp_nla                          9.14501e-10
xsab_nla.cs                           0.400333
outbpb_nla                         9.14501e-10
vda_nla                                      0
vdb_nla                                      0
drv_nlb                                      0
gp_nlb                                     0.3
gn_nlb                                    -0.3
cell_nlb                                     0
xc_nlb.x                                     0
ra_nlb                                       0
rb_nlb                                       0
pwpl_nlb                                     0
clk_nlb                                      1
clkb_nlb                                     1
paa_nlb                                3.4e-09
xpaa_nlb.tp                               0.33
paab_nlb                               3.4e-09
outap_nlb                          9.14501e-10
xsaa_nlb.cs                           0.400333
outapb_nlb                         9.14501e-10
pab_nlb                                3.4e-09
xpab_nlb.tp                               0.33
pabb_nlb                               3.4e-09
outbp_nlb                          9.14501e-10
xsab_nlb.cs                           0.400333
outbpb_nlb                         9.14501e-10
vda_nlb                            3.90266e-20
vdb_nlb                                      0
bdb_nlb#branch                               0
bda_nlb#branch                               0
bpl_nlb#branch                               0
vs_nlb#branch                                0
bdb_nla#branch                               0
bda_nla#branch                               0
bpl_nla#branch                               0
vs_nla#branch                                0
bdb_nb#branch                                0
bda_nb#branch                                0
bqg_nb#branch                                0
vgn_nb#branch                                0
bpg_nb#branch                                0
bpl_nb#branch                                0
vs_nb#branch                                 0
bdb_pb#branch                                0
bda_pb#branch                                0
bqg_pb#branch                                0
vgp_pb#branch                                0
bpg_pb#branch                                0
bpl_pb#branch                                0
vs_pb#branch                                 0
bdb_na#branch                                0
bda_na#branch                                0
bqg_na#branch                                0
vgn_na#branch                                0
bpg_na#branch                                0
bpl_na#branch                                0
vs_na#branch                                 0
bdb_pa#branch                                0
bda_pa#branch                                0
bqg_pa#branch                                0
vgp_pa#branch                                0
bpg_pa#branch                                0
bpl_pa#branch                                0
vs_pa#branch                                 0
bdidtn#branch                                0
vss#branch                            1.86e-12
bdidtp#branch                                0
vdd#branch                           -1.86e-12
bpsa#branch                                  0
vddsa#branch                       -1.1396e-11
bpsup#branch                                 0
vclkb_nlb#branch                             0
vclk_nlb#branch                              0
vgn_nlb#branch                               0
vgp_nlb#branch                               0
vclk_nla#branch                              0
vgn_nla#branch                               0
vgp_nla#branch                               0
vclkb_nb#branch                              0
vclk_nb#branch                               0
vgp_nb#branch                                0
vclkb_pb#branch                              0
vclk_pb#branch                               0
vgn_pb#branch                                0
vclk_na#branch                               0
vgp_na#branch                                0
vclk_pa#branch                               0
vgn_pa#branch                                0

 Reference value :  3.64056e-08 Reference value :  7.49256e-08 Reference value :  1.12746e-07 Reference value :  1.51806e-07 Reference value :  1.89350e-07 Reference value :  2.27450e-07 Reference value :  2.65190e-07
No. of Data Rows : 14616

  Measurements for Transient Analysis

e_drv_pa            =   -1.73791e-18 from=  1.59000e-07 to=  1.64000e-07
e_line_pa           =   -1.37365e-28 from=  1.59000e-07 to=  1.64000e-07
qg_pa               =   -5.79378e-15 from=  1.61100e-07 to=  1.62200e-07
e_rec_pa            =   5.14969e-14 from=  1.58000e-07 to=  1.68000e-07
e_pump_pa           =   -1.73813e-15 from=  1.61100e-07 to=  1.61600e-07
lvl_pa              =  3.471227e-04 at=  1.615300e-07
lvl_pl_pa           =  -3.022920e-11 at=  1.610900e-07
raila_pa            =  8.643847e-04 at=  1.615300e-07
raila_pl_pa         =  -2.449013e-10 at=  1.610900e-07
railb_pa            =  -2.476162e-10 at=  1.600000e-07
dema_pa             =  6.042005e-01
demb_pa             =  6.001655e-01
da_pa               =  4.035157e-03
db_pa               =  -4.034821e-03
dapk_pa             =  4.382595e-03 at=  1.623900e-07
dbpk_pa             =  1.918257e-14 at=  1.614300e-07
ipk_pa              =  -3.405793e-05 at=  1.600020e-07
didt_pa             =  1.702896e+07 at=  1.600060e-07
e_drv_na            =   -8.66166e-19 from=  1.79000e-07 to=  1.84000e-07
e_line_na           =   -1.37366e-28 from=  1.79000e-07 to=  1.84000e-07
qg_na               =   2.89689e-15 from=  1.81100e-07 to=  1.82200e-07
e_rec_na            =   5.14969e-14 from=  1.78000e-07 to=  1.88000e-07
e_pump_na           =   -8.69066e-16 from=  1.81100e-07 to=  1.81600e-07
lvl_na              =  -1.380402e-11 at=  1.800000e-07
lvl_pl_na           =  -1.342566e-11 at=  1.805100e-07
raila_na            =  8.644015e-04 at=  1.815300e-07
railb_na            =  -2.046165e-10 at=  1.800000e-07
railb_pl_na         =  -2.036848e-10 at=  1.805100e-07
dema_na             =  6.042005e-01
demb_na             =  6.001655e-01
da_na               =  4.035201e-03
db_na               =  -4.034865e-03
dapk_na             =  4.382642e-03 at=  1.823900e-07
dbpk_na             =  1.405126e-14 at=  1.814300e-07
ipk_na              =  1.702896e-05 at=  1.800020e-07
didt_na             =  8.514481e+06 at=  1.800060e-07
e_drv_pb            =   -1.73791e-18 from=  2.09000e-07 to=  2.14000e-07
e_line_pb           =   -1.98480e-28 from=  2.09000e-07 to=  2.14000e-07
qg_pb               =   -5.79378e-15 from=  2.11100e-07 to=  2.12200e-07
e_rec_pb            =   1.94834e-13 from=  2.08000e-07 to=  2.18000e-07
lvl_pb              =  6.724741e-04 at=  2.115500e-07
raila_pb            =  1.674820e-03 at=  2.115500e-07
railb_pb            =  -5.637851e-18 at=  2.103100e-07
dema_pb             =  7.895608e-01
demb_pb             =  9.134184e-02
da_pb               =  6.982189e-01
db_pb               =  -6.982189e-01
dapk_pb             =  6.982190e-01 at=  2.130100e-07
dbpk_pb             =  6.765422e-17 at=  2.114140e-07
ipk_pb              =  -3.405793e-05 at=  2.100020e-07
didt_pb             =  1.702896e+07 at=  2.100060e-07
e_drv_nb            =   -8.66166e-19 from=  2.29000e-07 to=  2.34000e-07
e_line_nb           =   -1.98480e-28 from=  2.29000e-07 to=  2.34000e-07
qg_nb               =   2.89689e-15 from=  2.31100e-07 to=  2.32200e-07
e_rec_nb            =   1.94834e-13 from=  2.28000e-07 to=  2.38000e-07
lvl_nb              =  -2.319326e-18 at=  2.300140e-07
raila_nb            =  1.674820e-03 at=  2.315500e-07
railb_nb            =  -1.040834e-17 at=  2.300060e-07
dema_nb             =  7.895608e-01
demb_nb             =  9.134184e-02
da_nb               =  6.982189e-01
db_nb               =  -6.982189e-01
dapk_nb             =  6.982190e-01 at=  2.330100e-07
dbpk_nb             =  3.989864e-17 at=  2.314060e-07
ipk_nb              =  1.702896e-05 at=  2.300020e-07
didt_nb             =  8.514481e+06 at=  2.300060e-07
e_drv_nla           =   5.58000e-21 from=  2.59000e-07 to=  2.64000e-07
e_rec_nla           =   5.14969e-14 from=  2.58000e-07 to=  2.68000e-07
raila_nla           =  8.644471e-04 at=  2.615300e-07
railb_nla           =  8.641582e-04 at=  2.615300e-07
dema_nla            =  6.042006e-01
demb_nla            =  6.001654e-01
da_nla              =  4.035321e-03
db_nla              =  -4.034985e-03
e_drv_nlb           =   5.58000e-21 from=  2.79000e-07 to=  2.84000e-07
e_rec_nlb           =   1.94834e-13 from=  2.78000e-07 to=  2.88000e-07
raila_nlb           =  1.674821e-03 at=  2.815500e-07
railb_nlb           =  1.673750e-03 at=  2.815500e-07
dema_nlb            =  7.895608e-01
demb_nlb            =  9.134184e-02
da_nlb              =  6.982189e-01
db_nlb              =  -6.982189e-01


Total analysis time (seconds) = 1.90356

Total elapsed time (seconds) = 1.911 

Total DRAM available = 62177.336 MB.
DRAM currently available = 10472.609 MB.
Maximum ngspice program size =   30.738 MB.
Current ngspice program size =   20.828 MB.

Shared ngspice pages =   11.539 MB.
Text (code) pages =    7.578 MB.
Stack = 0 bytes.
Library pages =    9.332 MB.


Note: No compatibility mode selected!


Circuit: * lswsweep vd=0.27 mode=fair vtd=0.4 wp=11u

Doing analysis at TEMP = 27.000000 and TNOM = 27.000000

Using SPARSE 1.3 as Direct Linear Solver

Initial Transient Solution
--------------------------

Node                                   Voltage
----                                   -------
vdd                                       0.27
vss                                      -0.27
vddsa                                        1
pwpsup                               9.072e-13
pwpsa                               1.1396e-11
didtp                                        0
didtn                                        0
drv_pa                                       0
gp_pa                                     0.27
gn_pa                                    -0.27
cell_pa                                      0
xc_pa.x                                      0
ra_pa                                        0
rb_pa                                        0
pwpl_pa                                      0
pwpg_pa                                      0
qg_pa                                        0
clk_pa                                       1
outap_pa                           9.14501e-10
xsaa_pa.cs                            0.400333
outapb_pa                          9.14501e-10
outbp_pa                           9.14501e-10
xsab_pa.cs                            0.400333
outbpb_pa                          9.14501e-10
vda_pa                            -7.39145e-20
vdb_pa                                       0
drv_na                                       0
gp_na                                     0.27
gn_na                                    -0.27
cell_na                                      0
xc_na.x                                      0
ra_na                                        0
rb_na                                        0
pwpl_na                                      0
pwpg_na                                      0
qg_na                                        0
clk_na                                       1
outap_na                           9.14501e-10
xsaa_na.cs                            0.400333
outapb_na                          9.14501e-10
outbp_na                           9.14501e-10
xsab_na.cs                            0.400333
outbpb_na                          9.14501e-10
vda_na                                       0
vdb_na                                       0
drv_pb                                       0
gp_pb                                     0.27
gn_pb                                    -0.27
cell_pb                                      0
xc_pb.x                                      0
ra_pb                                        0
rb_pb                                        0
pwpl_pb                                      0
pwpg_pb                                      0
qg_pb                                        0
clk_pb                                       1
clkb_pb                                      1
paa_pb                                 3.4e-09
xpaa_pb.tp                                0.33
paab_pb                                3.4e-09
outap_pb                           9.14501e-10
xsaa_pb.cs                            0.400333
outapb_pb                          9.14501e-10
pab_pb                                 3.4e-09
xpab_pb.tp                                0.33
pabb_pb                                3.4e-09
outbp_pb                           9.14501e-10
xsab_pb.cs                            0.400333
outbpb_pb                          9.14501e-10
vda_pb                                       0
vdb_pb                             8.06036e-21
drv_nb                                       0
gp_nb                                     0.27
gn_nb                                    -0.27
cell_nb                                      0
xc_nb.x                                      0
ra_nb                                        0
rb_nb                                        0
pwpl_nb                                      0
pwpg_nb                                      0
qg_nb                                        0
clk_nb                                       1
clkb_nb                                      1
paa_nb                                 3.4e-09
xpaa_nb.tp                                0.33
paab_nb                                3.4e-09
outap_nb                           9.14501e-10
xsaa_nb.cs                            0.400333
outapb_nb                          9.14501e-10
pab_nb                                 3.4e-09
xpab_nb.tp                                0.33
pabb_nb                                3.4e-09
outbp_nb                           9.14501e-10
xsab_nb.cs                            0.400333
outbpb_nb                          9.14501e-10
vda_nb                                       0
vdb_nb                            -4.99614e-20
drv_nla                                      0
gp_nla                                    0.27
gn_nla                                   -0.27
cell_nla                                     0
xc_nla.x                                     0
ra_nla                                       0
rb_nla                                       0
pwpl_nla                                     0
clk_nla                                      1
outap_nla                          9.14501e-10
xsaa_nla.cs                           0.400333
outapb_nla                         9.14501e-10
outbp_nla                          9.14501e-10
xsab_nla.cs                           0.400333
outbpb_nla                         9.14501e-10
vda_nla                                      0
vdb_nla                                      0
drv_nlb                                      0
gp_nlb                                    0.27
gn_nlb                                   -0.27
cell_nlb                                     0
xc_nlb.x                                     0
ra_nlb                                       0
rb_nlb                                       0
pwpl_nlb                                     0
clk_nlb                                      1
clkb_nlb                                     1
paa_nlb                                3.4e-09
xpaa_nlb.tp                               0.33
paab_nlb                               3.4e-09
outap_nlb                          9.14501e-10
xsaa_nlb.cs                           0.400333
outapb_nlb                         9.14501e-10
pab_nlb                                3.4e-09
xpab_nlb.tp                               0.33
pabb_nlb                               3.4e-09
outbp_nlb                          9.14501e-10
xsab_nlb.cs                           0.400333
outbpb_nlb                         9.14501e-10
vda_nlb                            3.90266e-20
vdb_nlb                                      0
bdb_nlb#branch                               0
bda_nlb#branch                               0
bpl_nlb#branch                               0
vs_nlb#branch                                0
bdb_nla#branch                               0
bda_nla#branch                               0
bpl_nla#branch                               0
vs_nla#branch                                0
bdb_nb#branch                                0
bda_nb#branch                                0
bqg_nb#branch                                0
vgn_nb#branch                                0
bpg_nb#branch                                0
bpl_nb#branch                                0
vs_nb#branch                                 0
bdb_pb#branch                                0
bda_pb#branch                                0
bqg_pb#branch                                0
vgp_pb#branch                                0
bpg_pb#branch                                0
bpl_pb#branch                                0
vs_pb#branch                                 0
bdb_na#branch                                0
bda_na#branch                                0
bqg_na#branch                                0
vgn_na#branch                                0
bpg_na#branch                                0
bpl_na#branch                                0
vs_na#branch                                 0
bdb_pa#branch                                0
bda_pa#branch                                0
bqg_pa#branch                                0
vgp_pa#branch                                0
bpg_pa#branch                                0
bpl_pa#branch                                0
vs_pa#branch                                 0
bdidtn#branch                                0
vss#branch                            1.68e-12
bdidtp#branch                                0
vdd#branch                           -1.68e-12
bpsa#branch                                  0
vddsa#branch                       -1.1396e-11
bpsup#branch                                 0
vclkb_nlb#branch                             0
vclk_nlb#branch                              0
vgn_nlb#branch                               0
vgp_nlb#branch                               0
vclk_nla#branch                              0
vgn_nla#branch                               0
vgp_nla#branch                               0
vclkb_nb#branch                              0
vclk_nb#branch                               0
vgp_nb#branch                                0
vclkb_pb#branch                              0
vclk_pb#branch                               0
vgn_pb#branch                                0
vclk_na#branch                               0
vgp_na#branch                                0
vclk_pa#branch                               0
vgn_pa#branch                                0

 Reference value :  3.42456e-08 Reference value :  7.20456e-08 Reference value :  1.09966e-07 Reference value :  1.48766e-07 Reference value :  1.85570e-07 Reference value :  2.21850e-07 Reference value :  2.57090e-07
No. of Data Rows : 14616

  Measurements for Transient Analysis

e_drv_pa            =   -1.12802e-18 from=  1.59000e-07 to=  1.64000e-07
e_line_pa           =   -1.37365e-28 from=  1.59000e-07 to=  1.64000e-07
qg_pa               =   -5.17588e-15 from=  1.61100e-07 to=  1.62200e-07
e_rec_pa            =   5.14969e-14 from=  1.58000e-07 to=  1.68000e-07
e_pump_pa           =   -1.39749e-15 from=  1.61100e-07 to=  1.61600e-07
lvl_pa              =  3.471227e-04 at=  1.615300e-07
lvl_pl_pa           =  -3.022920e-11 at=  1.610900e-07
raila_pa            =  8.643847e-04 at=  1.615300e-07
raila_pl_pa         =  -2.449013e-10 at=  1.610900e-07
railb_pa            =  -2.476162e-10 at=  1.600000e-07
dema_pa             =  6.042005e-01
demb_pa             =  6.001655e-01
da_pa               =  4.035157e-03
db_pa               =  -4.034821e-03
dapk_pa             =  4.382595e-03 at=  1.623900e-07
dbpk_pa             =  1.918257e-14 at=  1.614300e-07
ipk_pa              =  -3.066367e-05 at=  1.600020e-07
didt_pa             =  1.533184e+07 at=  1.600060e-07
e_drv_na            =   -5.61740e-19 from=  1.79000e-07 to=  1.84000e-07
e_line_na           =   -1.37366e-28 from=  1.79000e-07 to=  1.84000e-07
qg_na               =   2.58794e-15 from=  1.81100e-07 to=  1.82200e-07
e_rec_na            =   5.14969e-14 from=  1.78000e-07 to=  1.88000e-07
e_pump_na           =   -6.98744e-16 from=  1.81100e-07 to=  1.81600e-07
lvl_na              =  -1.380402e-11 at=  1.800000e-07
lvl_pl_na           =  -1.342566e-11 at=  1.805100e-07
raila_na            =  8.644015e-04 at=  1.815300e-07
railb_na            =  -2.046165e-10 at=  1.800000e-07
railb_pl_na         =  -2.036848e-10 at=  1.805100e-07
dema_na             =  6.042005e-01
demb_na             =  6.001655e-01
da_na               =  4.035201e-03
db_na               =  -4.034865e-03
dapk_na             =  4.382642e-03 at=  1.823900e-07
dbpk_na             =  1.405126e-14 at=  1.814300e-07
ipk_na              =  1.533184e-05 at=  1.800020e-07
didt_na             =  7.665918e+06 at=  1.800060e-07
e_drv_pb            =   -1.12802e-18 from=  2.09000e-07 to=  2.14000e-07
e_line_pb           =   -1.98480e-28 from=  2.09000e-07 to=  2.14000e-07
qg_pb               =   -5.17588e-15 from=  2.11100e-07 to=  2.12200e-07
e_rec_pb            =   1.94834e-13 from=  2.08000e-07 to=  2.18000e-07
lvl_pb              =  6.724741e-04 at=  2.115500e-07
raila_pb            =  1.674820e-03 at=  2.115500e-07
railb_pb            =  -5.637851e-18 at=  2.103100e-07
dema_pb             =  7.895608e-01
demb_pb             =  9.134184e-02
da_pb               =  6.982189e-01
db_pb               =  -6.982189e-01
dapk_pb             =  6.982190e-01 at=  2.130100e-07
dbpk_pb             =  6.765422e-17 at=  2.114140e-07
ipk_pb              =  -3.066367e-05 at=  2.100020e-07
didt_pb             =  1.533184e+07 at=  2.100060e-07
e_drv_nb            =   -5.61740e-19 from=  2.29000e-07 to=  2.34000e-07
e_line_nb           =   -1.98480e-28 from=  2.29000e-07 to=  2.34000e-07
qg_nb               =   2.58794e-15 from=  2.31100e-07 to=  2.32200e-07
e_rec_nb            =   1.94834e-13 from=  2.28000e-07 to=  2.38000e-07
lvl_nb              =  -2.319326e-18 at=  2.300140e-07
raila_nb            =  1.674820e-03 at=  2.315500e-07
railb_nb            =  -1.040834e-17 at=  2.300060e-07
dema_nb             =  7.895608e-01
demb_nb             =  9.134184e-02
da_nb               =  6.982189e-01
db_nb               =  -6.982189e-01
dapk_nb             =  6.982190e-01 at=  2.330100e-07
dbpk_nb             =  3.989864e-17 at=  2.314060e-07
ipk_nb              =  1.533184e-05 at=  2.300020e-07
didt_nb             =  7.665918e+06 at=  2.300060e-07
e_drv_nla           =   4.53600e-21 from=  2.59000e-07 to=  2.64000e-07
e_rec_nla           =   5.14969e-14 from=  2.58000e-07 to=  2.68000e-07
raila_nla           =  8.644471e-04 at=  2.615300e-07
railb_nla           =  8.641582e-04 at=  2.615300e-07
dema_nla            =  6.042006e-01
demb_nla            =  6.001654e-01
da_nla              =  4.035321e-03
db_nla              =  -4.034985e-03
e_drv_nlb           =   4.53600e-21 from=  2.79000e-07 to=  2.84000e-07
e_rec_nlb           =   1.94834e-13 from=  2.78000e-07 to=  2.88000e-07
raila_nlb           =  1.674821e-03 at=  2.815500e-07
railb_nlb           =  1.673750e-03 at=  2.815500e-07
dema_nlb            =  7.895608e-01
demb_nlb            =  9.134184e-02
da_nlb              =  6.982189e-01
db_nlb              =  -6.982189e-01


Total analysis time (seconds) = 1.95968

Total elapsed time (seconds) = 1.972 

Total DRAM available = 62177.336 MB.
DRAM currently available = 10461.516 MB.
Maximum ngspice program size =   30.738 MB.
Current ngspice program size =   20.809 MB.

Shared ngspice pages =   11.520 MB.
Text (code) pages =    7.578 MB.
Stack = 0 bytes.
Library pages =    9.332 MB.


Note: No compatibility mode selected!


Circuit: * lswsweep vd=0.2 mode=fair vtd=0.4 wp=11u

Doing analysis at TEMP = 27.000000 and TNOM = 27.000000

Using SPARSE 1.3 as Direct Linear Solver

Initial Transient Solution
--------------------------

Node                                   Voltage
----                                   -------
vdd                                        0.2
vss                                       -0.2
vddsa                                        1
pwpsup                                5.04e-13
pwpsa                               1.1396e-11
didtp                                        0
didtn                                        0
drv_pa                                       0
gp_pa                                      0.2
gn_pa                                     -0.2
cell_pa                                      0
xc_pa.x                                      0
ra_pa                                        0
rb_pa                                        0
pwpl_pa                                      0
pwpg_pa                                      0
qg_pa                                        0
clk_pa                                       1
outap_pa                           9.14501e-10
xsaa_pa.cs                            0.400333
outapb_pa                          9.14501e-10
outbp_pa                           9.14501e-10
xsab_pa.cs                            0.400333
outbpb_pa                          9.14501e-10
vda_pa                            -7.39145e-20
vdb_pa                                       0
drv_na                                       0
gp_na                                      0.2
gn_na                                     -0.2
cell_na                                      0
xc_na.x                                      0
ra_na                                        0
rb_na                                        0
pwpl_na                                      0
pwpg_na                                      0
qg_na                                        0
clk_na                                       1
outap_na                           9.14501e-10
xsaa_na.cs                            0.400333
outapb_na                          9.14501e-10
outbp_na                           9.14501e-10
xsab_na.cs                            0.400333
outbpb_na                          9.14501e-10
vda_na                                       0
vdb_na                                       0
drv_pb                                       0
gp_pb                                      0.2
gn_pb                                     -0.2
cell_pb                                      0
xc_pb.x                                      0
ra_pb                                        0
rb_pb                                        0
pwpl_pb                                      0
pwpg_pb                                      0
qg_pb                                        0
clk_pb                                       1
clkb_pb                                      1
paa_pb                                 3.4e-09
xpaa_pb.tp                                0.33
paab_pb                                3.4e-09
outap_pb                           9.14501e-10
xsaa_pb.cs                            0.400333
outapb_pb                          9.14501e-10
pab_pb                                 3.4e-09
xpab_pb.tp                                0.33
pabb_pb                                3.4e-09
outbp_pb                           9.14501e-10
xsab_pb.cs                            0.400333
outbpb_pb                          9.14501e-10
vda_pb                                       0
vdb_pb                             8.06036e-21
drv_nb                                       0
gp_nb                                      0.2
gn_nb                                     -0.2
cell_nb                                      0
xc_nb.x                                      0
ra_nb                                        0
rb_nb                                        0
pwpl_nb                                      0
pwpg_nb                                      0
qg_nb                                        0
clk_nb                                       1
clkb_nb                                      1
paa_nb                                 3.4e-09
xpaa_nb.tp                                0.33
paab_nb                                3.4e-09
outap_nb                           9.14501e-10
xsaa_nb.cs                            0.400333
outapb_nb                          9.14501e-10
pab_nb                                 3.4e-09
xpab_nb.tp                                0.33
pabb_nb                                3.4e-09
outbp_nb                           9.14501e-10
xsab_nb.cs                            0.400333
outbpb_nb                          9.14501e-10
vda_nb                                       0
vdb_nb                            -4.99614e-20
drv_nla                                      0
gp_nla                                     0.2
gn_nla                                    -0.2
cell_nla                                     0
xc_nla.x                                     0
ra_nla                                       0
rb_nla                                       0
pwpl_nla                                     0
clk_nla                                      1
outap_nla                          9.14501e-10
xsaa_nla.cs                           0.400333
outapb_nla                         9.14501e-10
outbp_nla                          9.14501e-10
xsab_nla.cs                           0.400333
outbpb_nla                         9.14501e-10
vda_nla                                      0
vdb_nla                                      0
drv_nlb                                      0
gp_nlb                                     0.2
gn_nlb                                    -0.2
cell_nlb                                     0
xc_nlb.x                                     0
ra_nlb                                       0
rb_nlb                                       0
pwpl_nlb                                     0
clk_nlb                                      1
clkb_nlb                                     1
paa_nlb                                3.4e-09
xpaa_nlb.tp                               0.33
paab_nlb                               3.4e-09
outap_nlb                          9.14501e-10
xsaa_nlb.cs                           0.400333
outapb_nlb                         9.14501e-10
pab_nlb                                3.4e-09
xpab_nlb.tp                               0.33
pabb_nlb                               3.4e-09
outbp_nlb                          9.14501e-10
xsab_nlb.cs                           0.400333
outbpb_nlb                         9.14501e-10
vda_nlb                            3.90266e-20
vdb_nlb                                      0
bdb_nlb#branch                               0
bda_nlb#branch                               0
bpl_nlb#branch                               0
vs_nlb#branch                                0
bdb_nla#branch                               0
bda_nla#branch                               0
bpl_nla#branch                               0
vs_nla#branch                                0
bdb_nb#branch                                0
bda_nb#branch                                0
bqg_nb#branch                                0
vgn_nb#branch                                0
bpg_nb#branch                                0
bpl_nb#branch                                0
vs_nb#branch                                 0
bdb_pb#branch                                0
bda_pb#branch                                0
bqg_pb#branch                                0
vgp_pb#branch                                0
bpg_pb#branch                                0
bpl_pb#branch                                0
vs_pb#branch                                 0
bdb_na#branch                                0
bda_na#branch                                0
bqg_na#branch                                0
vgn_na#branch                                0
bpg_na#branch                                0
bpl_na#branch                                0
vs_na#branch                                 0
bdb_pa#branch                                0
bda_pa#branch                                0
bqg_pa#branch                                0
vgp_pa#branch                                0
bpg_pa#branch                                0
bpl_pa#branch                                0
vs_pa#branch                                 0
bdidtn#branch                                0
vss#branch                            1.26e-12
bdidtp#branch                                0
vdd#branch                           -1.26e-12
bpsa#branch                                  0
vddsa#branch                       -1.1396e-11
bpsup#branch                                 0
vclkb_nlb#branch                             0
vclk_nlb#branch                              0
vgn_nlb#branch                               0
vgp_nlb#branch                               0
vclk_nla#branch                              0
vgn_nla#branch                               0
vgp_nla#branch                               0
vclkb_nb#branch                              0
vclk_nb#branch                               0
vgp_nb#branch                                0
vclkb_pb#branch                              0
vclk_pb#branch                               0
vgn_pb#branch                                0
vclk_na#branch                               0
vgp_na#branch                                0
vclk_pa#branch                               0
vgn_pa#branch                                0

 Reference value :  3.61056e-08 Reference value :  7.54256e-08 Reference value :  1.12446e-07 Reference value :  1.48886e-07 Reference value :  1.86790e-07 Reference value :  2.25010e-07 Reference value :  2.61770e-07
No. of Data Rows : 14616

  Measurements for Transient Analysis

e_drv_pa            =   -1.40038e-18 from=  1.59000e-07 to=  1.64000e-07
e_line_pa           =   -1.37365e-28 from=  1.59000e-07 to=  1.64000e-07
qg_pa               =   -3.80445e-15 from=  1.61100e-07 to=  1.62200e-07
e_rec_pa            =   5.14969e-14 from=  1.58000e-07 to=  1.68000e-07
e_pump_pa           =   -7.60889e-16 from=  1.61100e-07 to=  1.61600e-07
lvl_pa              =  3.471227e-04 at=  1.615300e-07
lvl_pl_pa           =  -3.022920e-11 at=  1.610900e-07
raila_pa            =  8.643847e-04 at=  1.615300e-07
raila_pl_pa         =  -2.449013e-10 at=  1.610900e-07
railb_pa            =  -2.476162e-10 at=  1.600000e-07
dema_pa             =  6.042005e-01
demb_pa             =  6.001655e-01
da_pa               =  4.035157e-03
db_pa               =  -4.034821e-03
dapk_pa             =  4.382595e-03 at=  1.623900e-07
dbpk_pa             =  1.920339e-14 at=  1.614300e-07
ipk_pa              =  -2.273377e-05 at=  1.600020e-07
didt_pa             =  1.136689e+07 at=  1.600060e-07
e_drv_na            =   -6.98929e-19 from=  1.79000e-07 to=  1.84000e-07
e_line_na           =   -1.37366e-28 from=  1.79000e-07 to=  1.84000e-07
qg_na               =   1.90222e-15 from=  1.81100e-07 to=  1.82200e-07
e_rec_na            =   5.14969e-14 from=  1.78000e-07 to=  1.88000e-07
e_pump_na           =   -3.80444e-16 from=  1.81100e-07 to=  1.81600e-07
lvl_na              =  -1.380402e-11 at=  1.800000e-07
lvl_pl_na           =  -1.342565e-11 at=  1.805100e-07
raila_na            =  8.644015e-04 at=  1.815300e-07
railb_na            =  -2.046165e-10 at=  1.800000e-07
railb_pl_na         =  -2.036848e-10 at=  1.805100e-07
dema_na             =  6.042005e-01
demb_na             =  6.001655e-01
da_na               =  4.035201e-03
db_na               =  -4.034865e-03
dapk_na             =  4.382642e-03 at=  1.823900e-07
dbpk_na             =  1.407555e-14 at=  1.814300e-07
ipk_na              =  1.136689e-05 at=  1.800020e-07
didt_na             =  5.683443e+06 at=  1.800060e-07
e_drv_pb            =   -1.40038e-18 from=  2.09000e-07 to=  2.14000e-07
e_line_pb           =   -1.98480e-28 from=  2.09000e-07 to=  2.14000e-07
qg_pb               =   -3.80445e-15 from=  2.11100e-07 to=  2.12200e-07
e_rec_pb            =   1.94834e-13 from=  2.08000e-07 to=  2.18000e-07
lvl_pb              =  6.724741e-04 at=  2.115500e-07
raila_pb            =  1.674820e-03 at=  2.115500e-07
railb_pb            =  -9.974660e-18 at=  2.100300e-07
dema_pb             =  7.895608e-01
demb_pb             =  9.134184e-02
da_pb               =  6.982189e-01
db_pb               =  -6.982189e-01
dapk_pb             =  6.982190e-01 at=  2.130100e-07
dbpk_pb             =  1.162265e-16 at=  2.114060e-07
ipk_pb              =  -2.273377e-05 at=  2.100020e-07
didt_pb             =  1.136689e+07 at=  2.100060e-07
e_drv_nb            =   -6.98929e-19 from=  2.29000e-07 to=  2.34000e-07
e_line_nb           =   -1.98480e-28 from=  2.29000e-07 to=  2.34000e-07
qg_nb               =   1.90222e-15 from=  2.31100e-07 to=  2.32200e-07
e_rec_nb            =   1.94834e-13 from=  2.28000e-07 to=  2.38000e-07
lvl_nb              =  -9.192223e-19 at=  2.300000e-07
raila_nb            =  1.674820e-03 at=  2.315500e-07
railb_nb            =  -4.770490e-18 at=  2.300000e-07
dema_nb             =  7.895608e-01
demb_nb             =  9.134184e-02
da_nb               =  6.982189e-01
db_nb               =  -6.982189e-01
dapk_nb             =  6.982190e-01 at=  2.330100e-07
dbpk_nb             =  9.367507e-17 at=  2.314140e-07
ipk_nb              =  1.136689e-05 at=  2.300020e-07
didt_nb             =  5.683443e+06 at=  2.300060e-07
e_drv_nla           =   2.52000e-21 from=  2.59000e-07 to=  2.64000e-07
e_rec_nla           =   5.14969e-14 from=  2.58000e-07 to=  2.68000e-07
raila_nla           =  8.644471e-04 at=  2.615300e-07
railb_nla           =  8.641582e-04 at=  2.615300e-07
dema_nla            =  6.042006e-01
demb_nla            =  6.001654e-01
da_nla              =  4.035321e-03
db_nla              =  -4.034985e-03
e_drv_nlb           =   2.52000e-21 from=  2.79000e-07 to=  2.84000e-07
e_rec_nlb           =   1.94834e-13 from=  2.78000e-07 to=  2.88000e-07
raila_nlb           =  1.674821e-03 at=  2.815500e-07
railb_nlb           =  1.673750e-03 at=  2.815500e-07
dema_nlb            =  7.895608e-01
demb_nlb            =  9.134184e-02
da_nlb              =  6.982189e-01
db_nlb              =  -6.982189e-01


Total analysis time (seconds) = 1.91706

Total elapsed time (seconds) = 1.929 

Total DRAM available = 62177.336 MB.
DRAM currently available = 10465.195 MB.
Maximum ngspice program size =   30.738 MB.
Current ngspice program size =   21.027 MB.

Shared ngspice pages =   11.738 MB.
Text (code) pages =    7.578 MB.
Stack = 0 bytes.
Library pages =    9.332 MB.


Note: No compatibility mode selected!


Circuit: * lswsweep vd=0.15 mode=fair vtd=0.4 wp=11u

Doing analysis at TEMP = 27.000000 and TNOM = 27.000000

Using SPARSE 1.3 as Direct Linear Solver

Initial Transient Solution
--------------------------

Node                                   Voltage
----                                   -------
vdd                                       0.15
vss                                      -0.15
vddsa                                        1
pwpsup                                2.88e-13
pwpsa                               1.1396e-11
didtp                                        0
didtn                                        0
drv_pa                                       0
gp_pa                                     0.15
gn_pa                                    -0.15
cell_pa                                      0
xc_pa.x                                      0
ra_pa                                        0
rb_pa                                        0
pwpl_pa                                      0
pwpg_pa                                      0
qg_pa                                        0
clk_pa                                       1
outap_pa                           9.14501e-10
xsaa_pa.cs                            0.400333
outapb_pa                          9.14501e-10
outbp_pa                           9.14501e-10
xsab_pa.cs                            0.400333
outbpb_pa                          9.14501e-10
vda_pa                            -7.39145e-20
vdb_pa                                       0
drv_na                                       0
gp_na                                     0.15
gn_na                                    -0.15
cell_na                                      0
xc_na.x                                      0
ra_na                                        0
rb_na                                        0
pwpl_na                                      0
pwpg_na                                      0
qg_na                                        0
clk_na                                       1
outap_na                           9.14501e-10
xsaa_na.cs                            0.400333
outapb_na                          9.14501e-10
outbp_na                           9.14501e-10
xsab_na.cs                            0.400333
outbpb_na                          9.14501e-10
vda_na                                       0
vdb_na                                       0
drv_pb                                       0
gp_pb                                     0.15
gn_pb                                    -0.15
cell_pb                                      0
xc_pb.x                                      0
ra_pb                                        0
rb_pb                                        0
pwpl_pb                                      0
pwpg_pb                                      0
qg_pb                                        0
clk_pb                                       1
clkb_pb                                      1
paa_pb                                 3.4e-09
xpaa_pb.tp                                0.33
paab_pb                                3.4e-09
outap_pb                           9.14501e-10
xsaa_pb.cs                            0.400333
outapb_pb                          9.14501e-10
pab_pb                                 3.4e-09
xpab_pb.tp                                0.33
pabb_pb                                3.4e-09
outbp_pb                           9.14501e-10
xsab_pb.cs                            0.400333
outbpb_pb                          9.14501e-10
vda_pb                                       0
vdb_pb                             8.06036e-21
drv_nb                                       0
gp_nb                                     0.15
gn_nb                                    -0.15
cell_nb                                      0
xc_nb.x                                      0
ra_nb                                        0
rb_nb                                        0
pwpl_nb                                      0
pwpg_nb                                      0
qg_nb                                        0
clk_nb                                       1
clkb_nb                                      1
paa_nb                                 3.4e-09
xpaa_nb.tp                                0.33
paab_nb                                3.4e-09
outap_nb                           9.14501e-10
xsaa_nb.cs                            0.400333
outapb_nb                          9.14501e-10
pab_nb                                 3.4e-09
xpab_nb.tp                                0.33
pabb_nb                                3.4e-09
outbp_nb                           9.14501e-10
xsab_nb.cs                            0.400333
outbpb_nb                          9.14501e-10
vda_nb                                       0
vdb_nb                            -4.99614e-20
drv_nla                                      0
gp_nla                                    0.15
gn_nla                                   -0.15
cell_nla                                     0
xc_nla.x                                     0
ra_nla                                       0
rb_nla                                       0
pwpl_nla                                     0
clk_nla                                      1
outap_nla                          9.14501e-10
xsaa_nla.cs                           0.400333
outapb_nla                         9.14501e-10
outbp_nla                          9.14501e-10
xsab_nla.cs                           0.400333
outbpb_nla                         9.14501e-10
vda_nla                                      0
vdb_nla                                      0
drv_nlb                                      0
gp_nlb                                    0.15
gn_nlb                                   -0.15
cell_nlb                                     0
xc_nlb.x                                     0
ra_nlb                                       0
rb_nlb                                       0
pwpl_nlb                                     0
clk_nlb                                      1
clkb_nlb                                     1
paa_nlb                                3.4e-09
xpaa_nlb.tp                               0.33
paab_nlb                               3.4e-09
outap_nlb                          9.14501e-10
xsaa_nlb.cs                           0.400333
outapb_nlb                         9.14501e-10
pab_nlb                                3.4e-09
xpab_nlb.tp                               0.33
pabb_nlb                               3.4e-09
outbp_nlb                          9.14501e-10
xsab_nlb.cs                           0.400333
outbpb_nlb                         9.14501e-10
vda_nlb                            3.90266e-20
vdb_nlb                                      0
bdb_nlb#branch                               0
bda_nlb#branch                               0
bpl_nlb#branch                               0
vs_nlb#branch                                0
bdb_nla#branch                               0
bda_nla#branch                               0
bpl_nla#branch                               0
vs_nla#branch                                0
bdb_nb#branch                                0
bda_nb#branch                                0
bqg_nb#branch                                0
vgn_nb#branch                                0
bpg_nb#branch                                0
bpl_nb#branch                                0
vs_nb#branch                                 0
bdb_pb#branch                                0
bda_pb#branch                                0
bqg_pb#branch                                0
vgp_pb#branch                                0
bpg_pb#branch                                0
bpl_pb#branch                                0
vs_pb#branch                                 0
bdb_na#branch                                0
bda_na#branch                                0
bqg_na#branch                                0
vgn_na#branch                                0
bpg_na#branch                                0
bpl_na#branch                                0
vs_na#branch                                 0
bdb_pa#branch                                0
bda_pa#branch                                0
bqg_pa#branch                                0
vgp_pa#branch                                0
bpg_pa#branch                                0
bpl_pa#branch                                0
vs_pa#branch                                 0
bdidtn#branch                                0
vss#branch                             9.6e-13
bdidtp#branch                                0
vdd#branch                            -9.6e-13
bpsa#branch                                  0
vddsa#branch                       -1.1396e-11
bpsup#branch                                 0
vclkb_nlb#branch                             0
vclk_nlb#branch                              0
vgn_nlb#branch                               0
vgp_nlb#branch                               0
vclk_nla#branch                              0
vgn_nla#branch                               0
vgp_nla#branch                               0
vclkb_nb#branch                              0
vclk_nb#branch                               0
vgp_nb#branch                                0
vclkb_pb#branch                              0
vclk_pb#branch                               0
vgn_pb#branch                                0
vclk_na#branch                               0
vgp_na#branch                                0
vclk_pa#branch                               0
vgn_pa#branch                                0

 Reference value :  3.53256e-08 Reference value :  7.35656e-08 Reference value :  1.11226e-07 Reference value :  1.49486e-07 Reference value :  1.85450e-07 Reference value :  2.22070e-07 Reference value :  2.58430e-07
No. of Data Rows : 14616

  Measurements for Transient Analysis

e_drv_pa            =   -9.69125e-19 from=  1.59000e-07 to=  1.64000e-07
e_line_pa           =   -1.37365e-28 from=  1.59000e-07 to=  1.64000e-07
qg_pa               =   -2.87539e-15 from=  1.61100e-07 to=  1.62200e-07
e_rec_pa            =   5.14969e-14 from=  1.58000e-07 to=  1.68000e-07
e_pump_pa           =   -4.31309e-16 from=  1.61100e-07 to=  1.61600e-07
lvl_pa              =  3.471227e-04 at=  1.615300e-07
lvl_pl_pa           =  -3.022920e-11 at=  1.610900e-07
raila_pa            =  8.643847e-04 at=  1.615300e-07
raila_pl_pa         =  -2.449013e-10 at=  1.610900e-07
railb_pa            =  -2.476162e-10 at=  1.600000e-07
dema_pa             =  6.042005e-01
demb_pa             =  6.001655e-01
da_pa               =  4.035157e-03
db_pa               =  -4.034821e-03
dapk_pa             =  4.382595e-03 at=  1.623900e-07
dbpk_pa             =  1.918257e-14 at=  1.614300e-07
ipk_pa              =  -1.706101e-05 at=  1.600020e-07
didt_pa             =  8.530506e+06 at=  1.600060e-07
e_drv_na            =   -4.83843e-19 from=  1.79000e-07 to=  1.84000e-07
e_line_na           =   -1.37366e-28 from=  1.79000e-07 to=  1.84000e-07
qg_na               =   1.43770e-15 from=  1.81100e-07 to=  1.82200e-07
e_rec_na            =   5.14969e-14 from=  1.78000e-07 to=  1.88000e-07
e_pump_na           =   -2.15654e-16 from=  1.81100e-07 to=  1.81600e-07
lvl_na              =  -1.380402e-11 at=  1.800000e-07
lvl_pl_na           =  -1.342565e-11 at=  1.805100e-07
raila_na            =  8.644015e-04 at=  1.815300e-07
railb_na            =  -2.046165e-10 at=  1.800000e-07
railb_pl_na         =  -2.036848e-10 at=  1.805100e-07
dema_na             =  6.042005e-01
demb_na             =  6.001655e-01
da_na               =  4.035201e-03
db_na               =  -4.034865e-03
dapk_na             =  4.382642e-03 at=  1.823900e-07
dbpk_na             =  1.403738e-14 at=  1.814300e-07
ipk_na              =  8.530507e-06 at=  1.800020e-07
didt_na             =  4.265253e+06 at=  1.800060e-07
e_drv_pb            =   -9.69125e-19 from=  2.09000e-07 to=  2.14000e-07
e_line_pb           =   -1.98480e-28 from=  2.09000e-07 to=  2.14000e-07
qg_pb               =   -2.87539e-15 from=  2.11100e-07 to=  2.12200e-07
e_rec_pb            =   1.94834e-13 from=  2.08000e-07 to=  2.18000e-07
lvl_pb              =  6.724741e-04 at=  2.115500e-07
raila_pb            =  1.674820e-03 at=  2.115500e-07
railb_pb            =  -4.336809e-18 at=  2.100700e-07
dema_pb             =  7.895608e-01
demb_pb             =  9.134184e-02
da_pb               =  6.982189e-01
db_pb               =  -6.982189e-01
dapk_pb             =  6.982190e-01 at=  2.130100e-07
dbpk_pb             =  1.387779e-16 at=  2.114900e-07
ipk_pb              =  -1.706101e-05 at=  2.100020e-07
didt_pb             =  8.530506e+06 at=  2.100060e-07
e_drv_nb            =   -4.83843e-19 from=  2.29000e-07 to=  2.34000e-07
e_line_nb           =   -1.98480e-28 from=  2.29000e-07 to=  2.34000e-07
qg_nb               =   1.43770e-15 from=  2.31100e-07 to=  2.32200e-07
e_rec_nb            =   1.94834e-13 from=  2.28000e-07 to=  2.38000e-07
lvl_nb              =  -1.415229e-18 at=  2.300060e-07
raila_nb            =  1.674820e-03 at=  2.315500e-07
railb_nb            =  -8.673617e-18 at=  2.302300e-07
dema_nb             =  7.895608e-01
demb_nb             =  9.134184e-02
da_nb               =  6.982189e-01
db_nb               =  -6.982189e-01
dapk_nb             =  6.982190e-01 at=  2.330100e-07
dbpk_nb             =  8.673617e-17 at=  2.314140e-07
ipk_nb              =  8.530507e-06 at=  2.300020e-07
didt_nb             =  4.265253e+06 at=  2.300060e-07
e_drv_nla           =   1.44000e-21 from=  2.59000e-07 to=  2.64000e-07
e_rec_nla           =   5.14969e-14 from=  2.58000e-07 to=  2.68000e-07
raila_nla           =  8.644471e-04 at=  2.615300e-07
railb_nla           =  8.641582e-04 at=  2.615300e-07
dema_nla            =  6.042006e-01
demb_nla            =  6.001654e-01
da_nla              =  4.035321e-03
db_nla              =  -4.034985e-03
e_drv_nlb           =   1.44000e-21 from=  2.79000e-07 to=  2.84000e-07
e_rec_nlb           =   1.94834e-13 from=  2.78000e-07 to=  2.88000e-07
raila_nlb           =  1.674821e-03 at=  2.815500e-07
railb_nlb           =  1.673750e-03 at=  2.815500e-07
dema_nlb            =  7.895608e-01
demb_nlb            =  9.134184e-02
da_nlb              =  6.982189e-01
db_nlb              =  -6.982189e-01


Total analysis time (seconds) = 1.95138

Total elapsed time (seconds) = 1.962 

Total DRAM available = 62177.336 MB.
DRAM currently available = 10467.066 MB.
Maximum ngspice program size =   30.738 MB.
Current ngspice program size =   20.699 MB.

Shared ngspice pages =   11.410 MB.
Text (code) pages =    7.578 MB.
Stack = 0 bytes.
Library pages =    9.332 MB.


Note: No compatibility mode selected!


Circuit: * lswsweep vd=0.1 mode=fair vtd=0.4 wp=11u

Doing analysis at TEMP = 27.000000 and TNOM = 27.000000

Using SPARSE 1.3 as Direct Linear Solver

Initial Transient Solution
--------------------------

Node                                   Voltage
----                                   -------
vdd                                        0.1
vss                                       -0.1
vddsa                                        1
pwpsup                                1.32e-13
pwpsa                               1.1396e-11
didtp                                        0
didtn                                        0
drv_pa                                       0
gp_pa                                      0.1
gn_pa                                     -0.1
cell_pa                                      0
xc_pa.x                                      0
ra_pa                                        0
rb_pa                                        0
pwpl_pa                                      0
pwpg_pa                                      0
qg_pa                                        0
clk_pa                                       1
outap_pa                           9.14501e-10
xsaa_pa.cs                            0.400333
outapb_pa                          9.14501e-10
outbp_pa                           9.14501e-10
xsab_pa.cs                            0.400333
outbpb_pa                          9.14501e-10
vda_pa                            -7.39145e-20
vdb_pa                                       0
drv_na                                       0
gp_na                                      0.1
gn_na                                     -0.1
cell_na                                      0
xc_na.x                                      0
ra_na                                        0
rb_na                                        0
pwpl_na                                      0
pwpg_na                                      0
qg_na                                        0
clk_na                                       1
outap_na                           9.14501e-10
xsaa_na.cs                            0.400333
outapb_na                          9.14501e-10
outbp_na                           9.14501e-10
xsab_na.cs                            0.400333
outbpb_na                          9.14501e-10
vda_na                                       0
vdb_na                                       0
drv_pb                                       0
gp_pb                                      0.1
gn_pb                                     -0.1
cell_pb                                      0
xc_pb.x                                      0
ra_pb                                        0
rb_pb                                        0
pwpl_pb                                      0
pwpg_pb                                      0
qg_pb                                        0
clk_pb                                       1
clkb_pb                                      1
paa_pb                                 3.4e-09
xpaa_pb.tp                                0.33
paab_pb                                3.4e-09
outap_pb                           9.14501e-10
xsaa_pb.cs                            0.400333
outapb_pb                          9.14501e-10
pab_pb                                 3.4e-09
xpab_pb.tp                                0.33
pabb_pb                                3.4e-09
outbp_pb                           9.14501e-10
xsab_pb.cs                            0.400333
outbpb_pb                          9.14501e-10
vda_pb                                       0
vdb_pb                             8.06036e-21
drv_nb                                       0
gp_nb                                      0.1
gn_nb                                     -0.1
cell_nb                                      0
xc_nb.x                                      0
ra_nb                                        0
rb_nb                                        0
pwpl_nb                                      0
pwpg_nb                                      0
qg_nb                                        0
clk_nb                                       1
clkb_nb                                      1
paa_nb                                 3.4e-09
xpaa_nb.tp                                0.33
paab_nb                                3.4e-09
outap_nb                           9.14501e-10
xsaa_nb.cs                            0.400333
outapb_nb                          9.14501e-10
pab_nb                                 3.4e-09
xpab_nb.tp                                0.33
pabb_nb                                3.4e-09
outbp_nb                           9.14501e-10
xsab_nb.cs                            0.400333
outbpb_nb                          9.14501e-10
vda_nb                                       0
vdb_nb                            -4.99614e-20
drv_nla                                      0
gp_nla                                     0.1
gn_nla                                    -0.1
cell_nla                                     0
xc_nla.x                                     0
ra_nla                                       0
rb_nla                                       0
pwpl_nla                                     0
clk_nla                                      1
outap_nla                          9.14501e-10
xsaa_nla.cs                           0.400333
outapb_nla                         9.14501e-10
outbp_nla                          9.14501e-10
xsab_nla.cs                           0.400333
outbpb_nla                         9.14501e-10
vda_nla                                      0
vdb_nla                                      0
drv_nlb                                      0
gp_nlb                                     0.1
gn_nlb                                    -0.1
cell_nlb                                     0
xc_nlb.x                                     0
ra_nlb                                       0
rb_nlb                                       0
pwpl_nlb                                     0
clk_nlb                                      1
clkb_nlb                                     1
paa_nlb                                3.4e-09
xpaa_nlb.tp                               0.33
paab_nlb                               3.4e-09
outap_nlb                          9.14501e-10
xsaa_nlb.cs                           0.400333
outapb_nlb                         9.14501e-10
pab_nlb                                3.4e-09
xpab_nlb.tp                               0.33
pabb_nlb                               3.4e-09
outbp_nlb                          9.14501e-10
xsab_nlb.cs                           0.400333
outbpb_nlb                         9.14501e-10
vda_nlb                            3.90266e-20
vdb_nlb                                      0
bdb_nlb#branch                               0
bda_nlb#branch                               0
bpl_nlb#branch                               0
vs_nlb#branch                                0
bdb_nla#branch                               0
bda_nla#branch                               0
bpl_nla#branch                               0
vs_nla#branch                                0
bdb_nb#branch                                0
bda_nb#branch                                0
bqg_nb#branch                                0
vgn_nb#branch                                0
bpg_nb#branch                                0
bpl_nb#branch                                0
vs_nb#branch                                 0
bdb_pb#branch                                0
bda_pb#branch                                0
bqg_pb#branch                                0
vgp_pb#branch                                0
bpg_pb#branch                                0
bpl_pb#branch                                0
vs_pb#branch                                 0
bdb_na#branch                                0
bda_na#branch                                0
bqg_na#branch                                0
vgn_na#branch                                0
bpg_na#branch                                0
bpl_na#branch                                0
vs_na#branch                                 0
bdb_pa#branch                                0
bda_pa#branch                                0
bqg_pa#branch                                0
vgp_pa#branch                                0
bpg_pa#branch                                0
bpl_pa#branch                                0
vs_pa#branch                                 0
bdidtn#branch                                0
vss#branch                             6.6e-13
bdidtp#branch                                0
vdd#branch                            -6.6e-13
bpsa#branch                                  0
vddsa#branch                       -1.1396e-11
bpsup#branch                                 0
vclkb_nlb#branch                             0
vclk_nlb#branch                              0
vgn_nlb#branch                               0
vgp_nlb#branch                               0
vclk_nla#branch                              0
vgn_nla#branch                               0
vgp_nla#branch                               0
vclkb_nb#branch                              0
vclk_nb#branch                               0
vgp_nb#branch                                0
vclkb_pb#branch                              0
vclk_pb#branch                               0
vgn_pb#branch                                0
vclk_na#branch                               0
vgp_na#branch                                0
vclk_pa#branch                               0
vgn_pa#branch                                0

 Reference value :  3.65456e-08 Reference value :  7.46456e-08 Reference value :  1.12586e-07 Reference value :  1.52086e-07 Reference value :  1.89270e-07 Reference value :  2.25470e-07 Reference value :  2.61470e-07
No. of Data Rows : 14616

  Measurements for Transient Analysis

e_drv_pa            =   -5.25426e-19 from=  1.59000e-07 to=  1.64000e-07
e_line_pa           =   -1.37365e-28 from=  1.59000e-07 to=  1.64000e-07
qg_pa               =   -1.99682e-15 from=  1.61100e-07 to=  1.62200e-07
e_rec_pa            =   5.14969e-14 from=  1.58000e-07 to=  1.68000e-07
e_pump_pa           =   -1.99682e-16 from=  1.61100e-07 to=  1.61600e-07
lvl_pa              =  3.471227e-04 at=  1.615300e-07
lvl_pl_pa           =  -3.022920e-11 at=  1.610900e-07
raila_pa            =  8.643847e-04 at=  1.615300e-07
raila_pl_pa         =  -2.449013e-10 at=  1.610900e-07
railb_pa            =  -2.476162e-10 at=  1.600000e-07
dema_pa             =  6.042005e-01
demb_pa             =  6.001655e-01
da_pa               =  4.035157e-03
db_pa               =  -4.034821e-03
dapk_pa             =  4.382595e-03 at=  1.623900e-07
dbpk_pa             =  1.918257e-14 at=  1.614300e-07
ipk_pa              =  -1.138113e-05 at=  1.600020e-07
didt_pa             =  5.690565e+06 at=  1.600060e-07
e_drv_na            =   -2.62383e-19 from=  1.79000e-07 to=  1.84000e-07
e_line_na           =   -1.37366e-28 from=  1.79000e-07 to=  1.84000e-07
qg_na               =   9.98410e-16 from=  1.81100e-07 to=  1.82200e-07
e_rec_na            =   5.14969e-14 from=  1.78000e-07 to=  1.88000e-07
e_pump_na           =   -9.98410e-17 from=  1.81100e-07 to=  1.81600e-07
lvl_na              =  -1.380402e-11 at=  1.800000e-07
lvl_pl_na           =  -1.342566e-11 at=  1.805100e-07
raila_na            =  8.644015e-04 at=  1.815300e-07
railb_na            =  -2.046165e-10 at=  1.800000e-07
railb_pl_na         =  -2.036848e-10 at=  1.805100e-07
dema_na             =  6.042005e-01
demb_na             =  6.001655e-01
da_na               =  4.035201e-03
db_na               =  -4.034865e-03
dapk_na             =  4.382642e-03 at=  1.823900e-07
dbpk_na             =  1.405126e-14 at=  1.814300e-07
ipk_na              =  5.690566e-06 at=  1.800020e-07
didt_na             =  2.845283e+06 at=  1.800060e-07
e_drv_pb            =   -5.25426e-19 from=  2.09000e-07 to=  2.14000e-07
e_line_pb           =   -1.98480e-28 from=  2.09000e-07 to=  2.14000e-07
qg_pb               =   -1.99682e-15 from=  2.11100e-07 to=  2.12200e-07
e_rec_pb            =   1.94834e-13 from=  2.08000e-07 to=  2.18000e-07
lvl_pb              =  6.724741e-04 at=  2.115500e-07
raila_pb            =  1.674820e-03 at=  2.115500e-07
railb_pb            =  -5.637851e-18 at=  2.103100e-07
dema_pb             =  7.895608e-01
demb_pb             =  9.134184e-02
da_pb               =  6.982189e-01
db_pb               =  -6.982189e-01
dapk_pb             =  6.982190e-01 at=  2.130100e-07
dbpk_pb             =  6.765422e-17 at=  2.114140e-07
ipk_pb              =  -1.138113e-05 at=  2.100020e-07
didt_pb             =  5.690565e+06 at=  2.100060e-07
e_drv_nb            =   -2.62383e-19 from=  2.29000e-07 to=  2.34000e-07
e_line_nb           =   -1.98480e-28 from=  2.29000e-07 to=  2.34000e-07
qg_nb               =   9.98410e-16 from=  2.31100e-07 to=  2.32200e-07
e_rec_nb            =   1.94834e-13 from=  2.28000e-07 to=  2.38000e-07
lvl_nb              =  -2.319326e-18 at=  2.300140e-07
raila_nb            =  1.674820e-03 at=  2.315500e-07
railb_nb            =  -1.040834e-17 at=  2.300060e-07
dema_nb             =  7.895608e-01
demb_nb             =  9.134184e-02
da_nb               =  6.982189e-01
db_nb               =  -6.982189e-01
dapk_nb             =  6.982190e-01 at=  2.330100e-07
dbpk_nb             =  3.989864e-17 at=  2.314060e-07
ipk_nb              =  5.690566e-06 at=  2.300020e-07
didt_nb             =  2.845283e+06 at=  2.300060e-07
e_drv_nla           =   6.60000e-22 from=  2.59000e-07 to=  2.64000e-07
e_rec_nla           =   5.14969e-14 from=  2.58000e-07 to=  2.68000e-07
raila_nla           =  8.644471e-04 at=  2.615300e-07
railb_nla           =  8.641582e-04 at=  2.615300e-07
dema_nla            =  6.042006e-01
demb_nla            =  6.001654e-01
da_nla              =  4.035321e-03
db_nla              =  -4.034985e-03
e_drv_nlb           =   6.60000e-22 from=  2.79000e-07 to=  2.84000e-07
e_rec_nlb           =   1.94834e-13 from=  2.78000e-07 to=  2.88000e-07
raila_nlb           =  1.674821e-03 at=  2.815500e-07
railb_nlb           =  1.673750e-03 at=  2.815500e-07
dema_nlb            =  7.895608e-01
demb_nlb            =  9.134184e-02
da_nlb              =  6.982189e-01
db_nlb              =  -6.982189e-01


Total analysis time (seconds) = 1.93417

Total elapsed time (seconds) = 1.942 

Total DRAM available = 62177.336 MB.
DRAM currently available = 10473.973 MB.
Maximum ngspice program size =   30.742 MB.
Current ngspice program size =   20.828 MB.

Shared ngspice pages =   11.535 MB.
Text (code) pages =    7.578 MB.
Stack = 0 bytes.
Library pages =    9.336 MB.


Note: No compatibility mode selected!


Circuit: * lswsweep vd=0.05 mode=fair vtd=0.4 wp=11u

Doing analysis at TEMP = 27.000000 and TNOM = 27.000000

Using SPARSE 1.3 as Direct Linear Solver

Initial Transient Solution
--------------------------

Node                                   Voltage
----                                   -------
vdd                                       0.05
vss                                      -0.05
vddsa                                        1
pwpsup                             3.51318e-14
pwpsa                               1.1396e-11
didtp                                        0
didtn                                        0
drv_pa                                       0
gp_pa                                     0.05
gn_pa                                    -0.05
cell_pa                                      0
xc_pa.x                                      0
ra_pa                                        0
rb_pa                                        0
pwpl_pa                                      0
pwpg_pa                                      0
qg_pa                                        0
clk_pa                                       1
outap_pa                           9.14501e-10
xsaa_pa.cs                            0.400333
outapb_pa                          9.14501e-10
outbp_pa                           9.14501e-10
xsab_pa.cs                            0.400333
outbpb_pa                          9.14501e-10
vda_pa                            -7.39145e-20
vdb_pa                                       0
drv_na                                       0
gp_na                                     0.05
gn_na                                    -0.05
cell_na                                      0
xc_na.x                                      0
ra_na                                        0
rb_na                                        0
pwpl_na                                      0
pwpg_na                                      0
qg_na                                        0
clk_na                                       1
outap_na                           9.14501e-10
xsaa_na.cs                            0.400333
outapb_na                          9.14501e-10
outbp_na                           9.14501e-10
xsab_na.cs                            0.400333
outbpb_na                          9.14501e-10
vda_na                                       0
vdb_na                                       0
drv_pb                                       0
gp_pb                                     0.05
gn_pb                                    -0.05
cell_pb                                      0
xc_pb.x                                      0
ra_pb                                        0
rb_pb                                        0
pwpl_pb                                      0
pwpg_pb                                      0
qg_pb                                        0
clk_pb                                       1
clkb_pb                                      1
paa_pb                                 3.4e-09
xpaa_pb.tp                                0.33
paab_pb                                3.4e-09
outap_pb                           9.14501e-10
xsaa_pb.cs                            0.400333
outapb_pb                          9.14501e-10
pab_pb                                 3.4e-09
xpab_pb.tp                                0.33
pabb_pb                                3.4e-09
outbp_pb                           9.14501e-10
xsab_pb.cs                            0.400333
outbpb_pb                          9.14501e-10
vda_pb                                       0
vdb_pb                             8.06036e-21
drv_nb                                       0
gp_nb                                     0.05
gn_nb                                    -0.05
cell_nb                                      0
xc_nb.x                                      0
ra_nb                                        0
rb_nb                                        0
pwpl_nb                                      0
pwpg_nb                                      0
qg_nb                                        0
clk_nb                                       1
clkb_nb                                      1
paa_nb                                 3.4e-09
xpaa_nb.tp                                0.33
paab_nb                                3.4e-09
outap_nb                           9.14501e-10
xsaa_nb.cs                            0.400333
outapb_nb                          9.14501e-10
pab_nb                                 3.4e-09
xpab_nb.tp                                0.33
pabb_nb                                3.4e-09
outbp_nb                           9.14501e-10
xsab_nb.cs                            0.400333
outbpb_nb                          9.14501e-10
vda_nb                                       0
vdb_nb                            -4.99614e-20
drv_nla                                      0
gp_nla                                    0.05
gn_nla                                   -0.05
cell_nla                                     0
xc_nla.x                                     0
ra_nla                                       0
rb_nla                                       0
pwpl_nla                                     0
clk_nla                                      1
outap_nla                          9.14501e-10
xsaa_nla.cs                           0.400333
outapb_nla                         9.14501e-10
outbp_nla                          9.14501e-10
xsab_nla.cs                           0.400333
outbpb_nla                         9.14501e-10
vda_nla                                      0
vdb_nla                                      0
drv_nlb                                      0
gp_nlb                                    0.05
gn_nlb                                   -0.05
cell_nlb                                     0
xc_nlb.x                                     0
ra_nlb                                       0
rb_nlb                                       0
pwpl_nlb                                     0
clk_nlb                                      1
clkb_nlb                                     1
paa_nlb                                3.4e-09
xpaa_nlb.tp                               0.33
paab_nlb                               3.4e-09
outap_nlb                          9.14501e-10
xsaa_nlb.cs                           0.400333
outapb_nlb                         9.14501e-10
pab_nlb                                3.4e-09
xpab_nlb.tp                               0.33
pabb_nlb                               3.4e-09
outbp_nlb                          9.14501e-10
xsab_nlb.cs                           0.400333
outbpb_nlb                         9.14501e-10
vda_nlb                            3.90266e-20
vdb_nlb                                      0
bdb_nlb#branch                               0
bda_nlb#branch                               0
bpl_nlb#branch                               0
vs_nlb#branch                                0
bdb_nla#branch                               0
bda_nla#branch                               0
bpl_nla#branch                               0
vs_nla#branch                                0
bdb_nb#branch                                0
bda_nb#branch                                0
bqg_nb#branch                                0
vgn_nb#branch                                0
bpg_nb#branch                                0
bpl_nb#branch                                0
vs_nb#branch                                 0
bdb_pb#branch                                0
bda_pb#branch                                0
bqg_pb#branch                                0
vgp_pb#branch                                0
bpg_pb#branch                                0
bpl_pb#branch                                0
vs_pb#branch                                 0
bdb_na#branch                                0
bda_na#branch                                0
bqg_na#branch                                0
vgn_na#branch                                0
bpg_na#branch                                0
bpl_na#branch                                0
vs_na#branch                                 0
bdb_pa#branch                                0
bda_pa#branch                                0
bqg_pa#branch                                0
vgp_pa#branch                                0
bpg_pa#branch                                0
bpl_pa#branch                                0
vs_pa#branch                                 0
bdidtn#branch                                0
vss#branch                         3.51318e-13
bdidtp#branch                                0
vdd#branch                        -3.51318e-13
bpsa#branch                                  0
vddsa#branch                       -1.1396e-11
bpsup#branch                                 0
vclkb_nlb#branch                             0
vclk_nlb#branch                              0
vgn_nlb#branch                               0
vgp_nlb#branch                               0
vclk_nla#branch                              0
vgn_nla#branch                               0
vgp_nla#branch                               0
vclkb_nb#branch                              0
vclk_nb#branch                               0
vgp_nb#branch                                0
vclkb_pb#branch                              0
vclk_pb#branch                               0
vgn_pb#branch                                0
vclk_na#branch                               0
vgp_na#branch                                0
vclk_pa#branch                               0
vgn_pa#branch                                0

 Reference value :  3.68656e-08 Reference value :  7.49856e-08 Reference value :  1.12966e-07 Reference value :  1.52026e-07 Reference value :  1.88770e-07 Reference value :  2.26510e-07 Reference value :  2.63290e-07
No. of Data Rows : 14616

  Measurements for Transient Analysis

e_drv_pa            =   -6.45168e-20 from=  1.59000e-07 to=  1.64000e-07
e_line_pa           =   -1.45049e-28 from=  1.59000e-07 to=  1.64000e-07
qg_pa               =   -1.06896e-15 from=  1.61100e-07 to=  1.62200e-07
e_rec_pa            =   5.14969e-14 from=  1.58000e-07 to=  1.68000e-07
e_pump_pa           =   -5.34481e-17 from=  1.61100e-07 to=  1.61600e-07
lvl_pa              =  3.471227e-04 at=  1.615300e-07
lvl_pl_pa           =  -3.022920e-11 at=  1.610900e-07
raila_pa            =  8.643847e-04 at=  1.615300e-07
raila_pl_pa         =  -2.449013e-10 at=  1.610900e-07
railb_pa            =  -2.476162e-10 at=  1.600000e-07
dema_pa             =  6.042005e-01
demb_pa             =  6.001655e-01
da_pa               =  4.035157e-03
db_pa               =  -4.034821e-03
dapk_pa             =  4.382595e-03 at=  1.623900e-07
dbpk_pa             =  1.925543e-14 at=  1.614300e-07
ipk_pa              =  -5.697688e-06 at=  1.600020e-07
didt_pa             =  2.848844e+06 at=  1.600060e-07
e_drv_na            =   -3.21706e-20 from=  1.79000e-07 to=  1.84000e-07
e_line_na           =   -1.45051e-28 from=  1.79000e-07 to=  1.84000e-07
qg_na               =   5.34482e-16 from=  1.81100e-07 to=  1.82200e-07
e_rec_na            =   5.14969e-14 from=  1.78000e-07 to=  1.88000e-07
e_pump_na           =   -2.67241e-17 from=  1.81100e-07 to=  1.81600e-07
lvl_na              =  -1.380401e-11 at=  1.800000e-07
lvl_pl_na           =  -1.342565e-11 at=  1.805100e-07
raila_na            =  8.644015e-04 at=  1.815300e-07
railb_na            =  -2.046165e-10 at=  1.800000e-07
railb_pl_na         =  -2.036848e-10 at=  1.805100e-07
dema_na             =  6.042005e-01
demb_na             =  6.001655e-01
da_na               =  4.035201e-03
db_na               =  -4.034865e-03
dapk_na             =  4.382642e-03 at=  1.823900e-07
dbpk_na             =  1.407555e-14 at=  1.814300e-07
ipk_na              =  2.848844e-06 at=  1.800020e-07
didt_na             =  1.424422e+06 at=  1.800060e-07
e_drv_pb            =   -6.45168e-20 from=  2.09000e-07 to=  2.14000e-07
e_line_pb           =   -2.09584e-28 from=  2.09000e-07 to=  2.14000e-07
qg_pb               =   -1.06896e-15 from=  2.11100e-07 to=  2.12200e-07
e_rec_pb            =   1.94834e-13 from=  2.08000e-07 to=  2.18000e-07
lvl_pb              =  6.724741e-04 at=  2.115500e-07
raila_pb            =  1.674820e-03 at=  2.115500e-07
railb_pb            =  -1.127570e-17 at=  2.100000e-07
dema_pb             =  7.895608e-01
demb_pb             =  9.134184e-02
da_pb               =  6.982189e-01
db_pb               =  -6.982189e-01
dapk_pb             =  6.982190e-01 at=  2.130100e-07
dbpk_pb             =  2.081668e-17 at=  2.114500e-07
ipk_pb              =  -5.697688e-06 at=  2.100020e-07
didt_pb             =  2.848844e+06 at=  2.100060e-07
e_drv_nb            =   -3.21706e-20 from=  2.29000e-07 to=  2.34000e-07
e_line_nb           =   -2.09584e-28 from=  2.29000e-07 to=  2.34000e-07
qg_nb               =   5.34482e-16 from=  2.31100e-07 to=  2.32200e-07
e_rec_nb            =   1.94834e-13 from=  2.28000e-07 to=  2.38000e-07
lvl_nb              =  -1.376396e-18 at=  2.303500e-07
raila_nb            =  1.674820e-03 at=  2.315500e-07
railb_nb            =  -7.806256e-18 at=  2.304700e-07
dema_nb             =  7.895608e-01
demb_nb             =  9.134184e-02
da_nb               =  6.982189e-01
db_nb               =  -6.982189e-01
dapk_nb             =  6.982190e-01 at=  2.330100e-07
dbpk_nb             =  6.938894e-17 at=  2.314900e-07
ipk_nb              =  2.848844e-06 at=  2.300020e-07
didt_nb             =  1.424422e+06 at=  2.300060e-07
e_drv_nla           =   1.75659e-22 from=  2.59000e-07 to=  2.64000e-07
e_rec_nla           =   5.14969e-14 from=  2.58000e-07 to=  2.68000e-07
raila_nla           =  8.644471e-04 at=  2.615300e-07
railb_nla           =  8.641582e-04 at=  2.615300e-07
dema_nla            =  6.042006e-01
demb_nla            =  6.001654e-01
da_nla              =  4.035321e-03
db_nla              =  -4.034985e-03
e_drv_nlb           =   1.75659e-22 from=  2.79000e-07 to=  2.84000e-07
e_rec_nlb           =   1.94834e-13 from=  2.78000e-07 to=  2.88000e-07
raila_nlb           =  1.674821e-03 at=  2.815500e-07
railb_nlb           =  1.673750e-03 at=  2.815500e-07
dema_nlb            =  7.895608e-01
demb_nlb            =  9.134184e-02
da_nlb              =  6.982189e-01
db_nlb              =  -6.982189e-01


Total analysis time (seconds) = 1.9187

Total elapsed time (seconds) = 1.926 

Total DRAM available = 62177.336 MB.
DRAM currently available = 10478.926 MB.
Maximum ngspice program size =   30.738 MB.
Current ngspice program size =   20.824 MB.

Shared ngspice pages =   11.535 MB.
Text (code) pages =    7.578 MB.
Stack = 0 bytes.
Library pages =    9.332 MB.

### PASS 2: VT-ENGINEERED DRIVER (VTD=0.1, WP resized ~1/Vov^2)

Note: No compatibility mode selected!


Circuit: * lswsweep vd=0.6 mode=vteng vtd=0.1 wp=15.8u

Doing analysis at TEMP = 27.000000 and TNOM = 27.000000

Using SPARSE 1.3 as Direct Linear Solver

Initial Transient Solution
--------------------------

Node                                   Voltage
----                                   -------
vdd                                        0.6
vss                                       -0.6
vddsa                                        1
pwpsup                               4.392e-12
pwpsa                               1.1396e-11
didtp                                        0
didtn                                        0
drv_pa                                       0
gp_pa                                      0.6
gn_pa                                     -0.6
cell_pa                                      0
xc_pa.x                                      0
ra_pa                                        0
rb_pa                                        0
pwpl_pa                                      0
pwpg_pa                                      0
qg_pa                                        0
clk_pa                                       1
outap_pa                           9.14501e-10
xsaa_pa.cs                            0.400333
outapb_pa                          9.14501e-10
outbp_pa                           9.14501e-10
xsab_pa.cs                            0.400333
outbpb_pa                          9.14501e-10
vda_pa                            -7.39145e-20
vdb_pa                                       0
drv_na                                       0
gp_na                                      0.6
gn_na                                     -0.6
cell_na                                      0
xc_na.x                                      0
ra_na                                        0
rb_na                                        0
pwpl_na                                      0
pwpg_na                                      0
qg_na                                        0
clk_na                                       1
outap_na                           9.14501e-10
xsaa_na.cs                            0.400333
outapb_na                          9.14501e-10
outbp_na                           9.14501e-10
xsab_na.cs                            0.400333
outbpb_na                          9.14501e-10
vda_na                                       0
vdb_na                                       0
drv_pb                                       0
gp_pb                                      0.6
gn_pb                                     -0.6
cell_pb                                      0
xc_pb.x                                      0
ra_pb                                        0
rb_pb                                        0
pwpl_pb                                      0
pwpg_pb                                      0
qg_pb                                        0
clk_pb                                       1
clkb_pb                                      1
paa_pb                                 3.4e-09
xpaa_pb.tp                                0.33
paab_pb                                3.4e-09
outap_pb                           9.14501e-10
xsaa_pb.cs                            0.400333
outapb_pb                          9.14501e-10
pab_pb                                 3.4e-09
xpab_pb.tp                                0.33
pabb_pb                                3.4e-09
outbp_pb                           9.14501e-10
xsab_pb.cs                            0.400333
outbpb_pb                          9.14501e-10
vda_pb                                       0
vdb_pb                             8.06036e-21
drv_nb                                       0
gp_nb                                      0.6
gn_nb                                     -0.6
cell_nb                                      0
xc_nb.x                                      0
ra_nb                                        0
rb_nb                                        0
pwpl_nb                                      0
pwpg_nb                                      0
qg_nb                                        0
clk_nb                                       1
clkb_nb                                      1
paa_nb                                 3.4e-09
xpaa_nb.tp                                0.33
paab_nb                                3.4e-09
outap_nb                           9.14501e-10
xsaa_nb.cs                            0.400333
outapb_nb                          9.14501e-10
pab_nb                                 3.4e-09
xpab_nb.tp                                0.33
pabb_nb                                3.4e-09
outbp_nb                           9.14501e-10
xsab_nb.cs                            0.400333
outbpb_nb                          9.14501e-10
vda_nb                                       0
vdb_nb                            -4.99614e-20
drv_nla                                      0
gp_nla                                     0.6
gn_nla                                    -0.6
cell_nla                                     0
xc_nla.x                                     0
ra_nla                                       0
rb_nla                                       0
pwpl_nla                                     0
clk_nla                                      1
outap_nla                          9.14501e-10
xsaa_nla.cs                           0.400333
outapb_nla                         9.14501e-10
outbp_nla                          9.14501e-10
xsab_nla.cs                           0.400333
outbpb_nla                         9.14501e-10
vda_nla                                      0
vdb_nla                                      0
drv_nlb                                      0
gp_nlb                                     0.6
gn_nlb                                    -0.6
cell_nlb                                     0
xc_nlb.x                                     0
ra_nlb                                       0
rb_nlb                                       0
pwpl_nlb                                     0
clk_nlb                                      1
clkb_nlb                                     1
paa_nlb                                3.4e-09
xpaa_nlb.tp                               0.33
paab_nlb                               3.4e-09
outap_nlb                          9.14501e-10
xsaa_nlb.cs                           0.400333
outapb_nlb                         9.14501e-10
pab_nlb                                3.4e-09
xpab_nlb.tp                               0.33
pabb_nlb                               3.4e-09
outbp_nlb                          9.14501e-10
xsab_nlb.cs                           0.400333
outbpb_nlb                         9.14501e-10
vda_nlb                            3.90266e-20
vdb_nlb                                      0
bdb_nlb#branch                               0
bda_nlb#branch                               0
bpl_nlb#branch                               0
vs_nlb#branch                                0
bdb_nla#branch                               0
bda_nla#branch                               0
bpl_nla#branch                               0
vs_nla#branch                                0
bdb_nb#branch                                0
bda_nb#branch                                0
bqg_nb#branch                                0
vgn_nb#branch                                0
bpg_nb#branch                                0
bpl_nb#branch                                0
vs_nb#branch                                 0
bdb_pb#branch                                0
bda_pb#branch                                0
bqg_pb#branch                                0
vgp_pb#branch                                0
bpg_pb#branch                                0
bpl_pb#branch                                0
vs_pb#branch                                 0
bdb_na#branch                                0
bda_na#branch                                0
bqg_na#branch                                0
vgn_na#branch                                0
bpg_na#branch                                0
bpl_na#branch                                0
vs_na#branch                                 0
bdb_pa#branch                                0
bda_pa#branch                                0
bqg_pa#branch                                0
vgp_pa#branch                                0
bpg_pa#branch                                0
bpl_pa#branch                                0
vs_pa#branch                                 0
bdidtn#branch                                0
vss#branch                            3.66e-12
bdidtp#branch                                0
vdd#branch                           -3.66e-12
bpsa#branch                                  0
vddsa#branch                       -1.1396e-11
bpsup#branch                                 0
vclkb_nlb#branch                             0
vclk_nlb#branch                              0
vgn_nlb#branch                               0
vgp_nlb#branch                               0
vclk_nla#branch                              0
vgn_nla#branch                               0
vgp_nla#branch                               0
vclkb_nb#branch                              0
vclk_nb#branch                               0
vgp_nb#branch                                0
vclkb_pb#branch                              0
vclk_pb#branch                               0
vgn_pb#branch                                0
vclk_na#branch                               0
vgp_na#branch                                0
vclk_pa#branch                               0
vgn_pa#branch                                0

 Reference value :  3.51656e-08 Reference value :  7.58256e-08 Reference value :  1.16366e-07 Reference value :  1.56326e-07 Reference value :  1.94050e-07 Reference value :  2.30470e-07 Reference value :  2.68890e-07
No. of Data Rows : 14616

  Measurements for Transient Analysis

e_drv_pa            =   4.87032e-13 from=  1.59000e-07 to=  1.64000e-07
e_line_pa           =   2.75332e-13 from=  1.59000e-07 to=  1.64000e-07
qg_pa               =   -2.50850e-14 from=  1.61100e-07 to=  1.62200e-07
e_rec_pa            =   4.99675e-14 from=  1.58000e-07 to=  1.68000e-07
e_pump_pa           =   3.31923e-14 from=  1.61100e-07 to=  1.61600e-07
lvl_pa              =  5.021426e-01 at=  1.612060e-07
lvl_pl_pa           =  4.866910e-01 at=  1.610900e-07
raila_pa            =  1.179525e-01 at=  1.612900e-07
raila_pl_pa         =  1.010051e-01 at=  1.610900e-07
railb_pa            =  -1.118897e-02 at=  1.618900e-07
dema_pa             =  7.204907e-01
demb_pa             =  6.295017e-01
da_pa               =  5.590155e-01
db_pa               =  5.779910e-02
dapk_pa             =  5.630359e-01 at=  1.620900e-07
dbpk_pa             =  6.823391e-02 at=  1.623900e-07
ipk_pa              =  -1.204681e-03 at=  1.602000e-07
didt_pa             =  4.513449e+07 at=  1.600060e-07
e_drv_na            =   4.85853e-13 from=  1.79000e-07 to=  1.84000e-07
e_line_na           =   2.74508e-13 from=  1.79000e-07 to=  1.84000e-07
qg_na               =   1.25202e-14 from=  1.81100e-07 to=  1.82200e-07
e_rec_na            =   5.16127e-14 from=  1.78000e-07 to=  1.88000e-07
e_pump_na           =   3.88372e-14 from=  1.81100e-07 to=  1.81600e-07
lvl_na              =  -4.999255e-01 at=  1.812060e-07
lvl_pl_na           =  -4.871808e-01 at=  1.810900e-07
raila_na            =  1.242305e-02 at=  1.818700e-07
railb_na            =  -1.171384e-01 at=  1.812700e-07
railb_pl_na         =  -1.014433e-01 at=  1.810900e-07
dema_na             =  6.433615e-01
demb_na             =  6.886202e-01
da_na               =  9.238767e-02
db_na               =  3.022766e-01
dapk_na             =  1.167627e-01 at=  1.823900e-07
dbpk_na             =  3.068459e-01 at=  1.823900e-07
ipk_na              =  1.155390e-03 at=  1.802000e-07
didt_na             =  2.256724e+07 at=  1.800060e-07
e_drv_pb            =   4.87030e-13 from=  2.09000e-07 to=  2.14000e-07
e_line_pb           =   2.75315e-13 from=  2.09000e-07 to=  2.14000e-07
qg_pb               =   -2.50850e-14 from=  2.11100e-07 to=  2.12200e-07
e_rec_pb            =   1.90390e-13 from=  2.08000e-07 to=  2.18000e-07
lvl_pb              =  5.021420e-01 at=  2.112060e-07
raila_pb            =  1.179534e-01 at=  2.112900e-07
railb_pb            =  -1.148056e-02 at=  2.119100e-07
dema_pb             =  8.030000e-01
demb_pb             =  7.935768e-01
da_pb               =  7.195530e-01
db_pb               =  7.046972e-01
dapk_pb             =  7.423196e-01 at=  2.121500e-07
dbpk_pb             =  7.079912e-01 at=  2.124700e-07
ipk_pb              =  -1.204691e-03 at=  2.102000e-07
didt_pb             =  4.513449e+07 at=  2.100060e-07
e_drv_nb            =   4.85870e-13 from=  2.29000e-07 to=  2.34000e-07
e_line_nb           =   2.74494e-13 from=  2.29000e-07 to=  2.34000e-07
qg_nb               =   1.25201e-14 from=  2.31100e-07 to=  2.32200e-07
e_rec_nb            =   1.91511e-13 from=  2.28000e-07 to=  2.38000e-07
lvl_nb              =  -4.999159e-01 at=  2.312060e-07
raila_nb            =  1.225267e-02 at=  2.318300e-07
railb_nb            =  -1.171168e-01 at=  2.312700e-07
dema_nb             =  7.930060e-01
demb_nb             =  8.049018e-01
da_nb               =  7.037450e-01
db_nb               =  7.226301e-01
dapk_nb             =  7.067408e-01 at=  2.324500e-07
dbpk_nb             =  7.492370e-01 at=  2.321500e-07
ipk_nb              =  1.155400e-03 at=  2.302000e-07
didt_nb             =  2.256724e+07 at=  2.300060e-07
e_drv_nla           =   2.19600e-20 from=  2.59000e-07 to=  2.64000e-07
e_rec_nla           =   5.14969e-14 from=  2.58000e-07 to=  2.68000e-07
raila_nla           =  8.644471e-04 at=  2.615300e-07
railb_nla           =  8.641582e-04 at=  2.615300e-07
dema_nla            =  6.042006e-01
demb_nla            =  6.001654e-01
da_nla              =  4.035321e-03
db_nla              =  -4.034985e-03
e_drv_nlb           =   2.19600e-20 from=  2.79000e-07 to=  2.84000e-07
e_rec_nlb           =   1.94834e-13 from=  2.78000e-07 to=  2.88000e-07
raila_nlb           =  1.674821e-03 at=  2.815500e-07
railb_nlb           =  1.673750e-03 at=  2.815500e-07
dema_nlb            =  7.895608e-01
demb_nlb            =  9.134184e-02
da_nlb              =  6.982189e-01
db_nlb              =  -6.982189e-01


Total analysis time (seconds) = 1.86991

Total elapsed time (seconds) = 1.886 

Total DRAM available = 62177.336 MB.
DRAM currently available = 10443.875 MB.
Maximum ngspice program size =   30.738 MB.
Current ngspice program size =   20.863 MB.

Shared ngspice pages =   11.574 MB.
Text (code) pages =    7.578 MB.
Stack = 0 bytes.
Library pages =    9.332 MB.


Note: No compatibility mode selected!


Circuit: * lswsweep vd=0.5 mode=vteng vtd=0.1 wp=24.7u

Doing analysis at TEMP = 27.000000 and TNOM = 27.000000

Using SPARSE 1.3 as Direct Linear Solver

Initial Transient Solution
--------------------------

Node                                   Voltage
----                                   -------
vdd                                        0.5
vss                                       -0.5
vddsa                                        1
pwpsup                                3.06e-12
pwpsa                               1.1396e-11
didtp                                        0
didtn                                        0
drv_pa                                       0
gp_pa                                      0.5
gn_pa                                     -0.5
cell_pa                                      0
xc_pa.x                                      0
ra_pa                                        0
rb_pa                                        0
pwpl_pa                                      0
pwpg_pa                                      0
qg_pa                                        0
clk_pa                                       1
outap_pa                           9.14501e-10
xsaa_pa.cs                            0.400333
outapb_pa                          9.14501e-10
outbp_pa                           9.14501e-10
xsab_pa.cs                            0.400333
outbpb_pa                          9.14501e-10
vda_pa                            -7.39145e-20
vdb_pa                                       0
drv_na                                       0
gp_na                                      0.5
gn_na                                     -0.5
cell_na                                      0
xc_na.x                                      0
ra_na                                        0
rb_na                                        0
pwpl_na                                      0
pwpg_na                                      0
qg_na                                        0
clk_na                                       1
outap_na                           9.14501e-10
xsaa_na.cs                            0.400333
outapb_na                          9.14501e-10
outbp_na                           9.14501e-10
xsab_na.cs                            0.400333
outbpb_na                          9.14501e-10
vda_na                                       0
vdb_na                                       0
drv_pb                                       0
gp_pb                                      0.5
gn_pb                                     -0.5
cell_pb                                      0
xc_pb.x                                      0
ra_pb                                        0
rb_pb                                        0
pwpl_pb                                      0
pwpg_pb                                      0
qg_pb                                        0
clk_pb                                       1
clkb_pb                                      1
paa_pb                                 3.4e-09
xpaa_pb.tp                                0.33
paab_pb                                3.4e-09
outap_pb                           9.14501e-10
xsaa_pb.cs                            0.400333
outapb_pb                          9.14501e-10
pab_pb                                 3.4e-09
xpab_pb.tp                                0.33
pabb_pb                                3.4e-09
outbp_pb                           9.14501e-10
xsab_pb.cs                            0.400333
outbpb_pb                          9.14501e-10
vda_pb                                       0
vdb_pb                             8.06036e-21
drv_nb                                       0
gp_nb                                      0.5
gn_nb                                     -0.5
cell_nb                                      0
xc_nb.x                                      0
ra_nb                                        0
rb_nb                                        0
pwpl_nb                                      0
pwpg_nb                                      0
qg_nb                                        0
clk_nb                                       1
clkb_nb                                      1
paa_nb                                 3.4e-09
xpaa_nb.tp                                0.33
paab_nb                                3.4e-09
outap_nb                           9.14501e-10
xsaa_nb.cs                            0.400333
outapb_nb                          9.14501e-10
pab_nb                                 3.4e-09
xpab_nb.tp                                0.33
pabb_nb                                3.4e-09
outbp_nb                           9.14501e-10
xsab_nb.cs                            0.400333
outbpb_nb                          9.14501e-10
vda_nb                                       0
vdb_nb                            -4.99614e-20
drv_nla                                      0
gp_nla                                     0.5
gn_nla                                    -0.5
cell_nla                                     0
xc_nla.x                                     0
ra_nla                                       0
rb_nla                                       0
pwpl_nla                                     0
clk_nla                                      1
outap_nla                          9.14501e-10
xsaa_nla.cs                           0.400333
outapb_nla                         9.14501e-10
outbp_nla                          9.14501e-10
xsab_nla.cs                           0.400333
outbpb_nla                         9.14501e-10
vda_nla                                      0
vdb_nla                                      0
drv_nlb                                      0
gp_nlb                                     0.5
gn_nlb                                    -0.5
cell_nlb                                     0
xc_nlb.x                                     0
ra_nlb                                       0
rb_nlb                                       0
pwpl_nlb                                     0
clk_nlb                                      1
clkb_nlb                                     1
paa_nlb                                3.4e-09
xpaa_nlb.tp                               0.33
paab_nlb                               3.4e-09
outap_nlb                          9.14501e-10
xsaa_nlb.cs                           0.400333
outapb_nlb                         9.14501e-10
pab_nlb                                3.4e-09
xpab_nlb.tp                               0.33
pabb_nlb                               3.4e-09
outbp_nlb                          9.14501e-10
xsab_nlb.cs                           0.400333
outbpb_nlb                         9.14501e-10
vda_nlb                            3.90266e-20
vdb_nlb                                      0
bdb_nlb#branch                               0
bda_nlb#branch                               0
bpl_nlb#branch                               0
vs_nlb#branch                                0
bdb_nla#branch                               0
bda_nla#branch                               0
bpl_nla#branch                               0
vs_nla#branch                                0
bdb_nb#branch                                0
bda_nb#branch                                0
bqg_nb#branch                                0
vgn_nb#branch                                0
bpg_nb#branch                                0
bpl_nb#branch                                0
vs_nb#branch                                 0
bdb_pb#branch                                0
bda_pb#branch                                0
bqg_pb#branch                                0
vgp_pb#branch                                0
bpg_pb#branch                                0
bpl_pb#branch                                0
vs_pb#branch                                 0
bdb_na#branch                                0
bda_na#branch                                0
bqg_na#branch                                0
vgn_na#branch                                0
bpg_na#branch                                0
bpl_na#branch                                0
vs_na#branch                                 0
bdb_pa#branch                                0
bda_pa#branch                                0
bqg_pa#branch                                0
vgp_pa#branch                                0
bpg_pa#branch                                0
bpl_pa#branch                                0
vs_pa#branch                                 0
bdidtn#branch                                0
vss#branch                            3.06e-12
bdidtp#branch                                0
vdd#branch                           -3.06e-12
bpsa#branch                                  0
vddsa#branch                       -1.1396e-11
bpsup#branch                                 0
vclkb_nlb#branch                             0
vclk_nlb#branch                              0
vgn_nlb#branch                               0
vgp_nlb#branch                               0
vclk_nla#branch                              0
vgn_nla#branch                               0
vgp_nla#branch                               0
vclkb_nb#branch                              0
vclk_nb#branch                               0
vgp_nb#branch                                0
vclkb_pb#branch                              0
vclk_pb#branch                               0
vgn_pb#branch                                0
vclk_na#branch                               0
vgp_na#branch                                0
vclk_pa#branch                               0
vgn_pa#branch                                0

 Reference value :  3.81856e-08 Reference value :  7.82856e-08 Reference value :  1.17826e-07 Reference value :  1.56086e-07 Reference value :  1.90490e-07 Reference value :  2.28690e-07 Reference value :  2.66210e-07
No. of Data Rows : 14616

  Measurements for Transient Analysis

e_drv_pa            =   3.58383e-13 from=  1.59000e-07 to=  1.64000e-07
e_line_pa           =   2.18706e-13 from=  1.59000e-07 to=  1.64000e-07
qg_pa               =   -3.30465e-14 from=  1.61100e-07 to=  1.62200e-07
e_rec_pa            =   5.04685e-14 from=  1.58000e-07 to=  1.68000e-07
e_pump_pa           =   1.49990e-14 from=  1.61100e-07 to=  1.61600e-07
lvl_pa              =  4.475488e-01 at=  1.612140e-07
lvl_pl_pa           =  4.337376e-01 at=  1.610900e-07
raila_pa            =  8.442095e-02 at=  1.605700e-07
raila_pl_pa         =  8.442095e-02 at=  1.605700e-07
railb_pa            =  -7.500855e-03 at=  1.619700e-07
dema_pa             =  7.099226e-01
demb_pa             =  6.195658e-01
da_pa               =  5.245407e-01
db_pa               =  3.575774e-02
dapk_pa             =  5.253856e-01 at=  1.622500e-07
dbpk_pa             =  4.387704e-02 at=  1.623900e-07
ipk_pa              =  -1.224766e-03 at=  1.602000e-07
didt_pa             =  5.877197e+07 at=  1.600060e-07
e_drv_na            =   3.56836e-13 from=  1.79000e-07 to=  1.84000e-07
e_line_na           =   2.17550e-13 from=  1.79000e-07 to=  1.84000e-07
qg_na               =   1.65103e-14 from=  1.81100e-07 to=  1.82200e-07
e_rec_na            =   5.16288e-14 from=  1.78000e-07 to=  1.88000e-07
e_pump_na           =   2.11290e-14 from=  1.81100e-07 to=  1.81600e-07
lvl_na              =  -4.451925e-01 at=  1.812060e-07
lvl_pl_na           =  -4.342602e-01 at=  1.810900e-07
raila_na            =  8.588742e-03 at=  1.818900e-07
railb_na            =  -8.479458e-02 at=  1.805700e-07
railb_pl_na         =  -8.479458e-02 at=  1.805700e-07
dema_na             =  6.281045e-01
demb_na             =  6.839197e-01
da_na               =  5.568154e-02
db_na               =  2.330381e-01
dapk_na             =  7.005218e-02 at=  1.823900e-07
dbpk_na             =  2.417019e-01 at=  1.823900e-07
ipk_na              =  1.160106e-03 at=  1.802000e-07
didt_na             =  2.938598e+07 at=  1.800060e-07
e_drv_pb            =   3.58379e-13 from=  2.09000e-07 to=  2.14000e-07
e_line_pb           =   2.18678e-13 from=  2.09000e-07 to=  2.14000e-07
qg_pb               =   -3.30466e-14 from=  2.11100e-07 to=  2.12200e-07
e_rec_pb            =   1.91525e-13 from=  2.08000e-07 to=  2.18000e-07
lvl_pb              =  4.475498e-01 at=  2.112140e-07
raila_pb            =  8.441539e-02 at=  2.105700e-07
railb_pb            =  -7.770145e-03 at=  2.119500e-07
dema_pb             =  7.994353e-01
demb_pb             =  7.924743e-01
da_pb               =  7.139787e-01
db_pb               =  7.029346e-01
dapk_pb             =  7.287960e-01 at=  2.122100e-07
dbpk_pb             =  7.047736e-01 at=  2.125300e-07
ipk_pb              =  -1.224778e-03 at=  2.102000e-07
didt_pb             =  5.877197e+07 at=  2.100060e-07
e_drv_nb            =   3.56844e-13 from=  2.29000e-07 to=  2.34000e-07
e_line_nb           =   2.17536e-13 from=  2.29000e-07 to=  2.34000e-07
qg_nb               =   1.65106e-14 from=  2.31100e-07 to=  2.32200e-07
e_rec_nb            =   1.92309e-13 from=  2.28000e-07 to=  2.38000e-07
lvl_nb              =  -4.451929e-01 at=  2.312060e-07
raila_nb            =  8.354959e-03 at=  2.318500e-07
railb_nb            =  -8.471335e-02 at=  2.305700e-07
dema_nb             =  7.920379e-01
demb_nb             =  8.006794e-01
da_nb               =  7.022017e-01
db_nb               =  7.160236e-01
dapk_nb             =  7.039490e-01 at=  2.325100e-07
dbpk_nb             =  7.328547e-01 at=  2.322100e-07
ipk_nb              =  1.160120e-03 at=  2.302000e-07
didt_nb             =  2.938598e+07 at=  2.300060e-07
e_drv_nla           =   1.53000e-20 from=  2.59000e-07 to=  2.64000e-07
e_rec_nla           =   5.14969e-14 from=  2.58000e-07 to=  2.68000e-07
raila_nla           =  8.644471e-04 at=  2.615300e-07
railb_nla           =  8.641582e-04 at=  2.615300e-07
dema_nla            =  6.042006e-01
demb_nla            =  6.001654e-01
da_nla              =  4.035321e-03
db_nla              =  -4.034985e-03
e_drv_nlb           =   1.53000e-20 from=  2.79000e-07 to=  2.84000e-07
e_rec_nlb           =   1.94834e-13 from=  2.78000e-07 to=  2.88000e-07
raila_nlb           =  1.674821e-03 at=  2.815500e-07
railb_nlb           =  1.673750e-03 at=  2.815500e-07
dema_nlb            =  7.895608e-01
demb_nlb            =  9.134184e-02
da_nlb              =  6.982189e-01
db_nlb              =  -6.982189e-01


Total analysis time (seconds) = 1.89884

Total elapsed time (seconds) = 1.906 

Total DRAM available = 62177.336 MB.
DRAM currently available = 10453.227 MB.
Maximum ngspice program size =   30.738 MB.
Current ngspice program size =   20.859 MB.

Shared ngspice pages =   11.570 MB.
Text (code) pages =    7.578 MB.
Stack = 0 bytes.
Library pages =    9.332 MB.


Note: No compatibility mode selected!


Circuit: * lswsweep vd=0.45 mode=vteng vtd=0.1 wp=32.3u

Doing analysis at TEMP = 27.000000 and TNOM = 27.000000

Using SPARSE 1.3 as Direct Linear Solver

Initial Transient Solution
--------------------------

Node                                   Voltage
----                                   -------
vdd                                       0.45
vss                                      -0.45
vddsa                                        1
pwpsup                               2.484e-12
pwpsa                               1.1396e-11
didtp                                        0
didtn                                        0
drv_pa                                       0
gp_pa                                     0.45
gn_pa                                    -0.45
cell_pa                                      0
xc_pa.x                                      0
ra_pa                                        0
rb_pa                                        0
pwpl_pa                                      0
pwpg_pa                                      0
qg_pa                                        0
clk_pa                                       1
outap_pa                           9.14501e-10
xsaa_pa.cs                            0.400333
outapb_pa                          9.14501e-10
outbp_pa                           9.14501e-10
xsab_pa.cs                            0.400333
outbpb_pa                          9.14501e-10
vda_pa                            -7.39145e-20
vdb_pa                                       0
drv_na                                       0
gp_na                                     0.45
gn_na                                    -0.45
cell_na                                      0
xc_na.x                                      0
ra_na                                        0
rb_na                                        0
pwpl_na                                      0
pwpg_na                                      0
qg_na                                        0
clk_na                                       1
outap_na                           9.14501e-10
xsaa_na.cs                            0.400333
outapb_na                          9.14501e-10
outbp_na                           9.14501e-10
xsab_na.cs                            0.400333
outbpb_na                          9.14501e-10
vda_na                                       0
vdb_na                                       0
drv_pb                                       0
gp_pb                                     0.45
gn_pb                                    -0.45
cell_pb                                      0
xc_pb.x                                      0
ra_pb                                        0
rb_pb                                        0
pwpl_pb                                      0
pwpg_pb                                      0
qg_pb                                        0
clk_pb                                       1
clkb_pb                                      1
paa_pb                                 3.4e-09
xpaa_pb.tp                                0.33
paab_pb                                3.4e-09
outap_pb                           9.14501e-10
xsaa_pb.cs                            0.400333
outapb_pb                          9.14501e-10
pab_pb                                 3.4e-09
xpab_pb.tp                                0.33
pabb_pb                                3.4e-09
outbp_pb                           9.14501e-10
xsab_pb.cs                            0.400333
outbpb_pb                          9.14501e-10
vda_pb                                       0
vdb_pb                             8.06036e-21
drv_nb                                       0
gp_nb                                     0.45
gn_nb                                    -0.45
cell_nb                                      0
xc_nb.x                                      0
ra_nb                                        0
rb_nb                                        0
pwpl_nb                                      0
pwpg_nb                                      0
qg_nb                                        0
clk_nb                                       1
clkb_nb                                      1
paa_nb                                 3.4e-09
xpaa_nb.tp                                0.33
paab_nb                                3.4e-09
outap_nb                           9.14501e-10
xsaa_nb.cs                            0.400333
outapb_nb                          9.14501e-10
pab_nb                                 3.4e-09
xpab_nb.tp                                0.33
pabb_nb                                3.4e-09
outbp_nb                           9.14501e-10
xsab_nb.cs                            0.400333
outbpb_nb                          9.14501e-10
vda_nb                                       0
vdb_nb                            -4.99614e-20
drv_nla                                      0
gp_nla                                    0.45
gn_nla                                   -0.45
cell_nla                                     0
xc_nla.x                                     0
ra_nla                                       0
rb_nla                                       0
pwpl_nla                                     0
clk_nla                                      1
outap_nla                          9.14501e-10
xsaa_nla.cs                           0.400333
outapb_nla                         9.14501e-10
outbp_nla                          9.14501e-10
xsab_nla.cs                           0.400333
outbpb_nla                         9.14501e-10
vda_nla                                      0
vdb_nla                                      0
drv_nlb                                      0
gp_nlb                                    0.45
gn_nlb                                   -0.45
cell_nlb                                     0
xc_nlb.x                                     0
ra_nlb                                       0
rb_nlb                                       0
pwpl_nlb                                     0
clk_nlb                                      1
clkb_nlb                                     1
paa_nlb                                3.4e-09
xpaa_nlb.tp                               0.33
paab_nlb                               3.4e-09
outap_nlb                          9.14501e-10
xsaa_nlb.cs                           0.400333
outapb_nlb                         9.14501e-10
pab_nlb                                3.4e-09
xpab_nlb.tp                               0.33
pabb_nlb                               3.4e-09
outbp_nlb                          9.14501e-10
xsab_nlb.cs                           0.400333
outbpb_nlb                         9.14501e-10
vda_nlb                            3.90266e-20
vdb_nlb                                      0
bdb_nlb#branch                               0
bda_nlb#branch                               0
bpl_nlb#branch                               0
vs_nlb#branch                                0
bdb_nla#branch                               0
bda_nla#branch                               0
bpl_nla#branch                               0
vs_nla#branch                                0
bdb_nb#branch                                0
bda_nb#branch                                0
bqg_nb#branch                                0
vgn_nb#branch                                0
bpg_nb#branch                                0
bpl_nb#branch                                0
vs_nb#branch                                 0
bdb_pb#branch                                0
bda_pb#branch                                0
bqg_pb#branch                                0
vgp_pb#branch                                0
bpg_pb#branch                                0
bpl_pb#branch                                0
vs_pb#branch                                 0
bdb_na#branch                                0
bda_na#branch                                0
bqg_na#branch                                0
vgn_na#branch                                0
bpg_na#branch                                0
bpl_na#branch                                0
vs_na#branch                                 0
bdb_pa#branch                                0
bda_pa#branch                                0
bqg_pa#branch                                0
vgp_pa#branch                                0
bpg_pa#branch                                0
bpl_pa#branch                                0
vs_pa#branch                                 0
bdidtn#branch                                0
vss#branch                            2.76e-12
bdidtp#branch                                0
vdd#branch                           -2.76e-12
bpsa#branch                                  0
vddsa#branch                       -1.1396e-11
bpsup#branch                                 0
vclkb_nlb#branch                             0
vclk_nlb#branch                              0
vgn_nlb#branch                               0
vgp_nlb#branch                               0
vclk_nla#branch                              0
vgn_nla#branch                               0
vgp_nla#branch                               0
vclkb_nb#branch                              0
vclk_nb#branch                               0
vgp_nb#branch                                0
vclkb_pb#branch                              0
vclk_pb#branch                               0
vgn_pb#branch                                0
vclk_na#branch                               0
vgp_na#branch                                0
vclk_pa#branch                               0
vgn_pa#branch                                0

 Reference value :  3.53256e-08 Reference value :  7.37056e-08 Reference value :  1.11906e-07 Reference value :  1.49586e-07 Reference value :  1.84550e-07 Reference value :  2.20490e-07 Reference value :  2.56190e-07
No. of Data Rows : 14616

  Measurements for Transient Analysis

e_drv_pa            =   2.98372e-13 from=  1.59000e-07 to=  1.64000e-07
e_line_pa           =   1.89602e-13 from=  1.59000e-07 to=  1.64000e-07
qg_pa               =   -3.96250e-14 from=  1.61100e-07 to=  1.62200e-07
e_rec_pa            =   5.07454e-14 from=  1.58000e-07 to=  1.68000e-07
e_pump_pa           =   6.85785e-15 from=  1.61100e-07 to=  1.61600e-07
lvl_pa              =  4.163939e-01 at=  1.612140e-07
lvl_pl_pa           =  4.023811e-01 at=  1.610900e-07
raila_pa            =  8.034391e-02 at=  1.605500e-07
raila_pl_pa         =  8.034391e-02 at=  1.605500e-07
railb_pa            =  -5.468037e-03 at=  1.620300e-07
dema_pa             =  7.043095e-01
demb_pa             =  6.129724e-01
da_pa               =  4.740480e-01
db_pa               =  2.177942e-02
dapk_pa             =  4.987188e-01 at=  1.623900e-07
dbpk_pa             =  2.819547e-02 at=  1.623900e-07
ipk_pa              =  -1.242755e-03 at=  1.602000e-07
didt_pa             =  6.915440e+07 at=  1.600060e-07
e_drv_na            =   2.96566e-13 from=  1.79000e-07 to=  1.84000e-07
e_line_na           =   1.87985e-13 from=  1.79000e-07 to=  1.84000e-07
qg_na               =   1.95395e-14 from=  1.81100e-07 to=  1.82200e-07
e_rec_na            =   5.16284e-14 from=  1.78000e-07 to=  1.88000e-07
e_pump_na           =   1.33316e-14 from=  1.81100e-07 to=  1.81600e-07
lvl_na              =  -4.133064e-01 at=  1.812060e-07
lvl_pl_na           =  -4.029285e-01 at=  1.810900e-07
raila_na            =  6.359728e-03 at=  1.819100e-07
railb_na            =  -8.075286e-02 at=  1.805500e-07
railb_pl_na         =  -8.075286e-02 at=  1.805500e-07
dema_na             =  6.191784e-01
demb_na             =  6.750631e-01
da_na               =  3.569749e-02
db_na               =  1.893447e-01
dapk_na             =  4.534845e-02 at=  1.823900e-07
dbpk_na             =  1.999612e-01 at=  1.823900e-07
ipk_na              =  1.166241e-03 at=  1.802000e-07
didt_na             =  3.457720e+07 at=  1.800060e-07
e_drv_pb            =   2.98367e-13 from=  2.09000e-07 to=  2.14000e-07
e_line_pb           =   1.89581e-13 from=  2.09000e-07 to=  2.14000e-07
qg_pb               =   -3.96253e-14 from=  2.11100e-07 to=  2.12200e-07
e_rec_pb            =   1.92296e-13 from=  2.08000e-07 to=  2.18000e-07
lvl_pb              =  4.163961e-01 at=  2.112140e-07
raila_pb            =  8.033587e-02 at=  2.105500e-07
railb_pb            =  -5.697182e-03 at=  2.120100e-07
dema_pb             =  7.973334e-01
demb_pb             =  7.918299e-01
da_pb               =  7.106683e-01
db_pb               =  7.019074e-01
dapk_pb             =  7.210635e-01 at=  2.122500e-07
dbpk_pb             =  7.029415e-01 at=  2.126300e-07
ipk_pb              =  -1.242769e-03 at=  2.102000e-07
didt_pb             =  6.915440e+07 at=  2.100060e-07
e_drv_nb            =   2.96569e-13 from=  2.29000e-07 to=  2.34000e-07
e_line_nb           =   1.87967e-13 from=  2.29000e-07 to=  2.34000e-07
qg_nb               =   1.95399e-14 from=  2.31100e-07 to=  2.32200e-07
e_rec_nb            =   1.92813e-13 from=  2.28000e-07 to=  2.38000e-07
lvl_nb              =  -4.133102e-01 at=  2.312060e-07
raila_nb            =  6.096803e-03 at=  2.318900e-07
railb_nb            =  -8.067390e-02 at=  2.305500e-07
dema_nb             =  7.914621e-01
demb_nb             =  7.981447e-01
da_nb               =  7.012824e-01
db_nb               =  7.120233e-01
dapk_nb             =  7.023706e-01 at=  2.325700e-07
dbpk_nb             =  7.234035e-01 at=  2.322700e-07
ipk_nb              =  1.166257e-03 at=  2.302000e-07
didt_nb             =  3.457720e+07 at=  2.300060e-07
e_drv_nla           =   1.24200e-20 from=  2.59000e-07 to=  2.64000e-07
e_rec_nla           =   5.14969e-14 from=  2.58000e-07 to=  2.68000e-07
raila_nla           =  8.644471e-04 at=  2.615300e-07
railb_nla           =  8.641582e-04 at=  2.615300e-07
dema_nla            =  6.042006e-01
demb_nla            =  6.001654e-01
da_nla              =  4.035321e-03
db_nla              =  -4.034985e-03
e_drv_nlb           =   1.24200e-20 from=  2.79000e-07 to=  2.84000e-07
e_rec_nlb           =   1.94834e-13 from=  2.78000e-07 to=  2.88000e-07
raila_nlb           =  1.674821e-03 at=  2.815500e-07
railb_nlb           =  1.673750e-03 at=  2.815500e-07
dema_nlb            =  7.895608e-01
demb_nlb            =  9.134184e-02
da_nlb              =  6.982189e-01
db_nlb              =  -6.982189e-01


Total analysis time (seconds) = 1.96704

Total elapsed time (seconds) = 1.978 

Total DRAM available = 62177.336 MB.
DRAM currently available = 10437.723 MB.
Maximum ngspice program size =   30.738 MB.
Current ngspice program size =   20.832 MB.

Shared ngspice pages =   11.543 MB.
Text (code) pages =    7.578 MB.
Stack = 0 bytes.
Library pages =    9.332 MB.


Note: No compatibility mode selected!


Circuit: * lswsweep vd=0.4 mode=vteng vtd=0.1 wp=44.0u

Doing analysis at TEMP = 27.000000 and TNOM = 27.000000

Using SPARSE 1.3 as Direct Linear Solver

Initial Transient Solution
--------------------------

Node                                   Voltage
----                                   -------
vdd                                        0.4
vss                                       -0.4
vddsa                                        1
pwpsup                               1.968e-12
pwpsa                               1.1396e-11
didtp                                        0
didtn                                        0
drv_pa                                       0
gp_pa                                      0.4
gn_pa                                     -0.4
cell_pa                                      0
xc_pa.x                                      0
ra_pa                                        0
rb_pa                                        0
pwpl_pa                                      0
pwpg_pa                                      0
qg_pa                                        0
clk_pa                                       1
outap_pa                           9.14501e-10
xsaa_pa.cs                            0.400333
outapb_pa                          9.14501e-10
outbp_pa                           9.14501e-10
xsab_pa.cs                            0.400333
outbpb_pa                          9.14501e-10
vda_pa                            -7.39145e-20
vdb_pa                                       0
drv_na                                       0
gp_na                                      0.4
gn_na                                     -0.4
cell_na                                      0
xc_na.x                                      0
ra_na                                        0
rb_na                                        0
pwpl_na                                      0
pwpg_na                                      0
qg_na                                        0
clk_na                                       1
outap_na                           9.14501e-10
xsaa_na.cs                            0.400333
outapb_na                          9.14501e-10
outbp_na                           9.14501e-10
xsab_na.cs                            0.400333
outbpb_na                          9.14501e-10
vda_na                                       0
vdb_na                                       0
drv_pb                                       0
gp_pb                                      0.4
gn_pb                                     -0.4
cell_pb                                      0
xc_pb.x                                      0
ra_pb                                        0
rb_pb                                        0
pwpl_pb                                      0
pwpg_pb                                      0
qg_pb                                        0
clk_pb                                       1
clkb_pb                                      1
paa_pb                                 3.4e-09
xpaa_pb.tp                                0.33
paab_pb                                3.4e-09
outap_pb                           9.14501e-10
xsaa_pb.cs                            0.400333
outapb_pb                          9.14501e-10
pab_pb                                 3.4e-09
xpab_pb.tp                                0.33
pabb_pb                                3.4e-09
outbp_pb                           9.14501e-10
xsab_pb.cs                            0.400333
outbpb_pb                          9.14501e-10
vda_pb                                       0
vdb_pb                             8.06036e-21
drv_nb                                       0
gp_nb                                      0.4
gn_nb                                     -0.4
cell_nb                                      0
xc_nb.x                                      0
ra_nb                                        0
rb_nb                                        0
pwpl_nb                                      0
pwpg_nb                                      0
qg_nb                                        0
clk_nb                                       1
clkb_nb                                      1
paa_nb                                 3.4e-09
xpaa_nb.tp                                0.33
paab_nb                                3.4e-09
outap_nb                           9.14501e-10
xsaa_nb.cs                            0.400333
outapb_nb                          9.14501e-10
pab_nb                                 3.4e-09
xpab_nb.tp                                0.33
pabb_nb                                3.4e-09
outbp_nb                           9.14501e-10
xsab_nb.cs                            0.400333
outbpb_nb                          9.14501e-10
vda_nb                                       0
vdb_nb                            -4.99614e-20
drv_nla                                      0
gp_nla                                     0.4
gn_nla                                    -0.4
cell_nla                                     0
xc_nla.x                                     0
ra_nla                                       0
rb_nla                                       0
pwpl_nla                                     0
clk_nla                                      1
outap_nla                          9.14501e-10
xsaa_nla.cs                           0.400333
outapb_nla                         9.14501e-10
outbp_nla                          9.14501e-10
xsab_nla.cs                           0.400333
outbpb_nla                         9.14501e-10
vda_nla                                      0
vdb_nla                                      0
drv_nlb                                      0
gp_nlb                                     0.4
gn_nlb                                    -0.4
cell_nlb                                     0
xc_nlb.x                                     0
ra_nlb                                       0
rb_nlb                                       0
pwpl_nlb                                     0
clk_nlb                                      1
clkb_nlb                                     1
paa_nlb                                3.4e-09
xpaa_nlb.tp                               0.33
paab_nlb                               3.4e-09
outap_nlb                          9.14501e-10
xsaa_nlb.cs                           0.400333
outapb_nlb                         9.14501e-10
pab_nlb                                3.4e-09
xpab_nlb.tp                               0.33
pabb_nlb                               3.4e-09
outbp_nlb                          9.14501e-10
xsab_nlb.cs                           0.400333
outbpb_nlb                         9.14501e-10
vda_nlb                            3.90266e-20
vdb_nlb                                      0
bdb_nlb#branch                               0
bda_nlb#branch                               0
bpl_nlb#branch                               0
vs_nlb#branch                                0
bdb_nla#branch                               0
bda_nla#branch                               0
bpl_nla#branch                               0
vs_nla#branch                                0
bdb_nb#branch                                0
bda_nb#branch                                0
bqg_nb#branch                                0
vgn_nb#branch                                0
bpg_nb#branch                                0
bpl_nb#branch                                0
vs_nb#branch                                 0
bdb_pb#branch                                0
bda_pb#branch                                0
bqg_pb#branch                                0
vgp_pb#branch                                0
bpg_pb#branch                                0
bpl_pb#branch                                0
vs_pb#branch                                 0
bdb_na#branch                                0
bda_na#branch                                0
bqg_na#branch                                0
vgn_na#branch                                0
bpg_na#branch                                0
bpl_na#branch                                0
vs_na#branch                                 0
bdb_pa#branch                                0
bda_pa#branch                                0
bqg_pa#branch                                0
vgp_pa#branch                                0
bpg_pa#branch                                0
bpl_pa#branch                                0
vs_pa#branch                                 0
bdidtn#branch                                0
vss#branch                            2.46e-12
bdidtp#branch                                0
vdd#branch                           -2.46e-12
bpsa#branch                                  0
vddsa#branch                       -1.1396e-11
bpsup#branch                                 0
vclkb_nlb#branch                             0
vclk_nlb#branch                              0
vgn_nlb#branch                               0
vgp_nlb#branch                               0
vclk_nla#branch                              0
vgn_nla#branch                               0
vgp_nla#branch                               0
vclkb_nb#branch                              0
vclk_nb#branch                               0
vgp_nb#branch                                0
vclkb_pb#branch                              0
vclk_pb#branch                               0
vgn_pb#branch                                0
vclk_na#branch                               0
vgp_na#branch                                0
vclk_pa#branch                               0
vgn_pa#branch                                0

 Reference value :  3.49256e-08 Reference value :  7.22856e-08 Reference value :  1.09306e-07 Reference value :  1.44866e-07 Reference value :  1.79730e-07 Reference value :  2.12850e-07 Reference value :  2.46910e-07 Reference value :  2.76870e-07
No. of Data Rows : 14616

  Measurements for Transient Analysis

e_drv_pa            =   2.42376e-13 from=  1.59000e-07 to=  1.64000e-07
e_line_pa           =   1.60490e-13 from=  1.59000e-07 to=  1.64000e-07
qg_pa               =   -4.80588e-14 from=  1.61100e-07 to=  1.62200e-07
e_rec_pa            =   5.10890e-14 from=  1.58000e-07 to=  1.68000e-07
e_pump_pa           =   -2.25495e-16 from=  1.61100e-07 to=  1.61600e-07
lvl_pa              =  3.818944e-01 at=  1.612500e-07
lvl_pl_pa           =  3.670356e-01 at=  1.610900e-07
raila_pa            =  7.577151e-02 at=  1.605100e-07
raila_pl_pa         =  7.577151e-02 at=  1.605100e-07
railb_pa            =  -3.341640e-03 at=  1.621300e-07
dema_pa             =  6.950530e-01
demb_pa             =  6.047516e-01
da_pa               =  2.831135e-01
db_pa               =  4.973406e-03
dapk_pa             =  3.576719e-01 at=  1.623900e-07
dbpk_pa             =  9.091692e-03 at=  1.623900e-07
ipk_pa              =  -1.268949e-03 at=  1.602000e-07
didt_pa             =  8.371802e+07 at=  1.600060e-07
e_drv_na            =   2.40203e-13 from=  1.79000e-07 to=  1.84000e-07
e_line_na           =   1.58571e-13 from=  1.79000e-07 to=  1.84000e-07
qg_na               =   2.40208e-14 from=  1.81100e-07 to=  1.82200e-07
e_rec_na            =   5.16193e-14 from=  1.78000e-07 to=  1.88000e-07
e_pump_na           =   6.64471e-15 from=  1.81100e-07 to=  1.81600e-07
lvl_na              =  -3.775744e-01 at=  1.812060e-07
lvl_pl_na           =  -3.675842e-01 at=  1.810900e-07
raila_na            =  3.914047e-03 at=  1.819300e-07
railb_na            =  -7.624206e-02 at=  1.805100e-07
railb_pl_na         =  -7.624206e-02 at=  1.805100e-07
dema_na             =  6.097022e-01
demb_na             =  6.584348e-01
da_na               =  1.547470e-02
db_na               =  1.327028e-01
dapk_na             =  2.073962e-02 at=  1.823900e-07
dbpk_na             =  1.437370e-01 at=  1.823900e-07
ipk_na              =  1.175643e-03 at=  1.802000e-07
didt_na             =  4.185901e+07 at=  1.800060e-07
e_drv_pb            =   2.42371e-13 from=  2.09000e-07 to=  2.14000e-07
e_line_pb           =   1.60476e-13 from=  2.09000e-07 to=  2.14000e-07
qg_pb               =   -4.80590e-14 from=  2.11100e-07 to=  2.12200e-07
e_rec_pb            =   1.93476e-13 from=  2.08000e-07 to=  2.18000e-07
lvl_pb              =  3.818965e-01 at=  2.112500e-07
raila_pb            =  7.575621e-02 at=  2.105100e-07
railb_pb            =  -3.494047e-03 at=  2.120900e-07
dema_pb             =  7.949129e-01
demb_pb             =  9.218996e-02
da_pb               =  7.068313e-01
db_pb               =  -6.960101e-01
dapk_pb             =  7.126781e-01 at=  2.123300e-07
dbpk_pb             =  2.949030e-17 at=  2.114060e-07
ipk_pb              =  -1.268965e-03 at=  2.102000e-07
didt_pb             =  8.371802e+07 at=  2.100060e-07
e_drv_nb            =   2.40204e-13 from=  2.29000e-07 to=  2.34000e-07
e_line_nb           =   1.58558e-13 from=  2.29000e-07 to=  2.34000e-07
qg_nb               =   2.40213e-14 from=  2.31100e-07 to=  2.32200e-07
e_rec_nb            =   1.93469e-13 from=  2.28000e-07 to=  2.38000e-07
lvl_nb              =  -3.775799e-01 at=  2.312060e-07
raila_nb            =  3.637573e-03 at=  2.319500e-07
railb_nb            =  -7.616208e-02 at=  2.305100e-07
dema_nb             =  7.908064e-01
demb_nb             =  7.952449e-01
da_nb               =  7.002376e-01
db_nb               =  7.074104e-01
dapk_nb             =  7.006845e-01 at=  2.326700e-07
dbpk_nb             =  7.133731e-01 at=  2.323300e-07
ipk_nb              =  1.175662e-03 at=  2.302000e-07
didt_nb             =  4.185901e+07 at=  2.300060e-07
e_drv_nla           =   9.84000e-21 from=  2.59000e-07 to=  2.64000e-07
e_rec_nla           =   5.14969e-14 from=  2.58000e-07 to=  2.68000e-07
raila_nla           =  8.644471e-04 at=  2.615300e-07
railb_nla           =  8.641582e-04 at=  2.615300e-07
dema_nla            =  6.042006e-01
demb_nla            =  6.001654e-01
da_nla              =  4.035321e-03
db_nla              =  -4.034985e-03
e_drv_nlb           =   9.84000e-21 from=  2.79000e-07 to=  2.84000e-07
e_rec_nlb           =   1.94834e-13 from=  2.78000e-07 to=  2.88000e-07
raila_nlb           =  1.674821e-03 at=  2.815500e-07
railb_nlb           =  1.673750e-03 at=  2.815500e-07
dema_nlb            =  7.895608e-01
demb_nlb            =  9.134184e-02
da_nlb              =  6.982189e-01
db_nlb              =  -6.982189e-01


Total analysis time (seconds) = 2.12155

Total elapsed time (seconds) = 2.132 

Total DRAM available = 62177.336 MB.
DRAM currently available = 10430.438 MB.
Maximum ngspice program size =   30.742 MB.
Current ngspice program size =   20.609 MB.

Shared ngspice pages =   11.316 MB.
Text (code) pages =    7.578 MB.
Stack = 0 bytes.
Library pages =    9.336 MB.


Note: No compatibility mode selected!


Circuit: * lswsweep vd=0.35 mode=vteng vtd=0.1 wp=63.4u

Doing analysis at TEMP = 27.000000 and TNOM = 27.000000

Using SPARSE 1.3 as Direct Linear Solver

Initial Transient Solution
--------------------------

Node                                   Voltage
----                                   -------
vdd                                       0.35
vss                                      -0.35
vddsa                                        1
pwpsup                               1.512e-12
pwpsa                               1.1396e-11
didtp                                        0
didtn                                        0
drv_pa                                       0
gp_pa                                     0.35
gn_pa                                    -0.35
cell_pa                                      0
xc_pa.x                                      0
ra_pa                                        0
rb_pa                                        0
pwpl_pa                                      0
pwpg_pa                                      0
qg_pa                                        0
clk_pa                                       1
outap_pa                           9.14501e-10
xsaa_pa.cs                            0.400333
outapb_pa                          9.14501e-10
outbp_pa                           9.14501e-10
xsab_pa.cs                            0.400333
outbpb_pa                          9.14501e-10
vda_pa                            -7.39145e-20
vdb_pa                                       0
drv_na                                       0
gp_na                                     0.35
gn_na                                    -0.35
cell_na                                      0
xc_na.x                                      0
ra_na                                        0
rb_na                                        0
pwpl_na                                      0
pwpg_na                                      0
qg_na                                        0
clk_na                                       1
outap_na                           9.14501e-10
xsaa_na.cs                            0.400333
outapb_na                          9.14501e-10
outbp_na                           9.14501e-10
xsab_na.cs                            0.400333
outbpb_na                          9.14501e-10
vda_na                                       0
vdb_na                                       0
drv_pb                                       0
gp_pb                                     0.35
gn_pb                                    -0.35
cell_pb                                      0
xc_pb.x                                      0
ra_pb                                        0
rb_pb                                        0
pwpl_pb                                      0
pwpg_pb                                      0
qg_pb                                        0
clk_pb                                       1
clkb_pb                                      1
paa_pb                                 3.4e-09
xpaa_pb.tp                                0.33
paab_pb                                3.4e-09
outap_pb                           9.14501e-10
xsaa_pb.cs                            0.400333
outapb_pb                          9.14501e-10
pab_pb                                 3.4e-09
xpab_pb.tp                                0.33
pabb_pb                                3.4e-09
outbp_pb                           9.14501e-10
xsab_pb.cs                            0.400333
outbpb_pb                          9.14501e-10
vda_pb                                       0
vdb_pb                             8.06036e-21
drv_nb                                       0
gp_nb                                     0.35
gn_nb                                    -0.35
cell_nb                                      0
xc_nb.x                                      0
ra_nb                                        0
rb_nb                                        0
pwpl_nb                                      0
pwpg_nb                                      0
qg_nb                                        0
clk_nb                                       1
clkb_nb                                      1
paa_nb                                 3.4e-09
xpaa_nb.tp                                0.33
paab_nb                                3.4e-09
outap_nb                           9.14501e-10
xsaa_nb.cs                            0.400333
outapb_nb                          9.14501e-10
pab_nb                                 3.4e-09
xpab_nb.tp                                0.33
pabb_nb                                3.4e-09
outbp_nb                           9.14501e-10
xsab_nb.cs                            0.400333
outbpb_nb                          9.14501e-10
vda_nb                                       0
vdb_nb                            -4.99614e-20
drv_nla                                      0
gp_nla                                    0.35
gn_nla                                   -0.35
cell_nla                                     0
xc_nla.x                                     0
ra_nla                                       0
rb_nla                                       0
pwpl_nla                                     0
clk_nla                                      1
outap_nla                          9.14501e-10
xsaa_nla.cs                           0.400333
outapb_nla                         9.14501e-10
outbp_nla                          9.14501e-10
xsab_nla.cs                           0.400333
outbpb_nla                         9.14501e-10
vda_nla                                      0
vdb_nla                                      0
drv_nlb                                      0
gp_nlb                                    0.35
gn_nlb                                   -0.35
cell_nlb                                     0
xc_nlb.x                                     0
ra_nlb                                       0
rb_nlb                                       0
pwpl_nlb                                     0
clk_nlb                                      1
clkb_nlb                                     1
paa_nlb                                3.4e-09
xpaa_nlb.tp                               0.33
paab_nlb                               3.4e-09
outap_nlb                          9.14501e-10
xsaa_nlb.cs                           0.400333
outapb_nlb                         9.14501e-10
pab_nlb                                3.4e-09
xpab_nlb.tp                               0.33
pabb_nlb                               3.4e-09
outbp_nlb                          9.14501e-10
xsab_nlb.cs                           0.400333
outbpb_nlb                         9.14501e-10
vda_nlb                            3.90266e-20
vdb_nlb                                      0
bdb_nlb#branch                               0
bda_nlb#branch                               0
bpl_nlb#branch                               0
vs_nlb#branch                                0
bdb_nla#branch                               0
bda_nla#branch                               0
bpl_nla#branch                               0
vs_nla#branch                                0
bdb_nb#branch                                0
bda_nb#branch                                0
bqg_nb#branch                                0
vgn_nb#branch                                0
bpg_nb#branch                                0
bpl_nb#branch                                0
vs_nb#branch                                 0
bdb_pb#branch                                0
bda_pb#branch                                0
bqg_pb#branch                                0
vgp_pb#branch                                0
bpg_pb#branch                                0
bpl_pb#branch                                0
vs_pb#branch                                 0
bdb_na#branch                                0
bda_na#branch                                0
bqg_na#branch                                0
vgn_na#branch                                0
bpg_na#branch                                0
bpl_na#branch                                0
vs_na#branch                                 0
bdb_pa#branch                                0
bda_pa#branch                                0
bqg_pa#branch                                0
vgp_pa#branch                                0
bpg_pa#branch                                0
bpl_pa#branch                                0
vs_pa#branch                                 0
bdidtn#branch                                0
vss#branch                            2.16e-12
bdidtp#branch                                0
vdd#branch                           -2.16e-12
bpsa#branch                                  0
vddsa#branch                       -1.1396e-11
bpsup#branch                                 0
vclkb_nlb#branch                             0
vclk_nlb#branch                              0
vgn_nlb#branch                               0
vgp_nlb#branch                               0
vclk_nla#branch                              0
vgn_nla#branch                               0
vgp_nla#branch                               0
vclkb_nb#branch                              0
vclk_nb#branch                               0
vgp_nb#branch                                0
vclkb_pb#branch                              0
vclk_pb#branch                               0
vgn_pb#branch                                0
vclk_na#branch                               0
vgp_na#branch                                0
vclk_pa#branch                               0
vgn_pa#branch                                0

 Reference value :  3.31256e-08 Reference value :  7.07256e-08 Reference value :  1.06766e-07 Reference value :  1.40426e-07 Reference value :  1.74710e-07 Reference value :  2.08690e-07 Reference value :  2.41950e-07 Reference value :  2.77210e-07
No. of Data Rows : 14616

  Measurements for Transient Analysis

e_drv_pa            =   1.92280e-13 from=  1.59000e-07 to=  1.64000e-07
e_line_pa           =   1.35479e-13 from=  1.59000e-07 to=  1.64000e-07
qg_pa               =   -6.63611e-14 from=  1.61100e-07 to=  1.62200e-07
e_rec_pa            =   5.13673e-14 from=  1.58000e-07 to=  1.68000e-07
e_pump_pa           =   -5.12041e-15 from=  1.61100e-07 to=  1.61600e-07
lvl_pa              =  3.495482e-01 at=  1.613700e-07
lvl_pl_pa           =  3.283834e-01 at=  1.610900e-07
raila_pa            =  7.061704e-02 at=  1.604900e-07
raila_pl_pa         =  7.053101e-02 at=  1.605100e-07
railb_pa            =  -1.508205e-03 at=  1.623500e-07
dema_pa             =  6.557903e-01
demb_pa             =  5.932374e-01
da_pa               =  1.257385e-01
db_pa               =  -1.756664e-02
dapk_pa             =  1.496629e-01 at=  1.623900e-07
dbpk_pa             =  -2.359224e-16 at=  1.614500e-07
ipk_pa              =  -1.310513e-03 at=  1.602000e-07
didt_pa             =  1.055274e+08 at=  1.600060e-07
e_drv_na            =   1.88703e-13 from=  1.79000e-07 to=  1.84000e-07
e_line_na           =   1.30634e-13 from=  1.79000e-07 to=  1.84000e-07
qg_na               =   3.20260e-14 from=  1.81100e-07 to=  1.82200e-07
e_rec_na            =   5.15868e-14 from=  1.78000e-07 to=  1.88000e-07
e_pump_na           =   1.37397e-15 from=  1.81100e-07 to=  1.81600e-07
lvl_na              =  -3.381522e-01 at=  1.812500e-07
lvl_pl_na           =  -3.288678e-01 at=  1.810900e-07
raila_na            =  1.309829e-03 at=  1.820300e-07
railb_na            =  -7.114397e-02 at=  1.804900e-07
railb_pl_na         =  -7.102698e-02 at=  1.805100e-07
dema_na             =  5.998451e-01
demb_na             =  6.299794e-01
da_na               =  -4.615697e-03
db_na               =  5.931023e-02
dapk_na             =  -1.179612e-16 at=  1.814500e-07
dbpk_na             =  6.602386e-02 at=  1.823900e-07
ipk_na              =  1.191855e-03 at=  1.802000e-07
didt_na             =  5.276368e+07 at=  1.800060e-07
e_drv_pb            =   1.92275e-13 from=  2.09000e-07 to=  2.14000e-07
e_line_pb           =   1.35472e-13 from=  2.09000e-07 to=  2.14000e-07
qg_pb               =   -6.63617e-14 from=  2.11100e-07 to=  2.12200e-07
e_rec_pb            =   1.93519e-13 from=  2.08000e-07 to=  2.18000e-07
lvl_pb              =  3.495480e-01 at=  2.113700e-07
raila_pb            =  7.059924e-02 at=  2.104900e-07
railb_pb            =  -1.564937e-03 at=  2.122900e-07
dema_pb             =  7.925108e-01
demb_pb             =  9.182205e-02
da_pb               =  7.029913e-01
db_pb               =  -6.970279e-01
dapk_pb             =  7.052803e-01 at=  2.124300e-07
dbpk_pb             =  -1.387779e-17 at=  2.114020e-07
ipk_pb              =  -1.310531e-03 at=  2.102000e-07
didt_pb             =  1.055274e+08 at=  2.100060e-07
e_drv_nb            =   1.88703e-13 from=  2.29000e-07 to=  2.34000e-07
e_line_nb           =   1.30629e-13 from=  2.29000e-07 to=  2.34000e-07
qg_nb               =   3.20301e-14 from=  2.31100e-07 to=  2.32200e-07
e_rec_nb            =   1.94409e-13 from=  2.28000e-07 to=  2.38000e-07
lvl_nb              =  -3.381566e-01 at=  2.312500e-07
raila_nb            =  1.128600e-03 at=  2.321500e-07
railb_nb            =  -7.106839e-02 at=  2.304900e-07
dema_nb             =  9.169910e-02
demb_nb             =  7.917973e-01
da_nb               =  -6.972880e-01
db_nb               =  7.018633e-01
dapk_nb             =  -1.387779e-17 at=  2.314700e-07
dbpk_nb             =  7.031538e-01 at=  2.325100e-07
ipk_nb              =  1.191877e-03 at=  2.302000e-07
didt_nb             =  5.276368e+07 at=  2.300060e-07
e_drv_nla           =   7.55257e-21 from=  2.59000e-07 to=  2.64000e-07
e_rec_nla           =   5.14969e-14 from=  2.58000e-07 to=  2.68000e-07
raila_nla           =  8.644471e-04 at=  2.615300e-07
railb_nla           =  8.641582e-04 at=  2.615300e-07
dema_nla            =  6.042006e-01
demb_nla            =  6.001654e-01
da_nla              =  4.035321e-03
db_nla              =  -4.034985e-03
e_drv_nlb           =   7.55347e-21 from=  2.79000e-07 to=  2.84000e-07
e_rec_nlb           =   1.94834e-13 from=  2.78000e-07 to=  2.88000e-07
raila_nlb           =  1.674821e-03 at=  2.815500e-07
railb_nlb           =  1.673750e-03 at=  2.815500e-07
dema_nlb            =  7.895608e-01
demb_nlb            =  9.134184e-02
da_nlb              =  6.982189e-01
db_nlb              =  -6.982189e-01


Total analysis time (seconds) = 2.08512

Total elapsed time (seconds) = 2.093 

Total DRAM available = 62177.336 MB.
DRAM currently available = 10479.074 MB.
Maximum ngspice program size =   30.738 MB.
Current ngspice program size =   20.871 MB.

Shared ngspice pages =   11.582 MB.
Text (code) pages =    7.578 MB.
Stack = 0 bytes.
Library pages =    9.332 MB.


Note: No compatibility mode selected!


Circuit: * lswsweep vd=0.3 mode=vteng vtd=0.1 wp=99.0u

Doing analysis at TEMP = 27.000000 and TNOM = 27.000000

Using SPARSE 1.3 as Direct Linear Solver

Initial Transient Solution
--------------------------

Node                                   Voltage
----                                   -------
vdd                                        0.3
vss                                       -0.3
vddsa                                        1
pwpsup                               1.116e-12
pwpsa                               1.1396e-11
didtp                                        0
didtn                                        0
drv_pa                                       0
gp_pa                                      0.3
gn_pa                                     -0.3
cell_pa                                      0
xc_pa.x                                      0
ra_pa                                        0
rb_pa                                        0
pwpl_pa                                      0
pwpg_pa                                      0
qg_pa                                        0
clk_pa                                       1
outap_pa                           9.14501e-10
xsaa_pa.cs                            0.400333
outapb_pa                          9.14501e-10
outbp_pa                           9.14501e-10
xsab_pa.cs                            0.400333
outbpb_pa                          9.14501e-10
vda_pa                            -7.39145e-20
vdb_pa                                       0
drv_na                                       0
gp_na                                      0.3
gn_na                                     -0.3
cell_na                                      0
xc_na.x                                      0
ra_na                                        0
rb_na                                        0
pwpl_na                                      0
pwpg_na                                      0
qg_na                                        0
clk_na                                       1
outap_na                           9.14501e-10
xsaa_na.cs                            0.400333
outapb_na                          9.14501e-10
outbp_na                           9.14501e-10
xsab_na.cs                            0.400333
outbpb_na                          9.14501e-10
vda_na                                       0
vdb_na                                       0
drv_pb                                       0
gp_pb                                      0.3
gn_pb                                     -0.3
cell_pb                                      0
xc_pb.x                                      0
ra_pb                                        0
rb_pb                                        0
pwpl_pb                                      0
pwpg_pb                                      0
qg_pb                                        0
clk_pb                                       1
clkb_pb                                      1
paa_pb                                 3.4e-09
xpaa_pb.tp                                0.33
paab_pb                                3.4e-09
outap_pb                           9.14501e-10
xsaa_pb.cs                            0.400333
outapb_pb                          9.14501e-10
pab_pb                                 3.4e-09
xpab_pb.tp                                0.33
pabb_pb                                3.4e-09
outbp_pb                           9.14501e-10
xsab_pb.cs                            0.400333
outbpb_pb                          9.14501e-10
vda_pb                                       0
vdb_pb                             8.06036e-21
drv_nb                                       0
gp_nb                                      0.3
gn_nb                                     -0.3
cell_nb                                      0
xc_nb.x                                      0
ra_nb                                        0
rb_nb                                        0
pwpl_nb                                      0
pwpg_nb                                      0
qg_nb                                        0
clk_nb                                       1
clkb_nb                                      1
paa_nb                                 3.4e-09
xpaa_nb.tp                                0.33
paab_nb                                3.4e-09
outap_nb                           9.14501e-10
xsaa_nb.cs                            0.400333
outapb_nb                          9.14501e-10
pab_nb                                 3.4e-09
xpab_nb.tp                                0.33
pabb_nb                                3.4e-09
outbp_nb                           9.14501e-10
xsab_nb.cs                            0.400333
outbpb_nb                          9.14501e-10
vda_nb                                       0
vdb_nb                            -4.99614e-20
drv_nla                                      0
gp_nla                                     0.3
gn_nla                                    -0.3
cell_nla                                     0
xc_nla.x                                     0
ra_nla                                       0
rb_nla                                       0
pwpl_nla                                     0
clk_nla                                      1
outap_nla                          9.14501e-10
xsaa_nla.cs                           0.400333
outapb_nla                         9.14501e-10
outbp_nla                          9.14501e-10
xsab_nla.cs                           0.400333
outbpb_nla                         9.14501e-10
vda_nla                                      0
vdb_nla                                      0
drv_nlb                                      0
gp_nlb                                     0.3
gn_nlb                                    -0.3
cell_nlb                                     0
xc_nlb.x                                     0
ra_nlb                                       0
rb_nlb                                       0
pwpl_nlb                                     0
clk_nlb                                      1
clkb_nlb                                     1
paa_nlb                                3.4e-09
xpaa_nlb.tp                               0.33
paab_nlb                               3.4e-09
outap_nlb                          9.14501e-10
xsaa_nlb.cs                           0.400333
outapb_nlb                         9.14501e-10
pab_nlb                                3.4e-09
xpab_nlb.tp                               0.33
pabb_nlb                               3.4e-09
outbp_nlb                          9.14501e-10
xsab_nlb.cs                           0.400333
outbpb_nlb                         9.14501e-10
vda_nlb                            3.90266e-20
vdb_nlb                                      0
bdb_nlb#branch                               0
bda_nlb#branch                               0
bpl_nlb#branch                               0
vs_nlb#branch                                0
bdb_nla#branch                               0
bda_nla#branch                               0
bpl_nla#branch                               0
vs_nla#branch                                0
bdb_nb#branch                                0
bda_nb#branch                                0
bqg_nb#branch                                0
vgn_nb#branch                                0
bpg_nb#branch                                0
bpl_nb#branch                                0
vs_nb#branch                                 0
bdb_pb#branch                                0
bda_pb#branch                                0
bqg_pb#branch                                0
vgp_pb#branch                                0
bpg_pb#branch                                0
bpl_pb#branch                                0
vs_pb#branch                                 0
bdb_na#branch                                0
bda_na#branch                                0
bqg_na#branch                                0
vgn_na#branch                                0
bpg_na#branch                                0
bpl_na#branch                                0
vs_na#branch                                 0
bdb_pa#branch                                0
bda_pa#branch                                0
bqg_pa#branch                                0
vgp_pa#branch                                0
bpg_pa#branch                                0
bpl_pa#branch                                0
vs_pa#branch                                 0
bdidtn#branch                                0
vss#branch                            1.86e-12
bdidtp#branch                                0
vdd#branch                           -1.86e-12
bpsa#branch                                  0
vddsa#branch                       -1.1396e-11
bpsup#branch                                 0
vclkb_nlb#branch                             0
vclk_nlb#branch                              0
vgn_nlb#branch                               0
vgp_nlb#branch                               0
vclk_nla#branch                              0
vgn_nla#branch                               0
vgp_nla#branch                               0
vclkb_nb#branch                              0
vclk_nb#branch                               0
vgp_nb#branch                                0
vclkb_pb#branch                              0
vclk_pb#branch                               0
vgn_pb#branch                                0
vclk_na#branch                               0
vgp_na#branch                                0
vclk_pa#branch                               0
vgn_pa#branch                                0

 Reference value :  3.07256e-08 Reference value :  6.41056e-08 Reference value :  9.82056e-08 Reference value :  1.31866e-07 Reference value :  1.66750e-07 Reference value :  2.00270e-07 Reference value :  2.28690e-07 Reference value :  2.55750e-07 Reference value :  2.83600e-07
No. of Data Rows : 14616

  Measurements for Transient Analysis

e_drv_pa            =   1.50304e-13 from=  1.59000e-07 to=  1.64000e-07
e_line_pa           =   1.11074e-13 from=  1.59000e-07 to=  1.64000e-07
qg_pa               =   -8.00836e-14 from=  1.61100e-07 to=  1.62200e-07
e_rec_pa            =   5.14402e-14 from=  1.58000e-07 to=  1.68000e-07
e_pump_pa           =   -6.73519e-15 from=  1.61100e-07 to=  1.61600e-07
lvl_pa              =  3.272931e-01 at=  1.614000e-07
lvl_pl_pa           =  2.869064e-01 at=  1.610900e-07
raila_pa            =  6.468278e-02 at=  1.604700e-07
raila_pl_pa         =  6.415378e-02 at=  1.605100e-07
railb_pa            =  -4.021038e-05 at=  1.625000e-07
dema_pa             =  6.338691e-01
demb_pa             =  5.855081e-01
da_pa               =  6.914154e-02
db_pa               =  -3.210555e-02
dapk_pa             =  7.394184e-02 at=  1.623900e-07
dbpk_pa             =  -2.081668e-17 at=  1.614500e-07
ipk_pa              =  -1.381768e-03 at=  1.602000e-07
didt_pa             =  1.412101e+08 at=  1.600060e-07
e_drv_na            =   1.42843e-13 from=  1.79000e-07 to=  1.84000e-07
e_line_na           =   1.04620e-13 from=  1.79000e-07 to=  1.84000e-07
qg_na               =   4.45784e-14 from=  1.81100e-07 to=  1.82200e-07
e_rec_na            =   5.15661e-14 from=  1.78000e-07 to=  1.88000e-07
e_pump_na           =   -2.61917e-15 from=  1.81100e-07 to=  1.81600e-07
lvl_na              =  -2.997612e-01 at=  1.813500e-07
lvl_pl_na           =  -2.873102e-01 at=  1.810900e-07
raila_na            =  2.893651e-04 at=  1.819900e-07
railb_na            =  -6.527668e-02 at=  1.804700e-07
railb_pl_na         =  -6.465565e-02 at=  1.805100e-07
dema_na             =  5.967257e-01
demb_na             =  6.192123e-01
da_na               =  -1.079631e-02
db_na               =  3.540711e-02
dapk_na             =  3.469447e-17 at=  1.814500e-07
dbpk_na             =  3.743382e-02 at=  1.823900e-07
ipk_na              =  1.221788e-03 at=  1.802000e-07
didt_na             =  7.060503e+07 at=  1.800060e-07
e_drv_pb            =   1.50300e-13 from=  2.09000e-07 to=  2.14000e-07
e_line_pb           =   1.11053e-13 from=  2.09000e-07 to=  2.14000e-07
qg_pb               =   -8.00889e-14 from=  2.11100e-07 to=  2.12200e-07
e_rec_pb            =   1.93843e-13 from=  2.08000e-07 to=  2.18000e-07
lvl_pb              =  3.272883e-01 at=  2.114000e-07
raila_pb            =  6.466246e-02 at=  2.104700e-07
railb_pb            =  -5.706604e-05 at=  2.124900e-07
dema_pb             =  7.896655e-01
demb_pb             =  9.137531e-02
da_pb               =  6.983350e-01
db_pb               =  -6.981676e-01
dapk_pb             =  6.988542e-01 at=  2.125100e-07
dbpk_pb             =  7.199102e-17 at=  2.114060e-07
ipk_pb              =  -1.381788e-03 at=  2.102000e-07
didt_pb             =  1.412101e+08 at=  2.100060e-07
e_drv_nb            =   1.42843e-13 from=  2.29000e-07 to=  2.34000e-07
e_line_nb           =   1.04613e-13 from=  2.29000e-07 to=  2.34000e-07
qg_nb               =   4.45757e-14 from=  2.31100e-07 to=  2.32200e-07
e_rec_nb            =   1.94418e-13 from=  2.28000e-07 to=  2.38000e-07
lvl_nb              =  -2.997611e-01 at=  2.313500e-07
raila_nb            =  1.067801e-04 at=  2.322100e-07
railb_nb            =  -6.520658e-02 at=  2.304700e-07
dema_nb             =  9.136658e-02
demb_nb             =  7.896155e-01
da_nb               =  -6.981580e-01
db_nb               =  6.982709e-01
dapk_nb             =  4.336809e-17 at=  2.314020e-07
dbpk_nb             =  6.984427e-01 at=  2.326300e-07
ipk_nb              =  1.221813e-03 at=  2.302000e-07
didt_nb             =  7.060503e+07 at=  2.300060e-07
e_drv_nla           =   5.55074e-21 from=  2.59000e-07 to=  2.64000e-07
e_rec_nla           =   5.14969e-14 from=  2.58000e-07 to=  2.68000e-07
raila_nla           =  8.644471e-04 at=  2.615300e-07
railb_nla           =  8.641582e-04 at=  2.615300e-07
dema_nla            =  6.042006e-01
demb_nla            =  6.001654e-01
da_nla              =  4.035321e-03
db_nla              =  -4.034985e-03
e_drv_nlb           =   5.55411e-21 from=  2.79000e-07 to=  2.84000e-07
e_rec_nlb           =   1.94834e-13 from=  2.78000e-07 to=  2.88000e-07
raila_nlb           =  1.674821e-03 at=  2.815500e-07
railb_nlb           =  1.673750e-03 at=  2.815500e-07
dema_nlb            =  7.895607e-01
demb_nlb            =  9.134180e-02
da_nlb              =  6.982189e-01
db_nlb              =  -6.982189e-01


Total analysis time (seconds) = 2.29881

Total elapsed time (seconds) = 2.313 

Total DRAM available = 62177.336 MB.
DRAM currently available = 10439.383 MB.
Maximum ngspice program size =   30.742 MB.
Current ngspice program size =   20.809 MB.

Shared ngspice pages =   11.516 MB.
Text (code) pages =    7.578 MB.
Stack = 0 bytes.
Library pages =    9.336 MB.


Note: No compatibility mode selected!


Circuit: * lswsweep vd=0.27 mode=vteng vtd=0.1 wp=137.0u

Doing analysis at TEMP = 27.000000 and TNOM = 27.000000

Using SPARSE 1.3 as Direct Linear Solver

Initial Transient Solution
--------------------------

Node                                   Voltage
----                                   -------
vdd                                       0.27
vss                                      -0.27
vddsa                                        1
pwpsup                               9.072e-13
pwpsa                               1.1396e-11
didtp                                        0
didtn                                        0
drv_pa                                       0
gp_pa                                     0.27
gn_pa                                    -0.27
cell_pa                                      0
xc_pa.x                                      0
ra_pa                                        0
rb_pa                                        0
pwpl_pa                                      0
pwpg_pa                                      0
qg_pa                                        0
clk_pa                                       1
outap_pa                           9.14501e-10
xsaa_pa.cs                            0.400333
outapb_pa                          9.14501e-10
outbp_pa                           9.14501e-10
xsab_pa.cs                            0.400333
outbpb_pa                          9.14501e-10
vda_pa                            -7.39145e-20
vdb_pa                                       0
drv_na                                       0
gp_na                                     0.27
gn_na                                    -0.27
cell_na                                      0
xc_na.x                                      0
ra_na                                        0
rb_na                                        0
pwpl_na                                      0
pwpg_na                                      0
qg_na                                        0
clk_na                                       1
outap_na                           9.14501e-10
xsaa_na.cs                            0.400333
outapb_na                          9.14501e-10
outbp_na                           9.14501e-10
xsab_na.cs                            0.400333
outbpb_na                          9.14501e-10
vda_na                                       0
vdb_na                                       0
drv_pb                                       0
gp_pb                                     0.27
gn_pb                                    -0.27
cell_pb                                      0
xc_pb.x                                      0
ra_pb                                        0
rb_pb                                        0
pwpl_pb                                      0
pwpg_pb                                      0
qg_pb                                        0
clk_pb                                       1
clkb_pb                                      1
paa_pb                                 3.4e-09
xpaa_pb.tp                                0.33
paab_pb                                3.4e-09
outap_pb                           9.14501e-10
xsaa_pb.cs                            0.400333
outapb_pb                          9.14501e-10
pab_pb                                 3.4e-09
xpab_pb.tp                                0.33
pabb_pb                                3.4e-09
outbp_pb                           9.14501e-10
xsab_pb.cs                            0.400333
outbpb_pb                          9.14501e-10
vda_pb                                       0
vdb_pb                             8.06036e-21
drv_nb                                       0
gp_nb                                     0.27
gn_nb                                    -0.27
cell_nb                                      0
xc_nb.x                                      0
ra_nb                                        0
rb_nb                                        0
pwpl_nb                                      0
pwpg_nb                                      0
qg_nb                                        0
clk_nb                                       1
clkb_nb                                      1
paa_nb                                 3.4e-09
xpaa_nb.tp                                0.33
paab_nb                                3.4e-09
outap_nb                           9.14501e-10
xsaa_nb.cs                            0.400333
outapb_nb                          9.14501e-10
pab_nb                                 3.4e-09
xpab_nb.tp                                0.33
pabb_nb                                3.4e-09
outbp_nb                           9.14501e-10
xsab_nb.cs                            0.400333
outbpb_nb                          9.14501e-10
vda_nb                                       0
vdb_nb                            -4.99614e-20
drv_nla                                      0
gp_nla                                    0.27
gn_nla                                   -0.27
cell_nla                                     0
xc_nla.x                                     0
ra_nla                                       0
rb_nla                                       0
pwpl_nla                                     0
clk_nla                                      1
outap_nla                          9.14501e-10
xsaa_nla.cs                           0.400333
outapb_nla                         9.14501e-10
outbp_nla                          9.14501e-10
xsab_nla.cs                           0.400333
outbpb_nla                         9.14501e-10
vda_nla                                      0
vdb_nla                                      0
drv_nlb                                      0
gp_nlb                                    0.27
gn_nlb                                   -0.27
cell_nlb                                     0
xc_nlb.x                                     0
ra_nlb                                       0
rb_nlb                                       0
pwpl_nlb                                     0
clk_nlb                                      1
clkb_nlb                                     1
paa_nlb                                3.4e-09
xpaa_nlb.tp                               0.33
paab_nlb                               3.4e-09
outap_nlb                          9.14501e-10
xsaa_nlb.cs                           0.400333
outapb_nlb                         9.14501e-10
pab_nlb                                3.4e-09
xpab_nlb.tp                               0.33
pabb_nlb                               3.4e-09
outbp_nlb                          9.14501e-10
xsab_nlb.cs                           0.400333
outbpb_nlb                         9.14501e-10
vda_nlb                            3.90266e-20
vdb_nlb                                      0
bdb_nlb#branch                               0
bda_nlb#branch                               0
bpl_nlb#branch                               0
vs_nlb#branch                                0
bdb_nla#branch                               0
bda_nla#branch                               0
bpl_nla#branch                               0
vs_nla#branch                                0
bdb_nb#branch                                0
bda_nb#branch                                0
bqg_nb#branch                                0
vgn_nb#branch                                0
bpg_nb#branch                                0
bpl_nb#branch                                0
vs_nb#branch                                 0
bdb_pb#branch                                0
bda_pb#branch                                0
bqg_pb#branch                                0
vgp_pb#branch                                0
bpg_pb#branch                                0
bpl_pb#branch                                0
vs_pb#branch                                 0
bdb_na#branch                                0
bda_na#branch                                0
bqg_na#branch                                0
vgn_na#branch                                0
bpg_na#branch                                0
bpl_na#branch                                0
vs_na#branch                                 0
bdb_pa#branch                                0
bda_pa#branch                                0
bqg_pa#branch                                0
vgp_pa#branch                                0
bpg_pa#branch                                0
bpl_pa#branch                                0
vs_pa#branch                                 0
bdidtn#branch                                0
vss#branch                            1.68e-12
bdidtp#branch                                0
vdd#branch                           -1.68e-12
bpsa#branch                                  0
vddsa#branch                       -1.1396e-11
bpsup#branch                                 0
vclkb_nlb#branch                             0
vclk_nlb#branch                              0
vgn_nlb#branch                               0
vgp_nlb#branch                               0
vclk_nla#branch                              0
vgn_nla#branch                               0
vgp_nla#branch                               0
vclkb_nb#branch                              0
vclk_nb#branch                               0
vgp_nb#branch                                0
vclkb_pb#branch                              0
vclk_pb#branch                               0
vgn_pb#branch                                0
vclk_na#branch                               0
vgp_na#branch                                0
vclk_pa#branch                               0
vgn_pa#branch                                0

 Reference value :  3.38656e-08 Reference value :  6.96656e-08 Reference value :  1.06046e-07 Reference value :  1.42526e-07 Reference value :  1.76030e-07 Reference value :  2.10310e-07 Reference value :  2.43410e-07 Reference value :  2.66230e-07
No. of Data Rows : 14620

  Measurements for Transient Analysis

e_drv_pa            =   1.27822e-13 from=  1.59000e-07 to=  1.64000e-07
e_line_pa           =   9.73586e-14 from=  1.59000e-07 to=  1.64000e-07
qg_pa               =   -9.28928e-14 from=  1.61100e-07 to=  1.62200e-07
e_rec_pa            =   5.14285e-14 from=  1.58000e-07 to=  1.68000e-07
e_pump_pa           =   -8.03648e-15 from=  1.61100e-07 to=  1.61600e-07
lvl_pa              =  3.125718e-01 at=  1.614000e-07
lvl_pl_pa           =  2.608038e-01 at=  1.610900e-07
raila_pa            =  6.070344e-02 at=  1.604500e-07
raila_pl_pa         =  5.972689e-02 at=  1.605100e-07
railb_pa            =  -2.102840e-05 at=  1.625000e-07
dema_pa             =  6.358285e-01
demb_pa             =  5.826497e-01
da_pa               =  7.386566e-02
db_pa               =  -3.738000e-02
dapk_pa             =  7.899937e-02 at=  1.623900e-07
dbpk_pa             =  2.949030e-17 at=  1.614060e-07
ipk_pa              =  -1.455087e-03 at=  1.602000e-07
didt_pa             =  1.758468e+08 at=  1.600060e-07
e_drv_na            =   1.18365e-13 from=  1.79000e-07 to=  1.84000e-07
e_line_na           =   8.99584e-14 from=  1.79000e-07 to=  1.84000e-07
qg_na               =   5.46627e-14 from=  1.81100e-07 to=  1.82200e-07
e_rec_na            =   5.15651e-14 from=  1.78000e-07 to=  1.88000e-07
e_pump_na           =   -4.64460e-15 from=  1.81100e-07 to=  1.81600e-07
lvl_na              =  -2.814081e-01 at=  1.813900e-07
lvl_pl_na           =  -2.611442e-01 at=  1.810900e-07
raila_na            =  2.183988e-04 at=  1.820300e-07
railb_na            =  -6.136216e-02 at=  1.804500e-07
railb_pl_na         =  -6.022784e-02 at=  1.805100e-07
dema_na             =  5.957565e-01
demb_na             =  6.191894e-01
da_na               =  -1.268920e-02
db_na               =  3.535718e-02
dapk_na             =  2.081668e-17 at=  1.814500e-07
dbpk_na             =  3.737040e-02 at=  1.823900e-07
ipk_na              =  1.255033e-03 at=  1.802000e-07
didt_na             =  8.792338e+07 at=  1.800060e-07
e_drv_pb            =   1.27819e-13 from=  2.09000e-07 to=  2.14000e-07
e_line_pb           =   9.73581e-14 from=  2.09000e-07 to=  2.14000e-07
qg_pb               =   -9.28995e-14 from=  2.11100e-07 to=  2.12200e-07
e_rec_pb            =   1.93794e-13 from=  2.08000e-07 to=  2.18000e-07
lvl_pb              =  3.125658e-01 at=  2.114000e-07
raila_pb            =  6.067980e-02 at=  2.104500e-07
railb_pb            =  -3.656107e-05 at=  2.124900e-07
dema_pb             =  7.896738e-01
demb_pb             =  9.137366e-02
da_pb               =  6.983466e-01
db_pb               =  -6.981756e-01
dapk_pb             =  6.989272e-01 at=  2.124900e-07
dbpk_pb             =  2.428613e-17 at=  2.114140e-07
ipk_pb              =  -1.455112e-03 at=  2.102000e-07
didt_pb             =  1.758468e+08 at=  2.100060e-07
e_drv_nb            =   1.18364e-13 from=  2.29000e-07 to=  2.34000e-07
e_line_nb           =   8.99517e-14 from=  2.29000e-07 to=  2.34000e-07
qg_nb               =   5.46596e-14 from=  2.31100e-07 to=  2.32200e-07
e_rec_nb            =   1.94370e-13 from=  2.28000e-07 to=  2.38000e-07
lvl_nb              =  -2.814098e-01 at=  2.313900e-07
raila_nb            =  7.880971e-05 at=  2.322900e-07
railb_nb            =  -6.129441e-02 at=  2.304500e-07
dema_nb             =  9.136652e-02
demb_nb             =  7.896149e-01
da_nb               =  -6.981650e-01
db_nb               =  6.982705e-01
dapk_nb             =  8.326673e-17 at=  2.314900e-07
dbpk_nb             =  6.984346e-01 at=  2.326300e-07
ipk_nb              =  1.255059e-03 at=  2.302000e-07
didt_nb             =  8.792338e+07 at=  2.300060e-07
e_drv_nla           =   4.49573e-21 from=  2.59000e-07 to=  2.64000e-07
e_rec_nla           =   5.14969e-14 from=  2.58000e-07 to=  2.68000e-07
raila_nla           =  8.644471e-04 at=  2.615300e-07
railb_nla           =  8.641582e-04 at=  2.615300e-07
dema_nla            =  6.042006e-01
demb_nla            =  6.001654e-01
da_nla              =  4.035321e-03
db_nla              =  -4.034985e-03
e_drv_nlb           =   4.49996e-21 from=  2.79000e-07 to=  2.84000e-07
e_rec_nlb           =   1.94834e-13 from=  2.78000e-07 to=  2.88000e-07
raila_nlb           =  1.674821e-03 at=  2.815500e-07
railb_nlb           =  1.673750e-03 at=  2.815500e-07
dema_nlb            =  7.895608e-01
demb_nlb            =  9.134184e-02
da_nlb              =  6.982189e-01
db_nlb              =  -6.982189e-01


Total analysis time (seconds) = 2.19266

Total elapsed time (seconds) = 2.201 

Total DRAM available = 62177.336 MB.
DRAM currently available = 10419.645 MB.
Maximum ngspice program size =   30.742 MB.
Current ngspice program size =   20.695 MB.

Shared ngspice pages =   11.402 MB.
Text (code) pages =    7.578 MB.
Stack = 0 bytes.
Library pages =    9.336 MB.


Note: No compatibility mode selected!


Circuit: * lswsweep vd=0.25 mode=vteng vtd=0.1 wp=176.0u

Doing analysis at TEMP = 27.000000 and TNOM = 27.000000

Using SPARSE 1.3 as Direct Linear Solver

Initial Transient Solution
--------------------------

Node                                   Voltage
----                                   -------
vdd                                       0.25
vss                                      -0.25
vddsa                                        1
pwpsup                                 7.8e-13
pwpsa                               1.1396e-11
didtp                                        0
didtn                                        0
drv_pa                                       0
gp_pa                                     0.25
gn_pa                                    -0.25
cell_pa                                      0
xc_pa.x                                      0
ra_pa                                        0
rb_pa                                        0
pwpl_pa                                      0
pwpg_pa                                      0
qg_pa                                        0
clk_pa                                       1
outap_pa                           9.14501e-10
xsaa_pa.cs                            0.400333
outapb_pa                          9.14501e-10
outbp_pa                           9.14501e-10
xsab_pa.cs                            0.400333
outbpb_pa                          9.14501e-10
vda_pa                            -7.39145e-20
vdb_pa                                       0
drv_na                                       0
gp_na                                     0.25
gn_na                                    -0.25
cell_na                                      0
xc_na.x                                      0
ra_na                                        0
rb_na                                        0
pwpl_na                                      0
pwpg_na                                      0
qg_na                                        0
clk_na                                       1
outap_na                           9.14501e-10
xsaa_na.cs                            0.400333
outapb_na                          9.14501e-10
outbp_na                           9.14501e-10
xsab_na.cs                            0.400333
outbpb_na                          9.14501e-10
vda_na                                       0
vdb_na                                       0
drv_pb                                       0
gp_pb                                     0.25
gn_pb                                    -0.25
cell_pb                                      0
xc_pb.x                                      0
ra_pb                                        0
rb_pb                                        0
pwpl_pb                                      0
pwpg_pb                                      0
qg_pb                                        0
clk_pb                                       1
clkb_pb                                      1
paa_pb                                 3.4e-09
xpaa_pb.tp                                0.33
paab_pb                                3.4e-09
outap_pb                           9.14501e-10
xsaa_pb.cs                            0.400333
outapb_pb                          9.14501e-10
pab_pb                                 3.4e-09
xpab_pb.tp                                0.33
pabb_pb                                3.4e-09
outbp_pb                           9.14501e-10
xsab_pb.cs                            0.400333
outbpb_pb                          9.14501e-10
vda_pb                                       0
vdb_pb                             8.06036e-21
drv_nb                                       0
gp_nb                                     0.25
gn_nb                                    -0.25
cell_nb                                      0
xc_nb.x                                      0
ra_nb                                        0
rb_nb                                        0
pwpl_nb                                      0
pwpg_nb                                      0
qg_nb                                        0
clk_nb                                       1
clkb_nb                                      1
paa_nb                                 3.4e-09
xpaa_nb.tp                                0.33
paab_nb                                3.4e-09
outap_nb                           9.14501e-10
xsaa_nb.cs                            0.400333
outapb_nb                          9.14501e-10
pab_nb                                 3.4e-09
xpab_nb.tp                                0.33
pabb_nb                                3.4e-09
outbp_nb                           9.14501e-10
xsab_nb.cs                            0.400333
outbpb_nb                          9.14501e-10
vda_nb                                       0
vdb_nb                            -4.99614e-20
drv_nla                                      0
gp_nla                                    0.25
gn_nla                                   -0.25
cell_nla                                     0
xc_nla.x                                     0
ra_nla                                       0
rb_nla                                       0
pwpl_nla                                     0
clk_nla                                      1
outap_nla                          9.14501e-10
xsaa_nla.cs                           0.400333
outapb_nla                         9.14501e-10
outbp_nla                          9.14501e-10
xsab_nla.cs                           0.400333
outbpb_nla                         9.14501e-10
vda_nla                                      0
vdb_nla                                      0
drv_nlb                                      0
gp_nlb                                    0.25
gn_nlb                                   -0.25
cell_nlb                                     0
xc_nlb.x                                     0
ra_nlb                                       0
rb_nlb                                       0
pwpl_nlb                                     0
clk_nlb                                      1
clkb_nlb                                     1
paa_nlb                                3.4e-09
xpaa_nlb.tp                               0.33
paab_nlb                               3.4e-09
outap_nlb                          9.14501e-10
xsaa_nlb.cs                           0.400333
outapb_nlb                         9.14501e-10
pab_nlb                                3.4e-09
xpab_nlb.tp                               0.33
pabb_nlb                               3.4e-09
outbp_nlb                          9.14501e-10
xsab_nlb.cs                           0.400333
outbpb_nlb                         9.14501e-10
vda_nlb                            3.90266e-20
vdb_nlb                                      0
bdb_nlb#branch                               0
bda_nlb#branch                               0
bpl_nlb#branch                               0
vs_nlb#branch                                0
bdb_nla#branch                               0
bda_nla#branch                               0
bpl_nla#branch                               0
vs_nla#branch                                0
bdb_nb#branch                                0
bda_nb#branch                                0
bqg_nb#branch                                0
vgn_nb#branch                                0
bpg_nb#branch                                0
bpl_nb#branch                                0
vs_nb#branch                                 0
bdb_pb#branch                                0
bda_pb#branch                                0
bqg_pb#branch                                0
vgp_pb#branch                                0
bpg_pb#branch                                0
bpl_pb#branch                                0
vs_pb#branch                                 0
bdb_na#branch                                0
bda_na#branch                                0
bqg_na#branch                                0
vgn_na#branch                                0
bpg_na#branch                                0
bpl_na#branch                                0
vs_na#branch                                 0
bdb_pa#branch                                0
bda_pa#branch                                0
bqg_pa#branch                                0
vgp_pa#branch                                0
bpg_pa#branch                                0
bpl_pa#branch                                0
vs_pa#branch                                 0
bdidtn#branch                                0
vss#branch                            1.56e-12
bdidtp#branch                                0
vdd#branch                           -1.56e-12
bpsa#branch                                  0
vddsa#branch                       -1.1396e-11
bpsup#branch                                 0
vclkb_nlb#branch                             0
vclk_nlb#branch                              0
vgn_nlb#branch                               0
vgp_nlb#branch                               0
vclk_nla#branch                              0
vgn_nla#branch                               0
vgp_nla#branch                               0
vclkb_nb#branch                              0
vclk_nb#branch                               0
vgp_nb#branch                                0
vclkb_pb#branch                              0
vclk_pb#branch                               0
vgn_pb#branch                                0
vclk_na#branch                               0
vgp_na#branch                                0
vclk_pa#branch                               0
vgn_pa#branch                                0

 Reference value :  3.38256e-08 Reference value :  7.04456e-08 Reference value :  1.07366e-07 Reference value :  1.44266e-07 Reference value :  1.78290e-07 Reference value :  2.11690e-07 Reference value :  2.46430e-07 Reference value :  2.82470e-07
No. of Data Rows : 14620

  Measurements for Transient Analysis

e_drv_pa            =   1.13858e-13 from=  1.59000e-07 to=  1.64000e-07
e_line_pa           =   8.89686e-14 from=  1.59000e-07 to=  1.64000e-07
qg_pa               =   -1.07437e-13 from=  1.61100e-07 to=  1.62200e-07
e_rec_pa            =   5.14161e-14 from=  1.58000e-07 to=  1.68000e-07
e_pump_pa           =   -9.64496e-15 from=  1.61100e-07 to=  1.61600e-07
lvl_pa              =  3.034172e-01 at=  1.614000e-07
lvl_pl_pa           =  2.429250e-01 at=  1.610900e-07
raila_pa            =  5.783283e-02 at=  1.604500e-07
raila_pl_pa         =  5.651993e-02 at=  1.605100e-07
railb_pa            =  -2.881569e-06 at=  1.625000e-07
dema_pa             =  6.382505e-01
demb_pa             =  5.797272e-01
da_pa               =  7.979866e-02
db_pa               =  -4.271091e-02
dapk_pa             =  8.537553e-02 at=  1.623900e-07
dbpk_pa             =  -4.334604e-12 at=  1.614000e-07
ipk_pa              =  -1.527745e-03 at=  1.602000e-07
didt_pa             =  2.091526e+08 at=  1.600060e-07
e_drv_na            =   1.04119e-13 from=  1.79000e-07 to=  1.84000e-07
e_line_na           =   8.10277e-14 from=  1.79000e-07 to=  1.84000e-07
qg_na               =   6.17300e-14 from=  1.81100e-07 to=  1.82200e-07
e_rec_na            =   5.15670e-14 from=  1.78000e-07 to=  1.88000e-07
e_pump_na           =   -5.28268e-15 from=  1.81100e-07 to=  1.81600e-07
lvl_na              =  -2.717255e-01 at=  1.814000e-07
lvl_pl_na           =  -2.432308e-01 at=  1.810900e-07
raila_na            =  1.588911e-04 at=  1.820900e-07
railb_na            =  -5.851461e-02 at=  1.804300e-07
railb_pl_na         =  -5.700876e-02 at=  1.805100e-07
dema_na             =  5.944356e-01
demb_na             =  6.201275e-01
da_na               =  -1.525296e-02
db_na               =  3.740300e-02
dapk_na             =  3.469447e-17 at=  1.814500e-07
dbpk_na             =  3.952412e-02 at=  1.823900e-07
ipk_na              =  1.289446e-03 at=  1.802000e-07
didt_na             =  1.045763e+08 at=  1.800060e-07
e_drv_pb            =   1.13855e-13 from=  2.09000e-07 to=  2.14000e-07
e_line_pb           =   8.89706e-14 from=  2.09000e-07 to=  2.14000e-07
qg_pb               =   -1.07447e-13 from=  2.11100e-07 to=  2.12200e-07
e_rec_pb            =   1.93744e-13 from=  2.08000e-07 to=  2.18000e-07
lvl_pb              =  3.034105e-01 at=  2.114000e-07
raila_pb            =  5.781052e-02 at=  2.104500e-07
railb_pb            =  -1.713889e-05 at=  2.124900e-07
dema_pb             =  7.896856e-01
demb_pb             =  9.137229e-02
da_pb               =  6.983630e-01
db_pb               =  -6.981826e-01
dapk_pb             =  6.990366e-01 at=  2.124900e-07
dbpk_pb             =  2.775558e-17 at=  2.114900e-07
ipk_pb              =  -1.527770e-03 at=  2.102000e-07
didt_pb             =  2.091526e+08 at=  2.100060e-07
e_drv_nb            =   1.04118e-13 from=  2.29000e-07 to=  2.34000e-07
e_line_nb           =   8.10208e-14 from=  2.29000e-07 to=  2.34000e-07
qg_nb               =   6.17259e-14 from=  2.31100e-07 to=  2.32200e-07
e_rec_nb            =   1.94305e-13 from=  2.28000e-07 to=  2.38000e-07
lvl_nb              =  -2.717247e-01 at=  2.314000e-07
raila_nb            =  6.255466e-05 at=  2.323900e-07
railb_nb            =  -5.844753e-02 at=  2.304300e-07
dema_nb             =  9.136726e-02
demb_nb             =  7.896185e-01
da_nb               =  -6.981693e-01
db_nb               =  6.982755e-01
dapk_nb             =  3.196491e-17 at=  2.314000e-07
dbpk_nb             =  6.984547e-01 at=  2.326300e-07
ipk_nb              =  1.289473e-03 at=  2.302000e-07
didt_nb             =  1.045763e+08 at=  2.300060e-07
e_drv_nla           =   3.84916e-21 from=  2.59000e-07 to=  2.64000e-07
e_rec_nla           =   5.14969e-14 from=  2.58000e-07 to=  2.68000e-07
raila_nla           =  8.644471e-04 at=  2.615300e-07
railb_nla           =  8.641582e-04 at=  2.615300e-07
dema_nla            =  6.042006e-01
demb_nla            =  6.001654e-01
da_nla              =  4.035321e-03
db_nla              =  -4.034985e-03
e_drv_nlb           =   3.85415e-21 from=  2.79000e-07 to=  2.84000e-07
e_rec_nlb           =   1.94834e-13 from=  2.78000e-07 to=  2.88000e-07
raila_nlb           =  1.674821e-03 at=  2.815500e-07
railb_nlb           =  1.673750e-03 at=  2.815500e-07
dema_nlb            =  7.895608e-01
demb_nlb            =  9.134184e-02
da_nlb              =  6.982189e-01
db_nlb              =  -6.982189e-01


Total analysis time (seconds) = 2.04327

Total elapsed time (seconds) = 2.052 

Total DRAM available = 62177.336 MB.
DRAM currently available = 10416.938 MB.
Maximum ngspice program size =   30.742 MB.
Current ngspice program size =   20.621 MB.

Shared ngspice pages =   11.328 MB.
Text (code) pages =    7.578 MB.
Stack = 0 bytes.
Library pages =    9.336 MB.


Note: No compatibility mode selected!


Circuit: * lswsweep vd=0.2 mode=vteng vtd=0.1 wp=396.0u

Doing analysis at TEMP = 27.000000 and TNOM = 27.000000

Using SPARSE 1.3 as Direct Linear Solver

Initial Transient Solution
--------------------------

Node                                   Voltage
----                                   -------
vdd                                        0.2
vss                                       -0.2
vddsa                                        1
pwpsup                                5.04e-13
pwpsa                               1.1396e-11
didtp                                        0
didtn                                        0
drv_pa                                       0
gp_pa                                      0.2
gn_pa                                     -0.2
cell_pa                                      0
xc_pa.x                                      0
ra_pa                                        0
rb_pa                                        0
pwpl_pa                                      0
pwpg_pa                                      0
qg_pa                                        0
clk_pa                                       1
outap_pa                           9.14501e-10
xsaa_pa.cs                            0.400333
outapb_pa                          9.14501e-10
outbp_pa                           9.14501e-10
xsab_pa.cs                            0.400333
outbpb_pa                          9.14501e-10
vda_pa                            -7.39145e-20
vdb_pa                                       0
drv_na                                       0
gp_na                                      0.2
gn_na                                     -0.2
cell_na                                      0
xc_na.x                                      0
ra_na                                        0
rb_na                                        0
pwpl_na                                      0
pwpg_na                                      0
qg_na                                        0
clk_na                                       1
outap_na                           9.14501e-10
xsaa_na.cs                            0.400333
outapb_na                          9.14501e-10
outbp_na                           9.14501e-10
xsab_na.cs                            0.400333
outbpb_na                          9.14501e-10
vda_na                                       0
vdb_na                                       0
drv_pb                                       0
gp_pb                                      0.2
gn_pb                                     -0.2
cell_pb                                      0
xc_pb.x                                      0
ra_pb                                        0
rb_pb                                        0
pwpl_pb                                      0
pwpg_pb                                      0
qg_pb                                        0
clk_pb                                       1
clkb_pb                                      1
paa_pb                                 3.4e-09
xpaa_pb.tp                                0.33
paab_pb                                3.4e-09
outap_pb                           9.14501e-10
xsaa_pb.cs                            0.400333
outapb_pb                          9.14501e-10
pab_pb                                 3.4e-09
xpab_pb.tp                                0.33
pabb_pb                                3.4e-09
outbp_pb                           9.14501e-10
xsab_pb.cs                            0.400333
outbpb_pb                          9.14501e-10
vda_pb                                       0
vdb_pb                             8.06036e-21
drv_nb                                       0
gp_nb                                      0.2
gn_nb                                     -0.2
cell_nb                                      0
xc_nb.x                                      0
ra_nb                                        0
rb_nb                                        0
pwpl_nb                                      0
pwpg_nb                                      0
qg_nb                                        0
clk_nb                                       1
clkb_nb                                      1
paa_nb                                 3.4e-09
xpaa_nb.tp                                0.33
paab_nb                                3.4e-09
outap_nb                           9.14501e-10
xsaa_nb.cs                            0.400333
outapb_nb                          9.14501e-10
pab_nb                                 3.4e-09
xpab_nb.tp                                0.33
pabb_nb                                3.4e-09
outbp_nb                           9.14501e-10
xsab_nb.cs                            0.400333
outbpb_nb                          9.14501e-10
vda_nb                                       0
vdb_nb                            -4.99614e-20
drv_nla                                      0
gp_nla                                     0.2
gn_nla                                    -0.2
cell_nla                                     0
xc_nla.x                                     0
ra_nla                                       0
rb_nla                                       0
pwpl_nla                                     0
clk_nla                                      1
outap_nla                          9.14501e-10
xsaa_nla.cs                           0.400333
outapb_nla                         9.14501e-10
outbp_nla                          9.14501e-10
xsab_nla.cs                           0.400333
outbpb_nla                         9.14501e-10
vda_nla                                      0
vdb_nla                                      0
drv_nlb                                      0
gp_nlb                                     0.2
gn_nlb                                    -0.2
cell_nlb                                     0
xc_nlb.x                                     0
ra_nlb                                       0
rb_nlb                                       0
pwpl_nlb                                     0
clk_nlb                                      1
clkb_nlb                                     1
paa_nlb                                3.4e-09
xpaa_nlb.tp                               0.33
paab_nlb                               3.4e-09
outap_nlb                          9.14501e-10
xsaa_nlb.cs                           0.400333
outapb_nlb                         9.14501e-10
pab_nlb                                3.4e-09
xpab_nlb.tp                               0.33
pabb_nlb                               3.4e-09
outbp_nlb                          9.14501e-10
xsab_nlb.cs                           0.400333
outbpb_nlb                         9.14501e-10
vda_nlb                            3.90266e-20
vdb_nlb                                      0
bdb_nlb#branch                               0
bda_nlb#branch                               0
bpl_nlb#branch                               0
vs_nlb#branch                                0
bdb_nla#branch                               0
bda_nla#branch                               0
bpl_nla#branch                               0
vs_nla#branch                                0
bdb_nb#branch                                0
bda_nb#branch                                0
bqg_nb#branch                                0
vgn_nb#branch                                0
bpg_nb#branch                                0
bpl_nb#branch                                0
vs_nb#branch                                 0
bdb_pb#branch                                0
bda_pb#branch                                0
bqg_pb#branch                                0
vgp_pb#branch                                0
bpg_pb#branch                                0
bpl_pb#branch                                0
vs_pb#branch                                 0
bdb_na#branch                                0
bda_na#branch                                0
bqg_na#branch                                0
vgn_na#branch                                0
bpg_na#branch                                0
bpl_na#branch                                0
vs_na#branch                                 0
bdb_pa#branch                                0
bda_pa#branch                                0
bqg_pa#branch                                0
vgp_pa#branch                                0
bpg_pa#branch                                0
bpl_pa#branch                                0
vs_pa#branch                                 0
bdidtn#branch                                0
vss#branch                            1.26e-12
bdidtp#branch                                0
vdd#branch                           -1.26e-12
bpsa#branch                                  0
vddsa#branch                       -1.1396e-11
bpsup#branch                                 0
vclkb_nlb#branch                             0
vclk_nlb#branch                              0
vgn_nlb#branch                               0
vgp_nlb#branch                               0
vclk_nla#branch                              0
vgn_nla#branch                               0
vgp_nla#branch                               0
vclkb_nb#branch                              0
vclk_nb#branch                               0
vgp_nb#branch                                0
vclkb_pb#branch                              0
vclk_pb#branch                               0
vgn_pb#branch                                0
vclk_na#branch                               0
vgp_na#branch                                0
vclk_pa#branch                               0
vgn_pa#branch                                0

 Reference value :  3.39456e-08 Reference value :  7.23456e-08 Reference value :  1.10666e-07 Reference value :  1.48626e-07 Reference value :  1.81890e-07 Reference value :  2.17070e-07 Reference value :  2.52370e-07 Reference value :  2.88850e-07
No. of Data Rows : 14625

  Measurements for Transient Analysis

e_drv_pa            =   8.83550e-14 from=  1.59000e-07 to=  1.64000e-07
e_line_pa           =   7.25209e-14 from=  1.59000e-07 to=  1.64000e-07
qg_pa               =   -1.64043e-13 from=  1.61100e-07 to=  1.62200e-07
e_rec_pa            =   5.13477e-14 from=  1.58000e-07 to=  1.68000e-07
e_pump_pa           =   -1.35050e-14 from=  1.61100e-07 to=  1.61600e-07
lvl_pa              =  2.830423e-01 at=  1.614000e-07
lvl_pl_pa           =  1.967581e-01 at=  1.610900e-07
raila_pa            =  4.975702e-02 at=  1.604300e-07
raila_pl_pa         =  4.754773e-02 at=  1.605100e-07
railb_pa            =  -2.476162e-10 at=  1.600000e-07
dema_pa             =  6.515804e-01
demb_pa             =  5.646698e-01
da_pa               =  1.145826e-01
db_pa               =  -6.925846e-02
dapk_pa             =  1.229823e-01 at=  1.623900e-07
dbpk_pa             =  -6.866835e-06 at=  1.614000e-07
ipk_pa              =  -1.901946e-03 at=  1.602000e-07
didt_pa             =  3.763892e+08 at=  1.600060e-07
e_drv_na            =   7.53204e-14 from=  1.79000e-07 to=  1.84000e-07
e_line_na           =   6.19624e-14 from=  1.79000e-07 to=  1.84000e-07
qg_na               =   9.06041e-14 from=  1.81100e-07 to=  1.82200e-07
e_rec_na            =   5.15814e-14 from=  1.78000e-07 to=  1.88000e-07
e_pump_na           =   -6.70802e-15 from=  1.81100e-07 to=  1.81600e-07
lvl_na              =  -2.501219e-01 at=  1.814000e-07
lvl_pl_na           =  -1.969790e-01 at=  1.810900e-07
raila_na            =  4.904569e-05 at=  1.824900e-07
railb_na            =  -5.063437e-02 at=  1.804100e-07
railb_pl_na         =  -4.798717e-02 at=  1.805100e-07
dema_na             =  5.879554e-01
demb_na             =  6.261861e-01
da_na               =  -2.762195e-02
db_na               =  5.087701e-02
dapk_na             =  -3.689088e-08 at=  1.814020e-07
dbpk_na             =  5.375041e-02 at=  1.823900e-07
ipk_na              =  1.479808e-03 at=  1.802000e-07
didt_na             =  1.880237e+08 at=  1.800060e-07
e_drv_pb            =   8.81996e-14 from=  2.09000e-07 to=  2.14000e-07
e_line_pb           =   7.25025e-14 from=  2.09000e-07 to=  2.14000e-07
qg_pb               =   -1.64054e-13 from=  2.11100e-07 to=  2.12200e-07
e_rec_pb            =   1.93525e-13 from=  2.08000e-07 to=  2.18000e-07
lvl_pb              =  2.830428e-01 at=  2.114000e-07
raila_pb            =  4.975750e-02 at=  2.104209e-07
railb_pb            =  -6.071532e-18 at=  2.100229e-07
dema_pb             =  7.897649e-01
demb_pb             =  9.136504e-02
da_pb               =  6.984733e-01
db_pb               =  -6.982185e-01
dapk_pb             =  6.998486e-01 at=  2.124100e-07
dbpk_pb             =  -2.775558e-17 at=  2.114300e-07
ipk_pb              =  -1.896627e-03 at=  2.102000e-07
didt_pb             =  3.760474e+08 at=  2.100046e-07
e_drv_nb            =   7.53195e-14 from=  2.29000e-07 to=  2.34000e-07
e_line_nb           =   6.19530e-14 from=  2.29000e-07 to=  2.34000e-07
qg_nb               =   9.05932e-14 from=  2.31100e-07 to=  2.32200e-07
e_rec_nb            =   1.94088e-13 from=  2.28000e-07 to=  2.38000e-07
lvl_nb              =  -2.501176e-01 at=  2.314000e-07
raila_nb            =  2.342994e-05 at=  2.324900e-07
railb_nb            =  -5.057583e-02 at=  2.304100e-07
dema_nb             =  9.136789e-02
demb_nb             =  7.896490e-01
da_nb               =  -6.981841e-01
db_nb               =  6.983172e-01
dapk_nb             =  4.163336e-17 at=  2.314900e-07
dbpk_nb             =  6.986694e-01 at=  2.325500e-07
ipk_nb              =  1.479836e-03 at=  2.302000e-07
didt_nb             =  1.880237e+08 at=  2.300060e-07
e_drv_nla           =   2.41112e-21 from=  2.59000e-07 to=  2.64000e-07
e_rec_nla           =   5.14969e-14 from=  2.58000e-07 to=  2.68000e-07
raila_nla           =  8.644471e-04 at=  2.615300e-07
railb_nla           =  8.641582e-04 at=  2.615300e-07
dema_nla            =  6.042006e-01
demb_nla            =  6.001654e-01
da_nla              =  4.035321e-03
db_nla              =  -4.034985e-03
e_drv_nlb           =   2.41937e-21 from=  2.79000e-07 to=  2.84000e-07
e_rec_nlb           =   1.94834e-13 from=  2.78000e-07 to=  2.88000e-07
raila_nlb           =  1.674821e-03 at=  2.815500e-07
railb_nlb           =  1.673750e-03 at=  2.815500e-07
dema_nlb            =  7.895608e-01
demb_nlb            =  9.134184e-02
da_nlb              =  6.982189e-01
db_nlb              =  -6.982189e-01


Total analysis time (seconds) = 1.98912

Total elapsed time (seconds) = 2.002 

Total DRAM available = 62177.336 MB.
DRAM currently available = 10415.207 MB.
Maximum ngspice program size =   30.520 MB.
Current ngspice program size =   20.539 MB.

Shared ngspice pages =   11.473 MB.
Text (code) pages =    7.578 MB.
Stack = 0 bytes.
Library pages =    9.113 MB.


Note: No compatibility mode selected!


Circuit: * lswsweep vd=0.15 mode=vteng vtd=0.1 wp=1584.0u

Doing analysis at TEMP = 27.000000 and TNOM = 27.000000

Using SPARSE 1.3 as Direct Linear Solver

Initial Transient Solution
--------------------------

Node                                   Voltage
----                                   -------
vdd                                       0.15
vss                                      -0.15
vddsa                                        1
pwpsup                                2.88e-13
pwpsa                               1.1396e-11
didtp                                        0
didtn                                        0
drv_pa                                       0
gp_pa                                     0.15
gn_pa                                    -0.15
cell_pa                                      0
xc_pa.x                                      0
ra_pa                                        0
rb_pa                                        0
pwpl_pa                                      0
pwpg_pa                                      0
qg_pa                                        0
clk_pa                                       1
outap_pa                           9.14501e-10
xsaa_pa.cs                            0.400333
outapb_pa                          9.14501e-10
outbp_pa                           9.14501e-10
xsab_pa.cs                            0.400333
outbpb_pa                          9.14501e-10
vda_pa                            -7.39145e-20
vdb_pa                                       0
drv_na                                       0
gp_na                                     0.15
gn_na                                    -0.15
cell_na                                      0
xc_na.x                                      0
ra_na                                        0
rb_na                                        0
pwpl_na                                      0
pwpg_na                                      0
qg_na                                        0
clk_na                                       1
outap_na                           9.14501e-10
xsaa_na.cs                            0.400333
outapb_na                          9.14501e-10
outbp_na                           9.14501e-10
xsab_na.cs                            0.400333
outbpb_na                          9.14501e-10
vda_na                                       0
vdb_na                                       0
drv_pb                                       0
gp_pb                                     0.15
gn_pb                                    -0.15
cell_pb                                      0
xc_pb.x                                      0
ra_pb                                        0
rb_pb                                        0
pwpl_pb                                      0
pwpg_pb                                      0
qg_pb                                        0
clk_pb                                       1
clkb_pb                                      1
paa_pb                                 3.4e-09
xpaa_pb.tp                                0.33
paab_pb                                3.4e-09
outap_pb                           9.14501e-10
xsaa_pb.cs                            0.400333
outapb_pb                          9.14501e-10
pab_pb                                 3.4e-09
xpab_pb.tp                                0.33
pabb_pb                                3.4e-09
outbp_pb                           9.14501e-10
xsab_pb.cs                            0.400333
outbpb_pb                          9.14501e-10
vda_pb                                       0
vdb_pb                             8.06036e-21
drv_nb                                       0
gp_nb                                     0.15
gn_nb                                    -0.15
cell_nb                                      0
xc_nb.x                                      0
ra_nb                                        0
rb_nb                                        0
pwpl_nb                                      0
pwpg_nb                                      0
qg_nb                                        0
clk_nb                                       1
clkb_nb                                      1
paa_nb                                 3.4e-09
xpaa_nb.tp                                0.33
paab_nb                                3.4e-09
outap_nb                           9.14501e-10
xsaa_nb.cs                            0.400333
outapb_nb                          9.14501e-10
pab_nb                                 3.4e-09
xpab_nb.tp                                0.33
pabb_nb                                3.4e-09
outbp_nb                           9.14501e-10
xsab_nb.cs                            0.400333
outbpb_nb                          9.14501e-10
vda_nb                                       0
vdb_nb                            -4.99614e-20
drv_nla                                      0
gp_nla                                    0.15
gn_nla                                   -0.15
cell_nla                                     0
xc_nla.x                                     0
ra_nla                                       0
rb_nla                                       0
pwpl_nla                                     0
clk_nla                                      1
outap_nla                          9.14501e-10
xsaa_nla.cs                           0.400333
outapb_nla                         9.14501e-10
outbp_nla                          9.14501e-10
xsab_nla.cs                           0.400333
outbpb_nla                         9.14501e-10
vda_nla                                      0
vdb_nla                                      0
drv_nlb                                      0
gp_nlb                                    0.15
gn_nlb                                   -0.15
cell_nlb                                     0
xc_nlb.x                                     0
ra_nlb                                       0
rb_nlb                                       0
pwpl_nlb                                     0
clk_nlb                                      1
clkb_nlb                                     1
paa_nlb                                3.4e-09
xpaa_nlb.tp                               0.33
paab_nlb                               3.4e-09
outap_nlb                          9.14501e-10
xsaa_nlb.cs                           0.400333
outapb_nlb                         9.14501e-10
pab_nlb                                3.4e-09
xpab_nlb.tp                               0.33
pabb_nlb                               3.4e-09
outbp_nlb                          9.14501e-10
xsab_nlb.cs                           0.400333
outbpb_nlb                         9.14501e-10
vda_nlb                            3.90266e-20
vdb_nlb                                      0
bdb_nlb#branch                               0
bda_nlb#branch                               0
bpl_nlb#branch                               0
vs_nlb#branch                                0
bdb_nla#branch                               0
bda_nla#branch                               0
bpl_nla#branch                               0
vs_nla#branch                                0
bdb_nb#branch                                0
bda_nb#branch                                0
bqg_nb#branch                                0
vgn_nb#branch                                0
bpg_nb#branch                                0
bpl_nb#branch                                0
vs_nb#branch                                 0
bdb_pb#branch                                0
bda_pb#branch                                0
bqg_pb#branch                                0
vgp_pb#branch                                0
bpg_pb#branch                                0
bpl_pb#branch                                0
vs_pb#branch                                 0
bdb_na#branch                                0
bda_na#branch                                0
bqg_na#branch                                0
vgn_na#branch                                0
bpg_na#branch                                0
bpl_na#branch                                0
vs_na#branch                                 0
bdb_pa#branch                                0
bda_pa#branch                                0
bqg_pa#branch                                0
vgp_pa#branch                                0
bpg_pa#branch                                0
bpl_pa#branch                                0
vs_pa#branch                                 0
bdidtn#branch                                0
vss#branch                             9.6e-13
bdidtp#branch                                0
vdd#branch                            -9.6e-13
bpsa#branch                                  0
vddsa#branch                       -1.1396e-11
bpsup#branch                                 0
vclkb_nlb#branch                             0
vclk_nlb#branch                              0
vgn_nlb#branch                               0
vgp_nlb#branch                               0
vclk_nla#branch                              0
vgn_nla#branch                               0
vgp_nla#branch                               0
vclkb_nb#branch                              0
vclk_nb#branch                               0
vgp_nb#branch                                0
vclkb_pb#branch                              0
vclk_pb#branch                               0
vgn_pb#branch                                0
vclk_na#branch                               0
vgp_na#branch                                0
vclk_pa#branch                               0
vgn_pa#branch                                0

 Reference value :  3.15256e-08 Reference value :  6.99456e-08 Reference value :  1.06966e-07 Reference value :  1.44066e-07 Reference value :  1.73530e-07 Reference value :  2.04630e-07 Reference value :  2.30366e-07 Reference value :  2.64570e-07
No. of Data Rows : 14696

  Measurements for Transient Analysis

e_drv_pa            =   9.79943e-14 from=  1.59000e-07 to=  1.64000e-07
e_line_pa           =   6.51607e-14 from=  1.59000e-07 to=  1.64000e-07
qg_pa               =   -2.91870e-13 from=  1.61100e-07 to=  1.62200e-07
e_rec_pa            =   5.11541e-14 from=  1.58000e-07 to=  1.68000e-07
e_pump_pa           =   -2.08723e-14 from=  1.61100e-07 to=  1.61600e-07
lvl_pa              =  2.575049e-01 at=  1.614000e-07
lvl_pl_pa           =  1.488915e-01 at=  1.610890e-07
raila_pa            =  4.001056e-02 at=  1.604090e-07
raila_pl_pa         =  3.716781e-02 at=  1.605090e-07
railb_pa            =  -2.476162e-10 at=  1.600000e-07
dema_pa             =  6.787277e-01
demb_pa             =  5.267980e-01
da_pa               =  2.043915e-01
db_pa               =  -1.302929e-01
dapk_pa             =  2.235291e-01 at=  1.623900e-07
dbpk_pa             =  -3.295383e-05 at=  1.614000e-07
ipk_pa              =  -3.545097e-03 at=  1.602000e-07
didt_pa             =  1.128142e+09 at=  1.600021e-07
e_drv_na            =   6.61649e-14 from=  1.79000e-07 to=  1.84000e-07
e_line_na           =   5.37051e-14 from=  1.79000e-07 to=  1.84000e-07
qg_na               =   1.84153e-13 from=  1.81100e-07 to=  1.82200e-07
e_rec_na            =   5.16408e-14 from=  1.78000e-07 to=  1.88000e-07
e_pump_na           =   -1.09676e-14 from=  1.81100e-07 to=  1.81600e-07
lvl_na              =  -2.394677e-01 at=  1.814000e-07
lvl_pl_na           =  -1.490325e-01 at=  1.810864e-07
raila_na            =  -2.043754e-10 at=  1.801316e-07
railb_na            =  -4.115578e-02 at=  1.804064e-07
railb_pl_na         =  -3.782854e-02 at=  1.805064e-07
dema_na             =  5.643341e-01
demb_na             =  6.466914e-01
da_na               =  -7.010455e-02
db_na               =  1.006709e-01
dapk_na             =  -1.755133e-05 at=  1.814020e-07
dbpk_na             =  1.062605e-01 at=  1.823900e-07
ipk_na              =  2.311536e-03 at=  1.802000e-07
didt_na             =  5.640710e+08 at=  1.800031e-07
e_drv_pb            =   9.80095e-14 from=  2.09000e-07 to=  2.14000e-07
e_line_pb           =   6.51598e-14 from=  2.09000e-07 to=  2.14000e-07
qg_pb               =   -2.91868e-13 from=  2.11100e-07 to=  2.12200e-07
e_rec_pb            =   1.93069e-13 from=  2.08000e-07 to=  2.18000e-07
lvl_pb              =  2.575038e-01 at=  2.114000e-07
raila_pb            =  3.999060e-02 at=  2.104048e-07
railb_pb            =  -7.372575e-18 at=  2.101321e-07
dema_pb             =  7.901463e-01
demb_pb             =  9.130020e-02
da_pb               =  6.990229e-01
db_pb               =  -6.984534e-01
dapk_pb             =  7.034561e-01 at=  2.123100e-07
dbpk_pb             =  1.387779e-17 at=  2.114900e-07
ipk_pb              =  -3.547597e-03 at=  2.102000e-07
didt_pb             =  1.129515e+09 at=  2.100036e-07
e_drv_nb            =   6.61650e-14 from=  2.29000e-07 to=  2.34000e-07
e_line_nb           =   5.36657e-14 from=  2.29000e-07 to=  2.34000e-07
qg_nb               =   1.84106e-13 from=  2.31100e-07 to=  2.32200e-07
e_rec_nb            =   1.93728e-13 from=  2.28000e-07 to=  2.38000e-07
lvl_nb              =  -2.394653e-01 at=  2.314000e-07
raila_nb            =  1.557131e-18 at=  2.300031e-07
railb_nb            =  -4.111005e-02 at=  2.304064e-07
dema_nb             =  9.134620e-02
demb_nb             =  7.898620e-01
da_nb               =  -6.982824e-01
db_nb               =  6.986189e-01
dapk_nb             =  1.387779e-16 at=  2.314900e-07
dbpk_nb             =  7.007409e-01 at=  2.323900e-07
ipk_nb              =  2.311617e-03 at=  2.302000e-07
didt_nb             =  5.640710e+08 at=  2.300031e-07
e_drv_nla           =   9.95892e-22 from=  2.59000e-07 to=  2.64000e-07
e_rec_nla           =   5.14969e-14 from=  2.58000e-07 to=  2.68000e-07
raila_nla           =  8.644471e-04 at=  2.615300e-07
railb_nla           =  8.641582e-04 at=  2.615300e-07
dema_nla            =  6.042006e-01
demb_nla            =  6.001654e-01
da_nla              =  4.035321e-03
db_nla              =  -4.034985e-03
e_drv_nlb           =   1.01370e-21 from=  2.79000e-07 to=  2.84000e-07
e_rec_nlb           =   1.94834e-13 from=  2.78000e-07 to=  2.88000e-07
raila_nlb           =  1.674821e-03 at=  2.815500e-07
railb_nlb           =  1.673750e-03 at=  2.815500e-07
dema_nlb            =  7.895608e-01
demb_nlb            =  9.134184e-02
da_nlb              =  6.982189e-01
db_nlb              =  -6.982189e-01


Total analysis time (seconds) = 2.17349

Total elapsed time (seconds) = 2.189 

Total DRAM available = 62177.336 MB.
DRAM currently available = 10425.062 MB.
Maximum ngspice program size =   30.512 MB.
Current ngspice program size =   20.645 MB.

Shared ngspice pages =   11.582 MB.
Text (code) pages =    7.578 MB.
Stack = 0 bytes.
Library pages =    9.105 MB.


Note: No compatibility mode selected!


Circuit: * lswsweep vd=0.1 mode=vteng vtd=0.1 wp=11u

Doing analysis at TEMP = 27.000000 and TNOM = 27.000000

Using SPARSE 1.3 as Direct Linear Solver

Initial Transient Solution
--------------------------

Node                                   Voltage
----                                   -------
vdd                                        0.1
vss                                       -0.1
vddsa                                        1
pwpsup                                1.32e-13
pwpsa                               1.1396e-11
didtp                                        0
didtn                                        0
drv_pa                                       0
gp_pa                                      0.1
gn_pa                                     -0.1
cell_pa                                      0
xc_pa.x                                      0
ra_pa                                        0
rb_pa                                        0
pwpl_pa                                      0
pwpg_pa                                      0
qg_pa                                        0
clk_pa                                       1
outap_pa                           9.14501e-10
xsaa_pa.cs                            0.400333
outapb_pa                          9.14501e-10
outbp_pa                           9.14501e-10
xsab_pa.cs                            0.400333
outbpb_pa                          9.14501e-10
vda_pa                            -7.39145e-20
vdb_pa                                       0
drv_na                                       0
gp_na                                      0.1
gn_na                                     -0.1
cell_na                                      0
xc_na.x                                      0
ra_na                                        0
rb_na                                        0
pwpl_na                                      0
pwpg_na                                      0
qg_na                                        0
clk_na                                       1
outap_na                           9.14501e-10
xsaa_na.cs                            0.400333
outapb_na                          9.14501e-10
outbp_na                           9.14501e-10
xsab_na.cs                            0.400333
outbpb_na                          9.14501e-10
vda_na                                       0
vdb_na                                       0
drv_pb                                       0
gp_pb                                      0.1
gn_pb                                     -0.1
cell_pb                                      0
xc_pb.x                                      0
ra_pb                                        0
rb_pb                                        0
pwpl_pb                                      0
pwpg_pb                                      0
qg_pb                                        0
clk_pb                                       1
clkb_pb                                      1
paa_pb                                 3.4e-09
xpaa_pb.tp                                0.33
paab_pb                                3.4e-09
outap_pb                           9.14501e-10
xsaa_pb.cs                            0.400333
outapb_pb                          9.14501e-10
pab_pb                                 3.4e-09
xpab_pb.tp                                0.33
pabb_pb                                3.4e-09
outbp_pb                           9.14501e-10
xsab_pb.cs                            0.400333
outbpb_pb                          9.14501e-10
vda_pb                                       0
vdb_pb                             8.06036e-21
drv_nb                                       0
gp_nb                                      0.1
gn_nb                                     -0.1
cell_nb                                      0
xc_nb.x                                      0
ra_nb                                        0
rb_nb                                        0
pwpl_nb                                      0
pwpg_nb                                      0
qg_nb                                        0
clk_nb                                       1
clkb_nb                                      1
paa_nb                                 3.4e-09
xpaa_nb.tp                                0.33
paab_nb                                3.4e-09
outap_nb                           9.14501e-10
xsaa_nb.cs                            0.400333
outapb_nb                          9.14501e-10
pab_nb                                 3.4e-09
xpab_nb.tp                                0.33
pabb_nb                                3.4e-09
outbp_nb                           9.14501e-10
xsab_nb.cs                            0.400333
outbpb_nb                          9.14501e-10
vda_nb                                       0
vdb_nb                            -4.99614e-20
drv_nla                                      0
gp_nla                                     0.1
gn_nla                                    -0.1
cell_nla                                     0
xc_nla.x                                     0
ra_nla                                       0
rb_nla                                       0
pwpl_nla                                     0
clk_nla                                      1
outap_nla                          9.14501e-10
xsaa_nla.cs                           0.400333
outapb_nla                         9.14501e-10
outbp_nla                          9.14501e-10
xsab_nla.cs                           0.400333
outbpb_nla                         9.14501e-10
vda_nla                                      0
vdb_nla                                      0
drv_nlb                                      0
gp_nlb                                     0.1
gn_nlb                                    -0.1
cell_nlb                                     0
xc_nlb.x                                     0
ra_nlb                                       0
rb_nlb                                       0
pwpl_nlb                                     0
clk_nlb                                      1
clkb_nlb                                     1
paa_nlb                                3.4e-09
xpaa_nlb.tp                               0.33
paab_nlb                               3.4e-09
outap_nlb                          9.14501e-10
xsaa_nlb.cs                           0.400333
outapb_nlb                         9.14501e-10
pab_nlb                                3.4e-09
xpab_nlb.tp                               0.33
pabb_nlb                               3.4e-09
outbp_nlb                          9.14501e-10
xsab_nlb.cs                           0.400333
outbpb_nlb                         9.14501e-10
vda_nlb                            3.90266e-20
vdb_nlb                                      0
bdb_nlb#branch                               0
bda_nlb#branch                               0
bpl_nlb#branch                               0
vs_nlb#branch                                0
bdb_nla#branch                               0
bda_nla#branch                               0
bpl_nla#branch                               0
vs_nla#branch                                0
bdb_nb#branch                                0
bda_nb#branch                                0
bqg_nb#branch                                0
vgn_nb#branch                                0
bpg_nb#branch                                0
bpl_nb#branch                                0
vs_nb#branch                                 0
bdb_pb#branch                                0
bda_pb#branch                                0
bqg_pb#branch                                0
vgp_pb#branch                                0
bpg_pb#branch                                0
bpl_pb#branch                                0
vs_pb#branch                                 0
bdb_na#branch                                0
bda_na#branch                                0
bqg_na#branch                                0
vgn_na#branch                                0
bpg_na#branch                                0
bpl_na#branch                                0
vs_na#branch                                 0
bdb_pa#branch                                0
bda_pa#branch                                0
bqg_pa#branch                                0
vgp_pa#branch                                0
bpg_pa#branch                                0
bpl_pa#branch                                0
vs_pa#branch                                 0
bdidtn#branch                                0
vss#branch                             6.6e-13
bdidtp#branch                                0
vdd#branch                            -6.6e-13
bpsa#branch                                  0
vddsa#branch                       -1.1396e-11
bpsup#branch                                 0
vclkb_nlb#branch                             0
vclk_nlb#branch                              0
vgn_nlb#branch                               0
vgp_nlb#branch                               0
vclk_nla#branch                              0
vgn_nla#branch                               0
vgp_nla#branch                               0
vclkb_nb#branch                              0
vclk_nb#branch                               0
vgp_nb#branch                                0
vclkb_pb#branch                              0
vclk_pb#branch                               0
vgn_pb#branch                                0
vclk_na#branch                               0
vgp_na#branch                                0
vclk_pa#branch                               0
vgn_pa#branch                                0

 Reference value :  3.50856e-08 Reference value :  7.27256e-08 Reference value :  1.09446e-07 Reference value :  1.43086e-07 Reference value :  1.78910e-07 Reference value :  2.12530e-07 Reference value :  2.46810e-07 Reference value :  2.81430e-07
No. of Data Rows : 14616

  Measurements for Transient Analysis

e_drv_pa            =   1.73173e-19 from=  1.59000e-07 to=  1.64000e-07
e_line_pa           =   -3.01147e-27 from=  1.59000e-07 to=  1.64000e-07
qg_pa               =   -2.18325e-15 from=  1.61100e-07 to=  1.62200e-07
e_rec_pa            =   5.14969e-14 from=  1.58000e-07 to=  1.68000e-07
e_pump_pa           =   -2.18325e-16 from=  1.61100e-07 to=  1.61600e-07
lvl_pa              =  3.471227e-04 at=  1.615300e-07
lvl_pl_pa           =  -3.022920e-11 at=  1.610900e-07
raila_pa            =  8.643847e-04 at=  1.615300e-07
raila_pl_pa         =  -2.449013e-10 at=  1.610900e-07
railb_pa            =  -2.476162e-10 at=  1.600000e-07
dema_pa             =  6.042005e-01
demb_pa             =  6.001655e-01
da_pa               =  4.035157e-03
db_pa               =  -4.034821e-03
dapk_pa             =  4.382595e-03 at=  1.623900e-07
dbpk_pa             =  1.921033e-14 at=  1.614300e-07
ipk_pa              =  -1.139063e-05 at=  1.602000e-07
didt_pa             =  5.222880e+06 at=  1.600060e-07
e_drv_na            =   8.69167e-20 from=  1.79000e-07 to=  1.84000e-07
e_line_na           =   -3.01147e-27 from=  1.79000e-07 to=  1.84000e-07
qg_na               =   1.09163e-15 from=  1.81100e-07 to=  1.82200e-07
e_rec_na            =   5.14969e-14 from=  1.78000e-07 to=  1.88000e-07
e_pump_na           =   -1.09162e-16 from=  1.81100e-07 to=  1.81600e-07
lvl_na              =  -1.380402e-11 at=  1.800000e-07
lvl_pl_na           =  -1.342565e-11 at=  1.805100e-07
raila_na            =  8.644015e-04 at=  1.815300e-07
railb_na            =  -2.046165e-10 at=  1.800000e-07
railb_pl_na         =  -2.036848e-10 at=  1.805100e-07
dema_na             =  6.042005e-01
demb_na             =  6.001655e-01
da_na               =  4.035201e-03
db_na               =  -4.034865e-03
dapk_na             =  4.382642e-03 at=  1.823900e-07
dbpk_na             =  1.405126e-14 at=  1.814300e-07
ipk_na              =  5.695314e-06 at=  1.802000e-07
didt_na             =  2.611440e+06 at=  1.800060e-07
e_drv_pb            =   1.73173e-19 from=  2.09000e-07 to=  2.14000e-07
e_line_pb           =   -3.07256e-27 from=  2.09000e-07 to=  2.14000e-07
qg_pb               =   -2.18325e-15 from=  2.11100e-07 to=  2.12200e-07
e_rec_pb            =   1.94834e-13 from=  2.08000e-07 to=  2.18000e-07
lvl_pb              =  6.724741e-04 at=  2.115500e-07
raila_pb            =  1.674820e-03 at=  2.115500e-07
railb_pb            =  -7.806256e-18 at=  2.112060e-07
dema_pb             =  7.895608e-01
demb_pb             =  9.134184e-02
da_pb               =  6.982189e-01
db_pb               =  -6.982189e-01
dapk_pb             =  6.982190e-01 at=  2.130100e-07
dbpk_pb             =  2.081668e-17 at=  2.114500e-07
ipk_pb              =  -1.139063e-05 at=  2.102000e-07
didt_pb             =  5.222880e+06 at=  2.100060e-07
e_drv_nb            =   8.69167e-20 from=  2.29000e-07 to=  2.34000e-07
e_line_nb           =   -3.07256e-27 from=  2.29000e-07 to=  2.34000e-07
qg_nb               =   1.09163e-15 from=  2.31100e-07 to=  2.32200e-07
e_rec_nb            =   1.94834e-13 from=  2.28000e-07 to=  2.38000e-07
lvl_nb              =  -2.158589e-18 at=  2.300060e-07
raila_nb            =  1.674820e-03 at=  2.315500e-07
railb_nb            =  -9.974660e-18 at=  2.300060e-07
dema_nb             =  7.895608e-01
demb_nb             =  9.134184e-02
da_nb               =  6.982189e-01
db_nb               =  -6.982189e-01
dapk_nb             =  6.982190e-01 at=  2.330100e-07
dbpk_nb             =  6.938894e-17 at=  2.314900e-07
ipk_nb              =  5.695314e-06 at=  2.302000e-07
didt_nb             =  2.611440e+06 at=  2.300060e-07
e_drv_nla           =   6.60000e-22 from=  2.59000e-07 to=  2.64000e-07
e_rec_nla           =   5.14969e-14 from=  2.58000e-07 to=  2.68000e-07
raila_nla           =  8.644471e-04 at=  2.615300e-07
railb_nla           =  8.641582e-04 at=  2.615300e-07
dema_nla            =  6.042006e-01
demb_nla            =  6.001654e-01
da_nla              =  4.035321e-03
db_nla              =  -4.034985e-03
e_drv_nlb           =   6.60000e-22 from=  2.79000e-07 to=  2.84000e-07
e_rec_nlb           =   1.94834e-13 from=  2.78000e-07 to=  2.88000e-07
raila_nlb           =  1.674821e-03 at=  2.815500e-07
railb_nlb           =  1.673750e-03 at=  2.815500e-07
dema_nlb            =  7.895608e-01
demb_nlb            =  9.134184e-02
da_nlb              =  6.982189e-01
db_nlb              =  -6.982189e-01


Total analysis time (seconds) = 2.05394

Total elapsed time (seconds) = 2.062 

Total DRAM available = 62177.336 MB.
DRAM currently available = 10430.113 MB.
Maximum ngspice program size =   30.742 MB.
Current ngspice program size =   20.832 MB.

Shared ngspice pages =   11.539 MB.
Text (code) pages =    7.578 MB.
Stack = 0 bytes.
Library pages =    9.336 MB.


Note: No compatibility mode selected!


Circuit: * lswsweep vd=0.05 mode=vteng vtd=0.1 wp=11u

Doing analysis at TEMP = 27.000000 and TNOM = 27.000000

Using SPARSE 1.3 as Direct Linear Solver

Initial Transient Solution
--------------------------

Node                                   Voltage
----                                   -------
vdd                                       0.05
vss                                      -0.05
vddsa                                        1
pwpsup                             3.51318e-14
pwpsa                               1.1396e-11
didtp                                        0
didtn                                        0
drv_pa                                       0
gp_pa                                     0.05
gn_pa                                    -0.05
cell_pa                                      0
xc_pa.x                                      0
ra_pa                                        0
rb_pa                                        0
pwpl_pa                                      0
pwpg_pa                                      0
qg_pa                                        0
clk_pa                                       1
outap_pa                           9.14501e-10
xsaa_pa.cs                            0.400333
outapb_pa                          9.14501e-10
outbp_pa                           9.14501e-10
xsab_pa.cs                            0.400333
outbpb_pa                          9.14501e-10
vda_pa                            -7.39145e-20
vdb_pa                                       0
drv_na                                       0
gp_na                                     0.05
gn_na                                    -0.05
cell_na                                      0
xc_na.x                                      0
ra_na                                        0
rb_na                                        0
pwpl_na                                      0
pwpg_na                                      0
qg_na                                        0
clk_na                                       1
outap_na                           9.14501e-10
xsaa_na.cs                            0.400333
outapb_na                          9.14501e-10
outbp_na                           9.14501e-10
xsab_na.cs                            0.400333
outbpb_na                          9.14501e-10
vda_na                                       0
vdb_na                                       0
drv_pb                                       0
gp_pb                                     0.05
gn_pb                                    -0.05
cell_pb                                      0
xc_pb.x                                      0
ra_pb                                        0
rb_pb                                        0
pwpl_pb                                      0
pwpg_pb                                      0
qg_pb                                        0
clk_pb                                       1
clkb_pb                                      1
paa_pb                                 3.4e-09
xpaa_pb.tp                                0.33
paab_pb                                3.4e-09
outap_pb                           9.14501e-10
xsaa_pb.cs                            0.400333
outapb_pb                          9.14501e-10
pab_pb                                 3.4e-09
xpab_pb.tp                                0.33
pabb_pb                                3.4e-09
outbp_pb                           9.14501e-10
xsab_pb.cs                            0.400333
outbpb_pb                          9.14501e-10
vda_pb                                       0
vdb_pb                             8.06036e-21
drv_nb                                       0
gp_nb                                     0.05
gn_nb                                    -0.05
cell_nb                                      0
xc_nb.x                                      0
ra_nb                                        0
rb_nb                                        0
pwpl_nb                                      0
pwpg_nb                                      0
qg_nb                                        0
clk_nb                                       1
clkb_nb                                      1
paa_nb                                 3.4e-09
xpaa_nb.tp                                0.33
paab_nb                                3.4e-09
outap_nb                           9.14501e-10
xsaa_nb.cs                            0.400333
outapb_nb                          9.14501e-10
pab_nb                                 3.4e-09
xpab_nb.tp                                0.33
pabb_nb                                3.4e-09
outbp_nb                           9.14501e-10
xsab_nb.cs                            0.400333
outbpb_nb                          9.14501e-10
vda_nb                                       0
vdb_nb                            -4.99614e-20
drv_nla                                      0
gp_nla                                    0.05
gn_nla                                   -0.05
cell_nla                                     0
xc_nla.x                                     0
ra_nla                                       0
rb_nla                                       0
pwpl_nla                                     0
clk_nla                                      1
outap_nla                          9.14501e-10
xsaa_nla.cs                           0.400333
outapb_nla                         9.14501e-10
outbp_nla                          9.14501e-10
xsab_nla.cs                           0.400333
outbpb_nla                         9.14501e-10
vda_nla                                      0
vdb_nla                                      0
drv_nlb                                      0
gp_nlb                                    0.05
gn_nlb                                   -0.05
cell_nlb                                     0
xc_nlb.x                                     0
ra_nlb                                       0
rb_nlb                                       0
pwpl_nlb                                     0
clk_nlb                                      1
clkb_nlb                                     1
paa_nlb                                3.4e-09
xpaa_nlb.tp                               0.33
paab_nlb                               3.4e-09
outap_nlb                          9.14501e-10
xsaa_nlb.cs                           0.400333
outapb_nlb                         9.14501e-10
pab_nlb                                3.4e-09
xpab_nlb.tp                               0.33
pabb_nlb                               3.4e-09
outbp_nlb                          9.14501e-10
xsab_nlb.cs                           0.400333
outbpb_nlb                         9.14501e-10
vda_nlb                            3.90266e-20
vdb_nlb                                      0
bdb_nlb#branch                               0
bda_nlb#branch                               0
bpl_nlb#branch                               0
vs_nlb#branch                                0
bdb_nla#branch                               0
bda_nla#branch                               0
bpl_nla#branch                               0
vs_nla#branch                                0
bdb_nb#branch                                0
bda_nb#branch                                0
bqg_nb#branch                                0
vgn_nb#branch                                0
bpg_nb#branch                                0
bpl_nb#branch                                0
vs_nb#branch                                 0
bdb_pb#branch                                0
bda_pb#branch                                0
bqg_pb#branch                                0
vgp_pb#branch                                0
bpg_pb#branch                                0
bpl_pb#branch                                0
vs_pb#branch                                 0
bdb_na#branch                                0
bda_na#branch                                0
bqg_na#branch                                0
vgn_na#branch                                0
bpg_na#branch                                0
bpl_na#branch                                0
vs_na#branch                                 0
bdb_pa#branch                                0
bda_pa#branch                                0
bqg_pa#branch                                0
vgp_pa#branch                                0
bpg_pa#branch                                0
bpl_pa#branch                                0
vs_pa#branch                                 0
bdidtn#branch                                0
vss#branch                         3.51318e-13
bdidtp#branch                                0
vdd#branch                        -3.51318e-13
bpsa#branch                                  0
vddsa#branch                       -1.1396e-11
bpsup#branch                                 0
vclkb_nlb#branch                             0
vclk_nlb#branch                              0
vgn_nlb#branch                               0
vgp_nlb#branch                               0
vclk_nla#branch                              0
vgn_nla#branch                               0
vgp_nla#branch                               0
vclkb_nb#branch                              0
vclk_nb#branch                               0
vgp_nb#branch                                0
vclkb_pb#branch                              0
vclk_pb#branch                               0
vgn_pb#branch                                0
vclk_na#branch                               0
vgp_na#branch                                0
vclk_pa#branch                               0
vgn_pa#branch                                0

 Reference value :  3.43856e-08 Reference value :  7.16856e-08 Reference value :  1.09186e-07 Reference value :  1.45006e-07 Reference value :  1.80150e-07 Reference value :  2.15030e-07 Reference value :  2.50970e-07 Reference value :  2.84370e-07
No. of Data Rows : 14616

  Measurements for Transient Analysis

e_drv_pa            =   2.17398e-20 from=  1.59000e-07 to=  1.64000e-07
e_line_pa           =   -1.45049e-28 from=  1.59000e-07 to=  1.64000e-07
qg_pa               =   -1.06810e-15 from=  1.61100e-07 to=  1.62200e-07
e_rec_pa            =   5.14969e-14 from=  1.58000e-07 to=  1.68000e-07
e_pump_pa           =   -5.34050e-17 from=  1.61100e-07 to=  1.61600e-07
lvl_pa              =  3.471227e-04 at=  1.615300e-07
lvl_pl_pa           =  -3.022920e-11 at=  1.610900e-07
raila_pa            =  8.643847e-04 at=  1.615300e-07
raila_pl_pa         =  -2.449013e-10 at=  1.610900e-07
railb_pa            =  -2.476162e-10 at=  1.600000e-07
dema_pa             =  6.042005e-01
demb_pa             =  6.001655e-01
da_pa               =  4.035157e-03
db_pa               =  -4.034821e-03
dapk_pa             =  4.382595e-03 at=  1.623900e-07
dbpk_pa             =  1.925543e-14 at=  1.614300e-07
ipk_pa              =  -5.459097e-06 at=  1.602000e-07
didt_pa             =  2.611440e+06 at=  1.600060e-07
e_drv_na            =   1.09577e-20 from=  1.79000e-07 to=  1.84000e-07
e_line_na           =   -1.45051e-28 from=  1.79000e-07 to=  1.84000e-07
qg_na               =   5.34050e-16 from=  1.81100e-07 to=  1.82200e-07
e_rec_na            =   5.14969e-14 from=  1.78000e-07 to=  1.88000e-07
e_pump_na           =   -2.67025e-17 from=  1.81100e-07 to=  1.81600e-07
lvl_na              =  -1.380401e-11 at=  1.800000e-07
lvl_pl_na           =  -1.342565e-11 at=  1.805100e-07
raila_na            =  8.644015e-04 at=  1.815300e-07
railb_na            =  -2.046165e-10 at=  1.800000e-07
railb_pl_na         =  -2.036848e-10 at=  1.805100e-07
dema_na             =  6.042005e-01
demb_na             =  6.001655e-01
da_na               =  4.035201e-03
db_na               =  -4.034865e-03
dapk_na             =  4.382642e-03 at=  1.823900e-07
dbpk_na             =  1.407555e-14 at=  1.814300e-07
ipk_na              =  2.729549e-06 at=  1.802000e-07
didt_na             =  1.305720e+06 at=  1.800060e-07
e_drv_pb            =   2.17398e-20 from=  2.09000e-07 to=  2.14000e-07
e_line_pb           =   -2.09584e-28 from=  2.09000e-07 to=  2.14000e-07
qg_pb               =   -1.06810e-15 from=  2.11100e-07 to=  2.12200e-07
e_rec_pb            =   1.94834e-13 from=  2.08000e-07 to=  2.18000e-07
lvl_pb              =  6.724741e-04 at=  2.115500e-07
raila_pb            =  1.674820e-03 at=  2.115500e-07
railb_pb            =  -1.127570e-17 at=  2.100000e-07
dema_pb             =  7.895608e-01
demb_pb             =  9.134184e-02
da_pb               =  6.982189e-01
db_pb               =  -6.982189e-01
dapk_pb             =  6.982190e-01 at=  2.130100e-07
dbpk_pb             =  2.081668e-17 at=  2.114500e-07
ipk_pb              =  -5.459097e-06 at=  2.102000e-07
didt_pb             =  2.611440e+06 at=  2.100060e-07
e_drv_nb            =   1.09577e-20 from=  2.29000e-07 to=  2.34000e-07
e_line_nb           =   -2.09584e-28 from=  2.29000e-07 to=  2.34000e-07
qg_nb               =   5.34050e-16 from=  2.31100e-07 to=  2.32200e-07
e_rec_nb            =   1.94834e-13 from=  2.28000e-07 to=  2.38000e-07
lvl_nb              =  -1.376396e-18 at=  2.303500e-07
raila_nb            =  1.674820e-03 at=  2.315500e-07
railb_nb            =  -7.806256e-18 at=  2.304700e-07
dema_nb             =  7.895608e-01
demb_nb             =  9.134184e-02
da_nb               =  6.982189e-01
db_nb               =  -6.982189e-01
dapk_nb             =  6.982190e-01 at=  2.330100e-07
dbpk_nb             =  6.938894e-17 at=  2.314900e-07
ipk_nb              =  2.729549e-06 at=  2.302000e-07
didt_nb             =  1.305720e+06 at=  2.300060e-07
e_drv_nla           =   1.75659e-22 from=  2.59000e-07 to=  2.64000e-07
e_rec_nla           =   5.14969e-14 from=  2.58000e-07 to=  2.68000e-07
raila_nla           =  8.644471e-04 at=  2.615300e-07
railb_nla           =  8.641582e-04 at=  2.615300e-07
dema_nla            =  6.042006e-01
demb_nla            =  6.001654e-01
da_nla              =  4.035321e-03
db_nla              =  -4.034985e-03
e_drv_nlb           =   1.75659e-22 from=  2.79000e-07 to=  2.84000e-07
e_rec_nlb           =   1.94834e-13 from=  2.78000e-07 to=  2.88000e-07
raila_nlb           =  1.674821e-03 at=  2.815500e-07
railb_nlb           =  1.673750e-03 at=  2.815500e-07
dema_nlb            =  7.895608e-01
demb_nlb            =  9.134184e-02
da_nlb              =  6.982189e-01
db_nlb              =  -6.982189e-01


Total analysis time (seconds) = 2.03125

Total elapsed time (seconds) = 2.040 

Total DRAM available = 62177.336 MB.
DRAM currently available = 10447.957 MB.
Maximum ngspice program size =   30.742 MB.
Current ngspice program size =   20.691 MB.

Shared ngspice pages =   11.402 MB.
Text (code) pages =    7.578 MB.
Stack = 0 bytes.
Library pages =    9.336 MB.

