
Note: No compatibility mode selected!


Circuit: * =====================================================================

Doing analysis at TEMP = 27.000000 and TNOM = 27.000000

Using SPARSE 1.3 as Direct Linear Solver

Initial Transient Solution
--------------------------

Node                                   Voltage
----                                   -------
x_id_02_05_100_05.da              -1.54922e-30
x_id_02_05_100_05.drva            -1.54922e-30
x_id_02_05_100_05.xa              -1.54922e-30
x_id_02_05_100_05.rap              3.86984e-34
x_id_02_05_100_05.rbp              3.87628e-34
x_id_02_05_100_05.pwpa                       0
x_id_02_05_100_05.db              -1.54922e-30
x_id_02_05_100_05.drvb            -1.54922e-30
x_id_02_05_100_05.xb              -1.54922e-30
x_id_02_05_100_05.raq              3.86984e-34
x_id_02_05_100_05.rbq              3.87628e-34
x_id_02_05_100_05.pwpb                       0
x_id_02_05_100_05.dc              -1.54922e-30
x_id_02_05_100_05.drvc            -1.54922e-30
x_id_02_05_100_05.xc              -1.54922e-30
x_id_02_05_100_05.rac              3.86984e-34
x_id_02_05_100_05.rbc              3.87628e-34
x_id_02_05_100_05.pwpc                       0
x_id_02_05_100_10.da              -5.89549e-32
x_id_02_05_100_10.drva            -5.89549e-32
x_id_02_05_100_10.xa              -5.89549e-32
x_id_02_05_100_10.rap              1.45347e-35
x_id_02_05_100_10.rbp              1.49428e-35
x_id_02_05_100_10.pwpa                       0
x_id_02_05_100_10.db              -1.54922e-30
x_id_02_05_100_10.drvb            -1.54922e-30
x_id_02_05_100_10.xb              -1.54922e-30
x_id_02_05_100_10.raq              3.86984e-34
x_id_02_05_100_10.rbq              3.87628e-34
x_id_02_05_100_10.pwpb                       0
x_id_02_05_100_10.dc              -5.89549e-32
x_id_02_05_100_10.drvc            -5.89549e-32
x_id_02_05_100_10.xc              -5.89549e-32
x_id_02_05_100_10.rac              1.45347e-35
x_id_02_05_100_10.rbc              1.49428e-35
x_id_02_05_100_10.pwpc                       0
x_id_02_05_500_05.da              -1.54922e-30
x_id_02_05_500_05.drva            -1.54922e-30
x_id_02_05_500_05.xa              -1.54922e-30
x_id_02_05_500_05.rap              3.86984e-34
x_id_02_05_500_05.rbp              3.87628e-34
x_id_02_05_500_05.pwpa                       0
x_id_02_05_500_05.db              -5.89549e-32
x_id_02_05_500_05.drvb            -5.89549e-32
x_id_02_05_500_05.xb              -5.89549e-32
x_id_02_05_500_05.raq              1.45347e-35
x_id_02_05_500_05.rbq              1.49428e-35
x_id_02_05_500_05.pwpb                       0
x_id_02_05_500_05.dc              -1.54922e-30
x_id_02_05_500_05.drvc            -1.54922e-30
x_id_02_05_500_05.xc              -1.54922e-30
x_id_02_05_500_05.rac              3.86984e-34
x_id_02_05_500_05.rbc              3.87628e-34
x_id_02_05_500_05.pwpc                       0
x_id_02_05_500_10.da              -5.89549e-32
x_id_02_05_500_10.drva            -5.89549e-32
x_id_02_05_500_10.xa              -5.89549e-32
x_id_02_05_500_10.rap              1.45347e-35
x_id_02_05_500_10.rbp              1.49428e-35
x_id_02_05_500_10.pwpa                       0
x_id_02_05_500_10.db              -1.54922e-30
x_id_02_05_500_10.drvb            -1.54922e-30
x_id_02_05_500_10.xb              -1.54922e-30
x_id_02_05_500_10.raq              3.86984e-34
x_id_02_05_500_10.rbq              3.87628e-34
x_id_02_05_500_10.pwpb                       0
x_id_02_05_500_10.dc              -5.89549e-32
x_id_02_05_500_10.drvc            -5.89549e-32
x_id_02_05_500_10.xc              -5.89549e-32
x_id_02_05_500_10.rac              1.45347e-35
x_id_02_05_500_10.rbc              1.49428e-35
x_id_02_05_500_10.pwpc                       0
x_id_02_10_100_05.da              -1.54922e-30
x_id_02_10_100_05.drva            -1.54922e-30
x_id_02_10_100_05.xa              -1.54922e-30
x_id_02_10_100_05.rap              3.86984e-34
x_id_02_10_100_05.rbp              3.87628e-34
x_id_02_10_100_05.pwpa                       0
x_id_02_10_100_05.db              -5.89549e-32
x_id_02_10_100_05.drvb            -5.89549e-32
x_id_02_10_100_05.xb              -5.89549e-32
x_id_02_10_100_05.raq              1.45347e-35
x_id_02_10_100_05.rbq              1.49428e-35
x_id_02_10_100_05.pwpb                       0
x_id_02_10_100_05.dc              -1.54922e-30
x_id_02_10_100_05.drvc            -1.54922e-30
x_id_02_10_100_05.xc              -1.54922e-30
x_id_02_10_100_05.rac              3.86984e-34
x_id_02_10_100_05.rbc              3.87628e-34
x_id_02_10_100_05.pwpc                       0
x_id_02_10_100_10.da              -5.89549e-32
x_id_02_10_100_10.drva            -5.89549e-32
x_id_02_10_100_10.xa              -5.89549e-32
x_id_02_10_100_10.rap              1.45347e-35
x_id_02_10_100_10.rbp              1.49428e-35
x_id_02_10_100_10.pwpa                       0
x_id_02_10_100_10.db              -1.54922e-30
x_id_02_10_100_10.drvb            -1.54922e-30
x_id_02_10_100_10.xb              -1.54922e-30
x_id_02_10_100_10.raq              3.86984e-34
x_id_02_10_100_10.rbq              3.87628e-34
x_id_02_10_100_10.pwpb                       0
x_id_02_10_100_10.dc              -5.89549e-32
x_id_02_10_100_10.drvc            -5.89549e-32
x_id_02_10_100_10.xc              -5.89549e-32
x_id_02_10_100_10.rac              1.45347e-35
x_id_02_10_100_10.rbc              1.49428e-35
x_id_02_10_100_10.pwpc                       0
x_id_02_10_500_05.da              -1.54922e-30
x_id_02_10_500_05.drva            -1.54922e-30
x_id_02_10_500_05.xa              -1.54922e-30
x_id_02_10_500_05.rap              3.86984e-34
x_id_02_10_500_05.rbp              3.87628e-34
x_id_02_10_500_05.pwpa                       0
x_id_02_10_500_05.db              -5.89549e-32
x_id_02_10_500_05.drvb            -5.89549e-32
x_id_02_10_500_05.xb              -5.89549e-32
x_id_02_10_500_05.raq              1.45347e-35
x_id_02_10_500_05.rbq              1.49428e-35
x_id_02_10_500_05.pwpb                       0
x_id_02_10_500_05.dc              -1.54922e-30
x_id_02_10_500_05.drvc            -1.54922e-30
x_id_02_10_500_05.xc              -1.54922e-30
x_id_02_10_500_05.rac              3.86984e-34
x_id_02_10_500_05.rbc              3.87628e-34
x_id_02_10_500_05.pwpc                       0
x_id_02_10_500_10.da              -5.89549e-32
x_id_02_10_500_10.drva            -5.89549e-32
x_id_02_10_500_10.xa              -5.89549e-32
x_id_02_10_500_10.rap              1.45347e-35
x_id_02_10_500_10.rbp              1.49428e-35
x_id_02_10_500_10.pwpa                       0
x_id_02_10_500_10.db              -1.54922e-30
x_id_02_10_500_10.drvb            -1.54922e-30
x_id_02_10_500_10.xb              -1.54922e-30
x_id_02_10_500_10.raq              3.86984e-34
x_id_02_10_500_10.rbq              3.87628e-34
x_id_02_10_500_10.pwpb                       0
x_id_02_10_500_10.dc              -5.89549e-32
x_id_02_10_500_10.drvc            -5.89549e-32
x_id_02_10_500_10.xc              -5.89549e-32
x_id_02_10_500_10.rac              1.45347e-35
x_id_02_10_500_10.rbc              1.49428e-35
x_id_02_10_500_10.pwpc                       0
x_id_02_30_100_05.da              -1.54922e-30
x_id_02_30_100_05.drva            -1.54922e-30
x_id_02_30_100_05.xa              -1.54922e-30
x_id_02_30_100_05.rap              3.86984e-34
x_id_02_30_100_05.rbp              3.87628e-34
x_id_02_30_100_05.pwpa                       0
x_id_02_30_100_05.db              -5.89549e-32
x_id_02_30_100_05.drvb            -5.89549e-32
x_id_02_30_100_05.xb              -5.89549e-32
x_id_02_30_100_05.raq              1.45347e-35
x_id_02_30_100_05.rbq              1.49428e-35
x_id_02_30_100_05.pwpb                       0
x_id_02_30_100_05.dc              -1.54922e-30
x_id_02_30_100_05.drvc            -1.54922e-30
x_id_02_30_100_05.xc              -1.54922e-30
x_id_02_30_100_05.rac              3.86984e-34
x_id_02_30_100_05.rbc              3.87628e-34
x_id_02_30_100_05.pwpc                       0
x_id_02_30_100_10.da              -5.89549e-32
x_id_02_30_100_10.drva            -5.89549e-32
x_id_02_30_100_10.xa              -5.89549e-32
x_id_02_30_100_10.rap              1.45347e-35
x_id_02_30_100_10.rbp              1.49428e-35
x_id_02_30_100_10.pwpa                       0
x_id_02_30_100_10.db              -1.54922e-30
x_id_02_30_100_10.drvb            -1.54922e-30
x_id_02_30_100_10.xb              -1.54922e-30
x_id_02_30_100_10.raq              3.86984e-34
x_id_02_30_100_10.rbq              3.87628e-34
x_id_02_30_100_10.pwpb                       0
x_id_02_30_100_10.dc              -5.89549e-32
x_id_02_30_100_10.drvc            -5.89549e-32
x_id_02_30_100_10.xc              -5.89549e-32
x_id_02_30_100_10.rac              1.45347e-35
x_id_02_30_100_10.rbc              1.49428e-35
x_id_02_30_100_10.pwpc                       0
x_id_02_30_500_05.da              -1.54922e-30
x_id_02_30_500_05.drva            -1.54922e-30
x_id_02_30_500_05.xa              -1.54922e-30
x_id_02_30_500_05.rap              3.86984e-34
x_id_02_30_500_05.rbp              3.87628e-34
x_id_02_30_500_05.pwpa                       0
x_id_02_30_500_05.db              -5.89549e-32
x_id_02_30_500_05.drvb            -5.89549e-32
x_id_02_30_500_05.xb              -5.89549e-32
x_id_02_30_500_05.raq              1.45347e-35
x_id_02_30_500_05.rbq              1.49428e-35
x_id_02_30_500_05.pwpb                       0
x_id_02_30_500_05.dc              -1.54922e-30
x_id_02_30_500_05.drvc            -1.54922e-30
x_id_02_30_500_05.xc              -1.54922e-30
x_id_02_30_500_05.rac              3.86984e-34
x_id_02_30_500_05.rbc              3.87628e-34
x_id_02_30_500_05.pwpc                       0
x_id_02_30_500_10.da              -5.89549e-32
x_id_02_30_500_10.drva            -5.89549e-32
x_id_02_30_500_10.xa              -5.89549e-32
x_id_02_30_500_10.rap              1.45347e-35
x_id_02_30_500_10.rbp              1.49428e-35
x_id_02_30_500_10.pwpa                       0
x_id_02_30_500_10.db              -1.54922e-30
x_id_02_30_500_10.drvb            -1.54922e-30
x_id_02_30_500_10.xb              -1.54922e-30
x_id_02_30_500_10.raq              3.86984e-34
x_id_02_30_500_10.rbq              3.87628e-34
x_id_02_30_500_10.pwpb                       0
x_id_02_30_500_10.dc              -5.89549e-32
x_id_02_30_500_10.drvc            -5.89549e-32
x_id_02_30_500_10.xc              -5.89549e-32
x_id_02_30_500_10.rac              1.45347e-35
x_id_02_30_500_10.rbc              1.49428e-35
x_id_02_30_500_10.pwpc                       0
x_id_02_100_100_05.da             -1.54922e-30
x_id_02_100_100_05.drva           -1.54922e-30
x_id_02_100_100_05.xa             -1.54922e-30
x_id_02_100_100_05.rap             3.86984e-34
x_id_02_100_100_05.rbp             3.87628e-34
x_id_02_100_100_05.pwpa                      0
x_id_02_100_100_05.db             -5.89549e-32
x_id_02_100_100_05.drvb           -5.89549e-32
x_id_02_100_100_05.xb             -5.89549e-32
x_id_02_100_100_05.raq             1.45347e-35
x_id_02_100_100_05.rbq             1.49428e-35
x_id_02_100_100_05.pwpb                      0
x_id_02_100_100_05.dc             -1.54922e-30
x_id_02_100_100_05.drvc           -1.54922e-30
x_id_02_100_100_05.xc             -1.54922e-30
x_id_02_100_100_05.rac             3.86984e-34
x_id_02_100_100_05.rbc             3.87628e-34
x_id_02_100_100_05.pwpc                      0
x_id_02_100_100_10.da             -5.89549e-32
x_id_02_100_100_10.drva           -5.89549e-32
x_id_02_100_100_10.xa             -5.89549e-32
x_id_02_100_100_10.rap             1.45347e-35
x_id_02_100_100_10.rbp             1.49428e-35
x_id_02_100_100_10.pwpa                      0
x_id_02_100_100_10.db             -1.54922e-30
x_id_02_100_100_10.drvb           -1.54922e-30
x_id_02_100_100_10.xb             -1.54922e-30
x_id_02_100_100_10.raq             3.86984e-34
x_id_02_100_100_10.rbq             3.87628e-34
x_id_02_100_100_10.pwpb                      0
x_id_02_100_100_10.dc             -5.89549e-32
x_id_02_100_100_10.drvc           -5.89549e-32
x_id_02_100_100_10.xc             -5.89549e-32
x_id_02_100_100_10.rac             1.45347e-35
x_id_02_100_100_10.rbc             1.49428e-35
x_id_02_100_100_10.pwpc                      0
x_id_02_100_500_05.da             -1.54922e-30
x_id_02_100_500_05.drva           -1.54922e-30
x_id_02_100_500_05.xa             -1.54922e-30
x_id_02_100_500_05.rap             3.86984e-34
x_id_02_100_500_05.rbp             3.87628e-34
x_id_02_100_500_05.pwpa                      0
x_id_02_100_500_05.db             -5.89549e-32
x_id_02_100_500_05.drvb           -5.89549e-32
x_id_02_100_500_05.xb             -5.89549e-32
x_id_02_100_500_05.raq             1.45347e-35
x_id_02_100_500_05.rbq             1.49428e-35
x_id_02_100_500_05.pwpb                      0
x_id_02_100_500_05.dc             -1.54922e-30
x_id_02_100_500_05.drvc           -1.54922e-30
x_id_02_100_500_05.xc             -1.54922e-30
x_id_02_100_500_05.rac             3.86984e-34
x_id_02_100_500_05.rbc             3.87628e-34
x_id_02_100_500_05.pwpc                      0
x_id_02_100_500_10.da             -5.89549e-32
x_id_02_100_500_10.drva           -5.89549e-32
x_id_02_100_500_10.xa             -5.89549e-32
x_id_02_100_500_10.rap             1.45347e-35
x_id_02_100_500_10.rbp             1.49428e-35
x_id_02_100_500_10.pwpa                      0
x_id_02_100_500_10.db             -1.54922e-30
x_id_02_100_500_10.drvb           -1.54922e-30
x_id_02_100_500_10.xb             -1.54922e-30
x_id_02_100_500_10.raq             3.86984e-34
x_id_02_100_500_10.rbq             3.87628e-34
x_id_02_100_500_10.pwpb                      0
x_id_02_100_500_10.dc             -5.89549e-32
x_id_02_100_500_10.drvc           -5.89549e-32
x_id_02_100_500_10.xc             -5.89549e-32
x_id_02_100_500_10.rac             1.45347e-35
x_id_02_100_500_10.rbc             1.49428e-35
x_id_02_100_500_10.pwpc                      0
x_id_05_05_100_05.da              -1.54922e-30
x_id_05_05_100_05.drva            -1.54922e-30
x_id_05_05_100_05.xa              -1.54922e-30
x_id_05_05_100_05.rap              3.86984e-34
x_id_05_05_100_05.rbp              3.87628e-34
x_id_05_05_100_05.pwpa                       0
x_id_05_05_100_05.db              -5.89549e-32
x_id_05_05_100_05.drvb            -5.89549e-32
x_id_05_05_100_05.xb              -5.89549e-32
x_id_05_05_100_05.raq              1.45347e-35
x_id_05_05_100_05.rbq              1.49428e-35
x_id_05_05_100_05.pwpb                       0
x_id_05_05_100_05.dc              -1.54922e-30
x_id_05_05_100_05.drvc            -1.54922e-30
x_id_05_05_100_05.xc              -1.54922e-30
x_id_05_05_100_05.rac              3.86984e-34
x_id_05_05_100_05.rbc              3.87628e-34
x_id_05_05_100_05.pwpc                       0
x_id_05_05_100_10.da              -5.89549e-32
x_id_05_05_100_10.drva            -5.89549e-32
x_id_05_05_100_10.xa              -5.89549e-32
x_id_05_05_100_10.rap              1.45347e-35
x_id_05_05_100_10.rbp              1.49428e-35
x_id_05_05_100_10.pwpa                       0
x_id_05_05_100_10.db              -1.54922e-30
x_id_05_05_100_10.drvb            -1.54922e-30
x_id_05_05_100_10.xb              -1.54922e-30
x_id_05_05_100_10.raq              3.86984e-34
x_id_05_05_100_10.rbq              3.87628e-34
x_id_05_05_100_10.pwpb                       0
x_id_05_05_100_10.dc              -5.89549e-32
x_id_05_05_100_10.drvc            -5.89549e-32
x_id_05_05_100_10.xc              -5.89549e-32
x_id_05_05_100_10.rac              1.45347e-35
x_id_05_05_100_10.rbc              1.49428e-35
x_id_05_05_100_10.pwpc                       0
x_id_05_05_500_05.da              -1.54922e-30
x_id_05_05_500_05.drva            -1.54922e-30
x_id_05_05_500_05.xa              -1.54922e-30
x_id_05_05_500_05.rap              3.86984e-34
x_id_05_05_500_05.rbp              3.87628e-34
x_id_05_05_500_05.pwpa                       0
x_id_05_05_500_05.db              -5.89549e-32
x_id_05_05_500_05.drvb            -5.89549e-32
x_id_05_05_500_05.xb              -5.89549e-32
x_id_05_05_500_05.raq              1.45347e-35
x_id_05_05_500_05.rbq              1.49428e-35
x_id_05_05_500_05.pwpb                       0
x_id_05_05_500_05.dc              -1.54922e-30
x_id_05_05_500_05.drvc            -1.54922e-30
x_id_05_05_500_05.xc              -1.54922e-30
x_id_05_05_500_05.rac              3.86984e-34
x_id_05_05_500_05.rbc              3.87628e-34
x_id_05_05_500_05.pwpc                       0
x_id_05_05_500_10.da              -5.89549e-32
x_id_05_05_500_10.drva            -5.89549e-32
x_id_05_05_500_10.xa              -5.89549e-32
x_id_05_05_500_10.rap              1.45347e-35
x_id_05_05_500_10.rbp              1.49428e-35
x_id_05_05_500_10.pwpa                       0
x_id_05_05_500_10.db              -1.54922e-30
x_id_05_05_500_10.drvb            -1.54922e-30
x_id_05_05_500_10.xb              -1.54922e-30
x_id_05_05_500_10.raq              3.86984e-34
x_id_05_05_500_10.rbq              3.87628e-34
x_id_05_05_500_10.pwpb                       0
x_id_05_05_500_10.dc              -5.89549e-32
x_id_05_05_500_10.drvc            -5.89549e-32
x_id_05_05_500_10.xc              -5.89549e-32
x_id_05_05_500_10.rac              1.45347e-35
x_id_05_05_500_10.rbc              1.49428e-35
x_id_05_05_500_10.pwpc                       0
x_id_05_10_100_05.da              -1.54922e-30
x_id_05_10_100_05.drva            -1.54922e-30
x_id_05_10_100_05.xa              -1.54922e-30
x_id_05_10_100_05.rap              3.86984e-34
x_id_05_10_100_05.rbp              3.87628e-34
x_id_05_10_100_05.pwpa                       0
x_id_05_10_100_05.db              -5.89549e-32
x_id_05_10_100_05.drvb            -5.89549e-32
x_id_05_10_100_05.xb              -5.89549e-32
x_id_05_10_100_05.raq              1.45347e-35
x_id_05_10_100_05.rbq              1.49428e-35
x_id_05_10_100_05.pwpb                       0
x_id_05_10_100_05.dc              -1.54922e-30
x_id_05_10_100_05.drvc            -1.54922e-30
x_id_05_10_100_05.xc              -1.54922e-30
x_id_05_10_100_05.rac              3.86984e-34
x_id_05_10_100_05.rbc              3.87628e-34
x_id_05_10_100_05.pwpc                       0
x_id_05_10_100_10.da              -5.89549e-32
x_id_05_10_100_10.drva            -5.89549e-32
x_id_05_10_100_10.xa              -5.89549e-32
x_id_05_10_100_10.rap              1.45347e-35
x_id_05_10_100_10.rbp              1.49428e-35
x_id_05_10_100_10.pwpa                       0
x_id_05_10_100_10.db              -1.54922e-30
x_id_05_10_100_10.drvb            -1.54922e-30
x_id_05_10_100_10.xb              -1.54922e-30
x_id_05_10_100_10.raq              3.86984e-34
x_id_05_10_100_10.rbq              3.87628e-34
x_id_05_10_100_10.pwpb                       0
x_id_05_10_100_10.dc              -5.89549e-32
x_id_05_10_100_10.drvc            -5.89549e-32
x_id_05_10_100_10.xc              -5.89549e-32
x_id_05_10_100_10.rac              1.45347e-35
x_id_05_10_100_10.rbc              1.49428e-35
x_id_05_10_100_10.pwpc                       0
x_id_05_10_500_05.da              -1.54922e-30
x_id_05_10_500_05.drva            -1.54922e-30
x_id_05_10_500_05.xa              -1.54922e-30
x_id_05_10_500_05.rap              3.86984e-34
x_id_05_10_500_05.rbp              3.87628e-34
x_id_05_10_500_05.pwpa                       0
x_id_05_10_500_05.db              -5.89549e-32
x_id_05_10_500_05.drvb            -5.89549e-32
x_id_05_10_500_05.xb              -5.89549e-32
x_id_05_10_500_05.raq              1.45347e-35
x_id_05_10_500_05.rbq              1.49428e-35
x_id_05_10_500_05.pwpb                       0
x_id_05_10_500_05.dc              -1.54922e-30
x_id_05_10_500_05.drvc            -1.54922e-30
x_id_05_10_500_05.xc              -1.54922e-30
x_id_05_10_500_05.rac              3.86984e-34
x_id_05_10_500_05.rbc              3.87628e-34
x_id_05_10_500_05.pwpc                       0
x_id_05_10_500_10.da              -5.89549e-32
x_id_05_10_500_10.drva            -5.89549e-32
x_id_05_10_500_10.xa              -5.89549e-32
x_id_05_10_500_10.rap              1.45347e-35
x_id_05_10_500_10.rbp              1.49428e-35
x_id_05_10_500_10.pwpa                       0
x_id_05_10_500_10.db              -1.54922e-30
x_id_05_10_500_10.drvb            -1.54922e-30
x_id_05_10_500_10.xb              -1.54922e-30
x_id_05_10_500_10.raq              3.86984e-34
x_id_05_10_500_10.rbq              3.87628e-34
x_id_05_10_500_10.pwpb                       0
x_id_05_10_500_10.dc              -5.89549e-32
x_id_05_10_500_10.drvc            -5.89549e-32
x_id_05_10_500_10.xc              -5.89549e-32
x_id_05_10_500_10.rac              1.45347e-35
x_id_05_10_500_10.rbc              1.49428e-35
x_id_05_10_500_10.pwpc                       0
x_id_05_30_100_05.da              -1.54922e-30
x_id_05_30_100_05.drva            -1.54922e-30
x_id_05_30_100_05.xa              -1.54922e-30
x_id_05_30_100_05.rap              3.86984e-34
x_id_05_30_100_05.rbp              3.87628e-34
x_id_05_30_100_05.pwpa                       0
x_id_05_30_100_05.db              -5.89549e-32
x_id_05_30_100_05.drvb            -5.89549e-32
x_id_05_30_100_05.xb              -5.89549e-32
x_id_05_30_100_05.raq              1.45347e-35
x_id_05_30_100_05.rbq              1.49428e-35
x_id_05_30_100_05.pwpb                       0
x_id_05_30_100_05.dc              -1.54922e-30
x_id_05_30_100_05.drvc            -1.54922e-30
x_id_05_30_100_05.xc              -1.54922e-30
x_id_05_30_100_05.rac              3.86984e-34
x_id_05_30_100_05.rbc              3.87628e-34
x_id_05_30_100_05.pwpc                       0
x_id_05_30_100_10.da              -5.89549e-32
x_id_05_30_100_10.drva            -5.89549e-32
x_id_05_30_100_10.xa              -5.89549e-32
x_id_05_30_100_10.rap              1.45347e-35
x_id_05_30_100_10.rbp              1.49428e-35
x_id_05_30_100_10.pwpa                       0
x_id_05_30_100_10.db              -1.54922e-30
x_id_05_30_100_10.drvb            -1.54922e-30
x_id_05_30_100_10.xb              -1.54922e-30
x_id_05_30_100_10.raq              3.86984e-34
x_id_05_30_100_10.rbq              3.87628e-34
x_id_05_30_100_10.pwpb                       0
x_id_05_30_100_10.dc              -5.89549e-32
x_id_05_30_100_10.drvc            -5.89549e-32
x_id_05_30_100_10.xc              -5.89549e-32
x_id_05_30_100_10.rac              1.45347e-35
x_id_05_30_100_10.rbc              1.49428e-35
x_id_05_30_100_10.pwpc                       0
x_id_05_30_500_05.da              -1.54922e-30
x_id_05_30_500_05.drva            -1.54922e-30
x_id_05_30_500_05.xa              -1.54922e-30
x_id_05_30_500_05.rap              3.86984e-34
x_id_05_30_500_05.rbp              3.87628e-34
x_id_05_30_500_05.pwpa                       0
x_id_05_30_500_05.db              -5.89549e-32
x_id_05_30_500_05.drvb            -5.89549e-32
x_id_05_30_500_05.xb              -5.89549e-32
x_id_05_30_500_05.raq              1.45347e-35
x_id_05_30_500_05.rbq              1.49428e-35
x_id_05_30_500_05.pwpb                       0
x_id_05_30_500_05.dc              -1.54922e-30
x_id_05_30_500_05.drvc            -1.54922e-30
x_id_05_30_500_05.xc              -1.54922e-30
x_id_05_30_500_05.rac              3.86984e-34
x_id_05_30_500_05.rbc              3.87628e-34
x_id_05_30_500_05.pwpc                       0
x_id_05_30_500_10.da              -5.89549e-32
x_id_05_30_500_10.drva            -5.89549e-32
x_id_05_30_500_10.xa              -5.89549e-32
x_id_05_30_500_10.rap              1.45347e-35
x_id_05_30_500_10.rbp              1.49428e-35
x_id_05_30_500_10.pwpa                       0
x_id_05_30_500_10.db              -1.54922e-30
x_id_05_30_500_10.drvb            -1.54922e-30
x_id_05_30_500_10.xb              -1.54922e-30
x_id_05_30_500_10.raq              3.86984e-34
x_id_05_30_500_10.rbq              3.87628e-34
x_id_05_30_500_10.pwpb                       0
x_id_05_30_500_10.dc              -5.89549e-32
x_id_05_30_500_10.drvc            -5.89549e-32
x_id_05_30_500_10.xc              -5.89549e-32
x_id_05_30_500_10.rac              1.45347e-35
x_id_05_30_500_10.rbc              1.49428e-35
x_id_05_30_500_10.pwpc                       0
x_id_05_100_100_05.da             -1.54922e-30
x_id_05_100_100_05.drva           -1.54922e-30
x_id_05_100_100_05.xa             -1.54922e-30
x_id_05_100_100_05.rap             3.86984e-34
x_id_05_100_100_05.rbp             3.87628e-34
x_id_05_100_100_05.pwpa                      0
x_id_05_100_100_05.db             -5.89549e-32
x_id_05_100_100_05.drvb           -5.89549e-32
x_id_05_100_100_05.xb             -5.89549e-32
x_id_05_100_100_05.raq             1.45347e-35
x_id_05_100_100_05.rbq             1.49428e-35
x_id_05_100_100_05.pwpb                      0
x_id_05_100_100_05.dc             -1.54922e-30
x_id_05_100_100_05.drvc           -1.54922e-30
x_id_05_100_100_05.xc             -1.54922e-30
x_id_05_100_100_05.rac             3.86984e-34
x_id_05_100_100_05.rbc             3.87628e-34
x_id_05_100_100_05.pwpc                      0
x_id_05_100_100_10.da             -5.89549e-32
x_id_05_100_100_10.drva           -5.89549e-32
x_id_05_100_100_10.xa             -5.89549e-32
x_id_05_100_100_10.rap             1.45347e-35
x_id_05_100_100_10.rbp             1.49428e-35
x_id_05_100_100_10.pwpa                      0
x_id_05_100_100_10.db             -1.54922e-30
x_id_05_100_100_10.drvb           -1.54922e-30
x_id_05_100_100_10.xb             -1.54922e-30
x_id_05_100_100_10.raq             3.86984e-34
x_id_05_100_100_10.rbq             3.87628e-34
x_id_05_100_100_10.pwpb                      0
x_id_05_100_100_10.dc             -5.89549e-32
x_id_05_100_100_10.drvc           -5.89549e-32
x_id_05_100_100_10.xc             -5.89549e-32
x_id_05_100_100_10.rac             1.45347e-35
x_id_05_100_100_10.rbc             1.49428e-35
x_id_05_100_100_10.pwpc                      0
x_id_05_100_500_05.da             -1.54922e-30
x_id_05_100_500_05.drva           -1.54922e-30
x_id_05_100_500_05.xa             -1.54922e-30
x_id_05_100_500_05.rap             3.86984e-34
x_id_05_100_500_05.rbp             3.87628e-34
x_id_05_100_500_05.pwpa                      0
x_id_05_100_500_05.db             -5.89549e-32
x_id_05_100_500_05.drvb           -5.89549e-32
x_id_05_100_500_05.xb             -5.89549e-32
x_id_05_100_500_05.raq             1.45347e-35
x_id_05_100_500_05.rbq             1.49428e-35
x_id_05_100_500_05.pwpb                      0
x_id_05_100_500_05.dc             -1.54922e-30
x_id_05_100_500_05.drvc           -1.54922e-30
x_id_05_100_500_05.xc             -1.54922e-30
x_id_05_100_500_05.rac             3.86984e-34
x_id_05_100_500_05.rbc             3.87628e-34
x_id_05_100_500_05.pwpc                      0
x_id_05_100_500_10.da             -5.89549e-32
x_id_05_100_500_10.drva           -5.89549e-32
x_id_05_100_500_10.xa             -5.89549e-32
x_id_05_100_500_10.rap             1.45347e-35
x_id_05_100_500_10.rbp             1.49428e-35
x_id_05_100_500_10.pwpa                      0
x_id_05_100_500_10.db             -1.54922e-30
x_id_05_100_500_10.drvb           -1.54922e-30
x_id_05_100_500_10.xb             -1.54922e-30
x_id_05_100_500_10.raq             3.86984e-34
x_id_05_100_500_10.rbq             3.87628e-34
x_id_05_100_500_10.pwpb                      0
x_id_05_100_500_10.dc             -5.89549e-32
x_id_05_100_500_10.drvc           -5.89549e-32
x_id_05_100_500_10.xc             -5.89549e-32
x_id_05_100_500_10.rac             1.45347e-35
x_id_05_100_500_10.rbc             1.49428e-35
x_id_05_100_500_10.pwpc                      0
x_id_10_05_100_05.da              -1.54922e-30
x_id_10_05_100_05.drva            -1.54922e-30
x_id_10_05_100_05.xa              -1.54922e-30
x_id_10_05_100_05.rap              3.86984e-34
x_id_10_05_100_05.rbp              3.87628e-34
x_id_10_05_100_05.pwpa                       0
x_id_10_05_100_05.db              -5.89549e-32
x_id_10_05_100_05.drvb            -5.89549e-32
x_id_10_05_100_05.xb              -5.89549e-32
x_id_10_05_100_05.raq              1.45347e-35
x_id_10_05_100_05.rbq              1.49428e-35
x_id_10_05_100_05.pwpb                       0
x_id_10_05_100_05.dc              -1.54922e-30
x_id_10_05_100_05.drvc            -1.54922e-30
x_id_10_05_100_05.xc              -1.54922e-30
x_id_10_05_100_05.rac              3.86984e-34
x_id_10_05_100_05.rbc              3.87628e-34
x_id_10_05_100_05.pwpc                       0
x_id_10_05_100_10.da              -5.89549e-32
x_id_10_05_100_10.drva            -5.89549e-32
x_id_10_05_100_10.xa              -5.89549e-32
x_id_10_05_100_10.rap              1.45347e-35
x_id_10_05_100_10.rbp              1.49428e-35
x_id_10_05_100_10.pwpa                       0
x_id_10_05_100_10.db              -1.54922e-30
x_id_10_05_100_10.drvb            -1.54922e-30
x_id_10_05_100_10.xb              -1.54922e-30
x_id_10_05_100_10.raq              3.86984e-34
x_id_10_05_100_10.rbq              3.87628e-34
x_id_10_05_100_10.pwpb                       0
x_id_10_05_100_10.dc              -5.89549e-32
x_id_10_05_100_10.drvc            -5.89549e-32
x_id_10_05_100_10.xc              -5.89549e-32
x_id_10_05_100_10.rac              1.45347e-35
x_id_10_05_100_10.rbc              1.49428e-35
x_id_10_05_100_10.pwpc                       0
x_id_10_05_500_05.da              -1.54922e-30
x_id_10_05_500_05.drva            -1.54922e-30
x_id_10_05_500_05.xa              -1.54922e-30
x_id_10_05_500_05.rap              3.86984e-34
x_id_10_05_500_05.rbp              3.87628e-34
x_id_10_05_500_05.pwpa                       0
x_id_10_05_500_05.db              -5.89549e-32
x_id_10_05_500_05.drvb            -5.89549e-32
x_id_10_05_500_05.xb              -5.89549e-32
x_id_10_05_500_05.raq              1.45347e-35
x_id_10_05_500_05.rbq              1.49428e-35
x_id_10_05_500_05.pwpb                       0
x_id_10_05_500_05.dc              -1.54922e-30
x_id_10_05_500_05.drvc            -1.54922e-30
x_id_10_05_500_05.xc              -1.54922e-30
x_id_10_05_500_05.rac              3.86984e-34
x_id_10_05_500_05.rbc              3.87628e-34
x_id_10_05_500_05.pwpc                       0
x_id_10_05_500_10.da              -5.89549e-32
x_id_10_05_500_10.drva            -5.89549e-32
x_id_10_05_500_10.xa              -5.89549e-32
x_id_10_05_500_10.rap              1.45347e-35
x_id_10_05_500_10.rbp              1.49428e-35
x_id_10_05_500_10.pwpa                       0
x_id_10_05_500_10.db              -1.54922e-30
x_id_10_05_500_10.drvb            -1.54922e-30
x_id_10_05_500_10.xb              -1.54922e-30
x_id_10_05_500_10.raq              3.86984e-34
x_id_10_05_500_10.rbq              3.87628e-34
x_id_10_05_500_10.pwpb                       0
x_id_10_05_500_10.dc              -5.89549e-32
x_id_10_05_500_10.drvc            -5.89549e-32
x_id_10_05_500_10.xc              -5.89549e-32
x_id_10_05_500_10.rac              1.45347e-35
x_id_10_05_500_10.rbc              1.49428e-35
x_id_10_05_500_10.pwpc                       0
x_id_10_10_100_05.da              -1.54922e-30
x_id_10_10_100_05.drva            -1.54922e-30
x_id_10_10_100_05.xa              -1.54922e-30
x_id_10_10_100_05.rap              3.86984e-34
x_id_10_10_100_05.rbp              3.87628e-34
x_id_10_10_100_05.pwpa                       0
x_id_10_10_100_05.db              -5.89549e-32
x_id_10_10_100_05.drvb            -5.89549e-32
x_id_10_10_100_05.xb              -5.89549e-32
x_id_10_10_100_05.raq              1.45347e-35
x_id_10_10_100_05.rbq              1.49428e-35
x_id_10_10_100_05.pwpb                       0
x_id_10_10_100_05.dc              -1.54922e-30
x_id_10_10_100_05.drvc            -1.54922e-30
x_id_10_10_100_05.xc              -1.54922e-30
x_id_10_10_100_05.rac              3.86984e-34
x_id_10_10_100_05.rbc              3.87628e-34
x_id_10_10_100_05.pwpc                       0
x_id_10_10_100_10.da              -5.89549e-32
x_id_10_10_100_10.drva            -5.89549e-32
x_id_10_10_100_10.xa              -5.89549e-32
x_id_10_10_100_10.rap              1.45347e-35
x_id_10_10_100_10.rbp              1.49428e-35
x_id_10_10_100_10.pwpa                       0
x_id_10_10_100_10.db              -1.54922e-30
x_id_10_10_100_10.drvb            -1.54922e-30
x_id_10_10_100_10.xb              -1.54922e-30
x_id_10_10_100_10.raq              3.86984e-34
x_id_10_10_100_10.rbq              3.87628e-34
x_id_10_10_100_10.pwpb                       0
x_id_10_10_100_10.dc              -5.89549e-32
x_id_10_10_100_10.drvc            -5.89549e-32
x_id_10_10_100_10.xc              -5.89549e-32
x_id_10_10_100_10.rac              1.45347e-35
x_id_10_10_100_10.rbc              1.49428e-35
x_id_10_10_100_10.pwpc                       0
x_id_10_10_500_05.da              -1.54922e-30
x_id_10_10_500_05.drva            -1.54922e-30
x_id_10_10_500_05.xa              -1.54922e-30
x_id_10_10_500_05.rap              3.86984e-34
x_id_10_10_500_05.rbp              3.87628e-34
x_id_10_10_500_05.pwpa                       0
x_id_10_10_500_05.db              -5.89549e-32
x_id_10_10_500_05.drvb            -5.89549e-32
x_id_10_10_500_05.xb              -5.89549e-32
x_id_10_10_500_05.raq              1.45347e-35
x_id_10_10_500_05.rbq              1.49428e-35
x_id_10_10_500_05.pwpb                       0
x_id_10_10_500_05.dc              -1.54922e-30
x_id_10_10_500_05.drvc            -1.54922e-30
x_id_10_10_500_05.xc              -1.54922e-30
x_id_10_10_500_05.rac              3.86984e-34
x_id_10_10_500_05.rbc              3.87628e-34
x_id_10_10_500_05.pwpc                       0
x_id_10_10_500_10.da              -5.89549e-32
x_id_10_10_500_10.drva            -5.89549e-32
x_id_10_10_500_10.xa              -5.89549e-32
x_id_10_10_500_10.rap              1.45347e-35
x_id_10_10_500_10.rbp              1.49428e-35
x_id_10_10_500_10.pwpa                       0
x_id_10_10_500_10.db              -1.54922e-30
x_id_10_10_500_10.drvb            -1.54922e-30
x_id_10_10_500_10.xb              -1.54922e-30
x_id_10_10_500_10.raq              3.86984e-34
x_id_10_10_500_10.rbq              3.87628e-34
x_id_10_10_500_10.pwpb                       0
x_id_10_10_500_10.dc              -5.89549e-32
x_id_10_10_500_10.drvc            -5.89549e-32
x_id_10_10_500_10.xc              -5.89549e-32
x_id_10_10_500_10.rac              1.45347e-35
x_id_10_10_500_10.rbc              1.49428e-35
x_id_10_10_500_10.pwpc                       0
x_id_10_30_100_05.da              -1.54922e-30
x_id_10_30_100_05.drva            -1.54922e-30
x_id_10_30_100_05.xa              -1.54922e-30
x_id_10_30_100_05.rap              3.86984e-34
x_id_10_30_100_05.rbp              3.87628e-34
x_id_10_30_100_05.pwpa                       0
x_id_10_30_100_05.db              -5.89549e-32
x_id_10_30_100_05.drvb            -5.89549e-32
x_id_10_30_100_05.xb              -5.89549e-32
x_id_10_30_100_05.raq              1.45347e-35
x_id_10_30_100_05.rbq              1.49428e-35
x_id_10_30_100_05.pwpb                       0
x_id_10_30_100_05.dc              -1.54922e-30
x_id_10_30_100_05.drvc            -1.54922e-30
x_id_10_30_100_05.xc              -1.54922e-30
x_id_10_30_100_05.rac              3.86984e-34
x_id_10_30_100_05.rbc              3.87628e-34
x_id_10_30_100_05.pwpc                       0
x_id_10_30_100_10.da              -5.89549e-32
x_id_10_30_100_10.drva            -5.89549e-32
x_id_10_30_100_10.xa              -5.89549e-32
x_id_10_30_100_10.rap              1.45347e-35
x_id_10_30_100_10.rbp              1.49428e-35
x_id_10_30_100_10.pwpa                       0
x_id_10_30_100_10.db              -1.54922e-30
x_id_10_30_100_10.drvb            -1.54922e-30
x_id_10_30_100_10.xb              -1.54922e-30
x_id_10_30_100_10.raq              3.86984e-34
x_id_10_30_100_10.rbq              3.87628e-34
x_id_10_30_100_10.pwpb                       0
x_id_10_30_100_10.dc              -5.89549e-32
x_id_10_30_100_10.drvc            -5.89549e-32
x_id_10_30_100_10.xc              -5.89549e-32
x_id_10_30_100_10.rac              1.45347e-35
x_id_10_30_100_10.rbc              1.49428e-35
x_id_10_30_100_10.pwpc                       0
x_id_10_30_500_05.da              -1.54922e-30
x_id_10_30_500_05.drva            -1.54922e-30
x_id_10_30_500_05.xa              -1.54922e-30
x_id_10_30_500_05.rap              3.86984e-34
x_id_10_30_500_05.rbp              3.87628e-34
x_id_10_30_500_05.pwpa                       0
x_id_10_30_500_05.db              -5.89549e-32
x_id_10_30_500_05.drvb            -5.89549e-32
x_id_10_30_500_05.xb              -5.89549e-32
x_id_10_30_500_05.raq              1.45347e-35
x_id_10_30_500_05.rbq              1.49428e-35
x_id_10_30_500_05.pwpb                       0
x_id_10_30_500_05.dc              -1.54922e-30
x_id_10_30_500_05.drvc            -1.54922e-30
x_id_10_30_500_05.xc              -1.54922e-30
x_id_10_30_500_05.rac              3.86984e-34
x_id_10_30_500_05.rbc              3.87628e-34
x_id_10_30_500_05.pwpc                       0
x_id_10_30_500_10.da              -5.89549e-32
x_id_10_30_500_10.drva            -5.89549e-32
x_id_10_30_500_10.xa              -5.89549e-32
x_id_10_30_500_10.rap              1.45347e-35
x_id_10_30_500_10.rbp              1.49428e-35
x_id_10_30_500_10.pwpa                       0
x_id_10_30_500_10.db              -1.54922e-30
x_id_10_30_500_10.drvb            -1.54922e-30
x_id_10_30_500_10.xb              -1.54922e-30
x_id_10_30_500_10.raq              3.86984e-34
x_id_10_30_500_10.rbq              3.87628e-34
x_id_10_30_500_10.pwpb                       0
x_id_10_30_500_10.dc              -5.89549e-32
x_id_10_30_500_10.drvc            -5.89549e-32
x_id_10_30_500_10.xc              -5.89549e-32
x_id_10_30_500_10.rac              1.45347e-35
x_id_10_30_500_10.rbc              1.49428e-35
x_id_10_30_500_10.pwpc                       0
x_id_10_100_100_05.da             -1.54922e-30
x_id_10_100_100_05.drva           -1.54922e-30
x_id_10_100_100_05.xa             -1.54922e-30
x_id_10_100_100_05.rap             3.86984e-34
x_id_10_100_100_05.rbp             3.87628e-34
x_id_10_100_100_05.pwpa                      0
x_id_10_100_100_05.db             -5.89549e-32
x_id_10_100_100_05.drvb           -5.89549e-32
x_id_10_100_100_05.xb             -5.89549e-32
x_id_10_100_100_05.raq             1.45347e-35
x_id_10_100_100_05.rbq             1.49428e-35
x_id_10_100_100_05.pwpb                      0
x_id_10_100_100_05.dc             -1.54922e-30
x_id_10_100_100_05.drvc           -1.54922e-30
x_id_10_100_100_05.xc             -1.54922e-30
x_id_10_100_100_05.rac             3.86984e-34
x_id_10_100_100_05.rbc             3.87628e-34
x_id_10_100_100_05.pwpc                      0
x_id_10_100_100_10.da             -5.89549e-32
x_id_10_100_100_10.drva           -5.89549e-32
x_id_10_100_100_10.xa             -5.89549e-32
x_id_10_100_100_10.rap             1.45347e-35
x_id_10_100_100_10.rbp             1.49428e-35
x_id_10_100_100_10.pwpa                      0
x_id_10_100_100_10.db             -1.54922e-30
x_id_10_100_100_10.drvb           -1.54922e-30
x_id_10_100_100_10.xb             -1.54922e-30
x_id_10_100_100_10.raq             3.86984e-34
x_id_10_100_100_10.rbq             3.87628e-34
x_id_10_100_100_10.pwpb                      0
x_id_10_100_100_10.dc             -5.89549e-32
x_id_10_100_100_10.drvc           -5.89549e-32
x_id_10_100_100_10.xc             -5.89549e-32
x_id_10_100_100_10.rac             1.45347e-35
x_id_10_100_100_10.rbc             1.49428e-35
x_id_10_100_100_10.pwpc                      0
x_id_10_100_500_05.da             -1.54922e-30
x_id_10_100_500_05.drva           -1.54922e-30
x_id_10_100_500_05.xa             -1.54922e-30
x_id_10_100_500_05.rap             3.86984e-34
x_id_10_100_500_05.rbp             3.87628e-34
x_id_10_100_500_05.pwpa                      0
x_id_10_100_500_05.db             -5.89549e-32
x_id_10_100_500_05.drvb           -5.89549e-32
x_id_10_100_500_05.xb             -5.89549e-32
x_id_10_100_500_05.raq             1.45347e-35
x_id_10_100_500_05.rbq             1.49428e-35
x_id_10_100_500_05.pwpb                      0
x_id_10_100_500_05.dc             -1.54922e-30
x_id_10_100_500_05.drvc           -1.54922e-30
x_id_10_100_500_05.xc             -1.54922e-30
x_id_10_100_500_05.rac             3.86984e-34
x_id_10_100_500_05.rbc             3.87628e-34
x_id_10_100_500_05.pwpc                      0
x_id_10_100_500_10.da             -5.89549e-32
x_id_10_100_500_10.drva           -5.89549e-32
x_id_10_100_500_10.xa             -5.89549e-32
x_id_10_100_500_10.rap             1.45347e-35
x_id_10_100_500_10.rbp             1.49428e-35
x_id_10_100_500_10.pwpa                      0
x_id_10_100_500_10.db             -1.54922e-30
x_id_10_100_500_10.drvb           -1.54922e-30
x_id_10_100_500_10.xb             -1.54922e-30
x_id_10_100_500_10.raq             3.86984e-34
x_id_10_100_500_10.rbq             3.87628e-34
x_id_10_100_500_10.pwpb                      0
x_id_10_100_500_10.dc             -5.89549e-32
x_id_10_100_500_10.drvc           -5.89549e-32
x_id_10_100_500_10.xc             -5.89549e-32
x_id_10_100_500_10.rac             1.45347e-35
x_id_10_100_500_10.rbc             1.49428e-35
x_id_10_100_500_10.pwpc                      0
x_sc_02_05_100_05.da               -7.8812e-23
x_sc_02_05_100_05.drva             -7.8812e-23
x_sc_02_05_100_05.xa               -7.8812e-23
x_sc_02_05_100_05.rap              -2.5352e-21
x_sc_02_05_100_05.rbp              2.53524e-21
x_sc_02_05_100_05.pwpa                       0
x_sc_02_05_100_05.db              -4.07884e-20
x_sc_02_05_100_05.drvb            -4.07884e-20
x_sc_02_05_100_05.xb              -4.07884e-20
x_sc_02_05_100_05.raq             -2.52502e-21
x_sc_02_05_100_05.rbq              2.54541e-21
x_sc_02_05_100_05.pwpb                       0
x_sc_02_05_100_05.dc               -7.8812e-23
x_sc_02_05_100_05.drvc             -7.8812e-23
x_sc_02_05_100_05.xc               -7.8812e-23
x_sc_02_05_100_05.rac              -2.5352e-21
x_sc_02_05_100_05.rbc              2.53524e-21
x_sc_02_05_100_05.pwpc                       0
x_sc_02_05_100_10.da              -4.07884e-20
x_sc_02_05_100_10.drva            -4.07884e-20
x_sc_02_05_100_10.xa              -4.07884e-20
x_sc_02_05_100_10.rap             -2.52502e-21
x_sc_02_05_100_10.rbp              2.54541e-21
x_sc_02_05_100_10.pwpa                       0
x_sc_02_05_100_10.db               -7.8812e-23
x_sc_02_05_100_10.drvb             -7.8812e-23
x_sc_02_05_100_10.xb               -7.8812e-23
x_sc_02_05_100_10.raq              -2.5352e-21
x_sc_02_05_100_10.rbq              2.53524e-21
x_sc_02_05_100_10.pwpb                       0
x_sc_02_05_100_10.dc              -4.07884e-20
x_sc_02_05_100_10.drvc            -4.07884e-20
x_sc_02_05_100_10.xc              -4.07884e-20
x_sc_02_05_100_10.rac             -2.52502e-21
x_sc_02_05_100_10.rbc              2.54541e-21
x_sc_02_05_100_10.pwpc                       0
x_sc_02_05_500_05.da               -7.8812e-23
x_sc_02_05_500_05.drva             -7.8812e-23
x_sc_02_05_500_05.xa               -7.8812e-23
x_sc_02_05_500_05.rap              -2.5352e-21
x_sc_02_05_500_05.rbp              2.53524e-21
x_sc_02_05_500_05.pwpa                       0
x_sc_02_05_500_05.db              -4.07884e-20
x_sc_02_05_500_05.drvb            -4.07884e-20
x_sc_02_05_500_05.xb              -4.07884e-20
x_sc_02_05_500_05.raq             -2.52502e-21
x_sc_02_05_500_05.rbq              2.54541e-21
x_sc_02_05_500_05.pwpb                       0
x_sc_02_05_500_05.dc               -7.8812e-23
x_sc_02_05_500_05.drvc             -7.8812e-23
x_sc_02_05_500_05.xc               -7.8812e-23
x_sc_02_05_500_05.rac              -2.5352e-21
x_sc_02_05_500_05.rbc              2.53524e-21
x_sc_02_05_500_05.pwpc                       0
x_sc_02_05_500_10.da              -4.07884e-20
x_sc_02_05_500_10.drva            -4.07884e-20
x_sc_02_05_500_10.xa              -4.07884e-20
x_sc_02_05_500_10.rap             -2.52502e-21
x_sc_02_05_500_10.rbp              2.54541e-21
x_sc_02_05_500_10.pwpa                       0
x_sc_02_05_500_10.db               -7.8812e-23
x_sc_02_05_500_10.drvb             -7.8812e-23
x_sc_02_05_500_10.xb               -7.8812e-23
x_sc_02_05_500_10.raq              -2.5352e-21
x_sc_02_05_500_10.rbq              2.53524e-21
x_sc_02_05_500_10.pwpb                       0
x_sc_02_05_500_10.dc              -4.07884e-20
x_sc_02_05_500_10.drvc            -4.07884e-20
x_sc_02_05_500_10.xc              -4.07884e-20
x_sc_02_05_500_10.rac             -2.52502e-21
x_sc_02_05_500_10.rbc              2.54541e-21
x_sc_02_05_500_10.pwpc                       0
x_sc_02_10_100_05.da               -7.8812e-23
x_sc_02_10_100_05.drva             -7.8812e-23
x_sc_02_10_100_05.xa               -7.8812e-23
x_sc_02_10_100_05.rap              -2.5352e-21
x_sc_02_10_100_05.rbp              2.53524e-21
x_sc_02_10_100_05.pwpa                       0
x_sc_02_10_100_05.db              -4.07884e-20
x_sc_02_10_100_05.drvb            -4.07884e-20
x_sc_02_10_100_05.xb              -4.07884e-20
x_sc_02_10_100_05.raq             -2.52502e-21
x_sc_02_10_100_05.rbq              2.54541e-21
x_sc_02_10_100_05.pwpb                       0
x_sc_02_10_100_05.dc               -7.8812e-23
x_sc_02_10_100_05.drvc             -7.8812e-23
x_sc_02_10_100_05.xc               -7.8812e-23
x_sc_02_10_100_05.rac              -2.5352e-21
x_sc_02_10_100_05.rbc              2.53524e-21
x_sc_02_10_100_05.pwpc                       0
x_sc_02_10_100_10.da              -4.07884e-20
x_sc_02_10_100_10.drva            -4.07884e-20
x_sc_02_10_100_10.xa              -4.07884e-20
x_sc_02_10_100_10.rap             -2.52502e-21
x_sc_02_10_100_10.rbp              2.54541e-21
x_sc_02_10_100_10.pwpa                       0
x_sc_02_10_100_10.db               -7.8812e-23
x_sc_02_10_100_10.drvb             -7.8812e-23
x_sc_02_10_100_10.xb               -7.8812e-23
x_sc_02_10_100_10.raq              -2.5352e-21
x_sc_02_10_100_10.rbq              2.53524e-21
x_sc_02_10_100_10.pwpb                       0
x_sc_02_10_100_10.dc              -4.07884e-20
x_sc_02_10_100_10.drvc            -4.07884e-20
x_sc_02_10_100_10.xc              -4.07884e-20
x_sc_02_10_100_10.rac             -2.52502e-21
x_sc_02_10_100_10.rbc              2.54541e-21
x_sc_02_10_100_10.pwpc                       0
x_sc_02_10_500_05.da               -7.8812e-23
x_sc_02_10_500_05.drva             -7.8812e-23
x_sc_02_10_500_05.xa               -7.8812e-23
x_sc_02_10_500_05.rap              -2.5352e-21
x_sc_02_10_500_05.rbp              2.53524e-21
x_sc_02_10_500_05.pwpa                       0
x_sc_02_10_500_05.db              -4.07884e-20
x_sc_02_10_500_05.drvb            -4.07884e-20
x_sc_02_10_500_05.xb              -4.07884e-20
x_sc_02_10_500_05.raq             -2.52502e-21
x_sc_02_10_500_05.rbq              2.54541e-21
x_sc_02_10_500_05.pwpb                       0
x_sc_02_10_500_05.dc               -7.8812e-23
x_sc_02_10_500_05.drvc             -7.8812e-23
x_sc_02_10_500_05.xc               -7.8812e-23
x_sc_02_10_500_05.rac              -2.5352e-21
x_sc_02_10_500_05.rbc              2.53524e-21
x_sc_02_10_500_05.pwpc                       0
x_sc_02_10_500_10.da              -4.07884e-20
x_sc_02_10_500_10.drva            -4.07884e-20
x_sc_02_10_500_10.xa              -4.07884e-20
x_sc_02_10_500_10.rap             -2.52502e-21
x_sc_02_10_500_10.rbp              2.54541e-21
x_sc_02_10_500_10.pwpa                       0
x_sc_02_10_500_10.db               -7.8812e-23
x_sc_02_10_500_10.drvb             -7.8812e-23
x_sc_02_10_500_10.xb               -7.8812e-23
x_sc_02_10_500_10.raq              -2.5352e-21
x_sc_02_10_500_10.rbq              2.53524e-21
x_sc_02_10_500_10.pwpb                       0
x_sc_02_10_500_10.dc              -4.07884e-20
x_sc_02_10_500_10.drvc            -4.07884e-20
x_sc_02_10_500_10.xc              -4.07884e-20
x_sc_02_10_500_10.rac             -2.52502e-21
x_sc_02_10_500_10.rbc              2.54541e-21
x_sc_02_10_500_10.pwpc                       0
x_sc_02_30_100_05.da               -7.8812e-23
x_sc_02_30_100_05.drva             -7.8812e-23
x_sc_02_30_100_05.xa               -7.8812e-23
x_sc_02_30_100_05.rap              -2.5352e-21
x_sc_02_30_100_05.rbp              2.53524e-21
x_sc_02_30_100_05.pwpa                       0
x_sc_02_30_100_05.db              -4.07884e-20
x_sc_02_30_100_05.drvb            -4.07884e-20
x_sc_02_30_100_05.xb              -4.07884e-20
x_sc_02_30_100_05.raq             -2.52502e-21
x_sc_02_30_100_05.rbq              2.54541e-21
x_sc_02_30_100_05.pwpb                       0
x_sc_02_30_100_05.dc               -7.8812e-23
x_sc_02_30_100_05.drvc             -7.8812e-23
x_sc_02_30_100_05.xc               -7.8812e-23
x_sc_02_30_100_05.rac              -2.5352e-21
x_sc_02_30_100_05.rbc              2.53524e-21
x_sc_02_30_100_05.pwpc                       0
x_sc_02_30_100_10.da              -4.07884e-20
x_sc_02_30_100_10.drva            -4.07884e-20
x_sc_02_30_100_10.xa              -4.07884e-20
x_sc_02_30_100_10.rap             -2.52502e-21
x_sc_02_30_100_10.rbp              2.54541e-21
x_sc_02_30_100_10.pwpa                       0
x_sc_02_30_100_10.db               -7.8812e-23
x_sc_02_30_100_10.drvb             -7.8812e-23
x_sc_02_30_100_10.xb               -7.8812e-23
x_sc_02_30_100_10.raq              -2.5352e-21
x_sc_02_30_100_10.rbq              2.53524e-21
x_sc_02_30_100_10.pwpb                       0
x_sc_02_30_100_10.dc              -4.07884e-20
x_sc_02_30_100_10.drvc            -4.07884e-20
x_sc_02_30_100_10.xc              -4.07884e-20
x_sc_02_30_100_10.rac             -2.52502e-21
x_sc_02_30_100_10.rbc              2.54541e-21
x_sc_02_30_100_10.pwpc                       0
x_sc_02_30_500_05.da               -7.8812e-23
x_sc_02_30_500_05.drva             -7.8812e-23
x_sc_02_30_500_05.xa               -7.8812e-23
x_sc_02_30_500_05.rap              -2.5352e-21
x_sc_02_30_500_05.rbp              2.53524e-21
x_sc_02_30_500_05.pwpa                       0
x_sc_02_30_500_05.db              -4.07884e-20
x_sc_02_30_500_05.drvb            -4.07884e-20
x_sc_02_30_500_05.xb              -4.07884e-20
x_sc_02_30_500_05.raq             -2.52502e-21
x_sc_02_30_500_05.rbq              2.54541e-21
x_sc_02_30_500_05.pwpb                       0
x_sc_02_30_500_05.dc               -7.8812e-23
x_sc_02_30_500_05.drvc             -7.8812e-23
x_sc_02_30_500_05.xc               -7.8812e-23
x_sc_02_30_500_05.rac              -2.5352e-21
x_sc_02_30_500_05.rbc              2.53524e-21
x_sc_02_30_500_05.pwpc                       0
x_sc_02_30_500_10.da              -4.07884e-20
x_sc_02_30_500_10.drva            -4.07884e-20
x_sc_02_30_500_10.xa              -4.07884e-20
x_sc_02_30_500_10.rap             -2.52502e-21
x_sc_02_30_500_10.rbp              2.54541e-21
x_sc_02_30_500_10.pwpa                       0
x_sc_02_30_500_10.db               -7.8812e-23
x_sc_02_30_500_10.drvb             -7.8812e-23
x_sc_02_30_500_10.xb               -7.8812e-23
x_sc_02_30_500_10.raq              -2.5352e-21
x_sc_02_30_500_10.rbq              2.53524e-21
x_sc_02_30_500_10.pwpb                       0
x_sc_02_30_500_10.dc              -4.07884e-20
x_sc_02_30_500_10.drvc            -4.07884e-20
x_sc_02_30_500_10.xc              -4.07884e-20
x_sc_02_30_500_10.rac             -2.52502e-21
x_sc_02_30_500_10.rbc              2.54541e-21
x_sc_02_30_500_10.pwpc                       0
x_sc_02_100_100_05.da              -7.8812e-23
x_sc_02_100_100_05.drva            -7.8812e-23
x_sc_02_100_100_05.xa              -7.8812e-23
x_sc_02_100_100_05.rap             -2.5352e-21
x_sc_02_100_100_05.rbp             2.53524e-21
x_sc_02_100_100_05.pwpa                      0
x_sc_02_100_100_05.db             -4.07884e-20
x_sc_02_100_100_05.drvb           -4.07884e-20
x_sc_02_100_100_05.xb             -4.07884e-20
x_sc_02_100_100_05.raq            -2.52502e-21
x_sc_02_100_100_05.rbq             2.54541e-21
x_sc_02_100_100_05.pwpb                      0
x_sc_02_100_100_05.dc              -7.8812e-23
x_sc_02_100_100_05.drvc            -7.8812e-23
x_sc_02_100_100_05.xc              -7.8812e-23
x_sc_02_100_100_05.rac             -2.5352e-21
x_sc_02_100_100_05.rbc             2.53524e-21
x_sc_02_100_100_05.pwpc                      0
x_sc_02_100_100_10.da             -4.07884e-20
x_sc_02_100_100_10.drva           -4.07884e-20
x_sc_02_100_100_10.xa             -4.07884e-20
x_sc_02_100_100_10.rap            -2.52502e-21
x_sc_02_100_100_10.rbp             2.54541e-21
x_sc_02_100_100_10.pwpa                      0
x_sc_02_100_100_10.db              -7.8812e-23
x_sc_02_100_100_10.drvb            -7.8812e-23
x_sc_02_100_100_10.xb              -7.8812e-23
x_sc_02_100_100_10.raq             -2.5352e-21
x_sc_02_100_100_10.rbq             2.53524e-21
x_sc_02_100_100_10.pwpb                      0
x_sc_02_100_100_10.dc             -4.07884e-20
x_sc_02_100_100_10.drvc           -4.07884e-20
x_sc_02_100_100_10.xc             -4.07884e-20
x_sc_02_100_100_10.rac            -2.52502e-21
x_sc_02_100_100_10.rbc             2.54541e-21
x_sc_02_100_100_10.pwpc                      0
x_sc_02_100_500_05.da              -7.8812e-23
x_sc_02_100_500_05.drva            -7.8812e-23
x_sc_02_100_500_05.xa              -7.8812e-23
x_sc_02_100_500_05.rap             -2.5352e-21
x_sc_02_100_500_05.rbp             2.53524e-21
x_sc_02_100_500_05.pwpa                      0
x_sc_02_100_500_05.db             -4.07884e-20
x_sc_02_100_500_05.drvb           -4.07884e-20
x_sc_02_100_500_05.xb             -4.07884e-20
x_sc_02_100_500_05.raq            -2.52502e-21
x_sc_02_100_500_05.rbq             2.54541e-21
x_sc_02_100_500_05.pwpb                      0
x_sc_02_100_500_05.dc              -7.8812e-23
x_sc_02_100_500_05.drvc            -7.8812e-23
x_sc_02_100_500_05.xc              -7.8812e-23
x_sc_02_100_500_05.rac             -2.5352e-21
x_sc_02_100_500_05.rbc             2.53524e-21
x_sc_02_100_500_05.pwpc                      0
x_sc_02_100_500_10.da             -4.07884e-20
x_sc_02_100_500_10.drva           -4.07884e-20
x_sc_02_100_500_10.xa             -4.07884e-20
x_sc_02_100_500_10.rap            -2.52502e-21
x_sc_02_100_500_10.rbp             2.54541e-21
x_sc_02_100_500_10.pwpa                      0
x_sc_02_100_500_10.db              -7.8812e-23
x_sc_02_100_500_10.drvb            -7.8812e-23
x_sc_02_100_500_10.xb              -7.8812e-23
x_sc_02_100_500_10.raq             -2.5352e-21
x_sc_02_100_500_10.rbq             2.53524e-21
x_sc_02_100_500_10.pwpb                      0
x_sc_02_100_500_10.dc             -4.07884e-20
x_sc_02_100_500_10.drvc           -4.07884e-20
x_sc_02_100_500_10.xc             -4.07884e-20
x_sc_02_100_500_10.rac            -2.52502e-21
x_sc_02_100_500_10.rbc             2.54541e-21
x_sc_02_100_500_10.pwpc                      0
x_sc_05_05_100_05.da               -7.8812e-23
x_sc_05_05_100_05.drva             -7.8812e-23
x_sc_05_05_100_05.xa               -7.8812e-23
x_sc_05_05_100_05.rap              -2.5352e-21
x_sc_05_05_100_05.rbp              2.53524e-21
x_sc_05_05_100_05.pwpa                       0
x_sc_05_05_100_05.db              -4.07884e-20
x_sc_05_05_100_05.drvb            -4.07884e-20
x_sc_05_05_100_05.xb              -4.07884e-20
x_sc_05_05_100_05.raq             -2.52502e-21
x_sc_05_05_100_05.rbq              2.54541e-21
x_sc_05_05_100_05.pwpb                       0
x_sc_05_05_100_05.dc               -7.8812e-23
x_sc_05_05_100_05.drvc             -7.8812e-23
x_sc_05_05_100_05.xc               -7.8812e-23
x_sc_05_05_100_05.rac              -2.5352e-21
x_sc_05_05_100_05.rbc              2.53524e-21
x_sc_05_05_100_05.pwpc                       0
x_sc_05_05_100_10.da              -4.07884e-20
x_sc_05_05_100_10.drva            -4.07884e-20
x_sc_05_05_100_10.xa              -4.07884e-20
x_sc_05_05_100_10.rap             -2.52502e-21
x_sc_05_05_100_10.rbp              2.54541e-21
x_sc_05_05_100_10.pwpa                       0
x_sc_05_05_100_10.db               -7.8812e-23
x_sc_05_05_100_10.drvb             -7.8812e-23
x_sc_05_05_100_10.xb               -7.8812e-23
x_sc_05_05_100_10.raq              -2.5352e-21
x_sc_05_05_100_10.rbq              2.53524e-21
x_sc_05_05_100_10.pwpb                       0
x_sc_05_05_100_10.dc              -4.07884e-20
x_sc_05_05_100_10.drvc            -4.07884e-20
x_sc_05_05_100_10.xc              -4.07884e-20
x_sc_05_05_100_10.rac             -2.52502e-21
x_sc_05_05_100_10.rbc              2.54541e-21
x_sc_05_05_100_10.pwpc                       0
x_sc_05_05_500_05.da               -7.8812e-23
x_sc_05_05_500_05.drva             -7.8812e-23
x_sc_05_05_500_05.xa               -7.8812e-23
x_sc_05_05_500_05.rap              -2.5352e-21
x_sc_05_05_500_05.rbp              2.53524e-21
x_sc_05_05_500_05.pwpa                       0
x_sc_05_05_500_05.db              -4.07884e-20
x_sc_05_05_500_05.drvb            -4.07884e-20
x_sc_05_05_500_05.xb              -4.07884e-20
x_sc_05_05_500_05.raq             -2.52502e-21
x_sc_05_05_500_05.rbq              2.54541e-21
x_sc_05_05_500_05.pwpb                       0
x_sc_05_05_500_05.dc               -7.8812e-23
x_sc_05_05_500_05.drvc             -7.8812e-23
x_sc_05_05_500_05.xc               -7.8812e-23
x_sc_05_05_500_05.rac              -2.5352e-21
x_sc_05_05_500_05.rbc              2.53524e-21
x_sc_05_05_500_05.pwpc                       0
x_sc_05_05_500_10.da              -4.07884e-20
x_sc_05_05_500_10.drva            -4.07884e-20
x_sc_05_05_500_10.xa              -4.07884e-20
x_sc_05_05_500_10.rap             -2.52502e-21
x_sc_05_05_500_10.rbp              2.54541e-21
x_sc_05_05_500_10.pwpa                       0
x_sc_05_05_500_10.db               -7.8812e-23
x_sc_05_05_500_10.drvb             -7.8812e-23
x_sc_05_05_500_10.xb               -7.8812e-23
x_sc_05_05_500_10.raq              -2.5352e-21
x_sc_05_05_500_10.rbq              2.53524e-21
x_sc_05_05_500_10.pwpb                       0
x_sc_05_05_500_10.dc              -4.07884e-20
x_sc_05_05_500_10.drvc            -4.07884e-20
x_sc_05_05_500_10.xc              -4.07884e-20
x_sc_05_05_500_10.rac             -2.52502e-21
x_sc_05_05_500_10.rbc              2.54541e-21
x_sc_05_05_500_10.pwpc                       0
x_sc_05_10_100_05.da               -7.8812e-23
x_sc_05_10_100_05.drva             -7.8812e-23
x_sc_05_10_100_05.xa               -7.8812e-23
x_sc_05_10_100_05.rap              -2.5352e-21
x_sc_05_10_100_05.rbp              2.53524e-21
x_sc_05_10_100_05.pwpa                       0
x_sc_05_10_100_05.db              -4.07884e-20
x_sc_05_10_100_05.drvb            -4.07884e-20
x_sc_05_10_100_05.xb              -4.07884e-20
x_sc_05_10_100_05.raq             -2.52502e-21
x_sc_05_10_100_05.rbq              2.54541e-21
x_sc_05_10_100_05.pwpb                       0
x_sc_05_10_100_05.dc               -7.8812e-23
x_sc_05_10_100_05.drvc             -7.8812e-23
x_sc_05_10_100_05.xc               -7.8812e-23
x_sc_05_10_100_05.rac              -2.5352e-21
x_sc_05_10_100_05.rbc              2.53524e-21
x_sc_05_10_100_05.pwpc                       0
x_sc_05_10_100_10.da              -4.07884e-20
x_sc_05_10_100_10.drva            -4.07884e-20
x_sc_05_10_100_10.xa              -4.07884e-20
x_sc_05_10_100_10.rap             -2.52502e-21
x_sc_05_10_100_10.rbp              2.54541e-21
x_sc_05_10_100_10.pwpa                       0
x_sc_05_10_100_10.db               -7.8812e-23
x_sc_05_10_100_10.drvb             -7.8812e-23
x_sc_05_10_100_10.xb               -7.8812e-23
x_sc_05_10_100_10.raq              -2.5352e-21
x_sc_05_10_100_10.rbq              2.53524e-21
x_sc_05_10_100_10.pwpb                       0
x_sc_05_10_100_10.dc              -4.07884e-20
x_sc_05_10_100_10.drvc            -4.07884e-20
x_sc_05_10_100_10.xc              -4.07884e-20
x_sc_05_10_100_10.rac             -2.52502e-21
x_sc_05_10_100_10.rbc              2.54541e-21
x_sc_05_10_100_10.pwpc                       0
x_sc_05_10_500_05.da               -7.8812e-23
x_sc_05_10_500_05.drva             -7.8812e-23
x_sc_05_10_500_05.xa               -7.8812e-23
x_sc_05_10_500_05.rap              -2.5352e-21
x_sc_05_10_500_05.rbp              2.53524e-21
x_sc_05_10_500_05.pwpa                       0
x_sc_05_10_500_05.db              -4.07884e-20
x_sc_05_10_500_05.drvb            -4.07884e-20
x_sc_05_10_500_05.xb              -4.07884e-20
x_sc_05_10_500_05.raq             -2.52502e-21
x_sc_05_10_500_05.rbq              2.54541e-21
x_sc_05_10_500_05.pwpb                       0
x_sc_05_10_500_05.dc               -7.8812e-23
x_sc_05_10_500_05.drvc             -7.8812e-23
x_sc_05_10_500_05.xc               -7.8812e-23
x_sc_05_10_500_05.rac              -2.5352e-21
x_sc_05_10_500_05.rbc              2.53524e-21
x_sc_05_10_500_05.pwpc                       0
x_sc_05_10_500_10.da              -4.07884e-20
x_sc_05_10_500_10.drva            -4.07884e-20
x_sc_05_10_500_10.xa              -4.07884e-20
x_sc_05_10_500_10.rap             -2.52502e-21
x_sc_05_10_500_10.rbp              2.54541e-21
x_sc_05_10_500_10.pwpa                       0
x_sc_05_10_500_10.db               -7.8812e-23
x_sc_05_10_500_10.drvb             -7.8812e-23
x_sc_05_10_500_10.xb               -7.8812e-23
x_sc_05_10_500_10.raq              -2.5352e-21
x_sc_05_10_500_10.rbq              2.53524e-21
x_sc_05_10_500_10.pwpb                       0
x_sc_05_10_500_10.dc              -4.07884e-20
x_sc_05_10_500_10.drvc            -4.07884e-20
x_sc_05_10_500_10.xc              -4.07884e-20
x_sc_05_10_500_10.rac             -2.52502e-21
x_sc_05_10_500_10.rbc              2.54541e-21
x_sc_05_10_500_10.pwpc                       0
x_sc_05_30_100_05.da               -7.8812e-23
x_sc_05_30_100_05.drva             -7.8812e-23
x_sc_05_30_100_05.xa               -7.8812e-23
x_sc_05_30_100_05.rap              -2.5352e-21
x_sc_05_30_100_05.rbp              2.53524e-21
x_sc_05_30_100_05.pwpa                       0
x_sc_05_30_100_05.db              -4.07884e-20
x_sc_05_30_100_05.drvb            -4.07884e-20
x_sc_05_30_100_05.xb              -4.07884e-20
x_sc_05_30_100_05.raq             -2.52502e-21
x_sc_05_30_100_05.rbq              2.54541e-21
x_sc_05_30_100_05.pwpb                       0
x_sc_05_30_100_05.dc               -7.8812e-23
x_sc_05_30_100_05.drvc             -7.8812e-23
x_sc_05_30_100_05.xc               -7.8812e-23
x_sc_05_30_100_05.rac              -2.5352e-21
x_sc_05_30_100_05.rbc              2.53524e-21
x_sc_05_30_100_05.pwpc                       0
x_sc_05_30_100_10.da              -4.07884e-20
x_sc_05_30_100_10.drva            -4.07884e-20
x_sc_05_30_100_10.xa              -4.07884e-20
x_sc_05_30_100_10.rap             -2.52502e-21
x_sc_05_30_100_10.rbp              2.54541e-21
x_sc_05_30_100_10.pwpa                       0
x_sc_05_30_100_10.db               -7.8812e-23
x_sc_05_30_100_10.drvb             -7.8812e-23
x_sc_05_30_100_10.xb               -7.8812e-23
x_sc_05_30_100_10.raq              -2.5352e-21
x_sc_05_30_100_10.rbq              2.53524e-21
x_sc_05_30_100_10.pwpb                       0
x_sc_05_30_100_10.dc              -4.07884e-20
x_sc_05_30_100_10.drvc            -4.07884e-20
x_sc_05_30_100_10.xc              -4.07884e-20
x_sc_05_30_100_10.rac             -2.52502e-21
x_sc_05_30_100_10.rbc              2.54541e-21
x_sc_05_30_100_10.pwpc                       0
x_sc_05_30_500_05.da               -7.8812e-23
x_sc_05_30_500_05.drva             -7.8812e-23
x_sc_05_30_500_05.xa               -7.8812e-23
x_sc_05_30_500_05.rap              -2.5352e-21
x_sc_05_30_500_05.rbp              2.53524e-21
x_sc_05_30_500_05.pwpa                       0
x_sc_05_30_500_05.db              -4.07884e-20
x_sc_05_30_500_05.drvb            -4.07884e-20
x_sc_05_30_500_05.xb              -4.07884e-20
x_sc_05_30_500_05.raq             -2.52502e-21
x_sc_05_30_500_05.rbq              2.54541e-21
x_sc_05_30_500_05.pwpb                       0
x_sc_05_30_500_05.dc               -7.8812e-23
x_sc_05_30_500_05.drvc             -7.8812e-23
x_sc_05_30_500_05.xc               -7.8812e-23
x_sc_05_30_500_05.rac              -2.5352e-21
x_sc_05_30_500_05.rbc              2.53524e-21
x_sc_05_30_500_05.pwpc                       0
x_sc_05_30_500_10.da              -4.07884e-20
x_sc_05_30_500_10.drva            -4.07884e-20
x_sc_05_30_500_10.xa              -4.07884e-20
x_sc_05_30_500_10.rap             -2.52502e-21
x_sc_05_30_500_10.rbp              2.54541e-21
x_sc_05_30_500_10.pwpa                       0
x_sc_05_30_500_10.db               -7.8812e-23
x_sc_05_30_500_10.drvb             -7.8812e-23
x_sc_05_30_500_10.xb               -7.8812e-23
x_sc_05_30_500_10.raq              -2.5352e-21
x_sc_05_30_500_10.rbq              2.53524e-21
x_sc_05_30_500_10.pwpb                       0
x_sc_05_30_500_10.dc              -4.07884e-20
x_sc_05_30_500_10.drvc            -4.07884e-20
x_sc_05_30_500_10.xc              -4.07884e-20
x_sc_05_30_500_10.rac             -2.52502e-21
x_sc_05_30_500_10.rbc              2.54541e-21
x_sc_05_30_500_10.pwpc                       0
x_sc_05_100_100_05.da              -7.8812e-23
x_sc_05_100_100_05.drva            -7.8812e-23
x_sc_05_100_100_05.xa              -7.8812e-23
x_sc_05_100_100_05.rap             -2.5352e-21
x_sc_05_100_100_05.rbp             2.53524e-21
x_sc_05_100_100_05.pwpa                      0
x_sc_05_100_100_05.db             -4.07884e-20
x_sc_05_100_100_05.drvb           -4.07884e-20
x_sc_05_100_100_05.xb             -4.07884e-20
x_sc_05_100_100_05.raq            -2.52502e-21
x_sc_05_100_100_05.rbq             2.54541e-21
x_sc_05_100_100_05.pwpb                      0
x_sc_05_100_100_05.dc              -7.8812e-23
x_sc_05_100_100_05.drvc            -7.8812e-23
x_sc_05_100_100_05.xc              -7.8812e-23
x_sc_05_100_100_05.rac             -2.5352e-21
x_sc_05_100_100_05.rbc             2.53524e-21
x_sc_05_100_100_05.pwpc                      0
x_sc_05_100_100_10.da             -4.07884e-20
x_sc_05_100_100_10.drva           -4.07884e-20
x_sc_05_100_100_10.xa             -4.07884e-20
x_sc_05_100_100_10.rap            -2.52502e-21
x_sc_05_100_100_10.rbp             2.54541e-21
x_sc_05_100_100_10.pwpa                      0
x_sc_05_100_100_10.db              -7.8812e-23
x_sc_05_100_100_10.drvb            -7.8812e-23
x_sc_05_100_100_10.xb              -7.8812e-23
x_sc_05_100_100_10.raq             -2.5352e-21
x_sc_05_100_100_10.rbq             2.53524e-21
x_sc_05_100_100_10.pwpb                      0
x_sc_05_100_100_10.dc             -4.07884e-20
x_sc_05_100_100_10.drvc           -4.07884e-20
x_sc_05_100_100_10.xc             -4.07884e-20
x_sc_05_100_100_10.rac            -2.52502e-21
x_sc_05_100_100_10.rbc             2.54541e-21
x_sc_05_100_100_10.pwpc                      0
x_sc_05_100_500_05.da              -7.8812e-23
x_sc_05_100_500_05.drva            -7.8812e-23
x_sc_05_100_500_05.xa              -7.8812e-23
x_sc_05_100_500_05.rap             -2.5352e-21
x_sc_05_100_500_05.rbp             2.53524e-21
x_sc_05_100_500_05.pwpa                      0
x_sc_05_100_500_05.db             -4.07884e-20
x_sc_05_100_500_05.drvb           -4.07884e-20
x_sc_05_100_500_05.xb             -4.07884e-20
x_sc_05_100_500_05.raq            -2.52502e-21
x_sc_05_100_500_05.rbq             2.54541e-21
x_sc_05_100_500_05.pwpb                      0
x_sc_05_100_500_05.dc              -7.8812e-23
x_sc_05_100_500_05.drvc            -7.8812e-23
x_sc_05_100_500_05.xc              -7.8812e-23
x_sc_05_100_500_05.rac             -2.5352e-21
x_sc_05_100_500_05.rbc             2.53524e-21
x_sc_05_100_500_05.pwpc                      0
x_sc_05_100_500_10.da             -4.07884e-20
x_sc_05_100_500_10.drva           -4.07884e-20
x_sc_05_100_500_10.xa             -4.07884e-20
x_sc_05_100_500_10.rap            -2.52502e-21
x_sc_05_100_500_10.rbp             2.54541e-21
x_sc_05_100_500_10.pwpa                      0
x_sc_05_100_500_10.db              -7.8812e-23
x_sc_05_100_500_10.drvb            -7.8812e-23
x_sc_05_100_500_10.xb              -7.8812e-23
x_sc_05_100_500_10.raq             -2.5352e-21
x_sc_05_100_500_10.rbq             2.53524e-21
x_sc_05_100_500_10.pwpb                      0
x_sc_05_100_500_10.dc             -4.07884e-20
x_sc_05_100_500_10.drvc           -4.07884e-20
x_sc_05_100_500_10.xc             -4.07884e-20
x_sc_05_100_500_10.rac            -2.52502e-21
x_sc_05_100_500_10.rbc             2.54541e-21
x_sc_05_100_500_10.pwpc                      0
x_sc_10_05_100_05.da               -7.8812e-23
x_sc_10_05_100_05.drva             -7.8812e-23
x_sc_10_05_100_05.xa               -7.8812e-23
x_sc_10_05_100_05.rap              -2.5352e-21
x_sc_10_05_100_05.rbp              2.53524e-21
x_sc_10_05_100_05.pwpa                       0
x_sc_10_05_100_05.db              -4.07884e-20
x_sc_10_05_100_05.drvb            -4.07884e-20
x_sc_10_05_100_05.xb              -4.07884e-20
x_sc_10_05_100_05.raq             -2.52502e-21
x_sc_10_05_100_05.rbq              2.54541e-21
x_sc_10_05_100_05.pwpb                       0
x_sc_10_05_100_05.dc               -7.8812e-23
x_sc_10_05_100_05.drvc             -7.8812e-23
x_sc_10_05_100_05.xc               -7.8812e-23
x_sc_10_05_100_05.rac              -2.5352e-21
x_sc_10_05_100_05.rbc              2.53524e-21
x_sc_10_05_100_05.pwpc                       0
x_sc_10_05_100_10.da              -4.07884e-20
x_sc_10_05_100_10.drva            -4.07884e-20
x_sc_10_05_100_10.xa              -4.07884e-20
x_sc_10_05_100_10.rap             -2.52502e-21
x_sc_10_05_100_10.rbp              2.54541e-21
x_sc_10_05_100_10.pwpa                       0
x_sc_10_05_100_10.db               -7.8812e-23
x_sc_10_05_100_10.drvb             -7.8812e-23
x_sc_10_05_100_10.xb               -7.8812e-23
x_sc_10_05_100_10.raq              -2.5352e-21
x_sc_10_05_100_10.rbq              2.53524e-21
x_sc_10_05_100_10.pwpb                       0
x_sc_10_05_100_10.dc              -4.07884e-20
x_sc_10_05_100_10.drvc            -4.07884e-20
x_sc_10_05_100_10.xc              -4.07884e-20
x_sc_10_05_100_10.rac             -2.52502e-21
x_sc_10_05_100_10.rbc              2.54541e-21
x_sc_10_05_100_10.pwpc                       0
x_sc_10_05_500_05.da               -7.8812e-23
x_sc_10_05_500_05.drva             -7.8812e-23
x_sc_10_05_500_05.xa               -7.8812e-23
x_sc_10_05_500_05.rap              -2.5352e-21
x_sc_10_05_500_05.rbp              2.53524e-21
x_sc_10_05_500_05.pwpa                       0
x_sc_10_05_500_05.db              -4.07884e-20
x_sc_10_05_500_05.drvb            -4.07884e-20
x_sc_10_05_500_05.xb              -4.07884e-20
x_sc_10_05_500_05.raq             -2.52502e-21
x_sc_10_05_500_05.rbq              2.54541e-21
x_sc_10_05_500_05.pwpb                       0
x_sc_10_05_500_05.dc               -7.8812e-23
x_sc_10_05_500_05.drvc             -7.8812e-23
x_sc_10_05_500_05.xc               -7.8812e-23
x_sc_10_05_500_05.rac              -2.5352e-21
x_sc_10_05_500_05.rbc              2.53524e-21
x_sc_10_05_500_05.pwpc                       0
x_sc_10_05_500_10.da              -4.07884e-20
x_sc_10_05_500_10.drva            -4.07884e-20
x_sc_10_05_500_10.xa              -4.07884e-20
x_sc_10_05_500_10.rap             -2.52502e-21
x_sc_10_05_500_10.rbp              2.54541e-21
x_sc_10_05_500_10.pwpa                       0
x_sc_10_05_500_10.db               -7.8812e-23
x_sc_10_05_500_10.drvb             -7.8812e-23
x_sc_10_05_500_10.xb               -7.8812e-23
x_sc_10_05_500_10.raq              -2.5352e-21
x_sc_10_05_500_10.rbq              2.53524e-21
x_sc_10_05_500_10.pwpb                       0
x_sc_10_05_500_10.dc              -4.07884e-20
x_sc_10_05_500_10.drvc            -4.07884e-20
x_sc_10_05_500_10.xc              -4.07884e-20
x_sc_10_05_500_10.rac             -2.52502e-21
x_sc_10_05_500_10.rbc              2.54541e-21
x_sc_10_05_500_10.pwpc                       0
x_sc_10_10_100_05.da               -7.8812e-23
x_sc_10_10_100_05.drva             -7.8812e-23
x_sc_10_10_100_05.xa               -7.8812e-23
x_sc_10_10_100_05.rap              -2.5352e-21
x_sc_10_10_100_05.rbp              2.53524e-21
x_sc_10_10_100_05.pwpa                       0
x_sc_10_10_100_05.db              -4.07884e-20
x_sc_10_10_100_05.drvb            -4.07884e-20
x_sc_10_10_100_05.xb              -4.07884e-20
x_sc_10_10_100_05.raq             -2.52502e-21
x_sc_10_10_100_05.rbq              2.54541e-21
x_sc_10_10_100_05.pwpb                       0
x_sc_10_10_100_05.dc               -7.8812e-23
x_sc_10_10_100_05.drvc             -7.8812e-23
x_sc_10_10_100_05.xc               -7.8812e-23
x_sc_10_10_100_05.rac              -2.5352e-21
x_sc_10_10_100_05.rbc              2.53524e-21
x_sc_10_10_100_05.pwpc                       0
x_sc_10_10_100_10.da              -4.07884e-20
x_sc_10_10_100_10.drva            -4.07884e-20
x_sc_10_10_100_10.xa              -4.07884e-20
x_sc_10_10_100_10.rap             -2.52502e-21
x_sc_10_10_100_10.rbp              2.54541e-21
x_sc_10_10_100_10.pwpa                       0
x_sc_10_10_100_10.db               -7.8812e-23
x_sc_10_10_100_10.drvb             -7.8812e-23
x_sc_10_10_100_10.xb               -7.8812e-23
x_sc_10_10_100_10.raq              -2.5352e-21
x_sc_10_10_100_10.rbq              2.53524e-21
x_sc_10_10_100_10.pwpb                       0
x_sc_10_10_100_10.dc              -4.07884e-20
x_sc_10_10_100_10.drvc            -4.07884e-20
x_sc_10_10_100_10.xc              -4.07884e-20
x_sc_10_10_100_10.rac             -2.52502e-21
x_sc_10_10_100_10.rbc              2.54541e-21
x_sc_10_10_100_10.pwpc                       0
x_sc_10_10_500_05.da               -7.8812e-23
x_sc_10_10_500_05.drva             -7.8812e-23
x_sc_10_10_500_05.xa               -7.8812e-23
x_sc_10_10_500_05.rap              -2.5352e-21
x_sc_10_10_500_05.rbp              2.53524e-21
x_sc_10_10_500_05.pwpa                       0
x_sc_10_10_500_05.db              -4.07884e-20
x_sc_10_10_500_05.drvb            -4.07884e-20
x_sc_10_10_500_05.xb              -4.07884e-20
x_sc_10_10_500_05.raq             -2.52502e-21
x_sc_10_10_500_05.rbq              2.54541e-21
x_sc_10_10_500_05.pwpb                       0
x_sc_10_10_500_05.dc               -7.8812e-23
x_sc_10_10_500_05.drvc             -7.8812e-23
x_sc_10_10_500_05.xc               -7.8812e-23
x_sc_10_10_500_05.rac              -2.5352e-21
x_sc_10_10_500_05.rbc              2.53524e-21
x_sc_10_10_500_05.pwpc                       0
x_sc_10_10_500_10.da              -4.07884e-20
x_sc_10_10_500_10.drva            -4.07884e-20
x_sc_10_10_500_10.xa              -4.07884e-20
x_sc_10_10_500_10.rap             -2.52502e-21
x_sc_10_10_500_10.rbp              2.54541e-21
x_sc_10_10_500_10.pwpa                       0
x_sc_10_10_500_10.db               -7.8812e-23
x_sc_10_10_500_10.drvb             -7.8812e-23
x_sc_10_10_500_10.xb               -7.8812e-23
x_sc_10_10_500_10.raq              -2.5352e-21
x_sc_10_10_500_10.rbq              2.53524e-21
x_sc_10_10_500_10.pwpb                       0
x_sc_10_10_500_10.dc              -4.07884e-20
x_sc_10_10_500_10.drvc            -4.07884e-20
x_sc_10_10_500_10.xc              -4.07884e-20
x_sc_10_10_500_10.rac             -2.52502e-21
x_sc_10_10_500_10.rbc              2.54541e-21
x_sc_10_10_500_10.pwpc                       0
x_sc_10_30_100_05.da               -7.8812e-23
x_sc_10_30_100_05.drva             -7.8812e-23
x_sc_10_30_100_05.xa               -7.8812e-23
x_sc_10_30_100_05.rap              -2.5352e-21
x_sc_10_30_100_05.rbp              2.53524e-21
x_sc_10_30_100_05.pwpa                       0
x_sc_10_30_100_05.db              -4.07884e-20
x_sc_10_30_100_05.drvb            -4.07884e-20
x_sc_10_30_100_05.xb              -4.07884e-20
x_sc_10_30_100_05.raq             -2.52502e-21
x_sc_10_30_100_05.rbq              2.54541e-21
x_sc_10_30_100_05.pwpb                       0
x_sc_10_30_100_05.dc               -7.8812e-23
x_sc_10_30_100_05.drvc             -7.8812e-23
x_sc_10_30_100_05.xc               -7.8812e-23
x_sc_10_30_100_05.rac              -2.5352e-21
x_sc_10_30_100_05.rbc              2.53524e-21
x_sc_10_30_100_05.pwpc                       0
x_sc_10_30_100_10.da              -4.07884e-20
x_sc_10_30_100_10.drva            -4.07884e-20
x_sc_10_30_100_10.xa              -4.07884e-20
x_sc_10_30_100_10.rap             -2.52502e-21
x_sc_10_30_100_10.rbp              2.54541e-21
x_sc_10_30_100_10.pwpa                       0
x_sc_10_30_100_10.db               -7.8812e-23
x_sc_10_30_100_10.drvb             -7.8812e-23
x_sc_10_30_100_10.xb               -7.8812e-23
x_sc_10_30_100_10.raq              -2.5352e-21
x_sc_10_30_100_10.rbq              2.53524e-21
x_sc_10_30_100_10.pwpb                       0
x_sc_10_30_100_10.dc              -4.07884e-20
x_sc_10_30_100_10.drvc            -4.07884e-20
x_sc_10_30_100_10.xc              -4.07884e-20
x_sc_10_30_100_10.rac             -2.52502e-21
x_sc_10_30_100_10.rbc              2.54541e-21
x_sc_10_30_100_10.pwpc                       0
x_sc_10_30_500_05.da               -7.8812e-23
x_sc_10_30_500_05.drva             -7.8812e-23
x_sc_10_30_500_05.xa               -7.8812e-23
x_sc_10_30_500_05.rap              -2.5352e-21
x_sc_10_30_500_05.rbp              2.53524e-21
x_sc_10_30_500_05.pwpa                       0
x_sc_10_30_500_05.db              -4.07884e-20
x_sc_10_30_500_05.drvb            -4.07884e-20
x_sc_10_30_500_05.xb              -4.07884e-20
x_sc_10_30_500_05.raq             -2.52502e-21
x_sc_10_30_500_05.rbq              2.54541e-21
x_sc_10_30_500_05.pwpb                       0
x_sc_10_30_500_05.dc               -7.8812e-23
x_sc_10_30_500_05.drvc             -7.8812e-23
x_sc_10_30_500_05.xc               -7.8812e-23
x_sc_10_30_500_05.rac              -2.5352e-21
x_sc_10_30_500_05.rbc              2.53524e-21
x_sc_10_30_500_05.pwpc                       0
x_sc_10_30_500_10.da              -4.07884e-20
x_sc_10_30_500_10.drva            -4.07884e-20
x_sc_10_30_500_10.xa              -4.07884e-20
x_sc_10_30_500_10.rap             -2.52502e-21
x_sc_10_30_500_10.rbp              2.54541e-21
x_sc_10_30_500_10.pwpa                       0
x_sc_10_30_500_10.db               -7.8812e-23
x_sc_10_30_500_10.drvb             -7.8812e-23
x_sc_10_30_500_10.xb               -7.8812e-23
x_sc_10_30_500_10.raq              -2.5352e-21
x_sc_10_30_500_10.rbq              2.53524e-21
x_sc_10_30_500_10.pwpb                       0
x_sc_10_30_500_10.dc              -4.07884e-20
x_sc_10_30_500_10.drvc            -4.07884e-20
x_sc_10_30_500_10.xc              -4.07884e-20
x_sc_10_30_500_10.rac             -2.52502e-21
x_sc_10_30_500_10.rbc              2.54541e-21
x_sc_10_30_500_10.pwpc                       0
x_sc_10_100_100_05.da              -7.8812e-23
x_sc_10_100_100_05.drva            -7.8812e-23
x_sc_10_100_100_05.xa              -7.8812e-23
x_sc_10_100_100_05.rap             -2.5352e-21
x_sc_10_100_100_05.rbp             2.53524e-21
x_sc_10_100_100_05.pwpa                      0
x_sc_10_100_100_05.db             -4.07884e-20
x_sc_10_100_100_05.drvb           -4.07884e-20
x_sc_10_100_100_05.xb             -4.07884e-20
x_sc_10_100_100_05.raq            -2.52502e-21
x_sc_10_100_100_05.rbq             2.54541e-21
x_sc_10_100_100_05.pwpb                      0
x_sc_10_100_100_05.dc              -7.8812e-23
x_sc_10_100_100_05.drvc            -7.8812e-23
x_sc_10_100_100_05.xc              -7.8812e-23
x_sc_10_100_100_05.rac             -2.5352e-21
x_sc_10_100_100_05.rbc             2.53524e-21
x_sc_10_100_100_05.pwpc                      0
x_sc_10_100_100_10.da             -4.07884e-20
x_sc_10_100_100_10.drva           -4.07884e-20
x_sc_10_100_100_10.xa             -4.07884e-20
x_sc_10_100_100_10.rap            -2.52502e-21
x_sc_10_100_100_10.rbp             2.54541e-21
x_sc_10_100_100_10.pwpa                      0
x_sc_10_100_100_10.db              -7.8812e-23
x_sc_10_100_100_10.drvb            -7.8812e-23
x_sc_10_100_100_10.xb              -7.8812e-23
x_sc_10_100_100_10.raq             -2.5352e-21
x_sc_10_100_100_10.rbq             2.53524e-21
x_sc_10_100_100_10.pwpb                      0
x_sc_10_100_100_10.dc             -4.07884e-20
x_sc_10_100_100_10.drvc           -4.07884e-20
x_sc_10_100_100_10.xc             -4.07884e-20
x_sc_10_100_100_10.rac            -2.52502e-21
x_sc_10_100_100_10.rbc             2.54541e-21
x_sc_10_100_100_10.pwpc                      0
x_sc_10_100_500_05.da              -7.8812e-23
x_sc_10_100_500_05.drva            -7.8812e-23
x_sc_10_100_500_05.xa              -7.8812e-23
x_sc_10_100_500_05.rap             -2.5352e-21
x_sc_10_100_500_05.rbp             2.53524e-21
x_sc_10_100_500_05.pwpa                      0
x_sc_10_100_500_05.db             -4.07884e-20
x_sc_10_100_500_05.drvb           -4.07884e-20
x_sc_10_100_500_05.xb             -4.07884e-20
x_sc_10_100_500_05.raq            -2.52502e-21
x_sc_10_100_500_05.rbq             2.54541e-21
x_sc_10_100_500_05.pwpb                      0
x_sc_10_100_500_05.dc              -7.8812e-23
x_sc_10_100_500_05.drvc            -7.8812e-23
x_sc_10_100_500_05.xc              -7.8812e-23
x_sc_10_100_500_05.rac             -2.5352e-21
x_sc_10_100_500_05.rbc             2.53524e-21
x_sc_10_100_500_05.pwpc                      0
x_sc_10_100_500_10.da             -4.07884e-20
x_sc_10_100_500_10.drva           -4.07884e-20
x_sc_10_100_500_10.xa             -4.07884e-20
x_sc_10_100_500_10.rap            -2.52502e-21
x_sc_10_100_500_10.rbp             2.54541e-21
x_sc_10_100_500_10.pwpa                      0
x_sc_10_100_500_10.db              -7.8812e-23
x_sc_10_100_500_10.drvb            -7.8812e-23
x_sc_10_100_500_10.xb              -7.8812e-23
x_sc_10_100_500_10.raq             -2.5352e-21
x_sc_10_100_500_10.rbq             2.53524e-21
x_sc_10_100_500_10.pwpb                      0
x_sc_10_100_500_10.dc             -4.07884e-20
x_sc_10_100_500_10.drvc           -4.07884e-20
x_sc_10_100_500_10.xc             -4.07884e-20
x_sc_10_100_500_10.rac            -2.52502e-21
x_sc_10_100_500_10.rbc             2.54541e-21
x_sc_10_100_500_10.pwpc                      0
dn                                -4.42947e-32
drvn                              -4.42947e-32
xn                                 -4.4297e-32
ran                                1.19775e-35
rbn                                1.23857e-35
pwpn                               3.96814e-58
bpn#branch                                   0
vsn#branch                         4.42947e-39
b.x_sc_10_100_500_10.bpc#branch               0
v.x_sc_10_100_500_10.vsc#branch               0
b.x_sc_10_100_500_10.bpb#branch               0
v.x_sc_10_100_500_10.vsb#branch               0
b.x_sc_10_100_500_10.bpa#branch               0
v.x_sc_10_100_500_10.vsa#branch               0
b.x_sc_10_100_500_05.bpc#branch               0
v.x_sc_10_100_500_05.vsc#branch               0
b.x_sc_10_100_500_05.bpb#branch               0
v.x_sc_10_100_500_05.vsb#branch               0
b.x_sc_10_100_500_05.bpa#branch               0
v.x_sc_10_100_500_05.vsa#branch               0
b.x_sc_10_100_100_10.bpc#branch               0
v.x_sc_10_100_100_10.vsc#branch               0
b.x_sc_10_100_100_10.bpb#branch               0
v.x_sc_10_100_100_10.vsb#branch               0
b.x_sc_10_100_100_10.bpa#branch               0
v.x_sc_10_100_100_10.vsa#branch               0
b.x_sc_10_100_100_05.bpc#branch               0
v.x_sc_10_100_100_05.vsc#branch               0
b.x_sc_10_100_100_05.bpb#branch               0
v.x_sc_10_100_100_05.vsb#branch               0
b.x_sc_10_100_100_05.bpa#branch               0
v.x_sc_10_100_100_05.vsa#branch               0
b.x_sc_10_30_500_10.bpc#branch               0
v.x_sc_10_30_500_10.vsc#branch               0
b.x_sc_10_30_500_10.bpb#branch               0
v.x_sc_10_30_500_10.vsb#branch               0
b.x_sc_10_30_500_10.bpa#branch               0
v.x_sc_10_30_500_10.vsa#branch               0
b.x_sc_10_30_500_05.bpc#branch               0
v.x_sc_10_30_500_05.vsc#branch               0
b.x_sc_10_30_500_05.bpb#branch               0
v.x_sc_10_30_500_05.vsb#branch               0
b.x_sc_10_30_500_05.bpa#branch               0
v.x_sc_10_30_500_05.vsa#branch               0
b.x_sc_10_30_100_10.bpc#branch               0
v.x_sc_10_30_100_10.vsc#branch               0
b.x_sc_10_30_100_10.bpb#branch               0
v.x_sc_10_30_100_10.vsb#branch               0
b.x_sc_10_30_100_10.bpa#branch               0
v.x_sc_10_30_100_10.vsa#branch               0
b.x_sc_10_30_100_05.bpc#branch               0
v.x_sc_10_30_100_05.vsc#branch               0
b.x_sc_10_30_100_05.bpb#branch               0
v.x_sc_10_30_100_05.vsb#branch               0
b.x_sc_10_30_100_05.bpa#branch               0
v.x_sc_10_30_100_05.vsa#branch               0
b.x_sc_10_10_500_10.bpc#branch               0
v.x_sc_10_10_500_10.vsc#branch               0
b.x_sc_10_10_500_10.bpb#branch               0
v.x_sc_10_10_500_10.vsb#branch               0
b.x_sc_10_10_500_10.bpa#branch               0
v.x_sc_10_10_500_10.vsa#branch               0
b.x_sc_10_10_500_05.bpc#branch               0
v.x_sc_10_10_500_05.vsc#branch               0
b.x_sc_10_10_500_05.bpb#branch               0
v.x_sc_10_10_500_05.vsb#branch               0
b.x_sc_10_10_500_05.bpa#branch               0
v.x_sc_10_10_500_05.vsa#branch               0
b.x_sc_10_10_100_10.bpc#branch               0
v.x_sc_10_10_100_10.vsc#branch               0
b.x_sc_10_10_100_10.bpb#branch               0
v.x_sc_10_10_100_10.vsb#branch               0
b.x_sc_10_10_100_10.bpa#branch               0
v.x_sc_10_10_100_10.vsa#branch               0
b.x_sc_10_10_100_05.bpc#branch               0
v.x_sc_10_10_100_05.vsc#branch               0
b.x_sc_10_10_100_05.bpb#branch               0
v.x_sc_10_10_100_05.vsb#branch               0
b.x_sc_10_10_100_05.bpa#branch               0
v.x_sc_10_10_100_05.vsa#branch               0
b.x_sc_10_05_500_10.bpc#branch               0
v.x_sc_10_05_500_10.vsc#branch               0
b.x_sc_10_05_500_10.bpb#branch               0
v.x_sc_10_05_500_10.vsb#branch               0
b.x_sc_10_05_500_10.bpa#branch               0
v.x_sc_10_05_500_10.vsa#branch               0
b.x_sc_10_05_500_05.bpc#branch               0
v.x_sc_10_05_500_05.vsc#branch               0
b.x_sc_10_05_500_05.bpb#branch               0
v.x_sc_10_05_500_05.vsb#branch               0
b.x_sc_10_05_500_05.bpa#branch               0
v.x_sc_10_05_500_05.vsa#branch               0
b.x_sc_10_05_100_10.bpc#branch               0
v.x_sc_10_05_100_10.vsc#branch               0
b.x_sc_10_05_100_10.bpb#branch               0
v.x_sc_10_05_100_10.vsb#branch               0
b.x_sc_10_05_100_10.bpa#branch               0
v.x_sc_10_05_100_10.vsa#branch               0
b.x_sc_10_05_100_05.bpc#branch               0
v.x_sc_10_05_100_05.vsc#branch               0
b.x_sc_10_05_100_05.bpb#branch               0
v.x_sc_10_05_100_05.vsb#branch               0
b.x_sc_10_05_100_05.bpa#branch               0
v.x_sc_10_05_100_05.vsa#branch               0
b.x_sc_05_100_500_10.bpc#branch               0
v.x_sc_05_100_500_10.vsc#branch               0
b.x_sc_05_100_500_10.bpb#branch               0
v.x_sc_05_100_500_10.vsb#branch               0
b.x_sc_05_100_500_10.bpa#branch               0
v.x_sc_05_100_500_10.vsa#branch               0
b.x_sc_05_100_500_05.bpc#branch               0
v.x_sc_05_100_500_05.vsc#branch               0
b.x_sc_05_100_500_05.bpb#branch               0
v.x_sc_05_100_500_05.vsb#branch               0
b.x_sc_05_100_500_05.bpa#branch               0
v.x_sc_05_100_500_05.vsa#branch               0
b.x_sc_05_100_100_10.bpc#branch               0
v.x_sc_05_100_100_10.vsc#branch               0
b.x_sc_05_100_100_10.bpb#branch               0
v.x_sc_05_100_100_10.vsb#branch               0
b.x_sc_05_100_100_10.bpa#branch               0
v.x_sc_05_100_100_10.vsa#branch               0
b.x_sc_05_100_100_05.bpc#branch               0
v.x_sc_05_100_100_05.vsc#branch               0
b.x_sc_05_100_100_05.bpb#branch               0
v.x_sc_05_100_100_05.vsb#branch               0
b.x_sc_05_100_100_05.bpa#branch               0
v.x_sc_05_100_100_05.vsa#branch               0
b.x_sc_05_30_500_10.bpc#branch               0
v.x_sc_05_30_500_10.vsc#branch               0
b.x_sc_05_30_500_10.bpb#branch               0
v.x_sc_05_30_500_10.vsb#branch               0
b.x_sc_05_30_500_10.bpa#branch               0
v.x_sc_05_30_500_10.vsa#branch               0
b.x_sc_05_30_500_05.bpc#branch               0
v.x_sc_05_30_500_05.vsc#branch               0
b.x_sc_05_30_500_05.bpb#branch               0
v.x_sc_05_30_500_05.vsb#branch               0
b.x_sc_05_30_500_05.bpa#branch               0
v.x_sc_05_30_500_05.vsa#branch               0
b.x_sc_05_30_100_10.bpc#branch               0
v.x_sc_05_30_100_10.vsc#branch               0
b.x_sc_05_30_100_10.bpb#branch               0
v.x_sc_05_30_100_10.vsb#branch               0
b.x_sc_05_30_100_10.bpa#branch               0
v.x_sc_05_30_100_10.vsa#branch               0
b.x_sc_05_30_100_05.bpc#branch               0
v.x_sc_05_30_100_05.vsc#branch               0
b.x_sc_05_30_100_05.bpb#branch               0
v.x_sc_05_30_100_05.vsb#branch               0
b.x_sc_05_30_100_05.bpa#branch               0
v.x_sc_05_30_100_05.vsa#branch               0
b.x_sc_05_10_500_10.bpc#branch               0
v.x_sc_05_10_500_10.vsc#branch               0
b.x_sc_05_10_500_10.bpb#branch               0
v.x_sc_05_10_500_10.vsb#branch               0
b.x_sc_05_10_500_10.bpa#branch               0
v.x_sc_05_10_500_10.vsa#branch               0
b.x_sc_05_10_500_05.bpc#branch               0
v.x_sc_05_10_500_05.vsc#branch               0
b.x_sc_05_10_500_05.bpb#branch               0
v.x_sc_05_10_500_05.vsb#branch               0
b.x_sc_05_10_500_05.bpa#branch               0
v.x_sc_05_10_500_05.vsa#branch               0
b.x_sc_05_10_100_10.bpc#branch               0
v.x_sc_05_10_100_10.vsc#branch               0
b.x_sc_05_10_100_10.bpb#branch               0
v.x_sc_05_10_100_10.vsb#branch               0
b.x_sc_05_10_100_10.bpa#branch               0
v.x_sc_05_10_100_10.vsa#branch               0
b.x_sc_05_10_100_05.bpc#branch               0
v.x_sc_05_10_100_05.vsc#branch               0
b.x_sc_05_10_100_05.bpb#branch               0
v.x_sc_05_10_100_05.vsb#branch               0
b.x_sc_05_10_100_05.bpa#branch               0
v.x_sc_05_10_100_05.vsa#branch               0
b.x_sc_05_05_500_10.bpc#branch               0
v.x_sc_05_05_500_10.vsc#branch               0
b.x_sc_05_05_500_10.bpb#branch               0
v.x_sc_05_05_500_10.vsb#branch               0
b.x_sc_05_05_500_10.bpa#branch               0
v.x_sc_05_05_500_10.vsa#branch               0
b.x_sc_05_05_500_05.bpc#branch               0
v.x_sc_05_05_500_05.vsc#branch               0
b.x_sc_05_05_500_05.bpb#branch               0
v.x_sc_05_05_500_05.vsb#branch               0
b.x_sc_05_05_500_05.bpa#branch               0
v.x_sc_05_05_500_05.vsa#branch               0
b.x_sc_05_05_100_10.bpc#branch               0
v.x_sc_05_05_100_10.vsc#branch               0
b.x_sc_05_05_100_10.bpb#branch               0
v.x_sc_05_05_100_10.vsb#branch               0
b.x_sc_05_05_100_10.bpa#branch               0
v.x_sc_05_05_100_10.vsa#branch               0
b.x_sc_05_05_100_05.bpc#branch               0
v.x_sc_05_05_100_05.vsc#branch               0
b.x_sc_05_05_100_05.bpb#branch               0
v.x_sc_05_05_100_05.vsb#branch               0
b.x_sc_05_05_100_05.bpa#branch               0
v.x_sc_05_05_100_05.vsa#branch               0
b.x_sc_02_100_500_10.bpc#branch               0
v.x_sc_02_100_500_10.vsc#branch               0
b.x_sc_02_100_500_10.bpb#branch               0
v.x_sc_02_100_500_10.vsb#branch               0
b.x_sc_02_100_500_10.bpa#branch               0
v.x_sc_02_100_500_10.vsa#branch               0
b.x_sc_02_100_500_05.bpc#branch               0
v.x_sc_02_100_500_05.vsc#branch               0
b.x_sc_02_100_500_05.bpb#branch               0
v.x_sc_02_100_500_05.vsb#branch               0
b.x_sc_02_100_500_05.bpa#branch               0
v.x_sc_02_100_500_05.vsa#branch               0
b.x_sc_02_100_100_10.bpc#branch               0
v.x_sc_02_100_100_10.vsc#branch               0
b.x_sc_02_100_100_10.bpb#branch               0
v.x_sc_02_100_100_10.vsb#branch               0
b.x_sc_02_100_100_10.bpa#branch               0
v.x_sc_02_100_100_10.vsa#branch               0
b.x_sc_02_100_100_05.bpc#branch               0
v.x_sc_02_100_100_05.vsc#branch               0
b.x_sc_02_100_100_05.bpb#branch               0
v.x_sc_02_100_100_05.vsb#branch               0
b.x_sc_02_100_100_05.bpa#branch               0
v.x_sc_02_100_100_05.vsa#branch               0
b.x_sc_02_30_500_10.bpc#branch               0
v.x_sc_02_30_500_10.vsc#branch               0
b.x_sc_02_30_500_10.bpb#branch               0
v.x_sc_02_30_500_10.vsb#branch               0
b.x_sc_02_30_500_10.bpa#branch               0
v.x_sc_02_30_500_10.vsa#branch               0
b.x_sc_02_30_500_05.bpc#branch               0
v.x_sc_02_30_500_05.vsc#branch               0
b.x_sc_02_30_500_05.bpb#branch               0
v.x_sc_02_30_500_05.vsb#branch               0
b.x_sc_02_30_500_05.bpa#branch               0
v.x_sc_02_30_500_05.vsa#branch               0
b.x_sc_02_30_100_10.bpc#branch               0
v.x_sc_02_30_100_10.vsc#branch               0
b.x_sc_02_30_100_10.bpb#branch               0
v.x_sc_02_30_100_10.vsb#branch               0
b.x_sc_02_30_100_10.bpa#branch               0
v.x_sc_02_30_100_10.vsa#branch               0
b.x_sc_02_30_100_05.bpc#branch               0
v.x_sc_02_30_100_05.vsc#branch               0
b.x_sc_02_30_100_05.bpb#branch               0
v.x_sc_02_30_100_05.vsb#branch               0
b.x_sc_02_30_100_05.bpa#branch               0
v.x_sc_02_30_100_05.vsa#branch               0
b.x_sc_02_10_500_10.bpc#branch               0
v.x_sc_02_10_500_10.vsc#branch               0
b.x_sc_02_10_500_10.bpb#branch               0
v.x_sc_02_10_500_10.vsb#branch               0
b.x_sc_02_10_500_10.bpa#branch               0
v.x_sc_02_10_500_10.vsa#branch               0
b.x_sc_02_10_500_05.bpc#branch               0
v.x_sc_02_10_500_05.vsc#branch               0
b.x_sc_02_10_500_05.bpb#branch               0
v.x_sc_02_10_500_05.vsb#branch               0
b.x_sc_02_10_500_05.bpa#branch               0
v.x_sc_02_10_500_05.vsa#branch               0
b.x_sc_02_10_100_10.bpc#branch               0
v.x_sc_02_10_100_10.vsc#branch               0
b.x_sc_02_10_100_10.bpb#branch               0
v.x_sc_02_10_100_10.vsb#branch               0
b.x_sc_02_10_100_10.bpa#branch               0
v.x_sc_02_10_100_10.vsa#branch               0
b.x_sc_02_10_100_05.bpc#branch               0
v.x_sc_02_10_100_05.vsc#branch               0
b.x_sc_02_10_100_05.bpb#branch               0
v.x_sc_02_10_100_05.vsb#branch               0
b.x_sc_02_10_100_05.bpa#branch               0
v.x_sc_02_10_100_05.vsa#branch               0
b.x_sc_02_05_500_10.bpc#branch               0
v.x_sc_02_05_500_10.vsc#branch               0
b.x_sc_02_05_500_10.bpb#branch               0
v.x_sc_02_05_500_10.vsb#branch               0
b.x_sc_02_05_500_10.bpa#branch               0
v.x_sc_02_05_500_10.vsa#branch               0
b.x_sc_02_05_500_05.bpc#branch               0
v.x_sc_02_05_500_05.vsc#branch               0
b.x_sc_02_05_500_05.bpb#branch               0
v.x_sc_02_05_500_05.vsb#branch               0
b.x_sc_02_05_500_05.bpa#branch               0
v.x_sc_02_05_500_05.vsa#branch               0
b.x_sc_02_05_100_10.bpc#branch               0
v.x_sc_02_05_100_10.vsc#branch               0
b.x_sc_02_05_100_10.bpb#branch               0
v.x_sc_02_05_100_10.vsb#branch               0
b.x_sc_02_05_100_10.bpa#branch               0
v.x_sc_02_05_100_10.vsa#branch               0
b.x_sc_02_05_100_05.bpc#branch               0
v.x_sc_02_05_100_05.vsc#branch               0
b.x_sc_02_05_100_05.bpb#branch               0
v.x_sc_02_05_100_05.vsb#branch               0
b.x_sc_02_05_100_05.bpa#branch               0
v.x_sc_02_05_100_05.vsa#branch               0
b.x_id_10_100_500_10.bpc#branch               0
v.x_id_10_100_500_10.vsc#branch               0
b.x_id_10_100_500_10.bpb#branch               0
v.x_id_10_100_500_10.vsb#branch               0
b.x_id_10_100_500_10.bpa#branch               0
v.x_id_10_100_500_10.vsa#branch               0
b.x_id_10_100_500_05.bpc#branch               0
v.x_id_10_100_500_05.vsc#branch               0
b.x_id_10_100_500_05.bpb#branch               0
v.x_id_10_100_500_05.vsb#branch               0
b.x_id_10_100_500_05.bpa#branch               0
v.x_id_10_100_500_05.vsa#branch               0
b.x_id_10_100_100_10.bpc#branch               0
v.x_id_10_100_100_10.vsc#branch               0
b.x_id_10_100_100_10.bpb#branch               0
v.x_id_10_100_100_10.vsb#branch               0
b.x_id_10_100_100_10.bpa#branch               0
v.x_id_10_100_100_10.vsa#branch               0
b.x_id_10_100_100_05.bpc#branch               0
v.x_id_10_100_100_05.vsc#branch               0
b.x_id_10_100_100_05.bpb#branch               0
v.x_id_10_100_100_05.vsb#branch               0
b.x_id_10_100_100_05.bpa#branch               0
v.x_id_10_100_100_05.vsa#branch               0
b.x_id_10_30_500_10.bpc#branch               0
v.x_id_10_30_500_10.vsc#branch               0
b.x_id_10_30_500_10.bpb#branch               0
v.x_id_10_30_500_10.vsb#branch               0
b.x_id_10_30_500_10.bpa#branch               0
v.x_id_10_30_500_10.vsa#branch               0
b.x_id_10_30_500_05.bpc#branch               0
v.x_id_10_30_500_05.vsc#branch               0
b.x_id_10_30_500_05.bpb#branch               0
v.x_id_10_30_500_05.vsb#branch               0
b.x_id_10_30_500_05.bpa#branch               0
v.x_id_10_30_500_05.vsa#branch               0
b.x_id_10_30_100_10.bpc#branch               0
v.x_id_10_30_100_10.vsc#branch               0
b.x_id_10_30_100_10.bpb#branch               0
v.x_id_10_30_100_10.vsb#branch               0
b.x_id_10_30_100_10.bpa#branch               0
v.x_id_10_30_100_10.vsa#branch               0
b.x_id_10_30_100_05.bpc#branch               0
v.x_id_10_30_100_05.vsc#branch               0
b.x_id_10_30_100_05.bpb#branch               0
v.x_id_10_30_100_05.vsb#branch               0
b.x_id_10_30_100_05.bpa#branch               0
v.x_id_10_30_100_05.vsa#branch               0
b.x_id_10_10_500_10.bpc#branch               0
v.x_id_10_10_500_10.vsc#branch               0
b.x_id_10_10_500_10.bpb#branch               0
v.x_id_10_10_500_10.vsb#branch               0
b.x_id_10_10_500_10.bpa#branch               0
v.x_id_10_10_500_10.vsa#branch               0
b.x_id_10_10_500_05.bpc#branch               0
v.x_id_10_10_500_05.vsc#branch               0
b.x_id_10_10_500_05.bpb#branch               0
v.x_id_10_10_500_05.vsb#branch               0
b.x_id_10_10_500_05.bpa#branch               0
v.x_id_10_10_500_05.vsa#branch               0
b.x_id_10_10_100_10.bpc#branch               0
v.x_id_10_10_100_10.vsc#branch               0
b.x_id_10_10_100_10.bpb#branch               0
v.x_id_10_10_100_10.vsb#branch               0
b.x_id_10_10_100_10.bpa#branch               0
v.x_id_10_10_100_10.vsa#branch               0
b.x_id_10_10_100_05.bpc#branch               0
v.x_id_10_10_100_05.vsc#branch               0
b.x_id_10_10_100_05.bpb#branch               0
v.x_id_10_10_100_05.vsb#branch               0
b.x_id_10_10_100_05.bpa#branch               0
v.x_id_10_10_100_05.vsa#branch               0
b.x_id_10_05_500_10.bpc#branch               0
v.x_id_10_05_500_10.vsc#branch               0
b.x_id_10_05_500_10.bpb#branch               0
v.x_id_10_05_500_10.vsb#branch               0
b.x_id_10_05_500_10.bpa#branch               0
v.x_id_10_05_500_10.vsa#branch               0
b.x_id_10_05_500_05.bpc#branch               0
v.x_id_10_05_500_05.vsc#branch               0
b.x_id_10_05_500_05.bpb#branch               0
v.x_id_10_05_500_05.vsb#branch               0
b.x_id_10_05_500_05.bpa#branch               0
v.x_id_10_05_500_05.vsa#branch               0
b.x_id_10_05_100_10.bpc#branch               0
v.x_id_10_05_100_10.vsc#branch               0
b.x_id_10_05_100_10.bpb#branch               0
v.x_id_10_05_100_10.vsb#branch               0
b.x_id_10_05_100_10.bpa#branch               0
v.x_id_10_05_100_10.vsa#branch               0
b.x_id_10_05_100_05.bpc#branch               0
v.x_id_10_05_100_05.vsc#branch               0
b.x_id_10_05_100_05.bpb#branch               0
v.x_id_10_05_100_05.vsb#branch               0
b.x_id_10_05_100_05.bpa#branch               0
v.x_id_10_05_100_05.vsa#branch               0
b.x_id_05_100_500_10.bpc#branch               0
v.x_id_05_100_500_10.vsc#branch               0
b.x_id_05_100_500_10.bpb#branch               0
v.x_id_05_100_500_10.vsb#branch               0
b.x_id_05_100_500_10.bpa#branch               0
v.x_id_05_100_500_10.vsa#branch               0
b.x_id_05_100_500_05.bpc#branch               0
v.x_id_05_100_500_05.vsc#branch               0
b.x_id_05_100_500_05.bpb#branch               0
v.x_id_05_100_500_05.vsb#branch               0
b.x_id_05_100_500_05.bpa#branch               0
v.x_id_05_100_500_05.vsa#branch               0
b.x_id_05_100_100_10.bpc#branch               0
v.x_id_05_100_100_10.vsc#branch               0
b.x_id_05_100_100_10.bpb#branch               0
v.x_id_05_100_100_10.vsb#branch               0
b.x_id_05_100_100_10.bpa#branch               0
v.x_id_05_100_100_10.vsa#branch               0
b.x_id_05_100_100_05.bpc#branch               0
v.x_id_05_100_100_05.vsc#branch               0
b.x_id_05_100_100_05.bpb#branch               0
v.x_id_05_100_100_05.vsb#branch               0
b.x_id_05_100_100_05.bpa#branch               0
v.x_id_05_100_100_05.vsa#branch               0
b.x_id_05_30_500_10.bpc#branch               0
v.x_id_05_30_500_10.vsc#branch               0
b.x_id_05_30_500_10.bpb#branch               0
v.x_id_05_30_500_10.vsb#branch               0
b.x_id_05_30_500_10.bpa#branch               0
v.x_id_05_30_500_10.vsa#branch               0
b.x_id_05_30_500_05.bpc#branch               0
v.x_id_05_30_500_05.vsc#branch               0
b.x_id_05_30_500_05.bpb#branch               0
v.x_id_05_30_500_05.vsb#branch               0
b.x_id_05_30_500_05.bpa#branch               0
v.x_id_05_30_500_05.vsa#branch               0
b.x_id_05_30_100_10.bpc#branch               0
v.x_id_05_30_100_10.vsc#branch               0
b.x_id_05_30_100_10.bpb#branch               0
v.x_id_05_30_100_10.vsb#branch               0
b.x_id_05_30_100_10.bpa#branch               0
v.x_id_05_30_100_10.vsa#branch               0
b.x_id_05_30_100_05.bpc#branch               0
v.x_id_05_30_100_05.vsc#branch               0
b.x_id_05_30_100_05.bpb#branch               0
v.x_id_05_30_100_05.vsb#branch               0
b.x_id_05_30_100_05.bpa#branch               0
v.x_id_05_30_100_05.vsa#branch               0
b.x_id_05_10_500_10.bpc#branch               0
v.x_id_05_10_500_10.vsc#branch               0
b.x_id_05_10_500_10.bpb#branch               0
v.x_id_05_10_500_10.vsb#branch               0
b.x_id_05_10_500_10.bpa#branch               0
v.x_id_05_10_500_10.vsa#branch               0
b.x_id_05_10_500_05.bpc#branch               0
v.x_id_05_10_500_05.vsc#branch               0
b.x_id_05_10_500_05.bpb#branch               0
v.x_id_05_10_500_05.vsb#branch               0
b.x_id_05_10_500_05.bpa#branch               0
v.x_id_05_10_500_05.vsa#branch               0
b.x_id_05_10_100_10.bpc#branch               0
v.x_id_05_10_100_10.vsc#branch               0
b.x_id_05_10_100_10.bpb#branch               0
v.x_id_05_10_100_10.vsb#branch               0
b.x_id_05_10_100_10.bpa#branch               0
v.x_id_05_10_100_10.vsa#branch               0
b.x_id_05_10_100_05.bpc#branch               0
v.x_id_05_10_100_05.vsc#branch               0
b.x_id_05_10_100_05.bpb#branch               0
v.x_id_05_10_100_05.vsb#branch               0
b.x_id_05_10_100_05.bpa#branch               0
v.x_id_05_10_100_05.vsa#branch               0
b.x_id_05_05_500_10.bpc#branch               0
v.x_id_05_05_500_10.vsc#branch               0
b.x_id_05_05_500_10.bpb#branch               0
v.x_id_05_05_500_10.vsb#branch               0
b.x_id_05_05_500_10.bpa#branch               0
v.x_id_05_05_500_10.vsa#branch               0
b.x_id_05_05_500_05.bpc#branch               0
v.x_id_05_05_500_05.vsc#branch               0
b.x_id_05_05_500_05.bpb#branch               0
v.x_id_05_05_500_05.vsb#branch               0
b.x_id_05_05_500_05.bpa#branch               0
v.x_id_05_05_500_05.vsa#branch               0
b.x_id_05_05_100_10.bpc#branch               0
v.x_id_05_05_100_10.vsc#branch               0
b.x_id_05_05_100_10.bpb#branch               0
v.x_id_05_05_100_10.vsb#branch               0
b.x_id_05_05_100_10.bpa#branch               0
v.x_id_05_05_100_10.vsa#branch               0
b.x_id_05_05_100_05.bpc#branch               0
v.x_id_05_05_100_05.vsc#branch               0
b.x_id_05_05_100_05.bpb#branch               0
v.x_id_05_05_100_05.vsb#branch               0
b.x_id_05_05_100_05.bpa#branch               0
v.x_id_05_05_100_05.vsa#branch               0
b.x_id_02_100_500_10.bpc#branch               0
v.x_id_02_100_500_10.vsc#branch               0
b.x_id_02_100_500_10.bpb#branch               0
v.x_id_02_100_500_10.vsb#branch               0
b.x_id_02_100_500_10.bpa#branch               0
v.x_id_02_100_500_10.vsa#branch               0
b.x_id_02_100_500_05.bpc#branch               0
v.x_id_02_100_500_05.vsc#branch               0
b.x_id_02_100_500_05.bpb#branch               0
v.x_id_02_100_500_05.vsb#branch               0
b.x_id_02_100_500_05.bpa#branch               0
v.x_id_02_100_500_05.vsa#branch               0
b.x_id_02_100_100_10.bpc#branch               0
v.x_id_02_100_100_10.vsc#branch               0
b.x_id_02_100_100_10.bpb#branch               0
v.x_id_02_100_100_10.vsb#branch               0
b.x_id_02_100_100_10.bpa#branch               0
v.x_id_02_100_100_10.vsa#branch               0
b.x_id_02_100_100_05.bpc#branch               0
v.x_id_02_100_100_05.vsc#branch               0
b.x_id_02_100_100_05.bpb#branch               0
v.x_id_02_100_100_05.vsb#branch               0
b.x_id_02_100_100_05.bpa#branch               0
v.x_id_02_100_100_05.vsa#branch               0
b.x_id_02_30_500_10.bpc#branch               0
v.x_id_02_30_500_10.vsc#branch               0
b.x_id_02_30_500_10.bpb#branch               0
v.x_id_02_30_500_10.vsb#branch               0
b.x_id_02_30_500_10.bpa#branch               0
v.x_id_02_30_500_10.vsa#branch               0
b.x_id_02_30_500_05.bpc#branch               0
v.x_id_02_30_500_05.vsc#branch               0
b.x_id_02_30_500_05.bpb#branch               0
v.x_id_02_30_500_05.vsb#branch               0
b.x_id_02_30_500_05.bpa#branch               0
v.x_id_02_30_500_05.vsa#branch               0
b.x_id_02_30_100_10.bpc#branch               0
v.x_id_02_30_100_10.vsc#branch               0
b.x_id_02_30_100_10.bpb#branch               0
v.x_id_02_30_100_10.vsb#branch               0
b.x_id_02_30_100_10.bpa#branch               0
v.x_id_02_30_100_10.vsa#branch               0
b.x_id_02_30_100_05.bpc#branch               0
v.x_id_02_30_100_05.vsc#branch               0
b.x_id_02_30_100_05.bpb#branch               0
v.x_id_02_30_100_05.vsb#branch               0
b.x_id_02_30_100_05.bpa#branch               0
v.x_id_02_30_100_05.vsa#branch               0
b.x_id_02_10_500_10.bpc#branch               0
v.x_id_02_10_500_10.vsc#branch               0
b.x_id_02_10_500_10.bpb#branch               0
v.x_id_02_10_500_10.vsb#branch               0
b.x_id_02_10_500_10.bpa#branch               0
v.x_id_02_10_500_10.vsa#branch               0
b.x_id_02_10_500_05.bpc#branch               0
v.x_id_02_10_500_05.vsc#branch               0
b.x_id_02_10_500_05.bpb#branch               0
v.x_id_02_10_500_05.vsb#branch               0
b.x_id_02_10_500_05.bpa#branch               0
v.x_id_02_10_500_05.vsa#branch               0
b.x_id_02_10_100_10.bpc#branch               0
v.x_id_02_10_100_10.vsc#branch               0
b.x_id_02_10_100_10.bpb#branch               0
v.x_id_02_10_100_10.vsb#branch               0
b.x_id_02_10_100_10.bpa#branch               0
v.x_id_02_10_100_10.vsa#branch               0
b.x_id_02_10_100_05.bpc#branch               0
v.x_id_02_10_100_05.vsc#branch               0
b.x_id_02_10_100_05.bpb#branch               0
v.x_id_02_10_100_05.vsb#branch               0
b.x_id_02_10_100_05.bpa#branch               0
v.x_id_02_10_100_05.vsa#branch               0
b.x_id_02_05_500_10.bpc#branch               0
v.x_id_02_05_500_10.vsc#branch               0
b.x_id_02_05_500_10.bpb#branch               0
v.x_id_02_05_500_10.vsb#branch               0
b.x_id_02_05_500_10.bpa#branch               0
v.x_id_02_05_500_10.vsa#branch               0
b.x_id_02_05_500_05.bpc#branch               0
v.x_id_02_05_500_05.vsc#branch               0
b.x_id_02_05_500_05.bpb#branch               0
v.x_id_02_05_500_05.vsb#branch               0
b.x_id_02_05_500_05.bpa#branch               0
v.x_id_02_05_500_05.vsa#branch               0
b.x_id_02_05_100_10.bpc#branch               0
v.x_id_02_05_100_10.vsc#branch               0
b.x_id_02_05_100_10.bpb#branch               0
v.x_id_02_05_100_10.vsb#branch               0
b.x_id_02_05_100_10.bpa#branch               0
v.x_id_02_05_100_10.vsa#branch               0
b.x_id_02_05_100_05.bpc#branch               0
v.x_id_02_05_100_05.vsc#branch               0
b.x_id_02_05_100_05.bpb#branch               0
v.x_id_02_05_100_05.vsb#branch               0
b.x_id_02_05_100_05.bpa#branch               0
v.x_id_02_05_100_05.vsa#branch               0

 Reference value :  2.20000e-08 Reference value :  5.73500e-08 Reference value :  1.00208e-07 Reference value :  1.31250e-07 Reference value :  1.71950e-07
No. of Data Rows : 2158

  Measurements for Transient Analysis

epush_x_id_02_05_100_05=   1.12616e-14 from=  9.00000e-09 to=  2.60000e-08
epull_x_id_02_05_100_05=   1.12616e-14 from=  3.90000e-08 to=  5.60000e-08
ecyc1_x_id_02_05_100_05=   1.12616e-14 from=  9.90000e-08 to=  1.23000e-07
ecyc2_x_id_02_05_100_05=   -4.30475e-15 from=  1.23000e-07 to=  1.39000e-07
ecyct_x_id_02_05_100_05=   6.95683e-15 from=  9.90000e-08 to=  1.39000e-07
vraa_x_id_02_05_100_05=  2.230127e-02 at=  1.060000e-08
vrab_x_id_02_05_100_05=  -2.230127e-02 at=  4.060000e-08
vlna_x_id_02_05_100_05=  1.528036e-01 at=  1.060000e-08
epush_x_id_02_05_100_10=   7.81882e-15 from=  9.00000e-09 to=  2.60000e-08
epull_x_id_02_05_100_10=   7.81882e-15 from=  3.90000e-08 to=  5.60000e-08
ecyc1_x_id_02_05_100_10=   7.81882e-15 from=  9.90000e-08 to=  1.23000e-07
ecyc2_x_id_02_05_100_10=   -2.28792e-15 from=  1.23000e-07 to=  1.39000e-07
ecyct_x_id_02_05_100_10=   5.53091e-15 from=  9.90000e-08 to=  1.39000e-07
vraa_x_id_02_05_100_10=  1.396727e-02 at=  1.060000e-08
vrab_x_id_02_05_100_10=  -1.396727e-02 at=  4.060000e-08
vlna_x_id_02_05_100_10=  1.029281e-01 at=  1.060000e-08
epush_x_id_02_05_500_05=   2.03816e-14 from=  9.00000e-09 to=  2.60000e-08
epull_x_id_02_05_500_05=   2.03816e-14 from=  3.90000e-08 to=  5.60000e-08
ecyc1_x_id_02_05_500_05=   2.03816e-14 from=  9.90000e-08 to=  1.23000e-07
ecyc2_x_id_02_05_500_05=   4.82055e-15 from=  1.23000e-07 to=  1.39000e-07
ecyct_x_id_02_05_500_05=   2.52021e-14 from=  9.90000e-08 to=  1.39000e-07
vraa_x_id_02_05_500_05=  2.230127e-02 at=  1.060000e-08
vrab_x_id_02_05_500_05=  -2.230127e-02 at=  4.060000e-08
vlna_x_id_02_05_500_05=  2.328036e-01 at=  1.060000e-08
epush_x_id_02_05_500_10=   1.69388e-14 from=  9.00000e-09 to=  2.60000e-08
epull_x_id_02_05_500_10=   1.69388e-14 from=  3.90000e-08 to=  5.60000e-08
ecyc1_x_id_02_05_500_10=   1.69388e-14 from=  9.90000e-08 to=  1.23000e-07
ecyc2_x_id_02_05_500_10=   6.83738e-15 from=  1.23000e-07 to=  1.39000e-07
ecyct_x_id_02_05_500_10=   2.37762e-14 from=  9.90000e-08 to=  1.39000e-07
vraa_x_id_02_05_500_10=  1.396727e-02 at=  1.060000e-08
vrab_x_id_02_05_500_10=  -1.396727e-02 at=  4.060000e-08
vlna_x_id_02_05_500_10=  1.829281e-01 at=  1.060000e-08
epush_x_id_02_10_100_05=   3.87425e-14 from=  9.00000e-09 to=  2.60000e-08
epull_x_id_02_10_100_05=   3.87425e-14 from=  3.90000e-08 to=  5.60000e-08
ecyc1_x_id_02_10_100_05=   3.87425e-14 from=  9.90000e-08 to=  1.23000e-07
ecyc2_x_id_02_10_100_05=   -2.34409e-14 from=  1.23000e-07 to=  1.39000e-07
ecyct_x_id_02_10_100_05=   1.53017e-14 from=  9.90000e-08 to=  1.39000e-07
vraa_x_id_02_10_100_05=  2.440415e-02 at=  1.120000e-08
vrab_x_id_02_10_100_05=  -2.440415e-02 at=  4.120000e-08
vlna_x_id_02_10_100_05=  2.795128e-01 at=  1.127000e-08
epush_x_id_02_10_100_10=   2.60230e-14 from=  9.00000e-09 to=  2.60000e-08
epull_x_id_02_10_100_10=   2.60230e-14 from=  3.90000e-08 to=  5.60000e-08
ecyc1_x_id_02_10_100_10=   2.60230e-14 from=  9.90000e-08 to=  1.23000e-07
ecyc2_x_id_02_10_100_10=   -1.43942e-14 from=  1.23000e-07 to=  1.39000e-07
ecyct_x_id_02_10_100_10=   1.16288e-14 from=  9.90000e-08 to=  1.39000e-07
vraa_x_id_02_10_100_10=  1.513154e-02 at=  1.120000e-08
vrab_x_id_02_10_100_10=  -1.513154e-02 at=  4.120000e-08
vlna_x_id_02_10_100_10=  1.824028e-01 at=  1.127000e-08
epush_x_id_02_10_500_05=   5.69353e-14 from=  9.00000e-09 to=  2.60000e-08
epull_x_id_02_10_500_05=   5.69353e-14 from=  3.90000e-08 to=  5.60000e-08
ecyc1_x_id_02_10_500_05=   5.69353e-14 from=  9.90000e-08 to=  1.23000e-07
ecyc2_x_id_02_10_500_05=   -5.25038e-15 from=  1.23000e-07 to=  1.39000e-07
ecyct_x_id_02_10_500_05=   5.16849e-14 from=  9.90000e-08 to=  1.39000e-07
vraa_x_id_02_10_500_05=  2.440415e-02 at=  1.120000e-08
vrab_x_id_02_10_500_05=  -2.440415e-02 at=  4.120000e-08
vlna_x_id_02_10_500_05=  3.547033e-01 at=  1.120000e-08
epush_x_id_02_10_500_10=   4.42158e-14 from=  9.00000e-09 to=  2.60000e-08
epull_x_id_02_10_500_10=   4.42158e-14 from=  3.90000e-08 to=  5.60000e-08
ecyc1_x_id_02_10_500_10=   4.42158e-14 from=  9.90000e-08 to=  1.23000e-07
ecyc2_x_id_02_10_500_10=   3.79631e-15 from=  1.23000e-07 to=  1.39000e-07
ecyct_x_id_02_10_500_10=   4.80121e-14 from=  9.90000e-08 to=  1.39000e-07
vraa_x_id_02_10_500_10=  1.513154e-02 at=  1.120000e-08
vrab_x_id_02_10_500_10=  -1.513154e-02 at=  4.120000e-08
vlna_x_id_02_10_500_10=  2.615259e-01 at=  1.120000e-08
epush_x_id_02_30_100_05=   2.92297e-13 from=  9.00000e-09 to=  2.60000e-08
epull_x_id_02_30_100_05=   2.92297e-13 from=  3.90000e-08 to=  5.60000e-08
ecyc1_x_id_02_30_100_05=   2.92297e-13 from=  9.90000e-08 to=  1.23000e-07
ecyc2_x_id_02_30_100_05=   -4.96655e-14 from=  1.23000e-07 to=  1.39000e-07
ecyct_x_id_02_30_100_05=   2.42631e-13 from=  9.90000e-08 to=  1.39000e-07
vraa_x_id_02_30_100_05=  7.294085e-02 at=  1.367000e-08
vrab_x_id_02_30_100_05=  -7.294085e-02 at=  4.367000e-08
vlna_x_id_02_30_100_05=  6.693096e-01 at=  1.367000e-08
epush_x_id_02_30_100_10=   2.00785e-13 from=  9.00000e-09 to=  2.60000e-08
epull_x_id_02_30_100_10=   2.00785e-13 from=  3.90000e-08 to=  5.60000e-08
ecyc1_x_id_02_30_100_10=   2.00785e-13 from=  9.90000e-08 to=  1.23000e-07
ecyc2_x_id_02_30_100_10=   -1.44230e-13 from=  1.23000e-07 to=  1.39000e-07
ecyct_x_id_02_30_100_10=   5.65550e-14 from=  9.90000e-08 to=  1.39000e-07
vraa_x_id_02_30_100_10=  1.925014e-02 at=  1.367000e-08
vrab_x_id_02_30_100_10=  -1.925014e-02 at=  4.367000e-08
vlna_x_id_02_30_100_10=  5.114070e-01 at=  1.395000e-08
epush_x_id_02_30_500_05=   3.46715e-13 from=  9.00000e-09 to=  2.60000e-08
epull_x_id_02_30_500_05=   3.46715e-13 from=  3.90000e-08 to=  5.60000e-08
ecyc1_x_id_02_30_500_05=   3.46715e-13 from=  9.90000e-08 to=  1.23000e-07
ecyc2_x_id_02_30_500_05=   4.74914e-15 from=  1.23000e-07 to=  1.39000e-07
ecyct_x_id_02_30_500_05=   3.51465e-13 from=  9.90000e-08 to=  1.39000e-07
vraa_x_id_02_30_500_05=  7.294085e-02 at=  1.367000e-08
vrab_x_id_02_30_500_05=  -7.294085e-02 at=  4.367000e-08
vlna_x_id_02_30_500_05=  7.478044e-01 at=  1.360000e-08
epush_x_id_02_30_500_10=   2.55204e-13 from=  9.00000e-09 to=  2.60000e-08
epull_x_id_02_30_500_10=   2.55204e-13 from=  3.90000e-08 to=  5.60000e-08
ecyc1_x_id_02_30_500_10=   2.55204e-13 from=  9.90000e-08 to=  1.23000e-07
ecyc2_x_id_02_30_500_10=   -8.98156e-14 from=  1.23000e-07 to=  1.39000e-07
ecyct_x_id_02_30_500_10=   1.65389e-13 from=  9.90000e-08 to=  1.39000e-07
vraa_x_id_02_30_500_10=  1.925014e-02 at=  1.367000e-08
vrab_x_id_02_30_500_10=  -1.925014e-02 at=  4.367000e-08
vlna_x_id_02_30_500_10=  5.717441e-01 at=  1.360000e-08
epush_x_id_02_100_100_05=   1.51822e-12 from=  9.00000e-09 to=  2.60000e-08
epull_x_id_02_100_100_05=   1.51822e-12 from=  3.90000e-08 to=  5.60000e-08
ecyc1_x_id_02_100_100_05=   1.51822e-12 from=  9.90000e-08 to=  1.23000e-07
ecyc2_x_id_02_100_100_05=   1.04157e-12 from=  1.23000e-07 to=  1.39000e-07
ecyct_x_id_02_100_100_05=   2.55979e-12 from=  9.90000e-08 to=  1.39000e-07
vraa_x_id_02_100_100_05=  9.949809e-02 at=  2.200000e-08
vrab_x_id_02_100_100_05=  -9.949809e-02 at=  5.200000e-08
vlna_x_id_02_100_100_05=  7.421394e-01 at=  2.200000e-08
epush_x_id_02_100_100_10=   1.38039e-12 from=  9.00000e-09 to=  2.60000e-08
epull_x_id_02_100_100_10=   1.38039e-12 from=  3.90000e-08 to=  5.60000e-08
ecyc1_x_id_02_100_100_10=   1.38039e-12 from=  9.90000e-08 to=  1.23000e-07
ecyc2_x_id_02_100_100_10=   6.26877e-13 from=  1.23000e-07 to=  1.39000e-07
ecyct_x_id_02_100_100_10=   2.00727e-12 from=  9.90000e-08 to=  1.39000e-07
vraa_x_id_02_100_100_10=  9.882737e-02 at=  2.200000e-08
vrab_x_id_02_100_100_10=  -9.882737e-02 at=  5.200000e-08
vlna_x_id_02_100_100_10=  7.401380e-01 at=  2.200000e-08
epush_x_id_02_100_500_05=   1.69955e-12 from=  9.00000e-09 to=  2.60000e-08
epull_x_id_02_100_500_05=   1.69955e-12 from=  3.90000e-08 to=  5.60000e-08
ecyc1_x_id_02_100_500_05=   1.69955e-12 from=  9.90000e-08 to=  1.23000e-07
ecyc2_x_id_02_100_500_05=   1.22290e-12 from=  1.23000e-07 to=  1.39000e-07
ecyct_x_id_02_100_500_05=   2.92244e-12 from=  9.90000e-08 to=  1.39000e-07
vraa_x_id_02_100_500_05=  9.949809e-02 at=  2.200000e-08
vrab_x_id_02_100_500_05=  -9.949809e-02 at=  5.200000e-08
vlna_x_id_02_100_500_05=  8.221394e-01 at=  2.200000e-08
epush_x_id_02_100_500_10=   1.56172e-12 from=  9.00000e-09 to=  2.60000e-08
epull_x_id_02_100_500_10=   1.56172e-12 from=  3.90000e-08 to=  5.60000e-08
ecyc1_x_id_02_100_500_10=   1.56172e-12 from=  9.90000e-08 to=  1.23000e-07
ecyc2_x_id_02_100_500_10=   8.08201e-13 from=  1.23000e-07 to=  1.39000e-07
ecyct_x_id_02_100_500_10=   2.36992e-12 from=  9.90000e-08 to=  1.39000e-07
vraa_x_id_02_100_500_10=  9.882737e-02 at=  2.200000e-08
vrab_x_id_02_100_500_10=  -9.882737e-02 at=  5.200000e-08
vlna_x_id_02_100_500_10=  8.201380e-01 at=  2.200000e-08
epush_x_id_05_05_100_05=   7.03366e-14 from=  9.00000e-09 to=  2.60000e-08
epull_x_id_05_05_100_05=   7.03366e-14 from=  3.90000e-08 to=  5.60000e-08
ecyc1_x_id_05_05_100_05=   7.03366e-14 from=  9.90000e-08 to=  1.23000e-07
ecyc2_x_id_05_05_100_05=   -2.66652e-14 from=  1.23000e-07 to=  1.39000e-07
ecyct_x_id_05_05_100_05=   4.36714e-14 from=  9.90000e-08 to=  1.39000e-07
vraa_x_id_05_05_100_05=  5.882630e-02 at=  1.061000e-08
vrab_x_id_05_05_100_05=  -5.882630e-02 at=  4.061000e-08
vlna_x_id_05_05_100_05=  3.814654e-01 at=  1.060000e-08
epush_x_id_05_05_100_10=   4.88608e-14 from=  9.00000e-09 to=  2.60000e-08
epull_x_id_05_05_100_10=   4.88608e-14 from=  3.90000e-08 to=  5.60000e-08
ecyc1_x_id_05_05_100_10=   4.88608e-14 from=  9.90000e-08 to=  1.23000e-07
ecyc2_x_id_05_05_100_10=   -1.42578e-14 from=  1.23000e-07 to=  1.39000e-07
ecyct_x_id_05_05_100_10=   3.46030e-14 from=  9.90000e-08 to=  1.39000e-07
vraa_x_id_05_05_100_10=  3.608201e-02 at=  1.061000e-08
vrab_x_id_05_05_100_10=  -3.608201e-02 at=  4.061000e-08
vlna_x_id_05_05_100_10=  2.572424e-01 at=  1.060000e-08
epush_x_id_05_05_500_05=   1.27337e-13 from=  9.00000e-09 to=  2.60000e-08
epull_x_id_05_05_500_05=   1.27337e-13 from=  3.90000e-08 to=  5.60000e-08
ecyc1_x_id_05_05_500_05=   1.27337e-13 from=  9.90000e-08 to=  1.23000e-07
ecyc2_x_id_05_05_500_05=   3.03679e-14 from=  1.23000e-07 to=  1.39000e-07
ecyct_x_id_05_05_500_05=   1.57704e-13 from=  9.90000e-08 to=  1.39000e-07
vraa_x_id_05_05_500_05=  5.882630e-02 at=  1.061000e-08
vrab_x_id_05_05_500_05=  -5.882630e-02 at=  4.061000e-08
vlna_x_id_05_05_500_05=  5.814654e-01 at=  1.060000e-08
epush_x_id_05_05_500_10=   1.05861e-13 from=  9.00000e-09 to=  2.60000e-08
epull_x_id_05_05_500_10=   1.05861e-13 from=  3.90000e-08 to=  5.60000e-08
ecyc1_x_id_05_05_500_10=   1.05861e-13 from=  9.90000e-08 to=  1.23000e-07
ecyc2_x_id_05_05_500_10=   4.27753e-14 from=  1.23000e-07 to=  1.39000e-07
ecyct_x_id_05_05_500_10=   1.48636e-13 from=  9.90000e-08 to=  1.39000e-07
vraa_x_id_05_05_500_10=  3.608201e-02 at=  1.061000e-08
vrab_x_id_05_05_500_10=  -3.608201e-02 at=  4.061000e-08
vlna_x_id_05_05_500_10=  4.572424e-01 at=  1.060000e-08
epush_x_id_05_10_100_05=   2.39788e-13 from=  9.00000e-09 to=  2.60000e-08
epull_x_id_05_10_100_05=   2.39788e-13 from=  3.90000e-08 to=  5.60000e-08
ecyc1_x_id_05_10_100_05=   2.39788e-13 from=  9.90000e-08 to=  1.23000e-07
ecyc2_x_id_05_10_100_05=   -5.08338e-14 from=  1.23000e-07 to=  1.39000e-07
ecyct_x_id_05_10_100_05=   1.88954e-13 from=  9.90000e-08 to=  1.39000e-07
vraa_x_id_05_10_100_05=  9.338462e-02 at=  1.127000e-08
vrab_x_id_05_10_100_05=  -9.338462e-02 at=  4.127000e-08
vlna_x_id_05_10_100_05=  6.743904e-01 at=  1.123000e-08
epush_x_id_05_10_100_10=   1.62460e-13 from=  9.00000e-09 to=  2.60000e-08
epull_x_id_05_10_100_10=   1.62460e-13 from=  3.90000e-08 to=  5.60000e-08
ecyc1_x_id_05_10_100_10=   1.62460e-13 from=  9.90000e-08 to=  1.23000e-07
ecyc2_x_id_05_10_100_10=   -8.82809e-14 from=  1.23000e-07 to=  1.39000e-07
ecyct_x_id_05_10_100_10=   7.41788e-14 from=  9.90000e-08 to=  1.39000e-07
vraa_x_id_05_10_100_10=  4.182136e-02 at=  1.121000e-08
vrab_x_id_05_10_100_10=  -4.182136e-02 at=  4.121000e-08
vlna_x_id_05_10_100_10=  4.547802e-01 at=  1.123000e-08
epush_x_id_05_10_500_05=   3.53493e-13 from=  9.00000e-09 to=  2.60000e-08
epull_x_id_05_10_500_05=   3.53493e-13 from=  3.90000e-08 to=  5.60000e-08
ecyc1_x_id_05_10_500_05=   3.53493e-13 from=  9.90000e-08 to=  1.23000e-07
ecyc2_x_id_05_10_500_05=   6.28569e-14 from=  1.23000e-07 to=  1.39000e-07
ecyct_x_id_05_10_500_05=   4.16349e-13 from=  9.90000e-08 to=  1.39000e-07
vraa_x_id_05_10_500_05=  9.338462e-02 at=  1.127000e-08
vrab_x_id_05_10_500_05=  -9.338462e-02 at=  4.127000e-08
vlna_x_id_05_10_500_05=  8.709350e-01 at=  1.120000e-08
epush_x_id_05_10_500_10=   2.76164e-13 from=  9.00000e-09 to=  2.60000e-08
epull_x_id_05_10_500_10=   2.76164e-13 from=  3.90000e-08 to=  5.60000e-08
ecyc1_x_id_05_10_500_10=   2.76164e-13 from=  9.90000e-08 to=  1.23000e-07
ecyc2_x_id_05_10_500_10=   2.54098e-14 from=  1.23000e-07 to=  1.39000e-07
ecyct_x_id_05_10_500_10=   3.01574e-13 from=  9.90000e-08 to=  1.39000e-07
vraa_x_id_05_10_500_10=  4.182136e-02 at=  1.121000e-08
vrab_x_id_05_10_500_10=  -4.182136e-02 at=  4.121000e-08
vlna_x_id_05_10_500_10=  6.527780e-01 at=  1.120000e-08
epush_x_id_05_30_100_05=   1.29628e-12 from=  9.00000e-09 to=  2.60000e-08
epull_x_id_05_30_100_05=   1.29628e-12 from=  3.90000e-08 to=  5.60000e-08
ecyc1_x_id_05_30_100_05=   1.29628e-12 from=  9.90000e-08 to=  1.23000e-07
ecyc2_x_id_05_30_100_05=   7.87398e-13 from=  1.23000e-07 to=  1.39000e-07
ecyct_x_id_05_30_100_05=   2.08368e-12 from=  9.90000e-08 to=  1.39000e-07
vraa_x_id_05_30_100_05=  2.430334e-01 at=  1.361000e-08
vrab_x_id_05_30_100_05=  -2.430333e-01 at=  4.361000e-08
vlna_x_id_05_30_100_05=  9.401852e-01 at=  1.360000e-08
epush_x_id_05_30_100_10=   1.07947e-12 from=  9.00000e-09 to=  2.60000e-08
epull_x_id_05_30_100_10=   1.07946e-12 from=  3.90000e-08 to=  5.60000e-08
ecyc1_x_id_05_30_100_10=   1.07947e-12 from=  9.90000e-08 to=  1.23000e-07
ecyc2_x_id_05_30_100_10=   3.20216e-13 from=  1.23000e-07 to=  1.39000e-07
ecyct_x_id_05_30_100_10=   1.39969e-12 from=  9.90000e-08 to=  1.39000e-07
vraa_x_id_05_30_100_10=  2.125081e-01 at=  1.367000e-08
vrab_x_id_05_30_100_10=  -2.125060e-01 at=  4.367000e-08
vlna_x_id_05_30_100_10=  8.939598e-01 at=  1.360000e-08
epush_x_id_05_30_500_05=   1.63640e-12 from=  9.00000e-09 to=  2.60000e-08
epull_x_id_05_30_500_05=   1.63640e-12 from=  3.90000e-08 to=  5.60000e-08
ecyc1_x_id_05_30_500_05=   1.63640e-12 from=  9.90000e-08 to=  1.23000e-07
ecyc2_x_id_05_30_500_05=   1.12749e-12 from=  1.23000e-07 to=  1.39000e-07
ecyct_x_id_05_30_500_05=   2.76389e-12 from=  9.90000e-08 to=  1.39000e-07
vraa_x_id_05_30_500_05=  2.430334e-01 at=  1.361000e-08
vrab_x_id_05_30_500_05=  -2.430333e-01 at=  4.361000e-08
vlna_x_id_05_30_500_05=  1.140185e+00 at=  1.360000e-08
epush_x_id_05_30_500_10=   1.41959e-12 from=  9.00000e-09 to=  2.60000e-08
epull_x_id_05_30_500_10=   1.41958e-12 from=  3.90000e-08 to=  5.60000e-08
ecyc1_x_id_05_30_500_10=   1.41959e-12 from=  9.90000e-08 to=  1.23000e-07
ecyc2_x_id_05_30_500_10=   6.60307e-13 from=  1.23000e-07 to=  1.39000e-07
ecyct_x_id_05_30_500_10=   2.07990e-12 from=  9.90000e-08 to=  1.39000e-07
vraa_x_id_05_30_500_10=  2.125081e-01 at=  1.367000e-08
vrab_x_id_05_30_500_10=  -2.125060e-01 at=  4.367000e-08
vlna_x_id_05_30_500_10=  1.093960e+00 at=  1.360000e-08
epush_x_id_05_100_100_05=   5.28334e-12 from=  9.00000e-09 to=  2.60000e-08
epull_x_id_05_100_100_05=   5.28335e-12 from=  3.90000e-08 to=  5.60000e-08
ecyc1_x_id_05_100_100_05=   5.28334e-12 from=  9.90000e-08 to=  1.23000e-07
ecyc2_x_id_05_100_100_05=   4.70069e-12 from=  1.23000e-07 to=  1.39000e-07
ecyct_x_id_05_100_100_05=   9.98404e-12 from=  9.90000e-08 to=  1.39000e-07
vraa_x_id_05_100_100_05=  2.494893e-01 at=  2.200000e-08
vrab_x_id_05_100_100_05=  -2.494893e-01 at=  5.200000e-08
vlna_x_id_05_100_100_05=  9.613126e-01 at=  2.200000e-08
epush_x_id_05_100_100_10=   5.05037e-12 from=  9.00000e-09 to=  2.60000e-08
epull_x_id_05_100_100_10=   5.05038e-12 from=  3.90000e-08 to=  5.60000e-08
ecyc1_x_id_05_100_100_10=   5.05037e-12 from=  9.90000e-08 to=  1.23000e-07
ecyc2_x_id_05_100_100_10=   4.12134e-12 from=  1.23000e-07 to=  1.39000e-07
ecyct_x_id_05_100_100_10=   9.17171e-12 from=  9.90000e-08 to=  1.39000e-07
vraa_x_id_05_100_100_10=  2.493371e-01 at=  2.200000e-08
vrab_x_id_05_100_100_10=  -2.493371e-01 at=  5.200000e-08
vlna_x_id_05_100_100_10=  9.609327e-01 at=  2.200000e-08
epush_x_id_05_100_500_05=   6.41662e-12 from=  9.00000e-09 to=  2.60000e-08
epull_x_id_05_100_500_05=   6.41663e-12 from=  3.90000e-08 to=  5.60000e-08
ecyc1_x_id_05_100_500_05=   6.41662e-12 from=  9.90000e-08 to=  1.23000e-07
ecyc2_x_id_05_100_500_05=   5.83397e-12 from=  1.23000e-07 to=  1.39000e-07
ecyct_x_id_05_100_500_05=   1.22506e-11 from=  9.90000e-08 to=  1.39000e-07
vraa_x_id_05_100_500_05=  2.494893e-01 at=  2.200000e-08
vrab_x_id_05_100_500_05=  -2.494893e-01 at=  5.200000e-08
vlna_x_id_05_100_500_05=  1.161313e+00 at=  2.200000e-08
epush_x_id_05_100_500_10=   6.18365e-12 from=  9.00000e-09 to=  2.60000e-08
epull_x_id_05_100_500_10=   6.18366e-12 from=  3.90000e-08 to=  5.60000e-08
ecyc1_x_id_05_100_500_10=   6.18365e-12 from=  9.90000e-08 to=  1.23000e-07
ecyc2_x_id_05_100_500_10=   5.25461e-12 from=  1.23000e-07 to=  1.39000e-07
ecyct_x_id_05_100_500_10=   1.14383e-11 from=  9.90000e-08 to=  1.39000e-07
vraa_x_id_05_100_500_10=  2.493371e-01 at=  2.200000e-08
vrab_x_id_05_100_500_10=  -2.493371e-01 at=  5.200000e-08
vlna_x_id_05_100_500_10=  1.160933e+00 at=  2.200000e-08
epush_x_id_10_05_100_05=   2.80147e-13 from=  9.00000e-09 to=  2.60000e-08
epull_x_id_10_05_100_05=   2.80147e-13 from=  3.90000e-08 to=  5.60000e-08
ecyc1_x_id_10_05_100_05=   2.80147e-13 from=  9.90000e-08 to=  1.23000e-07
ecyc2_x_id_10_05_100_05=   -1.07377e-14 from=  1.23000e-07 to=  1.39000e-07
ecyct_x_id_10_05_100_05=   2.69409e-13 from=  9.90000e-08 to=  1.39000e-07
vraa_x_id_10_05_100_05=  1.426056e-01 at=  1.063000e-08
vrab_x_id_10_05_100_05=  -1.426056e-01 at=  4.063000e-08
vlna_x_id_10_05_100_05=  7.554721e-01 at=  1.060000e-08
epush_x_id_10_05_100_10=   1.95344e-13 from=  9.00000e-09 to=  2.60000e-08
epull_x_id_10_05_100_10=   1.95344e-13 from=  3.90000e-08 to=  5.60000e-08
ecyc1_x_id_10_05_100_10=   1.95344e-13 from=  9.90000e-08 to=  1.23000e-07
ecyc2_x_id_10_05_100_10=   -5.52515e-14 from=  1.23000e-07 to=  1.39000e-07
ecyct_x_id_10_05_100_10=   1.40092e-13 from=  9.90000e-08 to=  1.39000e-07
vraa_x_id_10_05_100_10=  7.662457e-02 at=  1.061000e-08
vrab_x_id_10_05_100_10=  -7.662457e-02 at=  4.061000e-08
vlna_x_id_10_05_100_10=  5.139159e-01 at=  1.060000e-08
epush_x_id_10_05_500_05=   5.08147e-13 from=  9.00000e-09 to=  2.60000e-08
epull_x_id_10_05_500_05=   5.08147e-13 from=  3.90000e-08 to=  5.60000e-08
ecyc1_x_id_10_05_500_05=   5.08147e-13 from=  9.90000e-08 to=  1.23000e-07
ecyc2_x_id_10_05_500_05=   2.17395e-13 from=  1.23000e-07 to=  1.39000e-07
ecyct_x_id_10_05_500_05=   7.25542e-13 from=  9.90000e-08 to=  1.39000e-07
vraa_x_id_10_05_500_05=  1.426056e-01 at=  1.063000e-08
vrab_x_id_10_05_500_05=  -1.426056e-01 at=  4.063000e-08
vlna_x_id_10_05_500_05=  1.155472e+00 at=  1.060000e-08
epush_x_id_10_05_500_10=   4.23344e-13 from=  9.00000e-09 to=  2.60000e-08
epull_x_id_10_05_500_10=   4.23344e-13 from=  3.90000e-08 to=  5.60000e-08
ecyc1_x_id_10_05_500_10=   4.23344e-13 from=  9.90000e-08 to=  1.23000e-07
ecyc2_x_id_10_05_500_10=   1.72881e-13 from=  1.23000e-07 to=  1.39000e-07
ecyct_x_id_10_05_500_10=   5.96224e-13 from=  9.90000e-08 to=  1.39000e-07
vraa_x_id_10_05_500_10=  7.662457e-02 at=  1.061000e-08
vrab_x_id_10_05_500_10=  -7.662457e-02 at=  4.061000e-08
vlna_x_id_10_05_500_10=  9.139159e-01 at=  1.060000e-08
epush_x_id_10_10_100_05=   8.71528e-13 from=  9.00000e-09 to=  2.60000e-08
epull_x_id_10_10_100_05=   8.71528e-13 from=  3.90000e-08 to=  5.60000e-08
ecyc1_x_id_10_10_100_05=   8.71528e-13 from=  9.90000e-08 to=  1.23000e-07
ecyc2_x_id_10_10_100_05=   3.62701e-13 from=  1.23000e-07 to=  1.39000e-07
ecyct_x_id_10_10_100_05=   1.23423e-12 from=  9.90000e-08 to=  1.39000e-07
vraa_x_id_10_10_100_05=  3.594282e-01 at=  1.127000e-08
vrab_x_id_10_10_100_05=  -3.594282e-01 at=  4.127000e-08
vlna_x_id_10_10_100_05=  1.094041e+00 at=  1.120000e-08
epush_x_id_10_10_100_10=   6.38702e-13 from=  9.00000e-09 to=  2.60000e-08
epull_x_id_10_10_100_10=   6.38702e-13 from=  3.90000e-08 to=  5.60000e-08
ecyc1_x_id_10_10_100_10=   6.38702e-13 from=  9.90000e-08 to=  1.23000e-07
ecyc2_x_id_10_10_100_10=   4.28554e-14 from=  1.23000e-07 to=  1.39000e-07
ecyct_x_id_10_10_100_10=   6.81558e-13 from=  9.90000e-08 to=  1.39000e-07
vraa_x_id_10_10_100_10=  1.920962e-01 at=  1.127000e-08
vrab_x_id_10_10_100_10=  -1.920962e-01 at=  4.127000e-08
vlna_x_id_10_10_100_10=  8.650929e-01 at=  1.120000e-08
epush_x_id_10_10_500_05=   1.32635e-12 from=  9.00000e-09 to=  2.60000e-08
epull_x_id_10_10_500_05=   1.32635e-12 from=  3.90000e-08 to=  5.60000e-08
ecyc1_x_id_10_10_500_05=   1.32635e-12 from=  9.90000e-08 to=  1.23000e-07
ecyc2_x_id_10_10_500_05=   8.17464e-13 from=  1.23000e-07 to=  1.39000e-07
ecyct_x_id_10_10_500_05=   2.14381e-12 from=  9.90000e-08 to=  1.39000e-07
vraa_x_id_10_10_500_05=  3.594282e-01 at=  1.127000e-08
vrab_x_id_10_10_500_05=  -3.594282e-01 at=  4.127000e-08
vlna_x_id_10_10_500_05=  1.494041e+00 at=  1.120000e-08
epush_x_id_10_10_500_10=   1.09352e-12 from=  9.00000e-09 to=  2.60000e-08
epull_x_id_10_10_500_10=   1.09352e-12 from=  3.90000e-08 to=  5.60000e-08
ecyc1_x_id_10_10_500_10=   1.09352e-12 from=  9.90000e-08 to=  1.23000e-07
ecyc2_x_id_10_10_500_10=   4.97618e-13 from=  1.23000e-07 to=  1.39000e-07
ecyct_x_id_10_10_500_10=   1.59114e-12 from=  9.90000e-08 to=  1.39000e-07
vraa_x_id_10_10_500_10=  1.920962e-01 at=  1.127000e-08
vrab_x_id_10_10_500_10=  -1.920962e-01 at=  4.127000e-08
vlna_x_id_10_10_500_10=  1.265093e+00 at=  1.120000e-08
epush_x_id_10_30_100_05=   3.84995e-12 from=  9.00000e-09 to=  2.60000e-08
epull_x_id_10_30_100_05=   3.84995e-12 from=  3.90000e-08 to=  5.60000e-08
ecyc1_x_id_10_30_100_05=   3.84995e-12 from=  9.90000e-08 to=  1.23000e-07
ecyc2_x_id_10_30_100_05=   3.20661e-12 from=  1.23000e-07 to=  1.39000e-07
ecyct_x_id_10_30_100_05=   7.05656e-12 from=  9.90000e-08 to=  1.39000e-07
vraa_x_id_10_30_100_05=  4.952785e-01 at=  1.360000e-08
vrab_x_id_10_30_100_05=  -4.952785e-01 at=  4.360000e-08
vlna_x_id_10_30_100_05=  1.289909e+00 at=  1.360000e-08
epush_x_id_10_30_100_10=   3.41358e-12 from=  9.00000e-09 to=  2.60000e-08
epull_x_id_10_30_100_10=   3.41358e-12 from=  3.90000e-08 to=  5.60000e-08
ecyc1_x_id_10_30_100_10=   3.41358e-12 from=  9.90000e-08 to=  1.23000e-07
ecyc2_x_id_10_30_100_10=   2.39191e-12 from=  1.23000e-07 to=  1.39000e-07
ecyct_x_id_10_30_100_10=   5.80549e-12 from=  9.90000e-08 to=  1.39000e-07
vraa_x_id_10_30_100_10=  4.741995e-01 at=  1.363000e-08
vrab_x_id_10_30_100_10=  -4.741995e-01 at=  4.363000e-08
vlna_x_id_10_30_100_10=  1.261585e+00 at=  1.360000e-08
epush_x_id_10_30_500_05=   5.21043e-12 from=  9.00000e-09 to=  2.60000e-08
epull_x_id_10_30_500_05=   5.21043e-12 from=  3.90000e-08 to=  5.60000e-08
ecyc1_x_id_10_30_500_05=   5.21043e-12 from=  9.90000e-08 to=  1.23000e-07
ecyc2_x_id_10_30_500_05=   4.56697e-12 from=  1.23000e-07 to=  1.39000e-07
ecyct_x_id_10_30_500_05=   9.77740e-12 from=  9.90000e-08 to=  1.39000e-07
vraa_x_id_10_30_500_05=  4.952785e-01 at=  1.360000e-08
vrab_x_id_10_30_500_05=  -4.952785e-01 at=  4.360000e-08
vlna_x_id_10_30_500_05=  1.689909e+00 at=  1.360000e-08
epush_x_id_10_30_500_10=   4.77405e-12 from=  9.00000e-09 to=  2.60000e-08
epull_x_id_10_30_500_10=   4.77405e-12 from=  3.90000e-08 to=  5.60000e-08
ecyc1_x_id_10_30_500_10=   4.77405e-12 from=  9.90000e-08 to=  1.23000e-07
ecyc2_x_id_10_30_500_10=   3.75228e-12 from=  1.23000e-07 to=  1.39000e-07
ecyct_x_id_10_30_500_10=   8.52633e-12 from=  9.90000e-08 to=  1.39000e-07
vraa_x_id_10_30_500_10=  4.741995e-01 at=  1.363000e-08
vrab_x_id_10_30_500_10=  -4.741995e-01 at=  4.363000e-08
vlna_x_id_10_30_500_10=  1.661585e+00 at=  1.360000e-08
epush_x_id_10_100_100_05=   1.46246e-11 from=  9.00000e-09 to=  2.60000e-08
epull_x_id_10_100_100_05=   1.46246e-11 from=  3.90000e-08 to=  5.60000e-08
ecyc1_x_id_10_100_100_05=   1.46246e-11 from=  9.90000e-08 to=  1.23000e-07
ecyc2_x_id_10_100_100_05=   1.38959e-11 from=  1.23000e-07 to=  1.39000e-07
ecyct_x_id_10_100_100_05=   2.85205e-11 from=  9.90000e-08 to=  1.39000e-07
vraa_x_id_10_100_100_05=  4.993592e-01 at=  2.200000e-08
vrab_x_id_10_100_100_05=  -4.993592e-01 at=  5.200000e-08
vlna_x_id_10_100_100_05=  1.304192e+00 at=  2.200000e-08
epush_x_id_10_100_100_10=   1.41999e-11 from=  9.00000e-09 to=  2.60000e-08
epull_x_id_10_100_100_10=   1.41998e-11 from=  3.90000e-08 to=  5.60000e-08
ecyc1_x_id_10_100_100_10=   1.41999e-11 from=  9.90000e-08 to=  1.23000e-07
ecyc2_x_id_10_100_100_10=   1.30140e-11 from=  1.23000e-07 to=  1.39000e-07
ecyct_x_id_10_100_100_10=   2.72138e-11 from=  9.90000e-08 to=  1.39000e-07
vraa_x_id_10_100_100_10=  4.992742e-01 at=  2.200000e-08
vrab_x_id_10_100_100_10=  -4.992741e-01 at=  5.200000e-08
vlna_x_id_10_100_100_10=  1.304006e+00 at=  2.200000e-08
epush_x_id_10_100_500_05=   1.91577e-11 from=  9.00000e-09 to=  2.60000e-08
epull_x_id_10_100_500_05=   1.91577e-11 from=  3.90000e-08 to=  5.60000e-08
ecyc1_x_id_10_100_500_05=   1.91577e-11 from=  9.90000e-08 to=  1.23000e-07
ecyc2_x_id_10_100_500_05=   1.84290e-11 from=  1.23000e-07 to=  1.39000e-07
ecyct_x_id_10_100_500_05=   3.75867e-11 from=  9.90000e-08 to=  1.39000e-07
vraa_x_id_10_100_500_05=  4.993592e-01 at=  2.200000e-08
vrab_x_id_10_100_500_05=  -4.993592e-01 at=  5.200000e-08
vlna_x_id_10_100_500_05=  1.704192e+00 at=  2.200000e-08
epush_x_id_10_100_500_10=   1.87330e-11 from=  9.00000e-09 to=  2.60000e-08
epull_x_id_10_100_500_10=   1.87329e-11 from=  3.90000e-08 to=  5.60000e-08
ecyc1_x_id_10_100_500_10=   1.87330e-11 from=  9.90000e-08 to=  1.23000e-07
ecyc2_x_id_10_100_500_10=   1.75471e-11 from=  1.23000e-07 to=  1.39000e-07
ecyct_x_id_10_100_500_10=   3.62800e-11 from=  9.90000e-08 to=  1.39000e-07
vraa_x_id_10_100_500_10=  4.992742e-01 at=  2.200000e-08
vrab_x_id_10_100_500_10=  -4.992741e-01 at=  5.200000e-08
vlna_x_id_10_100_500_10=  1.704006e+00 at=  2.200000e-08
epush_x_sc_02_05_100_05=   1.12597e-14 from=  9.00000e-09 to=  2.60000e-08
epull_x_sc_02_05_100_05=   1.12597e-14 from=  3.90000e-08 to=  5.60000e-08
ecyc1_x_sc_02_05_100_05=   1.12597e-14 from=  9.90000e-08 to=  1.23000e-07
ecyc2_x_sc_02_05_100_05=   -3.93391e-15 from=  1.23000e-07 to=  1.39000e-07
ecyct_x_sc_02_05_100_05=   7.32575e-15 from=  9.90000e-08 to=  1.39000e-07
vraa_x_sc_02_05_100_05=  2.237008e-02 at=  1.060000e-08
vrab_x_sc_02_05_100_05=  -2.237008e-02 at=  4.060000e-08
vlna_x_sc_02_05_100_05=  1.527525e-01 at=  1.060000e-08
epush_x_sc_02_05_100_10=   7.81848e-15 from=  9.00000e-09 to=  2.60000e-08
epull_x_sc_02_05_100_10=   7.81848e-15 from=  3.90000e-08 to=  5.60000e-08
ecyc1_x_sc_02_05_100_10=   7.81848e-15 from=  9.90000e-08 to=  1.23000e-07
ecyc2_x_sc_02_05_100_10=   -2.24179e-15 from=  1.23000e-07 to=  1.39000e-07
ecyct_x_sc_02_05_100_10=   5.57668e-15 from=  9.90000e-08 to=  1.39000e-07
vraa_x_sc_02_05_100_10=  1.398175e-02 at=  1.060000e-08
vrab_x_sc_02_05_100_10=  -1.398175e-02 at=  4.060000e-08
vlna_x_sc_02_05_100_10=  1.029204e-01 at=  1.060000e-08
epush_x_sc_02_05_500_05=   2.03797e-14 from=  9.00000e-09 to=  2.60000e-08
epull_x_sc_02_05_500_05=   2.03797e-14 from=  3.90000e-08 to=  5.60000e-08
ecyc1_x_sc_02_05_500_05=   2.03797e-14 from=  9.90000e-08 to=  1.23000e-07
ecyc2_x_sc_02_05_500_05=   5.19139e-15 from=  1.23000e-07 to=  1.39000e-07
ecyct_x_sc_02_05_500_05=   2.55711e-14 from=  9.90000e-08 to=  1.39000e-07
vraa_x_sc_02_05_500_05=  2.237008e-02 at=  1.060000e-08
vrab_x_sc_02_05_500_05=  -2.237008e-02 at=  4.060000e-08
vlna_x_sc_02_05_500_05=  2.327525e-01 at=  1.060000e-08
epush_x_sc_02_05_500_10=   1.69385e-14 from=  9.00000e-09 to=  2.60000e-08
epull_x_sc_02_05_500_10=   1.69385e-14 from=  3.90000e-08 to=  5.60000e-08
ecyc1_x_sc_02_05_500_10=   1.69385e-14 from=  9.90000e-08 to=  1.23000e-07
ecyc2_x_sc_02_05_500_10=   6.88350e-15 from=  1.23000e-07 to=  1.39000e-07
ecyct_x_sc_02_05_500_10=   2.38220e-14 from=  9.90000e-08 to=  1.39000e-07
vraa_x_sc_02_05_500_10=  1.398175e-02 at=  1.060000e-08
vrab_x_sc_02_05_500_10=  -1.398175e-02 at=  4.060000e-08
vlna_x_sc_02_05_500_10=  1.829204e-01 at=  1.060000e-08
epush_x_sc_02_10_100_05=   3.85598e-14 from=  9.00000e-09 to=  2.60000e-08
epull_x_sc_02_10_100_05=   3.85598e-14 from=  3.90000e-08 to=  5.60000e-08
ecyc1_x_sc_02_10_100_05=   3.85598e-14 from=  9.90000e-08 to=  1.23000e-07
ecyc2_x_sc_02_10_100_05=   -6.53048e-15 from=  1.23000e-07 to=  1.39000e-07
ecyct_x_sc_02_10_100_05=   3.20293e-14 from=  9.90000e-08 to=  1.39000e-07
vraa_x_sc_02_10_100_05=  2.893444e-02 at=  1.123000e-08
vrab_x_sc_02_10_100_05=  -2.893444e-02 at=  4.123000e-08
vlna_x_sc_02_10_100_05=  2.747295e-01 at=  1.127000e-08
epush_x_sc_02_10_100_10=   2.60143e-14 from=  9.00000e-09 to=  2.60000e-08
epull_x_sc_02_10_100_10=   2.60143e-14 from=  3.90000e-08 to=  5.60000e-08
ecyc1_x_sc_02_10_100_10=   2.60143e-14 from=  9.90000e-08 to=  1.23000e-07
ecyc2_x_sc_02_10_100_10=   -1.26411e-14 from=  1.23000e-07 to=  1.39000e-07
ecyct_x_sc_02_10_100_10=   1.33732e-14 from=  9.90000e-08 to=  1.39000e-07
vraa_x_sc_02_10_100_10=  1.538554e-02 at=  1.120000e-08
vrab_x_sc_02_10_100_10=  -1.538554e-02 at=  4.120000e-08
vlna_x_sc_02_10_100_10=  1.822160e-01 at=  1.127000e-08
epush_x_sc_02_10_500_05=   5.67525e-14 from=  9.00000e-09 to=  2.60000e-08
epull_x_sc_02_10_500_05=   5.67525e-14 from=  3.90000e-08 to=  5.60000e-08
ecyc1_x_sc_02_10_500_05=   5.67525e-14 from=  9.90000e-08 to=  1.23000e-07
ecyc2_x_sc_02_10_500_05=   1.16600e-14 from=  1.23000e-07 to=  1.39000e-07
ecyct_x_sc_02_10_500_05=   6.84125e-14 from=  9.90000e-08 to=  1.39000e-07
vraa_x_sc_02_10_500_05=  2.893444e-02 at=  1.123000e-08
vrab_x_sc_02_10_500_05=  -2.893444e-02 at=  4.123000e-08
vlna_x_sc_02_10_500_05=  3.515090e-01 at=  1.120000e-08
epush_x_sc_02_10_500_10=   4.42070e-14 from=  9.00000e-09 to=  2.60000e-08
epull_x_sc_02_10_500_10=   4.42070e-14 from=  3.90000e-08 to=  5.60000e-08
ecyc1_x_sc_02_10_500_10=   4.42070e-14 from=  9.90000e-08 to=  1.23000e-07
ecyc2_x_sc_02_10_500_10=   5.54943e-15 from=  1.23000e-07 to=  1.39000e-07
ecyct_x_sc_02_10_500_10=   4.97564e-14 from=  9.90000e-08 to=  1.39000e-07
vraa_x_sc_02_10_500_10=  1.538554e-02 at=  1.120000e-08
vrab_x_sc_02_10_500_10=  -1.538554e-02 at=  4.120000e-08
vlna_x_sc_02_10_500_10=  2.613924e-01 at=  1.120000e-08
epush_x_sc_02_30_100_05=   2.30807e-13 from=  9.00000e-09 to=  2.60000e-08
epull_x_sc_02_30_100_05=   2.30807e-13 from=  3.90000e-08 to=  5.60000e-08
ecyc1_x_sc_02_30_100_05=   2.30807e-13 from=  9.90000e-08 to=  1.23000e-07
ecyc2_x_sc_02_30_100_05=   1.38184e-13 from=  1.23000e-07 to=  1.39000e-07
ecyct_x_sc_02_30_100_05=   3.68991e-13 from=  9.90000e-08 to=  1.39000e-07
vraa_x_sc_02_30_100_05=  9.339745e-02 at=  1.363000e-08
vrab_x_sc_02_30_100_05=  -9.339733e-02 at=  4.363000e-08
vlna_x_sc_02_30_100_05=  4.447547e-01 at=  1.360000e-08
epush_x_sc_02_30_100_10=   1.83629e-13 from=  9.00000e-09 to=  2.60000e-08
epull_x_sc_02_30_100_10=   1.83629e-13 from=  3.90000e-08 to=  5.60000e-08
ecyc1_x_sc_02_30_100_10=   1.83629e-13 from=  9.90000e-08 to=  1.23000e-07
ecyc2_x_sc_02_30_100_10=   4.70697e-14 from=  1.23000e-07 to=  1.39000e-07
ecyct_x_sc_02_30_100_10=   2.30699e-13 from=  9.90000e-08 to=  1.39000e-07
vraa_x_sc_02_30_100_10=  7.127773e-02 at=  1.375000e-08
vrab_x_sc_02_30_100_10=  -7.127771e-02 at=  4.375000e-08
vlna_x_sc_02_30_100_10=  4.042708e-01 at=  1.363000e-08
epush_x_sc_02_30_500_05=   2.85226e-13 from=  9.00000e-09 to=  2.60000e-08
epull_x_sc_02_30_500_05=   2.85226e-13 from=  3.90000e-08 to=  5.60000e-08
ecyc1_x_sc_02_30_500_05=   2.85226e-13 from=  9.90000e-08 to=  1.23000e-07
ecyc2_x_sc_02_30_500_05=   1.92598e-13 from=  1.23000e-07 to=  1.39000e-07
ecyct_x_sc_02_30_500_05=   4.77824e-13 from=  9.90000e-08 to=  1.39000e-07
vraa_x_sc_02_30_500_05=  9.339745e-02 at=  1.363000e-08
vrab_x_sc_02_30_500_05=  -9.339733e-02 at=  4.363000e-08
vlna_x_sc_02_30_500_05=  5.247547e-01 at=  1.360000e-08
epush_x_sc_02_30_500_10=   2.38048e-13 from=  9.00000e-09 to=  2.60000e-08
epull_x_sc_02_30_500_10=   2.38048e-13 from=  3.90000e-08 to=  5.60000e-08
ecyc1_x_sc_02_30_500_10=   2.38048e-13 from=  9.90000e-08 to=  1.23000e-07
ecyc2_x_sc_02_30_500_10=   1.01484e-13 from=  1.23000e-07 to=  1.39000e-07
ecyct_x_sc_02_30_500_10=   3.39532e-13 from=  9.90000e-08 to=  1.39000e-07
vraa_x_sc_02_30_500_10=  7.127773e-02 at=  1.375000e-08
vrab_x_sc_02_30_500_10=  -7.127771e-02 at=  4.375000e-08
vlna_x_sc_02_30_500_10=  4.840419e-01 at=  1.360000e-08
epush_x_sc_02_100_100_05=   9.96794e-13 from=  9.00000e-09 to=  2.60000e-08
epull_x_sc_02_100_100_05=   9.96796e-13 from=  3.90000e-08 to=  5.60000e-08
ecyc1_x_sc_02_100_100_05=   9.96794e-13 from=  9.90000e-08 to=  1.23000e-07
ecyc2_x_sc_02_100_100_05=   8.86101e-13 from=  1.23000e-07 to=  1.39000e-07
ecyct_x_sc_02_100_100_05=   1.88290e-12 from=  9.90000e-08 to=  1.39000e-07
vraa_x_sc_02_100_100_05=  9.977291e-02 at=  2.200000e-08
vrab_x_sc_02_100_100_05=  -9.977291e-02 at=  5.200000e-08
vlna_x_sc_02_100_100_05=  4.611724e-01 at=  2.200000e-08
epush_x_sc_02_100_100_10=   9.41948e-13 from=  9.00000e-09 to=  2.60000e-08
epull_x_sc_02_100_100_10=   9.41950e-13 from=  3.90000e-08 to=  5.60000e-08
ecyc1_x_sc_02_100_100_10=   9.41948e-13 from=  9.90000e-08 to=  1.23000e-07
ecyc2_x_sc_02_100_100_10=   7.55770e-13 from=  1.23000e-07 to=  1.39000e-07
ecyct_x_sc_02_100_100_10=   1.69772e-12 from=  9.90000e-08 to=  1.39000e-07
vraa_x_sc_02_100_100_10=  9.970193e-02 at=  2.200000e-08
vrab_x_sc_02_100_100_10=  -9.970193e-02 at=  5.200000e-08
vlna_x_sc_02_100_100_10=  4.610269e-01 at=  2.200000e-08
epush_x_sc_02_100_500_05=   1.17812e-12 from=  9.00000e-09 to=  2.60000e-08
epull_x_sc_02_100_500_05=   1.17812e-12 from=  3.90000e-08 to=  5.60000e-08
ecyc1_x_sc_02_100_500_05=   1.17812e-12 from=  9.90000e-08 to=  1.23000e-07
ecyc2_x_sc_02_100_500_05=   1.06742e-12 from=  1.23000e-07 to=  1.39000e-07
ecyct_x_sc_02_100_500_05=   2.24554e-12 from=  9.90000e-08 to=  1.39000e-07
vraa_x_sc_02_100_500_05=  9.977291e-02 at=  2.200000e-08
vrab_x_sc_02_100_500_05=  -9.977291e-02 at=  5.200000e-08
vlna_x_sc_02_100_500_05=  5.411724e-01 at=  2.200000e-08
epush_x_sc_02_100_500_10=   1.12327e-12 from=  9.00000e-09 to=  2.60000e-08
epull_x_sc_02_100_500_10=   1.12327e-12 from=  3.90000e-08 to=  5.60000e-08
ecyc1_x_sc_02_100_500_10=   1.12327e-12 from=  9.90000e-08 to=  1.23000e-07
ecyc2_x_sc_02_100_500_10=   9.37093e-13 from=  1.23000e-07 to=  1.39000e-07
ecyct_x_sc_02_100_500_10=   2.06037e-12 from=  9.90000e-08 to=  1.39000e-07
vraa_x_sc_02_100_500_10=  9.970193e-02 at=  2.200000e-08
vrab_x_sc_02_100_500_10=  -9.970193e-02 at=  5.200000e-08
vlna_x_sc_02_100_500_10=  5.410269e-01 at=  2.200000e-08
epush_x_sc_05_05_100_05=   6.98459e-14 from=  9.00000e-09 to=  2.60000e-08
epull_x_sc_05_05_100_05=   6.98459e-14 from=  3.90000e-08 to=  5.60000e-08
ecyc1_x_sc_05_05_100_05=   6.98459e-14 from=  9.90000e-08 to=  1.23000e-07
ecyc2_x_sc_05_05_100_05=   1.26639e-14 from=  1.23000e-07 to=  1.39000e-07
ecyct_x_sc_05_05_100_05=   8.25097e-14 from=  9.90000e-08 to=  1.39000e-07
vraa_x_sc_05_05_100_05=  7.360105e-02 at=  1.063000e-08
vrab_x_sc_05_05_100_05=  -7.360105e-02 at=  4.063000e-08
vlna_x_sc_05_05_100_05=  3.745847e-01 at=  1.060000e-08
epush_x_sc_05_05_100_10=   4.88423e-14 from=  9.00000e-09 to=  2.60000e-08
epull_x_sc_05_05_100_10=   4.88423e-14 from=  3.90000e-08 to=  5.60000e-08
ecyc1_x_sc_05_05_100_10=   4.88423e-14 from=  9.90000e-08 to=  1.23000e-07
ecyc2_x_sc_05_05_100_10=   -7.03944e-15 from=  1.23000e-07 to=  1.39000e-07
ecyct_x_sc_05_05_100_10=   4.18029e-14 from=  9.90000e-08 to=  1.39000e-07
vraa_x_sc_05_05_100_10=  3.685866e-02 at=  1.061000e-08
vrab_x_sc_05_05_100_10=  -3.685866e-02 at=  4.061000e-08
vlna_x_sc_05_05_100_10=  2.570078e-01 at=  1.060000e-08
epush_x_sc_05_05_500_05=   1.26846e-13 from=  9.00000e-09 to=  2.60000e-08
epull_x_sc_05_05_500_05=   1.26846e-13 from=  3.90000e-08 to=  5.60000e-08
ecyc1_x_sc_05_05_500_05=   1.26846e-13 from=  9.90000e-08 to=  1.23000e-07
ecyc2_x_sc_05_05_500_05=   6.96970e-14 from=  1.23000e-07 to=  1.39000e-07
ecyct_x_sc_05_05_500_05=   1.96543e-13 from=  9.90000e-08 to=  1.39000e-07
vraa_x_sc_05_05_500_05=  7.360105e-02 at=  1.063000e-08
vrab_x_sc_05_05_500_05=  -7.360105e-02 at=  4.063000e-08
vlna_x_sc_05_05_500_05=  5.745847e-01 at=  1.060000e-08
epush_x_sc_05_05_500_10=   1.05842e-13 from=  9.00000e-09 to=  2.60000e-08
epull_x_sc_05_05_500_10=   1.05842e-13 from=  3.90000e-08 to=  5.60000e-08
ecyc1_x_sc_05_05_500_10=   1.05842e-13 from=  9.90000e-08 to=  1.23000e-07
ecyc2_x_sc_05_05_500_10=   4.99937e-14 from=  1.23000e-07 to=  1.39000e-07
ecyct_x_sc_05_05_500_10=   1.55836e-13 from=  9.90000e-08 to=  1.39000e-07
vraa_x_sc_05_05_500_10=  3.685866e-02 at=  1.061000e-08
vrab_x_sc_05_05_500_10=  -3.685866e-02 at=  4.061000e-08
vlna_x_sc_05_05_500_10=  4.570078e-01 at=  1.060000e-08
epush_x_sc_05_10_100_05=   2.17650e-13 from=  9.00000e-09 to=  2.60000e-08
epull_x_sc_05_10_100_05=   2.17650e-13 from=  3.90000e-08 to=  5.60000e-08
ecyc1_x_sc_05_10_100_05=   2.17650e-13 from=  9.90000e-08 to=  1.23000e-07
ecyc2_x_sc_05_10_100_05=   1.19284e-13 from=  1.23000e-07 to=  1.39000e-07
ecyct_x_sc_05_10_100_05=   3.36935e-13 from=  9.90000e-08 to=  1.39000e-07
vraa_x_sc_05_10_100_05=  1.698149e-01 at=  1.127000e-08
vrab_x_sc_05_10_100_05=  -1.698149e-01 at=  4.127000e-08
vlna_x_sc_05_10_100_05=  5.507703e-01 at=  1.120000e-08
epush_x_sc_05_10_100_10=   1.59121e-13 from=  9.00000e-09 to=  2.60000e-08
epull_x_sc_05_10_100_10=   1.59121e-13 from=  3.90000e-08 to=  5.60000e-08
ecyc1_x_sc_05_10_100_10=   1.59121e-13 from=  9.90000e-08 to=  1.23000e-07
ecyc2_x_sc_05_10_100_10=   3.70832e-14 from=  1.23000e-07 to=  1.39000e-07
ecyct_x_sc_05_10_100_10=   1.96204e-13 from=  9.90000e-08 to=  1.39000e-07
vraa_x_sc_05_10_100_10=  9.128339e-02 at=  1.127000e-08
vrab_x_sc_05_10_100_10=  -9.128339e-02 at=  4.127000e-08
vlna_x_sc_05_10_100_10=  4.300184e-01 at=  1.120000e-08
epush_x_sc_05_10_500_05=   3.31355e-13 from=  9.00000e-09 to=  2.60000e-08
epull_x_sc_05_10_500_05=   3.31355e-13 from=  3.90000e-08 to=  5.60000e-08
ecyc1_x_sc_05_10_500_05=   3.31355e-13 from=  9.90000e-08 to=  1.23000e-07
ecyc2_x_sc_05_10_500_05=   2.32975e-13 from=  1.23000e-07 to=  1.39000e-07
ecyct_x_sc_05_10_500_05=   5.64330e-13 from=  9.90000e-08 to=  1.39000e-07
vraa_x_sc_05_10_500_05=  1.698149e-01 at=  1.127000e-08
vrab_x_sc_05_10_500_05=  -1.698149e-01 at=  4.127000e-08
vlna_x_sc_05_10_500_05=  7.507703e-01 at=  1.120000e-08
epush_x_sc_05_10_500_10=   2.72825e-13 from=  9.00000e-09 to=  2.60000e-08
epull_x_sc_05_10_500_10=   2.72825e-13 from=  3.90000e-08 to=  5.60000e-08
ecyc1_x_sc_05_10_500_10=   2.72825e-13 from=  9.90000e-08 to=  1.23000e-07
ecyc2_x_sc_05_10_500_10=   1.50774e-13 from=  1.23000e-07 to=  1.39000e-07
ecyct_x_sc_05_10_500_10=   4.23599e-13 from=  9.90000e-08 to=  1.39000e-07
vraa_x_sc_05_10_500_10=  9.128339e-02 at=  1.127000e-08
vrab_x_sc_05_10_500_10=  -9.128339e-02 at=  4.127000e-08
vlna_x_sc_05_10_500_10=  6.300184e-01 at=  1.120000e-08
epush_x_sc_05_30_100_05=   9.89231e-13 from=  9.00000e-09 to=  2.60000e-08
epull_x_sc_05_30_100_05=   9.89231e-13 from=  3.90000e-08 to=  5.60000e-08
ecyc1_x_sc_05_30_100_05=   9.89231e-13 from=  9.90000e-08 to=  1.23000e-07
ecyc2_x_sc_05_30_100_05=   8.60796e-13 from=  1.23000e-07 to=  1.39000e-07
ecyct_x_sc_05_30_100_05=   1.85003e-12 from=  9.90000e-08 to=  1.39000e-07
vraa_x_sc_05_30_100_05=  2.466226e-01 at=  1.360000e-08
vrab_x_sc_05_30_100_05=  -2.466226e-01 at=  4.360000e-08
vlna_x_sc_05_30_100_05=  6.739139e-01 at=  1.360000e-08
epush_x_sc_05_30_100_10=   8.69462e-13 from=  9.00000e-09 to=  2.60000e-08
epull_x_sc_05_30_100_10=   8.69462e-13 from=  3.90000e-08 to=  5.60000e-08
ecyc1_x_sc_05_30_100_10=   8.69462e-13 from=  9.90000e-08 to=  1.23000e-07
ecyc2_x_sc_05_30_100_10=   6.55852e-13 from=  1.23000e-07 to=  1.39000e-07
ecyct_x_sc_05_30_100_10=   1.52531e-12 from=  9.90000e-08 to=  1.39000e-07
vraa_x_sc_05_30_100_10=  2.328152e-01 at=  1.363000e-08
vrab_x_sc_05_30_100_10=  -2.328151e-01 at=  4.363000e-08
vlna_x_sc_05_30_100_10=  6.543131e-01 at=  1.360000e-08
epush_x_sc_05_30_500_05=   1.32935e-12 from=  9.00000e-09 to=  2.60000e-08
epull_x_sc_05_30_500_05=   1.32935e-12 from=  3.90000e-08 to=  5.60000e-08
ecyc1_x_sc_05_30_500_05=   1.32935e-12 from=  9.90000e-08 to=  1.23000e-07
ecyc2_x_sc_05_30_500_05=   1.20089e-12 from=  1.23000e-07 to=  1.39000e-07
ecyct_x_sc_05_30_500_05=   2.53024e-12 from=  9.90000e-08 to=  1.39000e-07
vraa_x_sc_05_30_500_05=  2.466226e-01 at=  1.360000e-08
vrab_x_sc_05_30_500_05=  -2.466226e-01 at=  4.360000e-08
vlna_x_sc_05_30_500_05=  8.739139e-01 at=  1.360000e-08
epush_x_sc_05_30_500_10=   1.20958e-12 from=  9.00000e-09 to=  2.60000e-08
epull_x_sc_05_30_500_10=   1.20958e-12 from=  3.90000e-08 to=  5.60000e-08
ecyc1_x_sc_05_30_500_10=   1.20958e-12 from=  9.90000e-08 to=  1.23000e-07
ecyc2_x_sc_05_30_500_10=   9.95944e-13 from=  1.23000e-07 to=  1.39000e-07
ecyct_x_sc_05_30_500_10=   2.20552e-12 from=  9.90000e-08 to=  1.39000e-07
vraa_x_sc_05_30_500_10=  2.328152e-01 at=  1.363000e-08
vrab_x_sc_05_30_500_10=  -2.328151e-01 at=  4.363000e-08
vlna_x_sc_05_30_500_10=  8.543131e-01 at=  1.360000e-08
epush_x_sc_05_100_100_05=   3.80592e-12 from=  9.00000e-09 to=  2.60000e-08
epull_x_sc_05_100_100_05=   3.80592e-12 from=  3.90000e-08 to=  5.60000e-08
ecyc1_x_sc_05_100_100_05=   3.80592e-12 from=  9.90000e-08 to=  1.23000e-07
ecyc2_x_sc_05_100_100_05=   3.65886e-12 from=  1.23000e-07 to=  1.39000e-07
ecyct_x_sc_05_100_100_05=   7.46478e-12 from=  9.90000e-08 to=  1.39000e-07
vraa_x_sc_05_100_100_05=  2.496825e-01 at=  2.200000e-08
vrab_x_sc_05_100_100_05=  -2.496825e-01 at=  5.200000e-08
vlna_x_sc_05_100_100_05=  6.809929e-01 at=  2.200000e-08
epush_x_sc_05_100_100_10=   3.68733e-12 from=  9.00000e-09 to=  2.60000e-08
epull_x_sc_05_100_100_10=   3.68733e-12 from=  3.90000e-08 to=  5.60000e-08
ecyc1_x_sc_05_100_100_10=   3.68733e-12 from=  9.90000e-08 to=  1.23000e-07
ecyc2_x_sc_05_100_100_10=   3.43257e-12 from=  1.23000e-07 to=  1.39000e-07
ecyct_x_sc_05_100_100_10=   7.11990e-12 from=  9.90000e-08 to=  1.39000e-07
vraa_x_sc_05_100_100_10=  2.496685e-01 at=  2.200000e-08
vrab_x_sc_05_100_100_10=  -2.496685e-01 at=  5.200000e-08
vlna_x_sc_05_100_100_10=  6.809691e-01 at=  2.200000e-08
epush_x_sc_05_100_500_05=   4.93919e-12 from=  9.00000e-09 to=  2.60000e-08
epull_x_sc_05_100_500_05=   4.93920e-12 from=  3.90000e-08 to=  5.60000e-08
ecyc1_x_sc_05_100_500_05=   4.93919e-12 from=  9.90000e-08 to=  1.23000e-07
ecyc2_x_sc_05_100_500_05=   4.79214e-12 from=  1.23000e-07 to=  1.39000e-07
ecyct_x_sc_05_100_500_05=   9.73133e-12 from=  9.90000e-08 to=  1.39000e-07
vraa_x_sc_05_100_500_05=  2.496825e-01 at=  2.200000e-08
vrab_x_sc_05_100_500_05=  -2.496825e-01 at=  5.200000e-08
vlna_x_sc_05_100_500_05=  8.809929e-01 at=  2.200000e-08
epush_x_sc_05_100_500_10=   4.82060e-12 from=  9.00000e-09 to=  2.60000e-08
epull_x_sc_05_100_500_10=   4.82061e-12 from=  3.90000e-08 to=  5.60000e-08
ecyc1_x_sc_05_100_500_10=   4.82060e-12 from=  9.90000e-08 to=  1.23000e-07
ecyc2_x_sc_05_100_500_10=   4.56584e-12 from=  1.23000e-07 to=  1.39000e-07
ecyct_x_sc_05_100_500_10=   9.38645e-12 from=  9.90000e-08 to=  1.39000e-07
vraa_x_sc_05_100_500_10=  2.496685e-01 at=  2.200000e-08
vrab_x_sc_05_100_500_10=  -2.496685e-01 at=  5.200000e-08
vlna_x_sc_05_100_500_10=  8.809691e-01 at=  2.200000e-08
epush_x_sc_10_05_100_05=   2.65922e-13 from=  9.00000e-09 to=  2.60000e-08
epull_x_sc_10_05_100_05=   2.65922e-13 from=  3.90000e-08 to=  5.60000e-08
ecyc1_x_sc_10_05_100_05=   2.65922e-13 from=  9.90000e-08 to=  1.23000e-07
ecyc2_x_sc_10_05_100_05=   1.60987e-13 from=  1.23000e-07 to=  1.39000e-07
ecyct_x_sc_10_05_100_05=   4.26909e-13 from=  9.90000e-08 to=  1.39000e-07
vraa_x_sc_10_05_100_05=  2.456204e-01 at=  1.063000e-08
vrab_x_sc_10_05_100_05=  -2.456204e-01 at=  4.063000e-08
vlna_x_sc_10_05_100_05=  6.751857e-01 at=  1.060000e-08
epush_x_sc_10_05_100_10=   1.93567e-13 from=  9.00000e-09 to=  2.60000e-08
epull_x_sc_10_05_100_10=   1.93567e-13 from=  3.90000e-08 to=  5.60000e-08
ecyc1_x_sc_10_05_100_10=   1.93567e-13 from=  9.90000e-08 to=  1.23000e-07
ecyc2_x_sc_10_05_100_10=   7.03631e-14 from=  1.23000e-07 to=  1.39000e-07
ecyct_x_sc_10_05_100_10=   2.63930e-13 from=  9.90000e-08 to=  1.39000e-07
vraa_x_sc_10_05_100_10=  1.233383e-01 at=  1.067000e-08
vrab_x_sc_10_05_100_10=  -1.233383e-01 at=  4.067000e-08
vlna_x_sc_10_05_100_10=  5.016393e-01 at=  1.060000e-08
epush_x_sc_10_05_500_05=   4.93922e-13 from=  9.00000e-09 to=  2.60000e-08
epull_x_sc_10_05_500_05=   4.93922e-13 from=  3.90000e-08 to=  5.60000e-08
ecyc1_x_sc_10_05_500_05=   4.93922e-13 from=  9.90000e-08 to=  1.23000e-07
ecyc2_x_sc_10_05_500_05=   3.89119e-13 from=  1.23000e-07 to=  1.39000e-07
ecyct_x_sc_10_05_500_05=   8.83041e-13 from=  9.90000e-08 to=  1.39000e-07
vraa_x_sc_10_05_500_05=  2.456204e-01 at=  1.063000e-08
vrab_x_sc_10_05_500_05=  -2.456204e-01 at=  4.063000e-08
vlna_x_sc_10_05_500_05=  1.075186e+00 at=  1.060000e-08
epush_x_sc_10_05_500_10=   4.21567e-13 from=  9.00000e-09 to=  2.60000e-08
epull_x_sc_10_05_500_10=   4.21567e-13 from=  3.90000e-08 to=  5.60000e-08
ecyc1_x_sc_10_05_500_10=   4.21567e-13 from=  9.90000e-08 to=  1.23000e-07
ecyc2_x_sc_10_05_500_10=   2.98496e-13 from=  1.23000e-07 to=  1.39000e-07
ecyct_x_sc_10_05_500_10=   7.20063e-13 from=  9.90000e-08 to=  1.39000e-07
vraa_x_sc_10_05_500_10=  1.233383e-01 at=  1.067000e-08
vrab_x_sc_10_05_500_10=  -1.233383e-01 at=  4.067000e-08
vlna_x_sc_10_05_500_10=  9.016393e-01 at=  1.060000e-08
epush_x_sc_10_10_100_05=   7.57592e-13 from=  9.00000e-09 to=  2.60000e-08
epull_x_sc_10_10_100_05=   7.57592e-13 from=  3.90000e-08 to=  5.60000e-08
ecyc1_x_sc_10_10_100_05=   7.57592e-13 from=  9.90000e-08 to=  1.23000e-07
ecyc2_x_sc_10_10_100_05=   6.07563e-13 from=  1.23000e-07 to=  1.39000e-07
ecyct_x_sc_10_10_100_05=   1.36516e-12 from=  9.90000e-08 to=  1.39000e-07
vraa_x_sc_10_10_100_05=  4.063159e-01 at=  1.123000e-08
vrab_x_sc_10_10_100_05=  -4.063159e-01 at=  4.123000e-08
vlna_x_sc_10_10_100_05=  8.926788e-01 at=  1.120000e-08
epush_x_sc_10_10_100_10=   5.90493e-13 from=  9.00000e-09 to=  2.60000e-08
epull_x_sc_10_10_100_10=   5.90493e-13 from=  3.90000e-08 to=  5.60000e-08
ecyc1_x_sc_10_10_100_10=   5.90493e-13 from=  9.90000e-08 to=  1.23000e-07
ecyc2_x_sc_10_10_100_10=   3.78026e-13 from=  1.23000e-07 to=  1.39000e-07
ecyct_x_sc_10_10_100_10=   9.68519e-13 from=  9.90000e-08 to=  1.39000e-07
vraa_x_sc_10_10_100_10=  2.943764e-01 at=  1.127000e-08
vrab_x_sc_10_10_100_10=  -2.943764e-01 at=  4.127000e-08
vlna_x_sc_10_10_100_10=  7.481287e-01 at=  1.120000e-08
epush_x_sc_10_10_500_05=   1.21241e-12 from=  9.00000e-09 to=  2.60000e-08
epull_x_sc_10_10_500_05=   1.21241e-12 from=  3.90000e-08 to=  5.60000e-08
ecyc1_x_sc_10_10_500_05=   1.21241e-12 from=  9.90000e-08 to=  1.23000e-07
ecyc2_x_sc_10_10_500_05=   1.06233e-12 from=  1.23000e-07 to=  1.39000e-07
ecyct_x_sc_10_10_500_05=   2.27474e-12 from=  9.90000e-08 to=  1.39000e-07
vraa_x_sc_10_10_500_05=  4.063159e-01 at=  1.123000e-08
vrab_x_sc_10_10_500_05=  -4.063159e-01 at=  4.123000e-08
vlna_x_sc_10_10_500_05=  1.292679e+00 at=  1.120000e-08
epush_x_sc_10_10_500_10=   1.04531e-12 from=  9.00000e-09 to=  2.60000e-08
epull_x_sc_10_10_500_10=   1.04531e-12 from=  3.90000e-08 to=  5.60000e-08
ecyc1_x_sc_10_10_500_10=   1.04531e-12 from=  9.90000e-08 to=  1.23000e-07
ecyc2_x_sc_10_10_500_10=   8.32789e-13 from=  1.23000e-07 to=  1.39000e-07
ecyct_x_sc_10_10_500_10=   1.87810e-12 from=  9.90000e-08 to=  1.39000e-07
vraa_x_sc_10_10_500_10=  2.943764e-01 at=  1.127000e-08
vrab_x_sc_10_10_500_10=  -2.943764e-01 at=  4.127000e-08
vlna_x_sc_10_10_500_10=  1.148129e+00 at=  1.120000e-08
epush_x_sc_10_30_100_05=   3.11819e-12 from=  9.00000e-09 to=  2.60000e-08
epull_x_sc_10_30_100_05=   3.11819e-12 from=  3.90000e-08 to=  5.60000e-08
ecyc1_x_sc_10_30_100_05=   3.11819e-12 from=  9.90000e-08 to=  1.23000e-07
ecyc2_x_sc_10_30_100_05=   2.94026e-12 from=  1.23000e-07 to=  1.39000e-07
ecyct_x_sc_10_30_100_05=   6.05845e-12 from=  9.90000e-08 to=  1.39000e-07
vraa_x_sc_10_30_100_05=  4.971306e-01 at=  1.360000e-08
vrab_x_sc_10_30_100_05=  -4.971306e-01 at=  4.360000e-08
vlna_x_sc_10_30_100_05=  1.019460e+00 at=  1.360000e-08
epush_x_sc_10_30_100_10=   2.82630e-12 from=  9.00000e-09 to=  2.60000e-08
epull_x_sc_10_30_100_10=   2.82630e-12 from=  3.90000e-08 to=  5.60000e-08
ecyc1_x_sc_10_30_100_10=   2.82630e-12 from=  9.90000e-08 to=  1.23000e-07
ecyc2_x_sc_10_30_100_10=   2.52147e-12 from=  1.23000e-07 to=  1.39000e-07
ecyct_x_sc_10_30_100_10=   5.34777e-12 from=  9.90000e-08 to=  1.39000e-07
vraa_x_sc_10_30_100_10=  4.835896e-01 at=  1.363000e-08
vrab_x_sc_10_30_100_10=  -4.835896e-01 at=  4.363000e-08
vlna_x_sc_10_30_100_10=  1.002207e+00 at=  1.360000e-08
epush_x_sc_10_30_500_05=   4.47866e-12 from=  9.00000e-09 to=  2.60000e-08
epull_x_sc_10_30_500_05=   4.47866e-12 from=  3.90000e-08 to=  5.60000e-08
ecyc1_x_sc_10_30_500_05=   4.47866e-12 from=  9.90000e-08 to=  1.23000e-07
ecyc2_x_sc_10_30_500_05=   4.30063e-12 from=  1.23000e-07 to=  1.39000e-07
ecyct_x_sc_10_30_500_05=   8.77929e-12 from=  9.90000e-08 to=  1.39000e-07
vraa_x_sc_10_30_500_05=  4.971306e-01 at=  1.360000e-08
vrab_x_sc_10_30_500_05=  -4.971306e-01 at=  4.360000e-08
vlna_x_sc_10_30_500_05=  1.419460e+00 at=  1.360000e-08
epush_x_sc_10_30_500_10=   4.18677e-12 from=  9.00000e-09 to=  2.60000e-08
epull_x_sc_10_30_500_10=   4.18677e-12 from=  3.90000e-08 to=  5.60000e-08
ecyc1_x_sc_10_30_500_10=   4.18677e-12 from=  9.90000e-08 to=  1.23000e-07
ecyc2_x_sc_10_30_500_10=   3.88184e-12 from=  1.23000e-07 to=  1.39000e-07
ecyct_x_sc_10_30_500_10=   8.06861e-12 from=  9.90000e-08 to=  1.39000e-07
vraa_x_sc_10_30_500_10=  4.835896e-01 at=  1.363000e-08
vrab_x_sc_10_30_500_10=  -4.835896e-01 at=  4.363000e-08
vlna_x_sc_10_30_500_10=  1.402207e+00 at=  1.360000e-08
epush_x_sc_10_100_100_05=   1.15377e-11 from=  9.00000e-09 to=  2.60000e-08
epull_x_sc_10_100_100_05=   1.15377e-11 from=  3.90000e-08 to=  5.60000e-08
ecyc1_x_sc_10_100_100_05=   1.15377e-11 from=  9.90000e-08 to=  1.23000e-07
ecyc2_x_sc_10_100_100_05=   1.13497e-11 from=  1.23000e-07 to=  1.39000e-07
ecyct_x_sc_10_100_100_05=   2.28874e-11 from=  9.90000e-08 to=  1.39000e-07
vraa_x_sc_10_100_100_05=  4.995363e-01 at=  2.200000e-08
vrab_x_sc_10_100_100_05=  -4.995363e-01 at=  5.200000e-08
vlna_x_sc_10_100_100_05=  1.024667e+00 at=  2.200000e-08
epush_x_sc_10_100_100_10=   1.12793e-11 from=  9.00000e-09 to=  2.60000e-08
epull_x_sc_10_100_100_10=   1.12793e-11 from=  3.90000e-08 to=  5.60000e-08
ecyc1_x_sc_10_100_100_10=   1.12793e-11 from=  9.90000e-08 to=  1.23000e-07
ecyc2_x_sc_10_100_100_10=   1.09322e-11 from=  1.23000e-07 to=  1.39000e-07
ecyct_x_sc_10_100_100_10=   2.22115e-11 from=  9.90000e-08 to=  1.39000e-07
vraa_x_sc_10_100_100_10=  4.995295e-01 at=  2.200000e-08
vrab_x_sc_10_100_100_10=  -4.995295e-01 at=  5.200000e-08
vlna_x_sc_10_100_100_10=  1.024657e+00 at=  2.200000e-08
epush_x_sc_10_100_500_05=   1.60708e-11 from=  9.00000e-09 to=  2.60000e-08
epull_x_sc_10_100_500_05=   1.60709e-11 from=  3.90000e-08 to=  5.60000e-08
ecyc1_x_sc_10_100_500_05=   1.60708e-11 from=  9.90000e-08 to=  1.23000e-07
ecyc2_x_sc_10_100_500_05=   1.58828e-11 from=  1.23000e-07 to=  1.39000e-07
ecyct_x_sc_10_100_500_05=   3.19536e-11 from=  9.90000e-08 to=  1.39000e-07
vraa_x_sc_10_100_500_05=  4.995363e-01 at=  2.200000e-08
vrab_x_sc_10_100_500_05=  -4.995363e-01 at=  5.200000e-08
vlna_x_sc_10_100_500_05=  1.424667e+00 at=  2.200000e-08
epush_x_sc_10_100_500_10=   1.58124e-11 from=  9.00000e-09 to=  2.60000e-08
epull_x_sc_10_100_500_10=   1.58124e-11 from=  3.90000e-08 to=  5.60000e-08
ecyc1_x_sc_10_100_500_10=   1.58124e-11 from=  9.90000e-08 to=  1.23000e-07
ecyc2_x_sc_10_100_500_10=   1.54653e-11 from=  1.23000e-07 to=  1.39000e-07
ecyct_x_sc_10_100_500_10=   3.12776e-11 from=  9.90000e-08 to=  1.39000e-07
vraa_x_sc_10_100_500_10=  4.995295e-01 at=  2.200000e-08
vrab_x_sc_10_100_500_10=  -4.995295e-01 at=  5.200000e-08
vlna_x_sc_10_100_500_10=  1.424657e+00 at=  2.200000e-08
enull               =   -3.28930e-78 from=  7.00000e-08 to=  9.00000e-08
vra_null            =  -9.911332e-40 at=  8.995000e-08
vrb_null            =  -1.013070e-39 at=  7.005000e-08


Total analysis time (seconds) = 1.37317

Total elapsed time (seconds) = 1.411 

Total DRAM available = 62177.336 MB.
DRAM currently available = 15733.320 MB.
Maximum ngspice program size =   38.492 MB.
Current ngspice program size =   28.434 MB.

Shared ngspice pages =   11.465 MB.
Text (code) pages =    7.578 MB.
Stack = 0 bytes.
Library pages =   17.086 MB.

