
Note: No compatibility mode selected!


Circuit: * =====================================================================

Doing analysis at TEMP = 27.000000 and TNOM = 27.000000

Using SPARSE 1.3 as Direct Linear Solver

Initial Transient Solution
--------------------------

Node                                   Voltage
----                                   -------
da                                           0
drva                                         0
xpush.x                                      0
rap                                          0
rbp                                          0
pwpa                                         0
db                                           0
drvb                                         0
xpull.x                                      0
raq                                          0
rbq                                          0
pwpb                                         0
dn                                           0
drvn                                         0
xn                                           0
ran                                          0
rbn                                          0
pwpn                                         0
dc                                           0
drvc                                         0
xcyc.x                                       0
rac                                          0
rbc                                          0
pwpc                                         0
de                                           0
drve                                         0
xen1.x                                       0
rea                                          0
reb                                          0
pwpe                                         0
df                                           0
drvf                                         0
xen2.x                                       0
rfa                                          0
rfb                                          0
pwpf                                         0
dg                                           0
drvg                                         0
xen4.x                                       0
rga                                          0
rgb                                          0
pwpg                                         0
bpg#branch                                   0
vsg#branch                                   0
bpf#branch                                   0
vsf#branch                                   0
bpe#branch                                   0
vse#branch                                   0
bpc#branch                                   0
vsc#branch                                   0
bpn#branch                                   0
vsn#branch                                   0
bpb#branch                                   0
vsb#branch                                   0
bpa#branch                                   0
vsa#branch                                   0


No. of Data Rows : 2301

  Measurements for Transient Analysis

epush               =   3.85868e-12 from=  1.00000e-08 to=  1.60000e-08
epull               =   3.85843e-12 from=  4.00000e-08 to=  4.60000e-08
enull               =   0.00000e+00 from=  7.00000e-08 to=  9.00000e-08
ecyc1               =   3.84564e-12 from=  1.00000e-07 to=  1.06000e-07
ecyc2               =   2.30818e-12 from=  1.05000e-07 to=  1.11000e-07
ecyct               =   6.16662e-12 from=  1.00000e-07 to=  1.11000e-07
epushn1             =   6.58421e-13 from=  1.20000e-07 to=  1.26000e-07
epushn2             =   6.16182e-13 from=  1.40000e-07 to=  1.46000e-07
epushn4             =   5.62222e-13 from=  1.60000e-07 to=  1.66000e-07
railn1              =  3.043762e-01 at=  1.212700e-07
railn2              =  2.963965e-01 at=  1.412700e-07
railn4              =  2.668623e-01 at=  1.612700e-07
vlnn1               =  8.355967e-01 at=  1.212000e-07
vlnn2               =  7.847417e-01 at=  1.412000e-07
vlnn4               =  7.220616e-01 at=  1.612000e-07
vra_push            =  3.864367e-01
vrb_push            =  8.157069e-02
vra_pull            =  -8.157069e-02
vrb_pull            =  -3.864367e-01
vra_null            =  0.000000e+00
vrb_null            =  0.000000e+00
vline_push          =  1.221023e+00
vline_pull          =  -1.221023e+00

    * =====================================================================
    Transient Analysis  Fri Aug 28 22:18:30  2026
--------------------------------------------------------------------------------
Index   time            v(drva)         v(rap)          v(rbp)          
--------------------------------------------------------------------------------
0	0.000000e+00	0.000000e+00	0.000000e+00	0.000000e+00	
1	1.000000e-12	0.000000e+00	0.000000e+00	0.000000e+00	
2	2.000000e-12	0.000000e+00	0.000000e+00	0.000000e+00	
3	4.000000e-12	0.000000e+00	0.000000e+00	0.000000e+00	
4	8.000000e-12	0.000000e+00	0.000000e+00	0.000000e+00	
5	1.600000e-11	0.000000e+00	0.000000e+00	0.000000e+00	
6	3.200000e-11	0.000000e+00	0.000000e+00	0.000000e+00	
7	6.400000e-11	0.000000e+00	0.000000e+00	0.000000e+00	
8	1.280000e-10	0.000000e+00	0.000000e+00	0.000000e+00	
9	2.280000e-10	0.000000e+00	0.000000e+00	0.000000e+00	
10	3.280000e-10	0.000000e+00	0.000000e+00	0.000000e+00	
11	4.280000e-10	0.000000e+00	0.000000e+00	0.000000e+00	
12	5.280000e-10	0.000000e+00	0.000000e+00	0.000000e+00	
13	6.280000e-10	0.000000e+00	0.000000e+00	0.000000e+00	
14	7.280000e-10	0.000000e+00	0.000000e+00	0.000000e+00	
15	8.280000e-10	0.000000e+00	0.000000e+00	0.000000e+00	
16	9.280000e-10	0.000000e+00	0.000000e+00	0.000000e+00	
17	1.028000e-09	0.000000e+00	0.000000e+00	0.000000e+00	
18	1.128000e-09	0.000000e+00	0.000000e+00	0.000000e+00	
19	1.228000e-09	0.000000e+00	0.000000e+00	0.000000e+00	
20	1.328000e-09	0.000000e+00	0.000000e+00	0.000000e+00	
21	1.428000e-09	0.000000e+00	0.000000e+00	0.000000e+00	
22	1.528000e-09	0.000000e+00	0.000000e+00	0.000000e+00	
23	1.628000e-09	0.000000e+00	0.000000e+00	0.000000e+00	
24	1.728000e-09	0.000000e+00	0.000000e+00	0.000000e+00	
25	1.828000e-09	0.000000e+00	0.000000e+00	0.000000e+00	
26	1.928000e-09	0.000000e+00	0.000000e+00	0.000000e+00	
27	2.028000e-09	0.000000e+00	0.000000e+00	0.000000e+00	
28	2.128000e-09	0.000000e+00	0.000000e+00	0.000000e+00	
29	2.228000e-09	0.000000e+00	0.000000e+00	0.000000e+00	
30	2.328000e-09	0.000000e+00	0.000000e+00	0.000000e+00	
31	2.428000e-09	0.000000e+00	0.000000e+00	0.000000e+00	
32	2.528000e-09	0.000000e+00	0.000000e+00	0.000000e+00	
33	2.628000e-09	0.000000e+00	0.000000e+00	0.000000e+00	
34	2.728000e-09	0.000000e+00	0.000000e+00	0.000000e+00	
35	2.828000e-09	0.000000e+00	0.000000e+00	0.000000e+00	
36	2.928000e-09	0.000000e+00	0.000000e+00	0.000000e+00	
37	3.028000e-09	0.000000e+00	0.000000e+00	0.000000e+00	
38	3.128000e-09	0.000000e+00	0.000000e+00	0.000000e+00	
39	3.228000e-09	0.000000e+00	0.000000e+00	0.000000e+00	
40	3.328000e-09	0.000000e+00	0.000000e+00	0.000000e+00	
41	3.428000e-09	0.000000e+00	0.000000e+00	0.000000e+00	
42	3.528000e-09	0.000000e+00	0.000000e+00	0.000000e+00	
43	3.628000e-09	0.000000e+00	0.000000e+00	0.000000e+00	
44	3.728000e-09	0.000000e+00	0.000000e+00	0.000000e+00	
45	3.828000e-09	0.000000e+00	0.000000e+00	0.000000e+00	
46	3.928000e-09	0.000000e+00	0.000000e+00	0.000000e+00	
47	4.028000e-09	0.000000e+00	0.000000e+00	0.000000e+00	
48	4.128000e-09	0.000000e+00	0.000000e+00	0.000000e+00	
49	4.228000e-09	0.000000e+00	0.000000e+00	0.000000e+00	
50	4.328000e-09	0.000000e+00	0.000000e+00	0.000000e+00	
51	4.428000e-09	0.000000e+00	0.000000e+00	0.000000e+00	
52	4.528000e-09	0.000000e+00	0.000000e+00	0.000000e+00	
53	4.628000e-09	0.000000e+00	0.000000e+00	0.000000e+00	
54	4.728000e-09	0.000000e+00	0.000000e+00	0.000000e+00	

Index   time            v(drva)         v(rap)          v(rbp)          
--------------------------------------------------------------------------------
55	4.828000e-09	0.000000e+00	0.000000e+00	0.000000e+00	
56	4.928000e-09	0.000000e+00	0.000000e+00	0.000000e+00	
57	5.028000e-09	0.000000e+00	0.000000e+00	0.000000e+00	
58	5.128000e-09	0.000000e+00	0.000000e+00	0.000000e+00	
59	5.228000e-09	0.000000e+00	0.000000e+00	0.000000e+00	
60	5.328000e-09	0.000000e+00	0.000000e+00	0.000000e+00	
61	5.428000e-09	0.000000e+00	0.000000e+00	0.000000e+00	
62	5.528000e-09	0.000000e+00	0.000000e+00	0.000000e+00	
63	5.628000e-09	0.000000e+00	0.000000e+00	0.000000e+00	
64	5.728000e-09	0.000000e+00	0.000000e+00	0.000000e+00	
65	5.828000e-09	0.000000e+00	0.000000e+00	0.000000e+00	
66	5.928000e-09	0.000000e+00	0.000000e+00	0.000000e+00	
67	6.028000e-09	0.000000e+00	0.000000e+00	0.000000e+00	
68	6.128000e-09	0.000000e+00	0.000000e+00	0.000000e+00	
69	6.228000e-09	0.000000e+00	0.000000e+00	0.000000e+00	
70	6.328000e-09	0.000000e+00	0.000000e+00	0.000000e+00	
71	6.428000e-09	0.000000e+00	0.000000e+00	0.000000e+00	
72	6.528000e-09	0.000000e+00	0.000000e+00	0.000000e+00	
73	6.628000e-09	0.000000e+00	0.000000e+00	0.000000e+00	
74	6.728000e-09	0.000000e+00	0.000000e+00	0.000000e+00	
75	6.828000e-09	0.000000e+00	0.000000e+00	0.000000e+00	
76	6.928000e-09	0.000000e+00	0.000000e+00	0.000000e+00	
77	7.028000e-09	0.000000e+00	0.000000e+00	0.000000e+00	
78	7.128000e-09	0.000000e+00	0.000000e+00	0.000000e+00	
79	7.228000e-09	0.000000e+00	0.000000e+00	0.000000e+00	
80	7.328000e-09	0.000000e+00	0.000000e+00	0.000000e+00	
81	7.428000e-09	0.000000e+00	0.000000e+00	0.000000e+00	
82	7.528000e-09	0.000000e+00	0.000000e+00	0.000000e+00	
83	7.628000e-09	0.000000e+00	0.000000e+00	0.000000e+00	
84	7.728000e-09	0.000000e+00	0.000000e+00	0.000000e+00	
85	7.828000e-09	0.000000e+00	0.000000e+00	0.000000e+00	
86	7.928000e-09	0.000000e+00	0.000000e+00	0.000000e+00	
87	8.028000e-09	0.000000e+00	0.000000e+00	0.000000e+00	
88	8.128000e-09	0.000000e+00	0.000000e+00	0.000000e+00	
89	8.228000e-09	0.000000e+00	0.000000e+00	0.000000e+00	
90	8.328000e-09	0.000000e+00	0.000000e+00	0.000000e+00	
91	8.428000e-09	0.000000e+00	0.000000e+00	0.000000e+00	
92	8.528000e-09	0.000000e+00	0.000000e+00	0.000000e+00	
93	8.628000e-09	0.000000e+00	0.000000e+00	0.000000e+00	
94	8.728000e-09	0.000000e+00	0.000000e+00	0.000000e+00	
95	8.828000e-09	0.000000e+00	0.000000e+00	0.000000e+00	
96	8.928000e-09	0.000000e+00	0.000000e+00	0.000000e+00	
97	9.028000e-09	0.000000e+00	0.000000e+00	0.000000e+00	
98	9.128000e-09	0.000000e+00	0.000000e+00	0.000000e+00	
99	9.228000e-09	0.000000e+00	0.000000e+00	0.000000e+00	
100	9.328000e-09	0.000000e+00	0.000000e+00	0.000000e+00	
101	9.428000e-09	0.000000e+00	0.000000e+00	0.000000e+00	
102	9.528000e-09	0.000000e+00	0.000000e+00	0.000000e+00	
103	9.628000e-09	0.000000e+00	0.000000e+00	0.000000e+00	
104	9.728000e-09	0.000000e+00	0.000000e+00	0.000000e+00	
105	9.828000e-09	0.000000e+00	0.000000e+00	0.000000e+00	
106	9.928000e-09	0.000000e+00	0.000000e+00	0.000000e+00	
107	1.000000e-08	0.000000e+00	0.000000e+00	0.000000e+00	
108	1.001000e-08	5.071847e-03	6.398326e-05	6.398326e-05	
109	1.003000e-08	1.535596e-02	3.157260e-04	3.157250e-04	
110	1.007000e-08	3.672986e-02	1.514779e-03	1.514749e-03	
111	1.015000e-08	8.237611e-02	6.281182e-03	6.279282e-03	
112	1.025000e-08	1.441652e-01	1.578613e-02	1.576613e-02	

Index   time            v(drva)         v(rap)          v(rbp)          
--------------------------------------------------------------------------------
113	1.035000e-08	2.104103e-01	2.822794e-02	2.812980e-02	
114	1.045000e-08	2.804567e-01	4.281393e-02	4.246889e-02	
115	1.055000e-08	3.538604e-01	5.904608e-02	5.801351e-02	
116	1.065000e-08	4.303470e-01	7.659394e-02	7.410645e-02	
117	1.075000e-08	5.096916e-01	9.513948e-02	9.057217e-02	
118	1.085000e-08	5.916822e-01	1.144291e-01	1.074560e-01	
119	1.095000e-08	6.761761e-01	1.343279e-01	1.245928e-01	
120	1.100000e-08	7.193287e-01	1.444802e-01	1.332198e-01	
121	1.101000e-08	7.229708e-01	1.464572e-01	1.348865e-01	
122	1.103000e-08	7.301610e-01	1.502967e-01	1.380996e-01	
123	1.107000e-08	7.440150e-01	1.573128e-01	1.438533e-01	
124	1.115000e-08	7.699317e-01	1.690676e-01	1.530849e-01	
125	1.125000e-08	7.996388e-01	1.803559e-01	1.612430e-01	
126	1.135000e-08	8.270634e-01	1.890777e-01	1.666023e-01	
127	1.145000e-08	8.527948e-01	1.960475e-01	1.699611e-01	
128	1.155000e-08	8.772967e-01	2.016161e-01	1.719253e-01	
129	1.165000e-08	9.009338e-01	2.059752e-01	1.729519e-01	
130	1.175000e-08	9.239494e-01	2.094397e-01	1.733467e-01	
131	1.185000e-08	9.464686e-01	2.124363e-01	1.732833e-01	
132	1.195000e-08	9.685951e-01	2.151007e-01	1.728983e-01	
133	1.205000e-08	9.904023e-01	2.175274e-01	1.722883e-01	
134	1.215000e-08	1.011943e+00	2.197794e-01	1.715221e-01	
135	1.225000e-08	1.033016e+00	2.229051e-01	1.704472e-01	
136	1.235000e-08	1.052626e+00	2.306340e-01	1.682670e-01	
137	1.245000e-08	1.070078e+00	2.434213e-01	1.645189e-01	
138	1.255000e-08	1.085704e+00	2.573828e-01	1.596519e-01	
139	1.265000e-08	1.099896e+00	2.707249e-01	1.541162e-01	
140	1.275000e-08	1.112913e+00	2.831522e-01	1.482015e-01	
141	1.285000e-08	1.124960e+00	2.946337e-01	1.421203e-01	
142	1.295000e-08	1.136174e+00	3.053225e-01	1.360052e-01	
143	1.305000e-08	1.146661e+00	3.153243e-01	1.299485e-01	
144	1.315000e-08	1.156504e+00	3.247181e-01	1.240134e-01	
145	1.325000e-08	1.165769e+00	3.335659e-01	1.182419e-01	
146	1.335000e-08	1.174509e+00	3.419175e-01	1.126609e-01	
147	1.345000e-08	1.182769e+00	3.498142e-01	1.072866e-01	
148	1.355000e-08	1.190585e+00	3.572903e-01	1.021272e-01	
149	1.365000e-08	1.197989e+00	3.643754e-01	9.718553e-02	
150	1.375000e-08	1.205008e+00	3.710950e-01	9.246078e-02	
151	1.385000e-08	1.211666e+00	3.774717e-01	8.794939e-02	
152	1.395000e-08	1.217986e+00	3.835256e-01	8.364607e-02	
153	1.400000e-08	1.221023e+00	3.864367e-01	8.157069e-02	
154	1.401000e-08	1.216549e+00	3.869420e-01	8.109996e-02	
155	1.403000e-08	1.207453e+00	3.878166e-01	8.004175e-02	
156	1.407000e-08	1.188427e+00	3.887816e-01	7.727579e-02	
157	1.415000e-08	1.147403e+00	3.878837e-01	6.959458e-02	
158	1.425000e-08	1.091342e+00	3.821840e-01	5.693740e-02	
159	1.435000e-08	1.030901e+00	3.722776e-01	4.199608e-02	
160	1.445000e-08	9.668735e-01	3.589327e-01	2.568390e-02	
161	1.455000e-08	8.998538e-01	3.427291e-01	8.647418e-03	
162	1.465000e-08	8.302906e-01	3.241069e-01	-8.65916e-03	
163	1.475000e-08	7.585258e-01	3.034043e-01	-2.59204e-02	
164	1.485000e-08	6.848228e-01	2.808850e-01	-4.29209e-02	
165	1.495000e-08	6.093871e-01	2.567586e-01	-5.95172e-02	
166	1.500000e-08	5.710675e-01	2.441429e-01	-6.76352e-02	
167	1.501000e-08	5.684221e-01	2.416377e-01	-6.91777e-02	
168	1.503000e-08	5.632418e-01	2.367306e-01	-7.21312e-02	
169	1.507000e-08	5.535060e-01	2.275037e-01	-7.72981e-02	
170	1.515000e-08	5.362069e-01	2.111114e-01	-8.51110e-02	

Index   time            v(drva)         v(rap)          v(rbp)          
--------------------------------------------------------------------------------
171	1.525000e-08	5.179394e-01	1.938276e-01	-9.11114e-02	
172	1.535000e-08	5.025721e-01	1.793248e-01	-9.40318e-02	
173	1.545000e-08	4.894084e-01	1.669350e-01	-9.47904e-02	
174	1.555000e-08	4.779390e-01	1.561679e-01	-9.40493e-02	
175	1.565000e-08	4.677898e-01	1.466638e-01	-9.22846e-02	
176	1.575000e-08	4.586854e-01	1.381583e-01	-8.98384e-02	
177	1.585000e-08	4.504218e-01	1.304558e-01	-8.69555e-02	
178	1.595000e-08	4.428471e-01	1.234109e-01	-8.38108e-02	
179	1.605000e-08	4.358473e-01	1.169145e-01	-8.05281e-02	
180	1.615000e-08	4.293359e-01	1.108841e-01	-7.71947e-02	
181	1.625000e-08	4.232467e-01	1.052564e-01	-7.38716e-02	
182	1.635000e-08	4.175286e-01	9.998252e-02	-7.06005e-02	
183	1.645000e-08	4.121410e-01	9.502382e-02	-6.74095e-02	
184	1.655000e-08	4.070517e-01	9.034944e-02	-6.43169e-02	
185	1.665000e-08	4.022344e-01	8.593421e-02	-6.13339e-02	
186	1.675000e-08	3.976673e-01	8.175725e-02	-5.84669e-02	
187	1.685000e-08	3.933321e-01	7.780091e-02	-5.57186e-02	
188	1.695000e-08	3.892130e-01	7.405004e-02	-5.30892e-02	
189	1.705000e-08	3.852961e-01	7.049135e-02	-5.05772e-02	
190	1.715000e-08	3.815693e-01	6.711309e-02	-4.81802e-02	
191	1.725000e-08	3.780216e-01	6.390467e-02	-4.58946e-02	
192	1.735000e-08	3.746430e-01	6.085649e-02	-4.37168e-02	
193	1.745000e-08	3.714245e-01	5.795973e-02	-4.16426e-02	
194	1.755000e-08	3.683577e-01	5.520627e-02	-3.96676e-02	
195	1.765000e-08	3.654346e-01	5.258853e-02	-3.77877e-02	
196	1.775000e-08	3.626481e-01	5.009944e-02	-3.59986e-02	
197	1.785000e-08	3.599911e-01	4.773239e-02	-3.42961e-02	
198	1.795000e-08	3.574574e-01	4.548114e-02	-3.26762e-02	
199	1.805000e-08	3.550408e-01	4.333983e-02	-3.11350e-02	
200	1.815000e-08	3.527356e-01	4.130291e-02	-2.96686e-02	
201	1.825000e-08	3.505364e-01	3.936514e-02	-2.82734e-02	
202	1.835000e-08	3.484379e-01	3.752156e-02	-2.69460e-02	
203	1.845000e-08	3.464354e-01	3.576747e-02	-2.56832e-02	
204	1.855000e-08	3.445243e-01	3.409842e-02	-2.44816e-02	
205	1.865000e-08	3.427000e-01	3.251018e-02	-2.33383e-02	
206	1.875000e-08	3.409585e-01	3.099874e-02	-2.22504e-02	
207	1.885000e-08	3.392958e-01	2.956030e-02	-2.12153e-02	
208	1.895000e-08	3.377082e-01	2.819124e-02	-2.02302e-02	
209	1.905000e-08	3.361920e-01	2.688814e-02	-1.92928e-02	
210	1.915000e-08	3.347438e-01	2.564774e-02	-1.84006e-02	
211	1.925000e-08	3.333605e-01	2.446694e-02	-1.75515e-02	
212	1.935000e-08	3.320389e-01	2.334281e-02	-1.67433e-02	
213	1.945000e-08	3.307762e-01	2.227256e-02	-1.59741e-02	
214	1.955000e-08	3.295695e-01	2.125354e-02	-1.52418e-02	
215	1.965000e-08	3.284162e-01	2.028322e-02	-1.45447e-02	
216	1.975000e-08	3.273138e-01	1.935922e-02	-1.38810e-02	
217	1.985000e-08	3.262599e-01	1.847926e-02	-1.32491e-02	
218	1.995000e-08	3.252522e-01	1.764118e-02	-1.26475e-02	
219	2.005000e-08	3.242886e-01	1.684294e-02	-1.20745e-02	
220	2.015000e-08	3.233670e-01	1.608257e-02	-1.15290e-02	
221	2.025000e-08	3.224854e-01	1.535823e-02	-1.10094e-02	
222	2.035000e-08	3.216420e-01	1.466816e-02	-1.05145e-02	
223	2.045000e-08	3.208350e-01	1.401069e-02	-1.00432e-02	
224	2.055000e-08	3.200627e-01	1.338421e-02	-9.59418e-03	
225	2.065000e-08	3.193235e-01	1.278723e-02	-9.16645e-03	
226	2.075000e-08	3.186158e-01	1.221831e-02	-8.75894e-03	
227	2.085000e-08	3.179383e-01	1.167608e-02	-8.37068e-03	
228	2.095000e-08	3.172895e-01	1.115925e-02	-8.00071e-03	

Index   time            v(drva)         v(rap)          v(rbp)          
--------------------------------------------------------------------------------
229	2.105000e-08	3.166682e-01	1.066657e-02	-7.64815e-03	
230	2.115000e-08	3.160730e-01	1.019689e-02	-7.31216e-03	
231	2.125000e-08	3.155027e-01	9.749092e-03	-6.99192e-03	
232	2.135000e-08	3.149563e-01	9.322109e-03	-6.68667e-03	
233	2.145000e-08	3.144326e-01	8.914940e-03	-6.39569e-03	
234	2.155000e-08	3.139306e-01	8.526627e-03	-6.11827e-03	
235	2.165000e-08	3.134493e-01	8.156261e-03	-5.85378e-03	
236	2.175000e-08	3.129878e-01	7.802978e-03	-5.60157e-03	
237	2.185000e-08	3.125452e-01	7.465957e-03	-5.36106e-03	
238	2.195000e-08	3.121206e-01	7.144416e-03	-5.13168e-03	
239	2.205000e-08	3.117133e-01	6.837612e-03	-4.91289e-03	
240	2.215000e-08	3.113224e-01	6.544839e-03	-4.70420e-03	
241	2.225000e-08	3.109473e-01	6.265427e-03	-4.50510e-03	
242	2.235000e-08	3.105871e-01	5.998735e-03	-4.31514e-03	
243	2.245000e-08	3.102414e-01	5.744158e-03	-4.13388e-03	
244	2.255000e-08	3.099093e-01	5.501117e-03	-3.96091e-03	
245	2.265000e-08	3.095904e-01	5.269065e-03	-3.79583e-03	
246	2.275000e-08	3.092840e-01	5.047478e-03	-3.63825e-03	
247	2.285000e-08	3.089896e-01	4.835860e-03	-3.48783e-03	
248	2.295000e-08	3.087067e-01	4.633738e-03	-3.34422e-03	
249	2.305000e-08	3.084347e-01	4.440665e-03	-3.20710e-03	
250	2.315000e-08	3.081732e-01	4.256211e-03	-3.07616e-03	
251	2.325000e-08	3.079218e-01	4.079972e-03	-2.95110e-03	
252	2.335000e-08	3.076799e-01	3.911559e-03	-2.83166e-03	
253	2.345000e-08	3.074472e-01	3.750606e-03	-2.71755e-03	
254	2.355000e-08	3.072233e-01	3.596762e-03	-2.60854e-03	
255	2.365000e-08	3.070078e-01	3.449694e-03	-2.50438e-03	
256	2.375000e-08	3.068004e-01	3.309086e-03	-2.40484e-03	
257	2.385000e-08	3.066007e-01	3.174636e-03	-2.30970e-03	
258	2.395000e-08	3.064083e-01	3.046057e-03	-2.21877e-03	
259	2.405000e-08	3.062231e-01	2.923076e-03	-2.13183e-03	
260	2.415000e-08	3.060445e-01	2.805433e-03	-2.04871e-03	
261	2.425000e-08	3.058725e-01	2.692882e-03	-1.96923e-03	
262	2.435000e-08	3.057067e-01	2.585186e-03	-1.89322e-03	
263	2.445000e-08	3.055469e-01	2.482122e-03	-1.82051e-03	
264	2.455000e-08	3.053927e-01	2.383477e-03	-1.75096e-03	
265	2.465000e-08	3.052441e-01	2.289047e-03	-1.68441e-03	
266	2.475000e-08	3.051006e-01	2.198639e-03	-1.62073e-03	
267	2.485000e-08	3.049622e-01	2.112069e-03	-1.55979e-03	
268	2.495000e-08	3.048287e-01	2.029162e-03	-1.50145e-03	
269	2.505000e-08	3.046997e-01	1.949752e-03	-1.44561e-03	
270	2.515000e-08	3.045752e-01	1.873678e-03	-1.39215e-03	
271	2.525000e-08	3.044550e-01	1.800790e-03	-1.34095e-03	
272	2.535000e-08	3.043388e-01	1.730944e-03	-1.29191e-03	
273	2.545000e-08	3.042265e-01	1.664002e-03	-1.24494e-03	
274	2.555000e-08	3.041181e-01	1.599834e-03	-1.19995e-03	
275	2.565000e-08	3.040132e-01	1.538315e-03	-1.15683e-03	
276	2.575000e-08	3.039118e-01	1.479326e-03	-1.11551e-03	
277	2.585000e-08	3.038138e-01	1.422754e-03	-1.07591e-03	
278	2.595000e-08	3.037189e-01	1.368492e-03	-1.03795e-03	
279	2.605000e-08	3.036271e-01	1.316437e-03	-1.00155e-03	
280	2.615000e-08	3.035383e-01	1.266490e-03	-9.66649e-04	
281	2.625000e-08	3.034523e-01	1.218559e-03	-9.33175e-04	
282	2.635000e-08	3.033691e-01	1.172554e-03	-9.01067e-04	
283	2.645000e-08	3.032884e-01	1.128391e-03	-8.70262e-04	
284	2.655000e-08	3.032104e-01	1.085990e-03	-8.40704e-04	
285	2.665000e-08	3.031347e-01	1.045272e-03	-8.12337e-04	
286	2.675000e-08	3.030613e-01	1.006165e-03	-7.85109e-04	

Index   time            v(drva)         v(rap)          v(rbp)          
--------------------------------------------------------------------------------
287	2.685000e-08	3.029903e-01	9.685977e-04	-7.58969e-04	
288	2.695000e-08	3.029213e-01	9.325044e-04	-7.33871e-04	
289	2.705000e-08	3.028545e-01	8.978209e-04	-7.09768e-04	
290	2.715000e-08	3.027897e-01	8.644865e-04	-6.86617e-04	
291	2.725000e-08	3.027268e-01	8.324431e-04	-6.64376e-04	
292	2.735000e-08	3.026657e-01	8.016353e-04	-6.43007e-04	
293	2.745000e-08	3.026064e-01	7.720105e-04	-6.22472e-04	
294	2.755000e-08	3.025489e-01	7.435181e-04	-6.02733e-04	
295	2.765000e-08	3.024930e-01	7.161101e-04	-5.83759e-04	
296	2.775000e-08	3.024387e-01	6.897406e-04	-5.65514e-04	
297	2.785000e-08	3.023860e-01	6.643657e-04	-5.47970e-04	
298	2.795000e-08	3.023348e-01	6.399437e-04	-5.31095e-04	
299	2.805000e-08	3.022849e-01	6.164345e-04	-5.14861e-04	
300	2.815000e-08	3.022365e-01	5.938001e-04	-4.99241e-04	
301	2.825000e-08	3.021894e-01	5.720041e-04	-4.84210e-04	
302	2.835000e-08	3.021436e-01	5.510115e-04	-4.69742e-04	
303	2.845000e-08	3.020990e-01	5.307893e-04	-4.55814e-04	
304	2.855000e-08	3.020556e-01	5.113056e-04	-4.42403e-04	
305	2.865000e-08	3.020134e-01	4.925302e-04	-4.29489e-04	
306	2.875000e-08	3.019723e-01	4.744340e-04	-4.17049e-04	
307	2.885000e-08	3.019322e-01	4.569894e-04	-4.05066e-04	
308	2.895000e-08	3.018933e-01	4.401699e-04	-3.93519e-04	
309	2.905000e-08	3.018553e-01	4.239502e-04	-3.82391e-04	
310	2.915000e-08	3.018182e-01	4.083061e-04	-3.71665e-04	
311	2.925000e-08	3.017822e-01	3.932144e-04	-3.61325e-04	
312	2.935000e-08	3.017470e-01	3.786532e-04	-3.51354e-04	
313	2.945000e-08	3.017127e-01	3.646012e-04	-3.41738e-04	
314	2.955000e-08	3.016792e-01	3.510381e-04	-3.32463e-04	
315	2.965000e-08	3.016466e-01	3.379448e-04	-3.23515e-04	
316	2.975000e-08	3.016147e-01	3.253025e-04	-3.14881e-04	
317	2.985000e-08	3.015837e-01	3.130938e-04	-3.06548e-04	
318	2.995000e-08	3.015533e-01	3.013015e-04	-2.98505e-04	
319	3.005000e-08	3.015237e-01	2.899094e-04	-2.90739e-04	
320	3.015000e-08	3.014948e-01	2.789021e-04	-2.83241e-04	
321	3.025000e-08	3.014665e-01	2.682648e-04	-2.75999e-04	
322	3.035000e-08	3.014389e-01	2.579830e-04	-2.69004e-04	
323	3.045000e-08	3.014119e-01	2.480433e-04	-2.62246e-04	
324	3.055000e-08	3.013855e-01	2.384326e-04	-2.55715e-04	
325	3.065000e-08	3.013597e-01	2.291383e-04	-2.49404e-04	
326	3.075000e-08	3.013345e-01	2.201486e-04	-2.43303e-04	
327	3.085000e-08	3.013099e-01	2.114519e-04	-2.37404e-04	
328	3.095000e-08	3.012857e-01	2.030373e-04	-2.31701e-04	
329	3.105000e-08	3.012621e-01	1.948942e-04	-2.26185e-04	
330	3.115000e-08	3.012390e-01	1.870126e-04	-2.20849e-04	
331	3.125000e-08	3.012164e-01	1.793826e-04	-2.15687e-04	
332	3.135000e-08	3.011943e-01	1.719952e-04	-2.10691e-04	
333	3.145000e-08	3.011726e-01	1.648413e-04	-2.05857e-04	
334	3.155000e-08	3.011514e-01	1.579125e-04	-2.01178e-04	
335	3.165000e-08	3.011305e-01	1.512006e-04	-1.96647e-04	
336	3.175000e-08	3.011102e-01	1.446976e-04	-1.92261e-04	
337	3.185000e-08	3.010902e-01	1.383962e-04	-1.88012e-04	
338	3.195000e-08	3.010706e-01	1.322890e-04	-1.83897e-04	
339	3.205000e-08	3.010514e-01	1.263692e-04	-1.79911e-04	
340	3.215000e-08	3.010325e-01	1.206300e-04	-1.76048e-04	
341	3.225000e-08	3.010141e-01	1.150651e-04	-1.72305e-04	
342	3.235000e-08	3.009960e-01	1.096684e-04	-1.68677e-04	
343	3.245000e-08	3.009782e-01	1.044340e-04	-1.65160e-04	
344	3.255000e-08	3.009607e-01	9.935614e-05	-1.61750e-04	

Index   time            v(drva)         v(rap)          v(rbp)          
--------------------------------------------------------------------------------
345	3.265000e-08	3.009436e-01	9.442948e-05	-1.58444e-04	
346	3.275000e-08	3.009268e-01	8.964879e-05	-1.55237e-04	
347	3.285000e-08	3.009103e-01	8.500905e-05	-1.52126e-04	
348	3.295000e-08	3.008940e-01	8.050544e-05	-1.49108e-04	
349	3.305000e-08	3.008781e-01	7.613335e-05	-1.46180e-04	
350	3.315000e-08	3.008624e-01	7.188831e-05	-1.43338e-04	
351	3.325000e-08	3.008471e-01	6.776605e-05	-1.40580e-04	
352	3.335000e-08	3.008319e-01	6.376246e-05	-1.37903e-04	
353	3.345000e-08	3.008171e-01	5.987359e-05	-1.35303e-04	
354	3.355000e-08	3.008024e-01	5.609564e-05	-1.32780e-04	
355	3.365000e-08	3.007881e-01	5.242494e-05	-1.30328e-04	
356	3.375000e-08	3.007739e-01	4.885798e-05	-1.27948e-04	
357	3.385000e-08	3.007600e-01	4.539138e-05	-1.25635e-04	
358	3.395000e-08	3.007463e-01	4.202188e-05	-1.23388e-04	
359	3.405000e-08	3.007329e-01	3.874635e-05	-1.21205e-04	
360	3.415000e-08	3.007196e-01	3.556176e-05	-1.19083e-04	
361	3.425000e-08	3.007065e-01	3.246522e-05	-1.17021e-04	
362	3.435000e-08	3.006937e-01	2.945393e-05	-1.15017e-04	
363	3.445000e-08	3.006810e-01	2.652520e-05	-1.13068e-04	
364	3.455000e-08	3.006685e-01	2.367644e-05	-1.11173e-04	
365	3.465000e-08	3.006563e-01	2.090515e-05	-1.09331e-04	
366	3.475000e-08	3.006441e-01	1.820892e-05	-1.07539e-04	
367	3.485000e-08	3.006322e-01	1.558544e-05	-1.05796e-04	
368	3.495000e-08	3.006205e-01	1.303248e-05	-1.04101e-04	
369	3.505000e-08	3.006089e-01	1.054788e-05	-1.02451e-04	
370	3.515000e-08	3.005974e-01	8.129573e-06	-1.00846e-04	
371	3.525000e-08	3.005861e-01	5.775561e-06	-9.92849e-05	
372	3.535000e-08	3.005750e-01	3.483917e-06	-9.77652e-05	
373	3.545000e-08	3.005640e-01	1.252782e-06	-9.62862e-05	
374	3.555000e-08	3.005532e-01	-9.19633e-07	-9.48465e-05	
375	3.565000e-08	3.005425e-01	-3.03506e-06	-9.34450e-05	
376	3.575000e-08	3.005320e-01	-5.09515e-06	-9.20806e-05	
377	3.585000e-08	3.005216e-01	-7.10153e-06	-9.07522e-05	
378	3.595000e-08	3.005113e-01	-9.05574e-06	-8.94586e-05	
379	3.605000e-08	3.005011e-01	-1.09593e-05	-8.81989e-05	
380	3.615000e-08	3.004911e-01	-1.28136e-05	-8.69721e-05	
381	3.625000e-08	3.004812e-01	-1.46200e-05	-8.57773e-05	
382	3.635000e-08	3.004714e-01	-1.63800e-05	-8.46134e-05	
383	3.645000e-08	3.004617e-01	-1.80948e-05	-8.34797e-05	
384	3.655000e-08	3.004522e-01	-1.97656e-05	-8.23753e-05	
385	3.665000e-08	3.004427e-01	-2.13937e-05	-8.12993e-05	
386	3.675000e-08	3.004334e-01	-2.29802e-05	-8.02510e-05	
387	3.685000e-08	3.004241e-01	-2.45263e-05	-7.92295e-05	
388	3.695000e-08	3.004150e-01	-2.60330e-05	-7.82342e-05	
389	3.705000e-08	3.004060e-01	-2.75014e-05	-7.72644e-05	
390	3.715000e-08	3.003970e-01	-2.89325e-05	-7.63192e-05	
391	3.725000e-08	3.003882e-01	-3.03274e-05	-7.53982e-05	
392	3.735000e-08	3.003794e-01	-3.16868e-05	-7.45006e-05	
393	3.745000e-08	3.003707e-01	-3.30118e-05	-7.36257e-05	
394	3.755000e-08	3.003622e-01	-3.43033e-05	-7.27731e-05	
395	3.765000e-08	3.003537e-01	-3.55620e-05	-7.19421e-05	
396	3.775000e-08	3.003453e-01	-3.67889e-05	-7.11321e-05	
397	3.785000e-08	3.003369e-01	-3.79846e-05	-7.03427e-05	
398	3.795000e-08	3.003287e-01	-3.91501e-05	-6.95733e-05	
399	3.805000e-08	3.003205e-01	-4.02860e-05	-6.88233e-05	
400	3.815000e-08	3.003124e-01	-4.13930e-05	-6.80923e-05	
401	3.825000e-08	3.003044e-01	-4.24719e-05	-6.73799e-05	
402	3.835000e-08	3.002964e-01	-4.35233e-05	-6.66855e-05	

Index   time            v(drva)         v(rap)          v(rbp)          
--------------------------------------------------------------------------------
403	3.845000e-08	3.002886e-01	-4.45478e-05	-6.60088e-05	
404	3.855000e-08	3.002807e-01	-4.55462e-05	-6.53492e-05	
405	3.865000e-08	3.002730e-01	-4.65189e-05	-6.47065e-05	
406	3.875000e-08	3.002653e-01	-4.74667e-05	-6.40801e-05	
407	3.885000e-08	3.002577e-01	-4.83899e-05	-6.34698e-05	
408	3.895000e-08	3.002501e-01	-4.92893e-05	-6.28751e-05	
409	3.905000e-08	3.002426e-01	-5.01653e-05	-6.22956e-05	
410	3.915000e-08	3.002352e-01	-5.10184e-05	-6.17311e-05	
411	3.925000e-08	3.002278e-01	-5.18492e-05	-6.11812e-05	
412	3.935000e-08	3.002205e-01	-5.26581e-05	-6.06456e-05	
413	3.945000e-08	3.002132e-01	-5.34455e-05	-6.01239e-05	
414	3.955000e-08	3.002059e-01	-5.42120e-05	-5.96158e-05	
415	3.965000e-08	3.001988e-01	-5.49578e-05	-5.91212e-05	
416	3.975000e-08	3.001916e-01	-5.56836e-05	-5.86396e-05	
417	3.985000e-08	3.001846e-01	-5.63895e-05	-5.81708e-05	
418	3.995000e-08	3.001775e-01	-5.70762e-05	-5.77146e-05	
419	4.000000e-08	3.001740e-01	-5.74123e-05	-5.74911e-05	
420	4.001000e-08	3.001733e-01	-5.74789e-05	-5.74468e-05	
421	4.003000e-08	3.001719e-01	-5.76117e-05	-5.73585e-05	
422	4.007000e-08	3.001691e-01	-5.78750e-05	-5.71834e-05	
423	4.015000e-08	3.001636e-01	-5.83927e-05	-5.68388e-05	
424	4.025000e-08	3.001567e-01	-5.90234e-05	-5.64188e-05	
425	4.035000e-08	3.001498e-01	-5.96362e-05	-5.60103e-05	
426	4.045000e-08	3.001430e-01	-6.02314e-05	-5.56131e-05	
427	4.055000e-08	3.001362e-01	-6.08092e-05	-5.52271e-05	
428	4.065000e-08	3.001294e-01	-6.13700e-05	-5.48521e-05	
429	4.075000e-08	3.001227e-01	-6.19141e-05	-5.44878e-05	
430	4.085000e-08	3.001160e-01	-6.24417e-05	-5.41341e-05	
431	4.095000e-08	3.001094e-01	-6.29531e-05	-5.37907e-05	
432	4.100000e-08	3.001061e-01	-6.32028e-05	-5.36229e-05	
433	4.101000e-08	3.001054e-01	-6.32522e-05	-5.35897e-05	
434	4.103000e-08	3.001041e-01	-6.33507e-05	-5.35235e-05	
435	4.107000e-08	3.001015e-01	-6.35457e-05	-5.33922e-05	
436	4.115000e-08	3.000962e-01	-6.39283e-05	-5.31345e-05	
437	4.125000e-08	3.000897e-01	-6.43927e-05	-5.28213e-05	
438	4.135000e-08	3.000831e-01	-6.48418e-05	-5.25178e-05	
439	4.145000e-08	3.000766e-01	-6.52759e-05	-5.22238e-05	
440	4.155000e-08	3.000702e-01	-6.56952e-05	-5.19392e-05	
441	4.165000e-08	3.000637e-01	-6.60999e-05	-5.16639e-05	
442	4.175000e-08	3.000573e-01	-6.64902e-05	-5.13978e-05	
443	4.185000e-08	3.000509e-01	-6.68662e-05	-5.11407e-05	
444	4.195000e-08	3.000446e-01	-6.72282e-05	-5.08925e-05	
445	4.205000e-08	3.000382e-01	-6.75762e-05	-5.06531e-05	
446	4.215000e-08	3.000319e-01	-6.79105e-05	-5.04223e-05	
447	4.225000e-08	3.000256e-01	-6.82312e-05	-5.02002e-05	
448	4.235000e-08	3.000193e-01	-6.85385e-05	-4.99864e-05	
449	4.245000e-08	3.000130e-01	-6.88324e-05	-4.97811e-05	
450	4.255000e-08	3.000068e-01	-6.91131e-05	-4.95841e-05	
451	4.265000e-08	3.000005e-01	-6.93807e-05	-4.93952e-05	
452	4.275000e-08	2.999943e-01	-6.96353e-05	-4.92145e-05	
453	4.285000e-08	2.999881e-01	-6.98770e-05	-4.90418e-05	
454	4.295000e-08	2.999819e-01	-7.01059e-05	-4.88771e-05	
455	4.305000e-08	2.999757e-01	-7.03221e-05	-4.87202e-05	
456	4.315000e-08	2.999695e-01	-7.05257e-05	-4.85713e-05	
457	4.325000e-08	2.999634e-01	-7.07167e-05	-4.84301e-05	
458	4.335000e-08	2.999572e-01	-7.08952e-05	-4.82967e-05	
459	4.345000e-08	2.999511e-01	-7.10613e-05	-4.81709e-05	
460	4.355000e-08	2.999449e-01	-7.12149e-05	-4.80528e-05	

Index   time            v(drva)         v(rap)          v(rbp)          
--------------------------------------------------------------------------------
461	4.365000e-08	2.999388e-01	-7.13562e-05	-4.79423e-05	
462	4.375000e-08	2.999327e-01	-7.14852e-05	-4.78394e-05	
463	4.385000e-08	2.999266e-01	-7.16019e-05	-4.77440e-05	
464	4.395000e-08	2.999204e-01	-7.17070e-05	-4.76560e-05	
465	4.400000e-08	2.999174e-01	-7.17554e-05	-4.76147e-05	
466	4.401000e-08	2.999168e-01	-7.17648e-05	-4.76067e-05	
467	4.403000e-08	2.999156e-01	-7.17833e-05	-4.75908e-05	
468	4.407000e-08	2.999131e-01	-7.18191e-05	-4.75598e-05	
469	4.415000e-08	2.999082e-01	-7.18866e-05	-4.75010e-05	
470	4.425000e-08	2.999021e-01	-7.19635e-05	-4.74330e-05	
471	4.435000e-08	2.998960e-01	-7.20329e-05	-4.73709e-05	
472	4.445000e-08	2.998899e-01	-7.20957e-05	-4.73141e-05	
473	4.455000e-08	2.998838e-01	-7.21525e-05	-4.72622e-05	
474	4.465000e-08	2.998777e-01	-7.22038e-05	-4.72150e-05	
475	4.475000e-08	2.998716e-01	-7.22502e-05	-4.71718e-05	
476	4.485000e-08	2.998655e-01	-7.22922e-05	-4.71325e-05	
477	4.495000e-08	2.998594e-01	-7.23302e-05	-4.70966e-05	
478	4.500000e-08	2.998563e-01	-7.23478e-05	-4.70799e-05	
479	4.501000e-08	2.998557e-01	-7.23512e-05	-4.70767e-05	
480	4.503000e-08	2.998545e-01	-7.23579e-05	-4.70703e-05	
481	4.507000e-08	2.998521e-01	-7.23709e-05	-4.70578e-05	
482	4.515000e-08	2.998472e-01	-7.23955e-05	-4.70342e-05	
483	4.525000e-08	2.998411e-01	-7.24236e-05	-4.70070e-05	
484	4.535000e-08	2.998350e-01	-7.24489e-05	-4.69822e-05	
485	4.545000e-08	2.998289e-01	-7.24718e-05	-4.69595e-05	
486	4.555000e-08	2.998228e-01	-7.24924e-05	-4.69389e-05	
487	4.565000e-08	2.998167e-01	-7.25110e-05	-4.69201e-05	
488	4.575000e-08	2.998106e-01	-7.25278e-05	-4.69028e-05	
489	4.585000e-08	2.998045e-01	-7.25429e-05	-4.68871e-05	
490	4.595000e-08	2.997984e-01	-7.25564e-05	-4.68728e-05	
491	4.605000e-08	2.997923e-01	-7.25686e-05	-4.68596e-05	
492	4.615000e-08	2.997862e-01	-7.25795e-05	-4.68476e-05	
493	4.625000e-08	2.997801e-01	-7.25892e-05	-4.68366e-05	
494	4.635000e-08	2.997740e-01	-7.25979e-05	-4.68266e-05	
495	4.645000e-08	2.997679e-01	-7.26057e-05	-4.68173e-05	
496	4.655000e-08	2.997618e-01	-7.26126e-05	-4.68089e-05	
497	4.665000e-08	2.997558e-01	-7.26187e-05	-4.68011e-05	
498	4.675000e-08	2.997497e-01	-7.26242e-05	-4.67940e-05	
499	4.685000e-08	2.997436e-01	-7.26289e-05	-4.67874e-05	
500	4.695000e-08	2.997375e-01	-7.26331e-05	-4.67814e-05	
501	4.705000e-08	2.997314e-01	-7.26368e-05	-4.67758e-05	
502	4.715000e-08	2.997253e-01	-7.26400e-05	-4.67707e-05	
503	4.725000e-08	2.997192e-01	-7.26427e-05	-4.67659e-05	
504	4.735000e-08	2.997131e-01	-7.26450e-05	-4.67615e-05	
505	4.745000e-08	2.997070e-01	-7.26470e-05	-4.67575e-05	
506	4.755000e-08	2.997009e-01	-7.26486e-05	-4.67537e-05	
507	4.765000e-08	2.996948e-01	-7.26500e-05	-4.67502e-05	
508	4.775000e-08	2.996888e-01	-7.26511e-05	-4.67469e-05	
509	4.785000e-08	2.996827e-01	-7.26519e-05	-4.67439e-05	
510	4.795000e-08	2.996766e-01	-7.26525e-05	-4.67410e-05	
511	4.805000e-08	2.996705e-01	-7.26529e-05	-4.67384e-05	
512	4.815000e-08	2.996644e-01	-7.26531e-05	-4.67359e-05	
513	4.825000e-08	2.996583e-01	-7.26531e-05	-4.67335e-05	
514	4.835000e-08	2.996522e-01	-7.26530e-05	-4.67313e-05	
515	4.845000e-08	2.996461e-01	-7.26528e-05	-4.67292e-05	
516	4.855000e-08	2.996400e-01	-7.26524e-05	-4.67272e-05	
517	4.865000e-08	2.996340e-01	-7.26519e-05	-4.67254e-05	
518	4.875000e-08	2.996279e-01	-7.26513e-05	-4.67236e-05	

Index   time            v(drva)         v(rap)          v(rbp)          
--------------------------------------------------------------------------------
519	4.885000e-08	2.996218e-01	-7.26506e-05	-4.67219e-05	
520	4.895000e-08	2.996157e-01	-7.26498e-05	-4.67203e-05	
521	4.905000e-08	2.996096e-01	-7.26490e-05	-4.67187e-05	
522	4.915000e-08	2.996035e-01	-7.26480e-05	-4.67173e-05	
523	4.925000e-08	2.995974e-01	-7.26470e-05	-4.67158e-05	
524	4.935000e-08	2.995913e-01	-7.26460e-05	-4.67145e-05	
525	4.945000e-08	2.995853e-01	-7.26449e-05	-4.67131e-05	
526	4.955000e-08	2.995792e-01	-7.26437e-05	-4.67118e-05	
527	4.965000e-08	2.995731e-01	-7.26425e-05	-4.67106e-05	
528	4.975000e-08	2.995670e-01	-7.26413e-05	-4.67094e-05	
529	4.985000e-08	2.995609e-01	-7.26400e-05	-4.67082e-05	
530	4.995000e-08	2.995548e-01	-7.26387e-05	-4.67071e-05	
531	5.005000e-08	2.995487e-01	-7.26374e-05	-4.67060e-05	
532	5.015000e-08	2.995426e-01	-7.26360e-05	-4.67049e-05	
533	5.025000e-08	2.995366e-01	-7.26346e-05	-4.67038e-05	
534	5.035000e-08	2.995305e-01	-7.26332e-05	-4.67027e-05	
535	5.045000e-08	2.995244e-01	-7.26318e-05	-4.67017e-05	
536	5.055000e-08	2.995183e-01	-7.26303e-05	-4.67007e-05	
537	5.065000e-08	2.995122e-01	-7.26288e-05	-4.66997e-05	
538	5.075000e-08	2.995061e-01	-7.26274e-05	-4.66987e-05	
539	5.085000e-08	2.995000e-01	-7.26259e-05	-4.66977e-05	
540	5.095000e-08	2.994940e-01	-7.26244e-05	-4.66968e-05	
541	5.105000e-08	2.994879e-01	-7.26228e-05	-4.66958e-05	
542	5.115000e-08	2.994818e-01	-7.26213e-05	-4.66949e-05	
543	5.125000e-08	2.994757e-01	-7.26198e-05	-4.66939e-05	
544	5.135000e-08	2.994696e-01	-7.26182e-05	-4.66930e-05	
545	5.145000e-08	2.994635e-01	-7.26166e-05	-4.66921e-05	
546	5.155000e-08	2.994574e-01	-7.26151e-05	-4.66912e-05	
547	5.165000e-08	2.994514e-01	-7.26135e-05	-4.66903e-05	
548	5.175000e-08	2.994453e-01	-7.26119e-05	-4.66894e-05	
549	5.185000e-08	2.994392e-01	-7.26103e-05	-4.66885e-05	
550	5.195000e-08	2.994331e-01	-7.26087e-05	-4.66876e-05	
551	5.205000e-08	2.994270e-01	-7.26072e-05	-4.66867e-05	
552	5.215000e-08	2.994209e-01	-7.26056e-05	-4.66858e-05	
553	5.225000e-08	2.994149e-01	-7.26040e-05	-4.66849e-05	
554	5.235000e-08	2.994088e-01	-7.26024e-05	-4.66840e-05	
555	5.245000e-08	2.994027e-01	-7.26007e-05	-4.66832e-05	
556	5.255000e-08	2.993966e-01	-7.25991e-05	-4.66823e-05	
557	5.265000e-08	2.993905e-01	-7.25975e-05	-4.66814e-05	
558	5.275000e-08	2.993844e-01	-7.25959e-05	-4.66805e-05	
559	5.285000e-08	2.993783e-01	-7.25943e-05	-4.66797e-05	
560	5.295000e-08	2.993723e-01	-7.25927e-05	-4.66788e-05	
561	5.305000e-08	2.993662e-01	-7.25910e-05	-4.66779e-05	
562	5.315000e-08	2.993601e-01	-7.25894e-05	-4.66771e-05	
563	5.325000e-08	2.993540e-01	-7.25878e-05	-4.66762e-05	
564	5.335000e-08	2.993479e-01	-7.25862e-05	-4.66754e-05	
565	5.345000e-08	2.993419e-01	-7.25846e-05	-4.66745e-05	
566	5.355000e-08	2.993358e-01	-7.25829e-05	-4.66736e-05	
567	5.365000e-08	2.993297e-01	-7.25813e-05	-4.66728e-05	
568	5.375000e-08	2.993236e-01	-7.25797e-05	-4.66719e-05	
569	5.385000e-08	2.993175e-01	-7.25780e-05	-4.66711e-05	
570	5.395000e-08	2.993114e-01	-7.25764e-05	-4.66702e-05	
571	5.405000e-08	2.993054e-01	-7.25748e-05	-4.66693e-05	
572	5.415000e-08	2.992993e-01	-7.25731e-05	-4.66685e-05	
573	5.425000e-08	2.992932e-01	-7.25715e-05	-4.66676e-05	
574	5.435000e-08	2.992871e-01	-7.25699e-05	-4.66668e-05	
575	5.445000e-08	2.992810e-01	-7.25682e-05	-4.66659e-05	
576	5.455000e-08	2.992749e-01	-7.25666e-05	-4.66651e-05	

Index   time            v(drva)         v(rap)          v(rbp)          
--------------------------------------------------------------------------------
577	5.465000e-08	2.992689e-01	-7.25650e-05	-4.66642e-05	
578	5.475000e-08	2.992628e-01	-7.25633e-05	-4.66634e-05	
579	5.485000e-08	2.992567e-01	-7.25617e-05	-4.66625e-05	
580	5.495000e-08	2.992506e-01	-7.25601e-05	-4.66617e-05	
581	5.505000e-08	2.992445e-01	-7.25584e-05	-4.66608e-05	
582	5.515000e-08	2.992385e-01	-7.25568e-05	-4.66600e-05	
583	5.525000e-08	2.992324e-01	-7.25552e-05	-4.66591e-05	
584	5.535000e-08	2.992263e-01	-7.25535e-05	-4.66583e-05	
585	5.545000e-08	2.992202e-01	-7.25519e-05	-4.66574e-05	
586	5.555000e-08	2.992141e-01	-7.25503e-05	-4.66566e-05	
587	5.565000e-08	2.992081e-01	-7.25486e-05	-4.66557e-05	
588	5.575000e-08	2.992020e-01	-7.25470e-05	-4.66549e-05	
589	5.585000e-08	2.991959e-01	-7.25454e-05	-4.66540e-05	
590	5.595000e-08	2.991898e-01	-7.25437e-05	-4.66532e-05	
591	5.605000e-08	2.991837e-01	-7.25421e-05	-4.66523e-05	
592	5.615000e-08	2.991777e-01	-7.25405e-05	-4.66515e-05	
593	5.625000e-08	2.991716e-01	-7.25388e-05	-4.66506e-05	
594	5.635000e-08	2.991655e-01	-7.25372e-05	-4.66498e-05	
595	5.645000e-08	2.991594e-01	-7.25355e-05	-4.66489e-05	
596	5.655000e-08	2.991533e-01	-7.25339e-05	-4.66481e-05	
597	5.665000e-08	2.991473e-01	-7.25323e-05	-4.66472e-05	
598	5.675000e-08	2.991412e-01	-7.25306e-05	-4.66464e-05	
599	5.685000e-08	2.991351e-01	-7.25290e-05	-4.66455e-05	
600	5.695000e-08	2.991290e-01	-7.25274e-05	-4.66447e-05	
601	5.705000e-08	2.991229e-01	-7.25257e-05	-4.66438e-05	
602	5.715000e-08	2.991169e-01	-7.25241e-05	-4.66430e-05	
603	5.725000e-08	2.991108e-01	-7.25225e-05	-4.66421e-05	
604	5.735000e-08	2.991047e-01	-7.25208e-05	-4.66413e-05	
605	5.745000e-08	2.990986e-01	-7.25192e-05	-4.66404e-05	
606	5.755000e-08	2.990925e-01	-7.25176e-05	-4.66396e-05	
607	5.765000e-08	2.990865e-01	-7.25159e-05	-4.66387e-05	
608	5.775000e-08	2.990804e-01	-7.25143e-05	-4.66379e-05	
609	5.785000e-08	2.990743e-01	-7.25126e-05	-4.66370e-05	
610	5.795000e-08	2.990682e-01	-7.25110e-05	-4.66362e-05	
611	5.805000e-08	2.990622e-01	-7.25094e-05	-4.66353e-05	
612	5.815000e-08	2.990561e-01	-7.25077e-05	-4.66345e-05	
613	5.825000e-08	2.990500e-01	-7.25061e-05	-4.66336e-05	
614	5.835000e-08	2.990439e-01	-7.25045e-05	-4.66328e-05	
615	5.845000e-08	2.990378e-01	-7.25028e-05	-4.66319e-05	
616	5.855000e-08	2.990318e-01	-7.25012e-05	-4.66311e-05	
617	5.865000e-08	2.990257e-01	-7.24996e-05	-4.66302e-05	
618	5.875000e-08	2.990196e-01	-7.24979e-05	-4.66294e-05	
619	5.885000e-08	2.990135e-01	-7.24963e-05	-4.66285e-05	
620	5.895000e-08	2.990075e-01	-7.24947e-05	-4.66277e-05	
621	5.905000e-08	2.990014e-01	-7.24930e-05	-4.66268e-05	
622	5.915000e-08	2.989953e-01	-7.24914e-05	-4.66260e-05	
623	5.925000e-08	2.989892e-01	-7.24897e-05	-4.66251e-05	
624	5.935000e-08	2.989832e-01	-7.24881e-05	-4.66243e-05	
625	5.945000e-08	2.989771e-01	-7.24865e-05	-4.66234e-05	
626	5.955000e-08	2.989710e-01	-7.24848e-05	-4.66226e-05	
627	5.965000e-08	2.989649e-01	-7.24832e-05	-4.66217e-05	
628	5.975000e-08	2.989588e-01	-7.24816e-05	-4.66209e-05	
629	5.985000e-08	2.989528e-01	-7.24799e-05	-4.66200e-05	
630	5.995000e-08	2.989467e-01	-7.24783e-05	-4.66192e-05	
631	6.005000e-08	2.989406e-01	-7.24767e-05	-4.66183e-05	
632	6.015000e-08	2.989345e-01	-7.24750e-05	-4.66175e-05	
633	6.025000e-08	2.989285e-01	-7.24734e-05	-4.66166e-05	
634	6.035000e-08	2.989224e-01	-7.24718e-05	-4.66158e-05	

Index   time            v(drva)         v(rap)          v(rbp)          
--------------------------------------------------------------------------------
635	6.045000e-08	2.989163e-01	-7.24701e-05	-4.66149e-05	
636	6.055000e-08	2.989102e-01	-7.24685e-05	-4.66141e-05	
637	6.065000e-08	2.989042e-01	-7.24669e-05	-4.66132e-05	
638	6.075000e-08	2.988981e-01	-7.24652e-05	-4.66124e-05	
639	6.085000e-08	2.988920e-01	-7.24636e-05	-4.66115e-05	
640	6.095000e-08	2.988859e-01	-7.24619e-05	-4.66107e-05	
641	6.105000e-08	2.988799e-01	-7.24603e-05	-4.66098e-05	
642	6.115000e-08	2.988738e-01	-7.24587e-05	-4.66090e-05	
643	6.125000e-08	2.988677e-01	-7.24570e-05	-4.66081e-05	
644	6.135000e-08	2.988616e-01	-7.24554e-05	-4.66073e-05	
645	6.145000e-08	2.988556e-01	-7.24538e-05	-4.66064e-05	
646	6.155000e-08	2.988495e-01	-7.24521e-05	-4.66056e-05	
647	6.165000e-08	2.988434e-01	-7.24505e-05	-4.66047e-05	
648	6.175000e-08	2.988374e-01	-7.24489e-05	-4.66039e-05	
649	6.185000e-08	2.988313e-01	-7.24472e-05	-4.66030e-05	
650	6.195000e-08	2.988252e-01	-7.24456e-05	-4.66022e-05	
651	6.205000e-08	2.988191e-01	-7.24440e-05	-4.66013e-05	
652	6.215000e-08	2.988131e-01	-7.24423e-05	-4.66005e-05	
653	6.225000e-08	2.988070e-01	-7.24407e-05	-4.65996e-05	
654	6.235000e-08	2.988009e-01	-7.24391e-05	-4.65988e-05	
655	6.245000e-08	2.987948e-01	-7.24374e-05	-4.65979e-05	
656	6.255000e-08	2.987888e-01	-7.24358e-05	-4.65971e-05	
657	6.265000e-08	2.987827e-01	-7.24342e-05	-4.65962e-05	
658	6.275000e-08	2.987766e-01	-7.24325e-05	-4.65954e-05	
659	6.285000e-08	2.987705e-01	-7.24309e-05	-4.65945e-05	
660	6.295000e-08	2.987645e-01	-7.24293e-05	-4.65937e-05	
661	6.305000e-08	2.987584e-01	-7.24276e-05	-4.65928e-05	
662	6.315000e-08	2.987523e-01	-7.24260e-05	-4.65920e-05	
663	6.325000e-08	2.987463e-01	-7.24244e-05	-4.65911e-05	
664	6.335000e-08	2.987402e-01	-7.24227e-05	-4.65903e-05	
665	6.345000e-08	2.987341e-01	-7.24211e-05	-4.65895e-05	
666	6.355000e-08	2.987280e-01	-7.24195e-05	-4.65886e-05	
667	6.365000e-08	2.987220e-01	-7.24178e-05	-4.65878e-05	
668	6.375000e-08	2.987159e-01	-7.24162e-05	-4.65869e-05	
669	6.385000e-08	2.987098e-01	-7.24146e-05	-4.65861e-05	
670	6.395000e-08	2.987038e-01	-7.24129e-05	-4.65852e-05	
671	6.405000e-08	2.986977e-01	-7.24113e-05	-4.65844e-05	
672	6.415000e-08	2.986916e-01	-7.24097e-05	-4.65835e-05	
673	6.425000e-08	2.986855e-01	-7.24080e-05	-4.65827e-05	
674	6.435000e-08	2.986795e-01	-7.24064e-05	-4.65818e-05	
675	6.445000e-08	2.986734e-01	-7.24047e-05	-4.65810e-05	
676	6.455000e-08	2.986673e-01	-7.24031e-05	-4.65801e-05	
677	6.465000e-08	2.986613e-01	-7.24015e-05	-4.65793e-05	
678	6.475000e-08	2.986552e-01	-7.23998e-05	-4.65784e-05	
679	6.485000e-08	2.986491e-01	-7.23982e-05	-4.65776e-05	
680	6.495000e-08	2.986431e-01	-7.23966e-05	-4.65767e-05	
681	6.505000e-08	2.986370e-01	-7.23949e-05	-4.65759e-05	
682	6.515000e-08	2.986309e-01	-7.23933e-05	-4.65750e-05	
683	6.525000e-08	2.986248e-01	-7.23917e-05	-4.65742e-05	
684	6.535000e-08	2.986188e-01	-7.23900e-05	-4.65733e-05	
685	6.545000e-08	2.986127e-01	-7.23884e-05	-4.65725e-05	
686	6.555000e-08	2.986066e-01	-7.23868e-05	-4.65716e-05	
687	6.565000e-08	2.986006e-01	-7.23851e-05	-4.65708e-05	
688	6.575000e-08	2.985945e-01	-7.23835e-05	-4.65699e-05	
689	6.585000e-08	2.985884e-01	-7.23819e-05	-4.65691e-05	
690	6.595000e-08	2.985824e-01	-7.23802e-05	-4.65682e-05	
691	6.605000e-08	2.985763e-01	-7.23786e-05	-4.65674e-05	
692	6.615000e-08	2.985702e-01	-7.23770e-05	-4.65665e-05	

Index   time            v(drva)         v(rap)          v(rbp)          
--------------------------------------------------------------------------------
693	6.625000e-08	2.985641e-01	-7.23753e-05	-4.65657e-05	
694	6.635000e-08	2.985581e-01	-7.23737e-05	-4.65648e-05	
695	6.645000e-08	2.985520e-01	-7.23721e-05	-4.65640e-05	
696	6.655000e-08	2.985459e-01	-7.23705e-05	-4.65631e-05	
697	6.665000e-08	2.985399e-01	-7.23688e-05	-4.65623e-05	
698	6.675000e-08	2.985338e-01	-7.23672e-05	-4.65614e-05	
699	6.685000e-08	2.985277e-01	-7.23656e-05	-4.65606e-05	
700	6.695000e-08	2.985217e-01	-7.23639e-05	-4.65597e-05	
701	6.705000e-08	2.985156e-01	-7.23623e-05	-4.65589e-05	
702	6.715000e-08	2.985095e-01	-7.23607e-05	-4.65581e-05	
703	6.725000e-08	2.985035e-01	-7.23590e-05	-4.65572e-05	
704	6.735000e-08	2.984974e-01	-7.23574e-05	-4.65564e-05	
705	6.745000e-08	2.984913e-01	-7.23558e-05	-4.65555e-05	
706	6.755000e-08	2.984853e-01	-7.23541e-05	-4.65547e-05	
707	6.765000e-08	2.984792e-01	-7.23525e-05	-4.65538e-05	
708	6.775000e-08	2.984731e-01	-7.23509e-05	-4.65530e-05	
709	6.785000e-08	2.984671e-01	-7.23492e-05	-4.65521e-05	
710	6.795000e-08	2.984610e-01	-7.23476e-05	-4.65513e-05	
711	6.805000e-08	2.984549e-01	-7.23460e-05	-4.65504e-05	
712	6.815000e-08	2.984489e-01	-7.23443e-05	-4.65496e-05	
713	6.825000e-08	2.984428e-01	-7.23427e-05	-4.65487e-05	
714	6.835000e-08	2.984367e-01	-7.23411e-05	-4.65479e-05	
715	6.845000e-08	2.984307e-01	-7.23394e-05	-4.65470e-05	
716	6.855000e-08	2.984246e-01	-7.23378e-05	-4.65462e-05	
717	6.865000e-08	2.984185e-01	-7.23362e-05	-4.65453e-05	
718	6.875000e-08	2.984125e-01	-7.23345e-05	-4.65445e-05	
719	6.885000e-08	2.984064e-01	-7.23329e-05	-4.65436e-05	
720	6.895000e-08	2.984003e-01	-7.23313e-05	-4.65428e-05	
721	6.905000e-08	2.983943e-01	-7.23296e-05	-4.65419e-05	
722	6.915000e-08	2.983882e-01	-7.23280e-05	-4.65411e-05	
723	6.925000e-08	2.983821e-01	-7.23264e-05	-4.65402e-05	
724	6.935000e-08	2.983761e-01	-7.23247e-05	-4.65394e-05	
725	6.945000e-08	2.983700e-01	-7.23231e-05	-4.65385e-05	
726	6.955000e-08	2.983639e-01	-7.23215e-05	-4.65377e-05	
727	6.965000e-08	2.983579e-01	-7.23198e-05	-4.65368e-05	
728	6.975000e-08	2.983518e-01	-7.23182e-05	-4.65360e-05	
729	6.985000e-08	2.983457e-01	-7.23166e-05	-4.65352e-05	
730	6.995000e-08	2.983397e-01	-7.23150e-05	-4.65343e-05	
731	7.005000e-08	2.983336e-01	-7.23133e-05	-4.65335e-05	
732	7.015000e-08	2.983276e-01	-7.23117e-05	-4.65326e-05	
733	7.025000e-08	2.983215e-01	-7.23101e-05	-4.65318e-05	
734	7.035000e-08	2.983154e-01	-7.23084e-05	-4.65309e-05	
735	7.045000e-08	2.983094e-01	-7.23068e-05	-4.65301e-05	
736	7.055000e-08	2.983033e-01	-7.23052e-05	-4.65292e-05	
737	7.065000e-08	2.982972e-01	-7.23035e-05	-4.65284e-05	
738	7.075000e-08	2.982912e-01	-7.23019e-05	-4.65275e-05	
739	7.085000e-08	2.982851e-01	-7.23003e-05	-4.65267e-05	
740	7.095000e-08	2.982790e-01	-7.22986e-05	-4.65258e-05	
741	7.105000e-08	2.982730e-01	-7.22970e-05	-4.65250e-05	
742	7.115000e-08	2.982669e-01	-7.22954e-05	-4.65241e-05	
743	7.125000e-08	2.982609e-01	-7.22937e-05	-4.65233e-05	
744	7.135000e-08	2.982548e-01	-7.22921e-05	-4.65224e-05	
745	7.145000e-08	2.982487e-01	-7.22905e-05	-4.65216e-05	
746	7.155000e-08	2.982427e-01	-7.22889e-05	-4.65207e-05	
747	7.165000e-08	2.982366e-01	-7.22872e-05	-4.65199e-05	
748	7.175000e-08	2.982305e-01	-7.22856e-05	-4.65190e-05	
749	7.185000e-08	2.982245e-01	-7.22840e-05	-4.65182e-05	
750	7.195000e-08	2.982184e-01	-7.22823e-05	-4.65173e-05	

Index   time            v(drva)         v(rap)          v(rbp)          
--------------------------------------------------------------------------------
751	7.205000e-08	2.982124e-01	-7.22807e-05	-4.65165e-05	
752	7.215000e-08	2.982063e-01	-7.22791e-05	-4.65156e-05	
753	7.225000e-08	2.982002e-01	-7.22774e-05	-4.65148e-05	
754	7.235000e-08	2.981942e-01	-7.22758e-05	-4.65140e-05	
755	7.245000e-08	2.981881e-01	-7.22742e-05	-4.65131e-05	
756	7.255000e-08	2.981820e-01	-7.22725e-05	-4.65123e-05	
757	7.265000e-08	2.981760e-01	-7.22709e-05	-4.65114e-05	
758	7.275000e-08	2.981699e-01	-7.22693e-05	-4.65106e-05	
759	7.285000e-08	2.981639e-01	-7.22676e-05	-4.65097e-05	
760	7.295000e-08	2.981578e-01	-7.22660e-05	-4.65089e-05	
761	7.305000e-08	2.981517e-01	-7.22644e-05	-4.65080e-05	
762	7.315000e-08	2.981457e-01	-7.22628e-05	-4.65072e-05	
763	7.325000e-08	2.981396e-01	-7.22611e-05	-4.65063e-05	
764	7.335000e-08	2.981336e-01	-7.22595e-05	-4.65055e-05	
765	7.345000e-08	2.981275e-01	-7.22579e-05	-4.65046e-05	
766	7.355000e-08	2.981214e-01	-7.22562e-05	-4.65038e-05	
767	7.365000e-08	2.981154e-01	-7.22546e-05	-4.65029e-05	
768	7.375000e-08	2.981093e-01	-7.22530e-05	-4.65021e-05	
769	7.385000e-08	2.981032e-01	-7.22513e-05	-4.65012e-05	
770	7.395000e-08	2.980972e-01	-7.22497e-05	-4.65004e-05	
771	7.405000e-08	2.980911e-01	-7.22481e-05	-4.64995e-05	
772	7.415000e-08	2.980851e-01	-7.22465e-05	-4.64987e-05	
773	7.425000e-08	2.980790e-01	-7.22448e-05	-4.64978e-05	
774	7.435000e-08	2.980729e-01	-7.22432e-05	-4.64970e-05	
775	7.445000e-08	2.980669e-01	-7.22416e-05	-4.64962e-05	
776	7.455000e-08	2.980608e-01	-7.22399e-05	-4.64953e-05	
777	7.465000e-08	2.980548e-01	-7.22383e-05	-4.64945e-05	
778	7.475000e-08	2.980487e-01	-7.22367e-05	-4.64936e-05	
779	7.485000e-08	2.980426e-01	-7.22350e-05	-4.64928e-05	
780	7.495000e-08	2.980366e-01	-7.22334e-05	-4.64919e-05	
781	7.505000e-08	2.980305e-01	-7.22318e-05	-4.64911e-05	
782	7.515000e-08	2.980245e-01	-7.22302e-05	-4.64902e-05	
783	7.525000e-08	2.980184e-01	-7.22285e-05	-4.64894e-05	
784	7.535000e-08	2.980124e-01	-7.22269e-05	-4.64885e-05	
785	7.545000e-08	2.980063e-01	-7.22253e-05	-4.64877e-05	
786	7.555000e-08	2.980002e-01	-7.22236e-05	-4.64868e-05	
787	7.565000e-08	2.979942e-01	-7.22220e-05	-4.64860e-05	
788	7.575000e-08	2.979881e-01	-7.22204e-05	-4.64851e-05	
789	7.585000e-08	2.979821e-01	-7.22187e-05	-4.64843e-05	
790	7.595000e-08	2.979760e-01	-7.22171e-05	-4.64834e-05	
791	7.605000e-08	2.979699e-01	-7.22155e-05	-4.64826e-05	
792	7.615000e-08	2.979639e-01	-7.22139e-05	-4.64817e-05	
793	7.625000e-08	2.979578e-01	-7.22122e-05	-4.64809e-05	
794	7.635000e-08	2.979518e-01	-7.22106e-05	-4.64801e-05	
795	7.645000e-08	2.979457e-01	-7.22090e-05	-4.64792e-05	
796	7.655000e-08	2.979397e-01	-7.22073e-05	-4.64784e-05	
797	7.665000e-08	2.979336e-01	-7.22057e-05	-4.64775e-05	
798	7.675000e-08	2.979275e-01	-7.22041e-05	-4.64767e-05	
799	7.685000e-08	2.979215e-01	-7.22025e-05	-4.64758e-05	
800	7.695000e-08	2.979154e-01	-7.22008e-05	-4.64750e-05	
801	7.705000e-08	2.979094e-01	-7.21992e-05	-4.64741e-05	
802	7.715000e-08	2.979033e-01	-7.21976e-05	-4.64733e-05	
803	7.725000e-08	2.978973e-01	-7.21959e-05	-4.64724e-05	
804	7.735000e-08	2.978912e-01	-7.21943e-05	-4.64716e-05	
805	7.745000e-08	2.978851e-01	-7.21927e-05	-4.64707e-05	
806	7.755000e-08	2.978791e-01	-7.21910e-05	-4.64699e-05	
807	7.765000e-08	2.978730e-01	-7.21894e-05	-4.64690e-05	
808	7.775000e-08	2.978670e-01	-7.21878e-05	-4.64682e-05	

Index   time            v(drva)         v(rap)          v(rbp)          
--------------------------------------------------------------------------------
809	7.785000e-08	2.978609e-01	-7.21862e-05	-4.64673e-05	
810	7.795000e-08	2.978549e-01	-7.21845e-05	-4.64665e-05	
811	7.805000e-08	2.978488e-01	-7.21829e-05	-4.64657e-05	
812	7.815000e-08	2.978428e-01	-7.21813e-05	-4.64648e-05	
813	7.825000e-08	2.978367e-01	-7.21796e-05	-4.64640e-05	
814	7.835000e-08	2.978306e-01	-7.21780e-05	-4.64631e-05	
815	7.845000e-08	2.978246e-01	-7.21764e-05	-4.64623e-05	
816	7.855000e-08	2.978185e-01	-7.21748e-05	-4.64614e-05	
817	7.865000e-08	2.978125e-01	-7.21731e-05	-4.64606e-05	
818	7.875000e-08	2.978064e-01	-7.21715e-05	-4.64597e-05	
819	7.885000e-08	2.978004e-01	-7.21699e-05	-4.64589e-05	
820	7.895000e-08	2.977943e-01	-7.21682e-05	-4.64580e-05	
821	7.905000e-08	2.977883e-01	-7.21666e-05	-4.64572e-05	
822	7.915000e-08	2.977822e-01	-7.21650e-05	-4.64563e-05	
823	7.925000e-08	2.977762e-01	-7.21634e-05	-4.64555e-05	
824	7.935000e-08	2.977701e-01	-7.21617e-05	-4.64546e-05	
825	7.945000e-08	2.977640e-01	-7.21601e-05	-4.64538e-05	
826	7.955000e-08	2.977580e-01	-7.21585e-05	-4.64529e-05	
827	7.965000e-08	2.977519e-01	-7.21568e-05	-4.64521e-05	
828	7.975000e-08	2.977459e-01	-7.21552e-05	-4.64513e-05	
829	7.985000e-08	2.977398e-01	-7.21536e-05	-4.64504e-05	
830	7.995000e-08	2.977338e-01	-7.21520e-05	-4.64496e-05	
831	8.005000e-08	2.977277e-01	-7.21503e-05	-4.64487e-05	
832	8.015000e-08	2.977217e-01	-7.21487e-05	-4.64479e-05	
833	8.025000e-08	2.977156e-01	-7.21471e-05	-4.64470e-05	
834	8.035000e-08	2.977096e-01	-7.21454e-05	-4.64462e-05	
835	8.045000e-08	2.977035e-01	-7.21438e-05	-4.64453e-05	
836	8.055000e-08	2.976975e-01	-7.21422e-05	-4.64445e-05	
837	8.065000e-08	2.976914e-01	-7.21406e-05	-4.64436e-05	
838	8.075000e-08	2.976853e-01	-7.21389e-05	-4.64428e-05	
839	8.085000e-08	2.976793e-01	-7.21373e-05	-4.64419e-05	
840	8.095000e-08	2.976732e-01	-7.21357e-05	-4.64411e-05	
841	8.105000e-08	2.976672e-01	-7.21341e-05	-4.64402e-05	
842	8.115000e-08	2.976611e-01	-7.21324e-05	-4.64394e-05	
843	8.125000e-08	2.976551e-01	-7.21308e-05	-4.64386e-05	
844	8.135000e-08	2.976490e-01	-7.21292e-05	-4.64377e-05	
845	8.145000e-08	2.976430e-01	-7.21275e-05	-4.64369e-05	
846	8.155000e-08	2.976369e-01	-7.21259e-05	-4.64360e-05	
847	8.165000e-08	2.976309e-01	-7.21243e-05	-4.64352e-05	
848	8.175000e-08	2.976248e-01	-7.21227e-05	-4.64343e-05	
849	8.185000e-08	2.976188e-01	-7.21210e-05	-4.64335e-05	
850	8.195000e-08	2.976127e-01	-7.21194e-05	-4.64326e-05	
851	8.205000e-08	2.976067e-01	-7.21178e-05	-4.64318e-05	
852	8.215000e-08	2.976006e-01	-7.21162e-05	-4.64309e-05	
853	8.225000e-08	2.975946e-01	-7.21145e-05	-4.64301e-05	
854	8.235000e-08	2.975885e-01	-7.21129e-05	-4.64292e-05	
855	8.245000e-08	2.975825e-01	-7.21113e-05	-4.64284e-05	
856	8.255000e-08	2.975764e-01	-7.21096e-05	-4.64275e-05	
857	8.265000e-08	2.975704e-01	-7.21080e-05	-4.64267e-05	
858	8.275000e-08	2.975643e-01	-7.21064e-05	-4.64259e-05	
859	8.285000e-08	2.975583e-01	-7.21048e-05	-4.64250e-05	
860	8.295000e-08	2.975522e-01	-7.21031e-05	-4.64242e-05	
861	8.305000e-08	2.975462e-01	-7.21015e-05	-4.64233e-05	
862	8.315000e-08	2.975401e-01	-7.20999e-05	-4.64225e-05	
863	8.325000e-08	2.975341e-01	-7.20983e-05	-4.64216e-05	
864	8.335000e-08	2.975280e-01	-7.20966e-05	-4.64208e-05	
865	8.345000e-08	2.975220e-01	-7.20950e-05	-4.64199e-05	
866	8.355000e-08	2.975159e-01	-7.20934e-05	-4.64191e-05	

Index   time            v(drva)         v(rap)          v(rbp)          
--------------------------------------------------------------------------------
867	8.365000e-08	2.975099e-01	-7.20917e-05	-4.64182e-05	
868	8.375000e-08	2.975038e-01	-7.20901e-05	-4.64174e-05	
869	8.385000e-08	2.974978e-01	-7.20885e-05	-4.64165e-05	
870	8.395000e-08	2.974917e-01	-7.20869e-05	-4.64157e-05	
871	8.405000e-08	2.974857e-01	-7.20852e-05	-4.64148e-05	
872	8.415000e-08	2.974796e-01	-7.20836e-05	-4.64140e-05	
873	8.425000e-08	2.974736e-01	-7.20820e-05	-4.64132e-05	
874	8.435000e-08	2.974675e-01	-7.20804e-05	-4.64123e-05	
875	8.445000e-08	2.974615e-01	-7.20787e-05	-4.64115e-05	
876	8.455000e-08	2.974554e-01	-7.20771e-05	-4.64106e-05	
877	8.465000e-08	2.974494e-01	-7.20755e-05	-4.64098e-05	
878	8.475000e-08	2.974433e-01	-7.20739e-05	-4.64089e-05	
879	8.485000e-08	2.974373e-01	-7.20722e-05	-4.64081e-05	
880	8.495000e-08	2.974312e-01	-7.20706e-05	-4.64072e-05	
881	8.505000e-08	2.974252e-01	-7.20690e-05	-4.64064e-05	
882	8.515000e-08	2.974191e-01	-7.20673e-05	-4.64055e-05	
883	8.525000e-08	2.974131e-01	-7.20657e-05	-4.64047e-05	
884	8.535000e-08	2.974070e-01	-7.20641e-05	-4.64038e-05	
885	8.545000e-08	2.974010e-01	-7.20625e-05	-4.64030e-05	
886	8.555000e-08	2.973949e-01	-7.20608e-05	-4.64022e-05	
887	8.565000e-08	2.973889e-01	-7.20592e-05	-4.64013e-05	
888	8.575000e-08	2.973829e-01	-7.20576e-05	-4.64005e-05	
889	8.585000e-08	2.973768e-01	-7.20560e-05	-4.63996e-05	
890	8.595000e-08	2.973708e-01	-7.20543e-05	-4.63988e-05	
891	8.605000e-08	2.973647e-01	-7.20527e-05	-4.63979e-05	
892	8.615000e-08	2.973587e-01	-7.20511e-05	-4.63971e-05	
893	8.625000e-08	2.973526e-01	-7.20495e-05	-4.63962e-05	
894	8.635000e-08	2.973466e-01	-7.20478e-05	-4.63954e-05	
895	8.645000e-08	2.973405e-01	-7.20462e-05	-4.63945e-05	
896	8.655000e-08	2.973345e-01	-7.20446e-05	-4.63937e-05	
897	8.665000e-08	2.973284e-01	-7.20430e-05	-4.63928e-05	
898	8.675000e-08	2.973224e-01	-7.20413e-05	-4.63920e-05	
899	8.685000e-08	2.973163e-01	-7.20397e-05	-4.63912e-05	
900	8.695000e-08	2.973103e-01	-7.20381e-05	-4.63903e-05	
901	8.705000e-08	2.973042e-01	-7.20365e-05	-4.63895e-05	
902	8.715000e-08	2.972982e-01	-7.20348e-05	-4.63886e-05	
903	8.725000e-08	2.972922e-01	-7.20332e-05	-4.63878e-05	
904	8.735000e-08	2.972861e-01	-7.20316e-05	-4.63869e-05	
905	8.745000e-08	2.972801e-01	-7.20300e-05	-4.63861e-05	
906	8.755000e-08	2.972740e-01	-7.20283e-05	-4.63852e-05	
907	8.765000e-08	2.972680e-01	-7.20267e-05	-4.63844e-05	
908	8.775000e-08	2.972619e-01	-7.20251e-05	-4.63835e-05	
909	8.785000e-08	2.972559e-01	-7.20235e-05	-4.63827e-05	
910	8.795000e-08	2.972498e-01	-7.20218e-05	-4.63818e-05	
911	8.805000e-08	2.972438e-01	-7.20202e-05	-4.63810e-05	
912	8.815000e-08	2.972378e-01	-7.20186e-05	-4.63802e-05	
913	8.825000e-08	2.972317e-01	-7.20169e-05	-4.63793e-05	
914	8.835000e-08	2.972257e-01	-7.20153e-05	-4.63785e-05	
915	8.845000e-08	2.972196e-01	-7.20137e-05	-4.63776e-05	
916	8.855000e-08	2.972136e-01	-7.20121e-05	-4.63768e-05	
917	8.865000e-08	2.972075e-01	-7.20104e-05	-4.63759e-05	
918	8.875000e-08	2.972015e-01	-7.20088e-05	-4.63751e-05	
919	8.885000e-08	2.971954e-01	-7.20072e-05	-4.63742e-05	
920	8.895000e-08	2.971894e-01	-7.20056e-05	-4.63734e-05	
921	8.905000e-08	2.971834e-01	-7.20039e-05	-4.63725e-05	
922	8.915000e-08	2.971773e-01	-7.20023e-05	-4.63717e-05	
923	8.925000e-08	2.971713e-01	-7.20007e-05	-4.63709e-05	
924	8.935000e-08	2.971652e-01	-7.19991e-05	-4.63700e-05	

Index   time            v(drva)         v(rap)          v(rbp)          
--------------------------------------------------------------------------------
925	8.945000e-08	2.971592e-01	-7.19974e-05	-4.63692e-05	
926	8.955000e-08	2.971531e-01	-7.19958e-05	-4.63683e-05	
927	8.965000e-08	2.971471e-01	-7.19942e-05	-4.63675e-05	
928	8.975000e-08	2.971411e-01	-7.19926e-05	-4.63666e-05	
929	8.985000e-08	2.971350e-01	-7.19910e-05	-4.63658e-05	
930	8.995000e-08	2.971290e-01	-7.19893e-05	-4.63649e-05	
931	9.005000e-08	2.971229e-01	-7.19877e-05	-4.63641e-05	
932	9.015000e-08	2.971169e-01	-7.19861e-05	-4.63632e-05	
933	9.025000e-08	2.971108e-01	-7.19845e-05	-4.63624e-05	
934	9.035000e-08	2.971048e-01	-7.19828e-05	-4.63616e-05	
935	9.045000e-08	2.970988e-01	-7.19812e-05	-4.63607e-05	
936	9.055000e-08	2.970927e-01	-7.19796e-05	-4.63599e-05	
937	9.065000e-08	2.970867e-01	-7.19780e-05	-4.63590e-05	
938	9.075000e-08	2.970806e-01	-7.19763e-05	-4.63582e-05	
939	9.085000e-08	2.970746e-01	-7.19747e-05	-4.63573e-05	
940	9.095000e-08	2.970685e-01	-7.19731e-05	-4.63565e-05	
941	9.105000e-08	2.970625e-01	-7.19715e-05	-4.63556e-05	
942	9.115000e-08	2.970565e-01	-7.19698e-05	-4.63548e-05	
943	9.125000e-08	2.970504e-01	-7.19682e-05	-4.63539e-05	
944	9.135000e-08	2.970444e-01	-7.19666e-05	-4.63531e-05	
945	9.145000e-08	2.970383e-01	-7.19650e-05	-4.63522e-05	
946	9.155000e-08	2.970323e-01	-7.19633e-05	-4.63514e-05	
947	9.165000e-08	2.970263e-01	-7.19617e-05	-4.63506e-05	
948	9.175000e-08	2.970202e-01	-7.19601e-05	-4.63497e-05	
949	9.185000e-08	2.970142e-01	-7.19585e-05	-4.63489e-05	
950	9.195000e-08	2.970081e-01	-7.19568e-05	-4.63480e-05	
951	9.205000e-08	2.970021e-01	-7.19552e-05	-4.63472e-05	
952	9.215000e-08	2.969961e-01	-7.19536e-05	-4.63463e-05	
953	9.225000e-08	2.969900e-01	-7.19520e-05	-4.63455e-05	
954	9.235000e-08	2.969840e-01	-7.19503e-05	-4.63446e-05	
955	9.245000e-08	2.969779e-01	-7.19487e-05	-4.63438e-05	
956	9.255000e-08	2.969719e-01	-7.19471e-05	-4.63430e-05	
957	9.265000e-08	2.969659e-01	-7.19455e-05	-4.63421e-05	
958	9.275000e-08	2.969598e-01	-7.19439e-05	-4.63413e-05	
959	9.285000e-08	2.969538e-01	-7.19422e-05	-4.63404e-05	
960	9.295000e-08	2.969477e-01	-7.19406e-05	-4.63396e-05	
961	9.305000e-08	2.969417e-01	-7.19390e-05	-4.63387e-05	
962	9.315000e-08	2.969357e-01	-7.19374e-05	-4.63379e-05	
963	9.325000e-08	2.969296e-01	-7.19357e-05	-4.63370e-05	
964	9.335000e-08	2.969236e-01	-7.19341e-05	-4.63362e-05	
965	9.345000e-08	2.969175e-01	-7.19325e-05	-4.63353e-05	
966	9.355000e-08	2.969115e-01	-7.19309e-05	-4.63345e-05	
967	9.365000e-08	2.969055e-01	-7.19292e-05	-4.63337e-05	
968	9.375000e-08	2.968994e-01	-7.19276e-05	-4.63328e-05	
969	9.385000e-08	2.968934e-01	-7.19260e-05	-4.63320e-05	
970	9.395000e-08	2.968874e-01	-7.19244e-05	-4.63311e-05	
971	9.405000e-08	2.968813e-01	-7.19227e-05	-4.63303e-05	
972	9.415000e-08	2.968753e-01	-7.19211e-05	-4.63294e-05	
973	9.425000e-08	2.968692e-01	-7.19195e-05	-4.63286e-05	
974	9.435000e-08	2.968632e-01	-7.19179e-05	-4.63277e-05	
975	9.445000e-08	2.968572e-01	-7.19163e-05	-4.63269e-05	
976	9.455000e-08	2.968511e-01	-7.19146e-05	-4.63260e-05	
977	9.465000e-08	2.968451e-01	-7.19130e-05	-4.63252e-05	
978	9.475000e-08	2.968391e-01	-7.19114e-05	-4.63244e-05	
979	9.485000e-08	2.968330e-01	-7.19098e-05	-4.63235e-05	
980	9.495000e-08	2.968270e-01	-7.19081e-05	-4.63227e-05	
981	9.505000e-08	2.968209e-01	-7.19065e-05	-4.63218e-05	
982	9.515000e-08	2.968149e-01	-7.19049e-05	-4.63210e-05	

Index   time            v(drva)         v(rap)          v(rbp)          
--------------------------------------------------------------------------------
983	9.525000e-08	2.968089e-01	-7.19033e-05	-4.63201e-05	
984	9.535000e-08	2.968028e-01	-7.19017e-05	-4.63193e-05	
985	9.545000e-08	2.967968e-01	-7.19000e-05	-4.63184e-05	
986	9.555000e-08	2.967908e-01	-7.18984e-05	-4.63176e-05	
987	9.565000e-08	2.967847e-01	-7.18968e-05	-4.63167e-05	
988	9.575000e-08	2.967787e-01	-7.18952e-05	-4.63159e-05	
989	9.585000e-08	2.967727e-01	-7.18935e-05	-4.63151e-05	
990	9.595000e-08	2.967666e-01	-7.18919e-05	-4.63142e-05	
991	9.605000e-08	2.967606e-01	-7.18903e-05	-4.63134e-05	
992	9.615000e-08	2.967545e-01	-7.18887e-05	-4.63125e-05	
993	9.625000e-08	2.967485e-01	-7.18870e-05	-4.63117e-05	
994	9.635000e-08	2.967425e-01	-7.18854e-05	-4.63108e-05	
995	9.645000e-08	2.967364e-01	-7.18838e-05	-4.63100e-05	
996	9.655000e-08	2.967304e-01	-7.18822e-05	-4.63091e-05	
997	9.665000e-08	2.967244e-01	-7.18806e-05	-4.63083e-05	
998	9.675000e-08	2.967183e-01	-7.18789e-05	-4.63075e-05	
999	9.685000e-08	2.967123e-01	-7.18773e-05	-4.63066e-05	
1000	9.695000e-08	2.967063e-01	-7.18757e-05	-4.63058e-05	
1001	9.705000e-08	2.967002e-01	-7.18741e-05	-4.63049e-05	
1002	9.715000e-08	2.966942e-01	-7.18724e-05	-4.63041e-05	
1003	9.725000e-08	2.966882e-01	-7.18708e-05	-4.63032e-05	
1004	9.735000e-08	2.966821e-01	-7.18692e-05	-4.63024e-05	
1005	9.745000e-08	2.966761e-01	-7.18676e-05	-4.63015e-05	
1006	9.755000e-08	2.966701e-01	-7.18660e-05	-4.63007e-05	
1007	9.765000e-08	2.966640e-01	-7.18643e-05	-4.62999e-05	
1008	9.775000e-08	2.966580e-01	-7.18627e-05	-4.62990e-05	
1009	9.785000e-08	2.966520e-01	-7.18611e-05	-4.62982e-05	
1010	9.795000e-08	2.966459e-01	-7.18595e-05	-4.62973e-05	
1011	9.805000e-08	2.966399e-01	-7.18579e-05	-4.62965e-05	
1012	9.815000e-08	2.966339e-01	-7.18562e-05	-4.62956e-05	
1013	9.825000e-08	2.966278e-01	-7.18546e-05	-4.62948e-05	
1014	9.835000e-08	2.966218e-01	-7.18530e-05	-4.62939e-05	
1015	9.845000e-08	2.966158e-01	-7.18514e-05	-4.62931e-05	
1016	9.855000e-08	2.966097e-01	-7.18497e-05	-4.62923e-05	
1017	9.865000e-08	2.966037e-01	-7.18481e-05	-4.62914e-05	
1018	9.875000e-08	2.965977e-01	-7.18465e-05	-4.62906e-05	
1019	9.885000e-08	2.965916e-01	-7.18449e-05	-4.62897e-05	
1020	9.895000e-08	2.965856e-01	-7.18433e-05	-4.62889e-05	
1021	9.905000e-08	2.965796e-01	-7.18416e-05	-4.62880e-05	
1022	9.915000e-08	2.965735e-01	-7.18400e-05	-4.62872e-05	
1023	9.925000e-08	2.965675e-01	-7.18384e-05	-4.62863e-05	
1024	9.935000e-08	2.965615e-01	-7.18368e-05	-4.62855e-05	
1025	9.945000e-08	2.965554e-01	-7.18352e-05	-4.62846e-05	
1026	9.955000e-08	2.965494e-01	-7.18335e-05	-4.62838e-05	
1027	9.965000e-08	2.965434e-01	-7.18319e-05	-4.62830e-05	
1028	9.975000e-08	2.965373e-01	-7.18303e-05	-4.62821e-05	
1029	9.985000e-08	2.965313e-01	-7.18287e-05	-4.62813e-05	
1030	9.995000e-08	2.965253e-01	-7.18270e-05	-4.62804e-05	
1031	1.000000e-07	2.965223e-01	-7.18262e-05	-4.62800e-05	
1032	1.000100e-07	2.965216e-01	-7.18261e-05	-4.62799e-05	
1033	1.000300e-07	2.965204e-01	-7.18257e-05	-4.62798e-05	
1034	1.000700e-07	2.965180e-01	-7.18251e-05	-4.62794e-05	
1035	1.001500e-07	2.965132e-01	-7.18238e-05	-4.62787e-05	
1036	1.002500e-07	2.965072e-01	-7.18221e-05	-4.62779e-05	
1037	1.003500e-07	2.965011e-01	-7.18205e-05	-4.62771e-05	
1038	1.004500e-07	2.964951e-01	-7.18188e-05	-4.62762e-05	
1039	1.005500e-07	2.964891e-01	-7.18172e-05	-4.62754e-05	
1040	1.006500e-07	2.964830e-01	-7.18155e-05	-4.62746e-05	

Index   time            v(drva)         v(rap)          v(rbp)          
--------------------------------------------------------------------------------
1041	1.007500e-07	2.964770e-01	-7.18139e-05	-4.62737e-05	
1042	1.008500e-07	2.964710e-01	-7.18123e-05	-4.62729e-05	
1043	1.009500e-07	2.964650e-01	-7.18106e-05	-4.62721e-05	
1044	1.010000e-07	2.964619e-01	-7.18098e-05	-4.62717e-05	
1045	1.010100e-07	2.964613e-01	-7.18097e-05	-4.62716e-05	
1046	1.010300e-07	2.964601e-01	-7.18093e-05	-4.62714e-05	
1047	1.010700e-07	2.964577e-01	-7.18087e-05	-4.62711e-05	
1048	1.011500e-07	2.964529e-01	-7.18074e-05	-4.62704e-05	
1049	1.012500e-07	2.964469e-01	-7.18058e-05	-4.62696e-05	
1050	1.013500e-07	2.964408e-01	-7.18042e-05	-4.62687e-05	
1051	1.014500e-07	2.964348e-01	-7.18025e-05	-4.62679e-05	
1052	1.015500e-07	2.964288e-01	-7.18009e-05	-4.62670e-05	
1053	1.016500e-07	2.964227e-01	-7.17993e-05	-4.62662e-05	
1054	1.017500e-07	2.964167e-01	-7.17977e-05	-4.62653e-05	
1055	1.018500e-07	2.964107e-01	-7.17961e-05	-4.62645e-05	
1056	1.019500e-07	2.964047e-01	-7.17945e-05	-4.62636e-05	
1057	1.020500e-07	2.963986e-01	-7.17929e-05	-4.62628e-05	
1058	1.021500e-07	2.963926e-01	-7.17913e-05	-4.62619e-05	
1059	1.022500e-07	2.963866e-01	-7.17897e-05	-4.62611e-05	
1060	1.023500e-07	2.963805e-01	-7.17880e-05	-4.62602e-05	
1061	1.024500e-07	2.963745e-01	-7.17864e-05	-4.62594e-05	
1062	1.025500e-07	2.963685e-01	-7.17848e-05	-4.62586e-05	
1063	1.026500e-07	2.963625e-01	-7.17832e-05	-4.62577e-05	
1064	1.027500e-07	2.963564e-01	-7.17816e-05	-4.62569e-05	
1065	1.028500e-07	2.963504e-01	-7.17800e-05	-4.62560e-05	
1066	1.029500e-07	2.963444e-01	-7.17783e-05	-4.62552e-05	
1067	1.030500e-07	2.963383e-01	-7.17767e-05	-4.62543e-05	
1068	1.031500e-07	2.963323e-01	-7.17751e-05	-4.62535e-05	
1069	1.032500e-07	2.963263e-01	-7.17735e-05	-4.62526e-05	
1070	1.033500e-07	2.963203e-01	-7.17719e-05	-4.62518e-05	
1071	1.034500e-07	2.963142e-01	-7.17703e-05	-4.62509e-05	
1072	1.035500e-07	2.963082e-01	-7.17687e-05	-4.62501e-05	
1073	1.036500e-07	2.963022e-01	-7.17670e-05	-4.62492e-05	
1074	1.037500e-07	2.962961e-01	-7.17654e-05	-4.62484e-05	
1075	1.038500e-07	2.962901e-01	-7.17638e-05	-4.62475e-05	
1076	1.039500e-07	2.962841e-01	-7.17622e-05	-4.62467e-05	
1077	1.040000e-07	2.962811e-01	-7.17614e-05	-4.62463e-05	
1078	1.040100e-07	2.962805e-01	-7.17612e-05	-4.62462e-05	
1079	1.040300e-07	2.962793e-01	-7.17609e-05	-4.62460e-05	
1080	1.040700e-07	2.962769e-01	-7.17602e-05	-4.62457e-05	
1081	1.041500e-07	2.962720e-01	-7.17589e-05	-4.62450e-05	
1082	1.042500e-07	2.962660e-01	-7.17573e-05	-4.62442e-05	
1083	1.043500e-07	2.962600e-01	-7.17556e-05	-4.62433e-05	
1084	1.044500e-07	2.962540e-01	-7.17540e-05	-4.62425e-05	
1085	1.045500e-07	2.962479e-01	-7.17524e-05	-4.62417e-05	
1086	1.046500e-07	2.962419e-01	-7.17507e-05	-4.62408e-05	
1087	1.047500e-07	2.962359e-01	-7.17491e-05	-4.62400e-05	
1088	1.048500e-07	2.962299e-01	-7.17475e-05	-4.62392e-05	
1089	1.049500e-07	2.962238e-01	-7.17458e-05	-4.62383e-05	
1090	1.050000e-07	2.962208e-01	-7.17450e-05	-4.62379e-05	
1091	1.050100e-07	2.962202e-01	-7.17448e-05	-4.62378e-05	
1092	1.050300e-07	2.962190e-01	-7.17445e-05	-4.62377e-05	
1093	1.050700e-07	2.962166e-01	-7.17439e-05	-4.62373e-05	
1094	1.051500e-07	2.962118e-01	-7.17426e-05	-4.62366e-05	
1095	1.052500e-07	2.962057e-01	-7.17409e-05	-4.62358e-05	
1096	1.053500e-07	2.961997e-01	-7.17393e-05	-4.62350e-05	
1097	1.054500e-07	2.961937e-01	-7.17377e-05	-4.62341e-05	
1098	1.055500e-07	2.961877e-01	-7.17361e-05	-4.62333e-05	

Index   time            v(drva)         v(rap)          v(rbp)          
--------------------------------------------------------------------------------
1099	1.056500e-07	2.961816e-01	-7.17344e-05	-4.62325e-05	
1100	1.057500e-07	2.961756e-01	-7.17328e-05	-4.62316e-05	
1101	1.058500e-07	2.961696e-01	-7.17312e-05	-4.62308e-05	
1102	1.059500e-07	2.961636e-01	-7.17296e-05	-4.62299e-05	
1103	1.060000e-07	2.961606e-01	-7.17288e-05	-4.62295e-05	
1104	1.060100e-07	2.961600e-01	-7.17286e-05	-4.62294e-05	
1105	1.060300e-07	2.961588e-01	-7.17283e-05	-4.62293e-05	
1106	1.060700e-07	2.961563e-01	-7.17276e-05	-4.62289e-05	
1107	1.061500e-07	2.961515e-01	-7.17263e-05	-4.62283e-05	
1108	1.062500e-07	2.961455e-01	-7.17247e-05	-4.62274e-05	
1109	1.063500e-07	2.961395e-01	-7.17232e-05	-4.62266e-05	
1110	1.064500e-07	2.961334e-01	-7.17216e-05	-4.62257e-05	
1111	1.065500e-07	2.961274e-01	-7.17200e-05	-4.62248e-05	
1112	1.066500e-07	2.961214e-01	-7.17184e-05	-4.62240e-05	
1113	1.067500e-07	2.961154e-01	-7.17167e-05	-4.62231e-05	
1114	1.068500e-07	2.961094e-01	-7.17151e-05	-4.62223e-05	
1115	1.069500e-07	2.961033e-01	-7.17135e-05	-4.62215e-05	
1116	1.070500e-07	2.960973e-01	-7.17118e-05	-4.62206e-05	
1117	1.071500e-07	2.960913e-01	-7.17102e-05	-4.62198e-05	
1118	1.072500e-07	2.960853e-01	-7.17086e-05	-4.62189e-05	
1119	1.073500e-07	2.960792e-01	-7.17070e-05	-4.62181e-05	
1120	1.074500e-07	2.960732e-01	-7.17053e-05	-4.62173e-05	
1121	1.075500e-07	2.960672e-01	-7.17037e-05	-4.62164e-05	
1122	1.076500e-07	2.960612e-01	-7.17021e-05	-4.62156e-05	
1123	1.077500e-07	2.960551e-01	-7.17005e-05	-4.62147e-05	
1124	1.078500e-07	2.960491e-01	-7.16988e-05	-4.62139e-05	
1125	1.079500e-07	2.960431e-01	-7.16972e-05	-4.62131e-05	
1126	1.080500e-07	2.960371e-01	-7.16956e-05	-4.62122e-05	
1127	1.081500e-07	2.960310e-01	-7.16940e-05	-4.62114e-05	
1128	1.082500e-07	2.960250e-01	-7.16923e-05	-4.62105e-05	
1129	1.083500e-07	2.960190e-01	-7.16907e-05	-4.62097e-05	
1130	1.084500e-07	2.960130e-01	-7.16891e-05	-4.62089e-05	
1131	1.085500e-07	2.960070e-01	-7.16875e-05	-4.62080e-05	
1132	1.086500e-07	2.960009e-01	-7.16859e-05	-4.62072e-05	
1133	1.087500e-07	2.959949e-01	-7.16843e-05	-4.62063e-05	
1134	1.088500e-07	2.959889e-01	-7.16827e-05	-4.62055e-05	
1135	1.089500e-07	2.959829e-01	-7.16811e-05	-4.62046e-05	
1136	1.090000e-07	2.959799e-01	-7.16803e-05	-4.62042e-05	
1137	1.090100e-07	2.959793e-01	-7.16801e-05	-4.62041e-05	
1138	1.090300e-07	2.959781e-01	-7.16798e-05	-4.62039e-05	
1139	1.090700e-07	2.959756e-01	-7.16791e-05	-4.62036e-05	
1140	1.091500e-07	2.959708e-01	-7.16778e-05	-4.62029e-05	
1141	1.092500e-07	2.959648e-01	-7.16762e-05	-4.62021e-05	
1142	1.093500e-07	2.959588e-01	-7.16746e-05	-4.62012e-05	
1143	1.094500e-07	2.959528e-01	-7.16730e-05	-4.62004e-05	
1144	1.095500e-07	2.959467e-01	-7.16713e-05	-4.61996e-05	
1145	1.096500e-07	2.959407e-01	-7.16697e-05	-4.61987e-05	
1146	1.097500e-07	2.959347e-01	-7.16681e-05	-4.61979e-05	
1147	1.098500e-07	2.959287e-01	-7.16665e-05	-4.61970e-05	
1148	1.099500e-07	2.959227e-01	-7.16648e-05	-4.61962e-05	
1149	1.100000e-07	2.959197e-01	-7.16640e-05	-4.61958e-05	
1150	1.100100e-07	2.959190e-01	-7.16639e-05	-4.61957e-05	
1151	1.100300e-07	2.959178e-01	-7.16635e-05	-4.61955e-05	
1152	1.100700e-07	2.959154e-01	-7.16629e-05	-4.61952e-05	
1153	1.101500e-07	2.959106e-01	-7.16616e-05	-4.61945e-05	
1154	1.102500e-07	2.959046e-01	-7.16600e-05	-4.61937e-05	
1155	1.103500e-07	2.958986e-01	-7.16584e-05	-4.61928e-05	
1156	1.104500e-07	2.958926e-01	-7.16568e-05	-4.61920e-05	

Index   time            v(drva)         v(rap)          v(rbp)          
--------------------------------------------------------------------------------
1157	1.105500e-07	2.958865e-01	-7.16552e-05	-4.61911e-05	
1158	1.106500e-07	2.958805e-01	-7.16536e-05	-4.61903e-05	
1159	1.107500e-07	2.958745e-01	-7.16520e-05	-4.61894e-05	
1160	1.108500e-07	2.958685e-01	-7.16504e-05	-4.61886e-05	
1161	1.109500e-07	2.958625e-01	-7.16488e-05	-4.61877e-05	
1162	1.110500e-07	2.958564e-01	-7.16472e-05	-4.61869e-05	
1163	1.111500e-07	2.958504e-01	-7.16456e-05	-4.61860e-05	
1164	1.112500e-07	2.958444e-01	-7.16440e-05	-4.61851e-05	
1165	1.113500e-07	2.958384e-01	-7.16424e-05	-4.61843e-05	
1166	1.114500e-07	2.958324e-01	-7.16408e-05	-4.61835e-05	
1167	1.115500e-07	2.958263e-01	-7.16392e-05	-4.61826e-05	
1168	1.116500e-07	2.958203e-01	-7.16376e-05	-4.61818e-05	
1169	1.117500e-07	2.958143e-01	-7.16360e-05	-4.61809e-05	
1170	1.118500e-07	2.958083e-01	-7.16343e-05	-4.61801e-05	
1171	1.119500e-07	2.958023e-01	-7.16327e-05	-4.61792e-05	
1172	1.120500e-07	2.957963e-01	-7.16311e-05	-4.61784e-05	
1173	1.121500e-07	2.957902e-01	-7.16295e-05	-4.61775e-05	
1174	1.122500e-07	2.957842e-01	-7.16279e-05	-4.61767e-05	
1175	1.123500e-07	2.957782e-01	-7.16263e-05	-4.61758e-05	
1176	1.124500e-07	2.957722e-01	-7.16247e-05	-4.61750e-05	
1177	1.125500e-07	2.957662e-01	-7.16231e-05	-4.61741e-05	
1178	1.126500e-07	2.957601e-01	-7.16214e-05	-4.61733e-05	
1179	1.127500e-07	2.957541e-01	-7.16198e-05	-4.61724e-05	
1180	1.128500e-07	2.957481e-01	-7.16182e-05	-4.61716e-05	
1181	1.129500e-07	2.957421e-01	-7.16166e-05	-4.61708e-05	
1182	1.130500e-07	2.957361e-01	-7.16150e-05	-4.61699e-05	
1183	1.131500e-07	2.957301e-01	-7.16134e-05	-4.61691e-05	
1184	1.132500e-07	2.957240e-01	-7.16117e-05	-4.61682e-05	
1185	1.133500e-07	2.957180e-01	-7.16101e-05	-4.61674e-05	
1186	1.134500e-07	2.957120e-01	-7.16085e-05	-4.61665e-05	
1187	1.135500e-07	2.957060e-01	-7.16069e-05	-4.61657e-05	
1188	1.136500e-07	2.957000e-01	-7.16053e-05	-4.61649e-05	
1189	1.137500e-07	2.956940e-01	-7.16037e-05	-4.61640e-05	
1190	1.138500e-07	2.956879e-01	-7.16021e-05	-4.61632e-05	
1191	1.139500e-07	2.956819e-01	-7.16004e-05	-4.61623e-05	
1192	1.140500e-07	2.956759e-01	-7.15988e-05	-4.61615e-05	
1193	1.141500e-07	2.956699e-01	-7.15972e-05	-4.61606e-05	
1194	1.142500e-07	2.956639e-01	-7.15956e-05	-4.61598e-05	
1195	1.143500e-07	2.956579e-01	-7.15940e-05	-4.61589e-05	
1196	1.144500e-07	2.956518e-01	-7.15924e-05	-4.61581e-05	
1197	1.145500e-07	2.956458e-01	-7.15907e-05	-4.61573e-05	
1198	1.146500e-07	2.956398e-01	-7.15891e-05	-4.61564e-05	
1199	1.147500e-07	2.956338e-01	-7.15875e-05	-4.61556e-05	
1200	1.148500e-07	2.956278e-01	-7.15859e-05	-4.61547e-05	
1201	1.149500e-07	2.956218e-01	-7.15843e-05	-4.61539e-05	
1202	1.150500e-07	2.956158e-01	-7.15827e-05	-4.61530e-05	
1203	1.151500e-07	2.956097e-01	-7.15811e-05	-4.61522e-05	
1204	1.152500e-07	2.956037e-01	-7.15794e-05	-4.61514e-05	
1205	1.153500e-07	2.955977e-01	-7.15778e-05	-4.61505e-05	
1206	1.154500e-07	2.955917e-01	-7.15762e-05	-4.61497e-05	
1207	1.155500e-07	2.955857e-01	-7.15746e-05	-4.61488e-05	
1208	1.156500e-07	2.955797e-01	-7.15730e-05	-4.61480e-05	
1209	1.157500e-07	2.955737e-01	-7.15714e-05	-4.61471e-05	
1210	1.158500e-07	2.955676e-01	-7.15697e-05	-4.61463e-05	
1211	1.159500e-07	2.955616e-01	-7.15681e-05	-4.61455e-05	
1212	1.160500e-07	2.955556e-01	-7.15665e-05	-4.61446e-05	
1213	1.161500e-07	2.955496e-01	-7.15649e-05	-4.61438e-05	
1214	1.162500e-07	2.955436e-01	-7.15633e-05	-4.61429e-05	

Index   time            v(drva)         v(rap)          v(rbp)          
--------------------------------------------------------------------------------
1215	1.163500e-07	2.955376e-01	-7.15617e-05	-4.61421e-05	
1216	1.164500e-07	2.955316e-01	-7.15601e-05	-4.61413e-05	
1217	1.165500e-07	2.955255e-01	-7.15584e-05	-4.61404e-05	
1218	1.166500e-07	2.955195e-01	-7.15568e-05	-4.61396e-05	
1219	1.167500e-07	2.955135e-01	-7.15552e-05	-4.61387e-05	
1220	1.168500e-07	2.955075e-01	-7.15536e-05	-4.61379e-05	
1221	1.169500e-07	2.955015e-01	-7.15520e-05	-4.61370e-05	
1222	1.170500e-07	2.954955e-01	-7.15504e-05	-4.61362e-05	
1223	1.171500e-07	2.954895e-01	-7.15488e-05	-4.61354e-05	
1224	1.172500e-07	2.954835e-01	-7.15471e-05	-4.61345e-05	
1225	1.173500e-07	2.954774e-01	-7.15455e-05	-4.61337e-05	
1226	1.174500e-07	2.954714e-01	-7.15439e-05	-4.61328e-05	
1227	1.175500e-07	2.954654e-01	-7.15423e-05	-4.61320e-05	
1228	1.176500e-07	2.954594e-01	-7.15407e-05	-4.61311e-05	
1229	1.177500e-07	2.954534e-01	-7.15391e-05	-4.61303e-05	
1230	1.178500e-07	2.954474e-01	-7.15374e-05	-4.61295e-05	
1231	1.179500e-07	2.954414e-01	-7.15358e-05	-4.61286e-05	
1232	1.180500e-07	2.954354e-01	-7.15342e-05	-4.61278e-05	
1233	1.181500e-07	2.954293e-01	-7.15326e-05	-4.61269e-05	
1234	1.182500e-07	2.954233e-01	-7.15310e-05	-4.61261e-05	
1235	1.183500e-07	2.954173e-01	-7.15294e-05	-4.61252e-05	
1236	1.184500e-07	2.954113e-01	-7.15278e-05	-4.61244e-05	
1237	1.185500e-07	2.954053e-01	-7.15261e-05	-4.61236e-05	
1238	1.186500e-07	2.953993e-01	-7.15245e-05	-4.61227e-05	
1239	1.187500e-07	2.953933e-01	-7.15229e-05	-4.61219e-05	
1240	1.188500e-07	2.953873e-01	-7.15213e-05	-4.61210e-05	
1241	1.189500e-07	2.953813e-01	-7.15197e-05	-4.61202e-05	
1242	1.190500e-07	2.953752e-01	-7.15181e-05	-4.61193e-05	
1243	1.191500e-07	2.953692e-01	-7.15165e-05	-4.61185e-05	
1244	1.192500e-07	2.953632e-01	-7.15148e-05	-4.61177e-05	
1245	1.193500e-07	2.953572e-01	-7.15132e-05	-4.61168e-05	
1246	1.194500e-07	2.953512e-01	-7.15116e-05	-4.61160e-05	
1247	1.195500e-07	2.953452e-01	-7.15100e-05	-4.61151e-05	
1248	1.196500e-07	2.953392e-01	-7.15084e-05	-4.61143e-05	
1249	1.197500e-07	2.953332e-01	-7.15068e-05	-4.61135e-05	
1250	1.198500e-07	2.953272e-01	-7.15052e-05	-4.61126e-05	
1251	1.199500e-07	2.953212e-01	-7.15035e-05	-4.61118e-05	
1252	1.200000e-07	2.953182e-01	-7.15027e-05	-4.61113e-05	
1253	1.200100e-07	2.953176e-01	-7.15026e-05	-4.61113e-05	
1254	1.200300e-07	2.953164e-01	-7.15022e-05	-4.61111e-05	
1255	1.200700e-07	2.953139e-01	-7.15016e-05	-4.61108e-05	
1256	1.201200e-07	2.953109e-01	-7.15008e-05	-4.61103e-05	
1257	1.202000e-07	2.953061e-01	-7.14994e-05	-4.61097e-05	
1258	1.202100e-07	2.953055e-01	-7.14993e-05	-4.61096e-05	
1259	1.202300e-07	2.953043e-01	-7.14989e-05	-4.61094e-05	
1260	1.202699e-07	2.953019e-01	-7.14983e-05	-4.61091e-05	
1261	1.203499e-07	2.952971e-01	-7.14970e-05	-4.61084e-05	
1262	1.204499e-07	2.952911e-01	-7.14953e-05	-4.61076e-05	
1263	1.205499e-07	2.952851e-01	-7.14937e-05	-4.61068e-05	
1264	1.206499e-07	2.952791e-01	-7.14921e-05	-4.61059e-05	
1265	1.207499e-07	2.952731e-01	-7.14905e-05	-4.61051e-05	
1266	1.208499e-07	2.952671e-01	-7.14888e-05	-4.61043e-05	
1267	1.209499e-07	2.952611e-01	-7.14873e-05	-4.61034e-05	
1268	1.210499e-07	2.952551e-01	-7.14857e-05	-4.61026e-05	
1269	1.211499e-07	2.952491e-01	-7.14841e-05	-4.61017e-05	
1270	1.212000e-07	2.952460e-01	-7.14833e-05	-4.61013e-05	
1271	1.212100e-07	2.952454e-01	-7.14831e-05	-4.61012e-05	
1272	1.212300e-07	2.952442e-01	-7.14828e-05	-4.61011e-05	

Index   time            v(drva)         v(rap)          v(rbp)          
--------------------------------------------------------------------------------
1273	1.212700e-07	2.952418e-01	-7.14821e-05	-4.61007e-05	
1274	1.213500e-07	2.952370e-01	-7.14808e-05	-4.61001e-05	
1275	1.214000e-07	2.952340e-01	-7.14800e-05	-4.60996e-05	
1276	1.214100e-07	2.952334e-01	-7.14798e-05	-4.60996e-05	
1277	1.214300e-07	2.952322e-01	-7.14795e-05	-4.60994e-05	
1278	1.214700e-07	2.952298e-01	-7.14789e-05	-4.60991e-05	
1279	1.215500e-07	2.952250e-01	-7.14776e-05	-4.60984e-05	
1280	1.216500e-07	2.952190e-01	-7.14760e-05	-4.60975e-05	
1281	1.217500e-07	2.952130e-01	-7.14744e-05	-4.60967e-05	
1282	1.218500e-07	2.952070e-01	-7.14728e-05	-4.60959e-05	
1283	1.219500e-07	2.952010e-01	-7.14712e-05	-4.60950e-05	
1284	1.220500e-07	2.951950e-01	-7.14696e-05	-4.60942e-05	
1285	1.221500e-07	2.951890e-01	-7.14680e-05	-4.60933e-05	
1286	1.222500e-07	2.951830e-01	-7.14664e-05	-4.60925e-05	
1287	1.223500e-07	2.951770e-01	-7.14648e-05	-4.60916e-05	
1288	1.224500e-07	2.951710e-01	-7.14631e-05	-4.60908e-05	
1289	1.225500e-07	2.951649e-01	-7.14615e-05	-4.60899e-05	
1290	1.226500e-07	2.951589e-01	-7.14599e-05	-4.60891e-05	
1291	1.227500e-07	2.951529e-01	-7.14583e-05	-4.60882e-05	
1292	1.228500e-07	2.951469e-01	-7.14567e-05	-4.60874e-05	
1293	1.229500e-07	2.951409e-01	-7.14551e-05	-4.60865e-05	
1294	1.230500e-07	2.951349e-01	-7.14535e-05	-4.60857e-05	
1295	1.231500e-07	2.951289e-01	-7.14519e-05	-4.60849e-05	
1296	1.232500e-07	2.951229e-01	-7.14503e-05	-4.60840e-05	
1297	1.233500e-07	2.951169e-01	-7.14487e-05	-4.60832e-05	
1298	1.234500e-07	2.951109e-01	-7.14471e-05	-4.60823e-05	
1299	1.235500e-07	2.951049e-01	-7.14454e-05	-4.60815e-05	
1300	1.236500e-07	2.950989e-01	-7.14438e-05	-4.60806e-05	
1301	1.237500e-07	2.950929e-01	-7.14422e-05	-4.60798e-05	
1302	1.238500e-07	2.950869e-01	-7.14406e-05	-4.60790e-05	
1303	1.239500e-07	2.950809e-01	-7.14390e-05	-4.60781e-05	
1304	1.240500e-07	2.950749e-01	-7.14374e-05	-4.60773e-05	
1305	1.241500e-07	2.950689e-01	-7.14358e-05	-4.60764e-05	
1306	1.242500e-07	2.950628e-01	-7.14342e-05	-4.60756e-05	
1307	1.243500e-07	2.950568e-01	-7.14326e-05	-4.60747e-05	
1308	1.244500e-07	2.950508e-01	-7.14309e-05	-4.60739e-05	
1309	1.245500e-07	2.950448e-01	-7.14293e-05	-4.60731e-05	
1310	1.246500e-07	2.950388e-01	-7.14277e-05	-4.60722e-05	
1311	1.247500e-07	2.950328e-01	-7.14261e-05	-4.60714e-05	
1312	1.248500e-07	2.950268e-01	-7.14245e-05	-4.60705e-05	
1313	1.249500e-07	2.950208e-01	-7.14229e-05	-4.60697e-05	
1314	1.250500e-07	2.950148e-01	-7.14213e-05	-4.60688e-05	
1315	1.251500e-07	2.950088e-01	-7.14197e-05	-4.60680e-05	
1316	1.252500e-07	2.950028e-01	-7.14181e-05	-4.60672e-05	
1317	1.253500e-07	2.949968e-01	-7.14164e-05	-4.60663e-05	
1318	1.254500e-07	2.949908e-01	-7.14148e-05	-4.60655e-05	
1319	1.255500e-07	2.949848e-01	-7.14132e-05	-4.60646e-05	
1320	1.256500e-07	2.949788e-01	-7.14116e-05	-4.60638e-05	
1321	1.257500e-07	2.949728e-01	-7.14100e-05	-4.60629e-05	
1322	1.258500e-07	2.949668e-01	-7.14084e-05	-4.60621e-05	
1323	1.259500e-07	2.949608e-01	-7.14068e-05	-4.60613e-05	
1324	1.260500e-07	2.949548e-01	-7.14052e-05	-4.60604e-05	
1325	1.261500e-07	2.949488e-01	-7.14035e-05	-4.60596e-05	
1326	1.262500e-07	2.949428e-01	-7.14019e-05	-4.60587e-05	
1327	1.263500e-07	2.949368e-01	-7.14003e-05	-4.60579e-05	
1328	1.264500e-07	2.949308e-01	-7.13987e-05	-4.60571e-05	
1329	1.265500e-07	2.949248e-01	-7.13971e-05	-4.60562e-05	
1330	1.266500e-07	2.949188e-01	-7.13955e-05	-4.60554e-05	

Index   time            v(drva)         v(rap)          v(rbp)          
--------------------------------------------------------------------------------
1331	1.267500e-07	2.949128e-01	-7.13939e-05	-4.60545e-05	
1332	1.268500e-07	2.949068e-01	-7.13923e-05	-4.60537e-05	
1333	1.269500e-07	2.949008e-01	-7.13907e-05	-4.60529e-05	
1334	1.270500e-07	2.948948e-01	-7.13890e-05	-4.60520e-05	
1335	1.271500e-07	2.948888e-01	-7.13874e-05	-4.60512e-05	
1336	1.272500e-07	2.948828e-01	-7.13858e-05	-4.60503e-05	
1337	1.273500e-07	2.948768e-01	-7.13842e-05	-4.60495e-05	
1338	1.274500e-07	2.948708e-01	-7.13826e-05	-4.60486e-05	
1339	1.275500e-07	2.948647e-01	-7.13810e-05	-4.60478e-05	
1340	1.276500e-07	2.948587e-01	-7.13794e-05	-4.60470e-05	
1341	1.277500e-07	2.948527e-01	-7.13778e-05	-4.60461e-05	
1342	1.278500e-07	2.948467e-01	-7.13762e-05	-4.60453e-05	
1343	1.279500e-07	2.948407e-01	-7.13745e-05	-4.60444e-05	
1344	1.280500e-07	2.948347e-01	-7.13729e-05	-4.60436e-05	
1345	1.281500e-07	2.948287e-01	-7.13713e-05	-4.60428e-05	
1346	1.282500e-07	2.948227e-01	-7.13697e-05	-4.60419e-05	
1347	1.283500e-07	2.948167e-01	-7.13681e-05	-4.60411e-05	
1348	1.284500e-07	2.948107e-01	-7.13665e-05	-4.60402e-05	
1349	1.285500e-07	2.948047e-01	-7.13649e-05	-4.60394e-05	
1350	1.286500e-07	2.947987e-01	-7.13633e-05	-4.60386e-05	
1351	1.287500e-07	2.947927e-01	-7.13617e-05	-4.60377e-05	
1352	1.288500e-07	2.947867e-01	-7.13600e-05	-4.60369e-05	
1353	1.289500e-07	2.947807e-01	-7.13584e-05	-4.60360e-05	
1354	1.290500e-07	2.947747e-01	-7.13568e-05	-4.60352e-05	
1355	1.291500e-07	2.947687e-01	-7.13552e-05	-4.60343e-05	
1356	1.292500e-07	2.947627e-01	-7.13536e-05	-4.60335e-05	
1357	1.293500e-07	2.947567e-01	-7.13520e-05	-4.60327e-05	
1358	1.294500e-07	2.947507e-01	-7.13504e-05	-4.60318e-05	
1359	1.295500e-07	2.947447e-01	-7.13488e-05	-4.60310e-05	
1360	1.296500e-07	2.947387e-01	-7.13472e-05	-4.60301e-05	
1361	1.297500e-07	2.947327e-01	-7.13455e-05	-4.60293e-05	
1362	1.298500e-07	2.947268e-01	-7.13439e-05	-4.60285e-05	
1363	1.299500e-07	2.947208e-01	-7.13423e-05	-4.60276e-05	
1364	1.300500e-07	2.947148e-01	-7.13407e-05	-4.60268e-05	
1365	1.301500e-07	2.947088e-01	-7.13391e-05	-4.60259e-05	
1366	1.302500e-07	2.947028e-01	-7.13375e-05	-4.60251e-05	
1367	1.303500e-07	2.946968e-01	-7.13359e-05	-4.60243e-05	
1368	1.304500e-07	2.946908e-01	-7.13343e-05	-4.60234e-05	
1369	1.305500e-07	2.946848e-01	-7.13327e-05	-4.60226e-05	
1370	1.306500e-07	2.946788e-01	-7.13311e-05	-4.60217e-05	
1371	1.307500e-07	2.946728e-01	-7.13294e-05	-4.60209e-05	
1372	1.308500e-07	2.946668e-01	-7.13278e-05	-4.60201e-05	
1373	1.309500e-07	2.946608e-01	-7.13262e-05	-4.60192e-05	
1374	1.310500e-07	2.946548e-01	-7.13246e-05	-4.60184e-05	
1375	1.311500e-07	2.946488e-01	-7.13230e-05	-4.60175e-05	
1376	1.312500e-07	2.946428e-01	-7.13214e-05	-4.60167e-05	
1377	1.313500e-07	2.946368e-01	-7.13198e-05	-4.60158e-05	
1378	1.314500e-07	2.946308e-01	-7.13182e-05	-4.60150e-05	
1379	1.315500e-07	2.946248e-01	-7.13166e-05	-4.60142e-05	
1380	1.316500e-07	2.946188e-01	-7.13150e-05	-4.60133e-05	
1381	1.317500e-07	2.946128e-01	-7.13133e-05	-4.60125e-05	
1382	1.318500e-07	2.946068e-01	-7.13117e-05	-4.60116e-05	
1383	1.319500e-07	2.946008e-01	-7.13101e-05	-4.60108e-05	
1384	1.320500e-07	2.945948e-01	-7.13085e-05	-4.60100e-05	
1385	1.321500e-07	2.945888e-01	-7.13069e-05	-4.60091e-05	
1386	1.322500e-07	2.945828e-01	-7.13053e-05	-4.60083e-05	
1387	1.323500e-07	2.945768e-01	-7.13037e-05	-4.60074e-05	
1388	1.324500e-07	2.945708e-01	-7.13021e-05	-4.60066e-05	

Index   time            v(drva)         v(rap)          v(rbp)          
--------------------------------------------------------------------------------
1389	1.325500e-07	2.945648e-01	-7.13005e-05	-4.60058e-05	
1390	1.326500e-07	2.945588e-01	-7.12989e-05	-4.60049e-05	
1391	1.327500e-07	2.945528e-01	-7.12972e-05	-4.60041e-05	
1392	1.328500e-07	2.945468e-01	-7.12956e-05	-4.60032e-05	
1393	1.329500e-07	2.945408e-01	-7.12940e-05	-4.60024e-05	
1394	1.330500e-07	2.945348e-01	-7.12924e-05	-4.60016e-05	
1395	1.331500e-07	2.945289e-01	-7.12908e-05	-4.60007e-05	
1396	1.332500e-07	2.945229e-01	-7.12892e-05	-4.59999e-05	
1397	1.333500e-07	2.945169e-01	-7.12876e-05	-4.59990e-05	
1398	1.334500e-07	2.945109e-01	-7.12860e-05	-4.59982e-05	
1399	1.335500e-07	2.945049e-01	-7.12844e-05	-4.59974e-05	
1400	1.336500e-07	2.944989e-01	-7.12828e-05	-4.59965e-05	
1401	1.337500e-07	2.944929e-01	-7.12812e-05	-4.59957e-05	
1402	1.338500e-07	2.944869e-01	-7.12795e-05	-4.59948e-05	
1403	1.339500e-07	2.944809e-01	-7.12779e-05	-4.59940e-05	
1404	1.340500e-07	2.944749e-01	-7.12763e-05	-4.59932e-05	
1405	1.341500e-07	2.944689e-01	-7.12747e-05	-4.59923e-05	
1406	1.342500e-07	2.944629e-01	-7.12731e-05	-4.59915e-05	
1407	1.343500e-07	2.944569e-01	-7.12715e-05	-4.59906e-05	
1408	1.344500e-07	2.944509e-01	-7.12699e-05	-4.59898e-05	
1409	1.345500e-07	2.944449e-01	-7.12683e-05	-4.59889e-05	
1410	1.346500e-07	2.944389e-01	-7.12667e-05	-4.59881e-05	
1411	1.347500e-07	2.944329e-01	-7.12651e-05	-4.59873e-05	
1412	1.348500e-07	2.944270e-01	-7.12635e-05	-4.59864e-05	
1413	1.349500e-07	2.944210e-01	-7.12618e-05	-4.59856e-05	
1414	1.350500e-07	2.944150e-01	-7.12602e-05	-4.59847e-05	
1415	1.351500e-07	2.944090e-01	-7.12586e-05	-4.59839e-05	
1416	1.352500e-07	2.944030e-01	-7.12570e-05	-4.59831e-05	
1417	1.353500e-07	2.943970e-01	-7.12554e-05	-4.59822e-05	
1418	1.354500e-07	2.943910e-01	-7.12538e-05	-4.59814e-05	
1419	1.355500e-07	2.943850e-01	-7.12522e-05	-4.59805e-05	
1420	1.356500e-07	2.943790e-01	-7.12506e-05	-4.59797e-05	
1421	1.357500e-07	2.943730e-01	-7.12490e-05	-4.59789e-05	
1422	1.358500e-07	2.943670e-01	-7.12474e-05	-4.59780e-05	
1423	1.359500e-07	2.943610e-01	-7.12458e-05	-4.59772e-05	
1424	1.360500e-07	2.943550e-01	-7.12442e-05	-4.59763e-05	
1425	1.361500e-07	2.943491e-01	-7.12425e-05	-4.59755e-05	
1426	1.362500e-07	2.943431e-01	-7.12409e-05	-4.59747e-05	
1427	1.363500e-07	2.943371e-01	-7.12393e-05	-4.59738e-05	
1428	1.364500e-07	2.943311e-01	-7.12377e-05	-4.59730e-05	
1429	1.365500e-07	2.943251e-01	-7.12361e-05	-4.59721e-05	
1430	1.366500e-07	2.943191e-01	-7.12345e-05	-4.59713e-05	
1431	1.367500e-07	2.943131e-01	-7.12329e-05	-4.59705e-05	
1432	1.368500e-07	2.943071e-01	-7.12313e-05	-4.59696e-05	
1433	1.369500e-07	2.943011e-01	-7.12297e-05	-4.59688e-05	
1434	1.370500e-07	2.942951e-01	-7.12281e-05	-4.59679e-05	
1435	1.371500e-07	2.942891e-01	-7.12265e-05	-4.59671e-05	
1436	1.372500e-07	2.942831e-01	-7.12249e-05	-4.59663e-05	
1437	1.373500e-07	2.942772e-01	-7.12233e-05	-4.59654e-05	
1438	1.374500e-07	2.942712e-01	-7.12216e-05	-4.59646e-05	
1439	1.375500e-07	2.942652e-01	-7.12200e-05	-4.59637e-05	
1440	1.376500e-07	2.942592e-01	-7.12184e-05	-4.59629e-05	
1441	1.377500e-07	2.942532e-01	-7.12168e-05	-4.59621e-05	
1442	1.378500e-07	2.942472e-01	-7.12152e-05	-4.59612e-05	
1443	1.379500e-07	2.942412e-01	-7.12136e-05	-4.59604e-05	
1444	1.380500e-07	2.942352e-01	-7.12120e-05	-4.59595e-05	
1445	1.381500e-07	2.942292e-01	-7.12104e-05	-4.59587e-05	
1446	1.382500e-07	2.942232e-01	-7.12088e-05	-4.59579e-05	

Index   time            v(drva)         v(rap)          v(rbp)          
--------------------------------------------------------------------------------
1447	1.383500e-07	2.942173e-01	-7.12072e-05	-4.59570e-05	
1448	1.384500e-07	2.942113e-01	-7.12056e-05	-4.59562e-05	
1449	1.385500e-07	2.942053e-01	-7.12040e-05	-4.59553e-05	
1450	1.386500e-07	2.941993e-01	-7.12024e-05	-4.59545e-05	
1451	1.387500e-07	2.941933e-01	-7.12007e-05	-4.59537e-05	
1452	1.388500e-07	2.941873e-01	-7.11991e-05	-4.59528e-05	
1453	1.389500e-07	2.941813e-01	-7.11975e-05	-4.59520e-05	
1454	1.390500e-07	2.941753e-01	-7.11959e-05	-4.59511e-05	
1455	1.391500e-07	2.941693e-01	-7.11943e-05	-4.59503e-05	
1456	1.392500e-07	2.941634e-01	-7.11927e-05	-4.59495e-05	
1457	1.393500e-07	2.941574e-01	-7.11911e-05	-4.59486e-05	
1458	1.394500e-07	2.941514e-01	-7.11895e-05	-4.59478e-05	
1459	1.395500e-07	2.941454e-01	-7.11879e-05	-4.59469e-05	
1460	1.396500e-07	2.941394e-01	-7.11863e-05	-4.59461e-05	
1461	1.397500e-07	2.941334e-01	-7.11847e-05	-4.59453e-05	
1462	1.398500e-07	2.941274e-01	-7.11831e-05	-4.59444e-05	
1463	1.399500e-07	2.941214e-01	-7.11815e-05	-4.59436e-05	
1464	1.400000e-07	2.941184e-01	-7.11807e-05	-4.59432e-05	
1465	1.400100e-07	2.941178e-01	-7.11805e-05	-4.59431e-05	
1466	1.400300e-07	2.941167e-01	-7.11802e-05	-4.59429e-05	
1467	1.400700e-07	2.941143e-01	-7.11795e-05	-4.59426e-05	
1468	1.401203e-07	2.941112e-01	-7.11787e-05	-4.59422e-05	
1469	1.402000e-07	2.941065e-01	-7.11774e-05	-4.59415e-05	
1470	1.402100e-07	2.941059e-01	-7.11772e-05	-4.59414e-05	
1471	1.402300e-07	2.941047e-01	-7.11769e-05	-4.59413e-05	
1472	1.402700e-07	2.941023e-01	-7.11762e-05	-4.59409e-05	
1473	1.403500e-07	2.940975e-01	-7.11749e-05	-4.59403e-05	
1474	1.404500e-07	2.940915e-01	-7.11733e-05	-4.59394e-05	
1475	1.405500e-07	2.940855e-01	-7.11717e-05	-4.59386e-05	
1476	1.406500e-07	2.940795e-01	-7.11700e-05	-4.59378e-05	
1477	1.407500e-07	2.940735e-01	-7.11684e-05	-4.59369e-05	
1478	1.408500e-07	2.940676e-01	-7.11668e-05	-4.59361e-05	
1479	1.409500e-07	2.940616e-01	-7.11652e-05	-4.59353e-05	
1480	1.410500e-07	2.940556e-01	-7.11636e-05	-4.59344e-05	
1481	1.411500e-07	2.940496e-01	-7.11620e-05	-4.59336e-05	
1482	1.412000e-07	2.940466e-01	-7.11612e-05	-4.59332e-05	
1483	1.412100e-07	2.940460e-01	-7.11611e-05	-4.59331e-05	
1484	1.412300e-07	2.940448e-01	-7.11608e-05	-4.59329e-05	
1485	1.412700e-07	2.940424e-01	-7.11601e-05	-4.59326e-05	
1486	1.413500e-07	2.940376e-01	-7.11588e-05	-4.59319e-05	
1487	1.414000e-07	2.940346e-01	-7.11580e-05	-4.59315e-05	
1488	1.414100e-07	2.940340e-01	-7.11578e-05	-4.59314e-05	
1489	1.414300e-07	2.940328e-01	-7.11575e-05	-4.59313e-05	
1490	1.414700e-07	2.940304e-01	-7.11569e-05	-4.59309e-05	
1491	1.415500e-07	2.940257e-01	-7.11556e-05	-4.59303e-05	
1492	1.416500e-07	2.940197e-01	-7.11540e-05	-4.59294e-05	
1493	1.417500e-07	2.940137e-01	-7.11524e-05	-4.59286e-05	
1494	1.418500e-07	2.940077e-01	-7.11508e-05	-4.59277e-05	
1495	1.419500e-07	2.940017e-01	-7.11492e-05	-4.59269e-05	
1496	1.420500e-07	2.939957e-01	-7.11476e-05	-4.59260e-05	
1497	1.421500e-07	2.939897e-01	-7.11460e-05	-4.59252e-05	
1498	1.422500e-07	2.939838e-01	-7.11444e-05	-4.59243e-05	
1499	1.423500e-07	2.939778e-01	-7.11428e-05	-4.59235e-05	
1500	1.424500e-07	2.939718e-01	-7.11412e-05	-4.59227e-05	
1501	1.425500e-07	2.939658e-01	-7.11396e-05	-4.59218e-05	
1502	1.426500e-07	2.939598e-01	-7.11380e-05	-4.59210e-05	
1503	1.427500e-07	2.939538e-01	-7.11364e-05	-4.59201e-05	
1504	1.428500e-07	2.939478e-01	-7.11348e-05	-4.59193e-05	

Index   time            v(drva)         v(rap)          v(rbp)          
--------------------------------------------------------------------------------
1505	1.429500e-07	2.939419e-01	-7.11332e-05	-4.59184e-05	
1506	1.430500e-07	2.939359e-01	-7.11316e-05	-4.59176e-05	
1507	1.431500e-07	2.939299e-01	-7.11300e-05	-4.59168e-05	
1508	1.432500e-07	2.939239e-01	-7.11284e-05	-4.59159e-05	
1509	1.433500e-07	2.939179e-01	-7.11268e-05	-4.59151e-05	
1510	1.434500e-07	2.939119e-01	-7.11252e-05	-4.59142e-05	
1511	1.435500e-07	2.939060e-01	-7.11236e-05	-4.59134e-05	
1512	1.436500e-07	2.939000e-01	-7.11220e-05	-4.59125e-05	
1513	1.437500e-07	2.938940e-01	-7.11204e-05	-4.59117e-05	
1514	1.438500e-07	2.938880e-01	-7.11188e-05	-4.59109e-05	
1515	1.439500e-07	2.938820e-01	-7.11172e-05	-4.59100e-05	
1516	1.440500e-07	2.938760e-01	-7.11156e-05	-4.59092e-05	
1517	1.441500e-07	2.938701e-01	-7.11140e-05	-4.59083e-05	
1518	1.442500e-07	2.938641e-01	-7.11124e-05	-4.59075e-05	
1519	1.443500e-07	2.938581e-01	-7.11108e-05	-4.59067e-05	
1520	1.444500e-07	2.938521e-01	-7.11092e-05	-4.59058e-05	
1521	1.445500e-07	2.938461e-01	-7.11076e-05	-4.59050e-05	
1522	1.446500e-07	2.938401e-01	-7.11060e-05	-4.59041e-05	
1523	1.447500e-07	2.938342e-01	-7.11044e-05	-4.59033e-05	
1524	1.448500e-07	2.938282e-01	-7.11028e-05	-4.59025e-05	
1525	1.449500e-07	2.938222e-01	-7.11012e-05	-4.59016e-05	
1526	1.450500e-07	2.938162e-01	-7.10995e-05	-4.59008e-05	
1527	1.451500e-07	2.938102e-01	-7.10979e-05	-4.58999e-05	
1528	1.452500e-07	2.938043e-01	-7.10963e-05	-4.58991e-05	
1529	1.453500e-07	2.937983e-01	-7.10947e-05	-4.58983e-05	
1530	1.454500e-07	2.937923e-01	-7.10931e-05	-4.58974e-05	
1531	1.455500e-07	2.937863e-01	-7.10915e-05	-4.58966e-05	
1532	1.456500e-07	2.937803e-01	-7.10899e-05	-4.58957e-05	
1533	1.457500e-07	2.937743e-01	-7.10883e-05	-4.58949e-05	
1534	1.458500e-07	2.937684e-01	-7.10867e-05	-4.58941e-05	
1535	1.459500e-07	2.937624e-01	-7.10851e-05	-4.58932e-05	
1536	1.460500e-07	2.937564e-01	-7.10835e-05	-4.58924e-05	
1537	1.461500e-07	2.937504e-01	-7.10819e-05	-4.58915e-05	
1538	1.462500e-07	2.937444e-01	-7.10803e-05	-4.58907e-05	
1539	1.463500e-07	2.937385e-01	-7.10787e-05	-4.58899e-05	
1540	1.464500e-07	2.937325e-01	-7.10771e-05	-4.58890e-05	
1541	1.465500e-07	2.937265e-01	-7.10755e-05	-4.58882e-05	
1542	1.466500e-07	2.937205e-01	-7.10739e-05	-4.58874e-05	
1543	1.467500e-07	2.937145e-01	-7.10723e-05	-4.58865e-05	
1544	1.468500e-07	2.937086e-01	-7.10707e-05	-4.58857e-05	
1545	1.469500e-07	2.937026e-01	-7.10691e-05	-4.58848e-05	
1546	1.470500e-07	2.936966e-01	-7.10675e-05	-4.58840e-05	
1547	1.471500e-07	2.936906e-01	-7.10659e-05	-4.58832e-05	
1548	1.472500e-07	2.936846e-01	-7.10642e-05	-4.58823e-05	
1549	1.473500e-07	2.936787e-01	-7.10626e-05	-4.58815e-05	
1550	1.474500e-07	2.936727e-01	-7.10610e-05	-4.58806e-05	
1551	1.475500e-07	2.936667e-01	-7.10594e-05	-4.58798e-05	
1552	1.476500e-07	2.936607e-01	-7.10578e-05	-4.58790e-05	
1553	1.477500e-07	2.936547e-01	-7.10562e-05	-4.58781e-05	
1554	1.478500e-07	2.936488e-01	-7.10546e-05	-4.58773e-05	
1555	1.479500e-07	2.936428e-01	-7.10530e-05	-4.58764e-05	
1556	1.480500e-07	2.936368e-01	-7.10514e-05	-4.58756e-05	
1557	1.481500e-07	2.936308e-01	-7.10498e-05	-4.58748e-05	
1558	1.482500e-07	2.936248e-01	-7.10482e-05	-4.58739e-05	
1559	1.483500e-07	2.936189e-01	-7.10466e-05	-4.58731e-05	
1560	1.484500e-07	2.936129e-01	-7.10450e-05	-4.58723e-05	
1561	1.485500e-07	2.936069e-01	-7.10434e-05	-4.58714e-05	
1562	1.486500e-07	2.936009e-01	-7.10418e-05	-4.58706e-05	

Index   time            v(drva)         v(rap)          v(rbp)          
--------------------------------------------------------------------------------
1563	1.487500e-07	2.935950e-01	-7.10402e-05	-4.58697e-05	
1564	1.488500e-07	2.935890e-01	-7.10386e-05	-4.58689e-05	
1565	1.489500e-07	2.935830e-01	-7.10370e-05	-4.58681e-05	
1566	1.490500e-07	2.935770e-01	-7.10354e-05	-4.58672e-05	
1567	1.491500e-07	2.935710e-01	-7.10338e-05	-4.58664e-05	
1568	1.492500e-07	2.935651e-01	-7.10322e-05	-4.58655e-05	
1569	1.493500e-07	2.935591e-01	-7.10306e-05	-4.58647e-05	
1570	1.494500e-07	2.935531e-01	-7.10290e-05	-4.58639e-05	
1571	1.495500e-07	2.935471e-01	-7.10274e-05	-4.58630e-05	
1572	1.496500e-07	2.935412e-01	-7.10258e-05	-4.58622e-05	
1573	1.497500e-07	2.935352e-01	-7.10241e-05	-4.58613e-05	
1574	1.498500e-07	2.935292e-01	-7.10225e-05	-4.58605e-05	
1575	1.499500e-07	2.935232e-01	-7.10209e-05	-4.58597e-05	
1576	1.500500e-07	2.935172e-01	-7.10193e-05	-4.58588e-05	
1577	1.501500e-07	2.935113e-01	-7.10177e-05	-4.58580e-05	
1578	1.502500e-07	2.935053e-01	-7.10161e-05	-4.58572e-05	
1579	1.503500e-07	2.934993e-01	-7.10145e-05	-4.58563e-05	
1580	1.504500e-07	2.934933e-01	-7.10129e-05	-4.58555e-05	
1581	1.505500e-07	2.934874e-01	-7.10113e-05	-4.58546e-05	
1582	1.506500e-07	2.934814e-01	-7.10097e-05	-4.58538e-05	
1583	1.507500e-07	2.934754e-01	-7.10081e-05	-4.58530e-05	
1584	1.508500e-07	2.934694e-01	-7.10065e-05	-4.58521e-05	
1585	1.509500e-07	2.934635e-01	-7.10049e-05	-4.58513e-05	
1586	1.510500e-07	2.934575e-01	-7.10033e-05	-4.58504e-05	
1587	1.511500e-07	2.934515e-01	-7.10017e-05	-4.58496e-05	
1588	1.512500e-07	2.934455e-01	-7.10001e-05	-4.58488e-05	
1589	1.513500e-07	2.934396e-01	-7.09985e-05	-4.58479e-05	
1590	1.514500e-07	2.934336e-01	-7.09969e-05	-4.58471e-05	
1591	1.515500e-07	2.934276e-01	-7.09953e-05	-4.58463e-05	
1592	1.516500e-07	2.934216e-01	-7.09937e-05	-4.58454e-05	
1593	1.517500e-07	2.934157e-01	-7.09921e-05	-4.58446e-05	
1594	1.518500e-07	2.934097e-01	-7.09905e-05	-4.58437e-05	
1595	1.519500e-07	2.934037e-01	-7.09889e-05	-4.58429e-05	
1596	1.520500e-07	2.933977e-01	-7.09873e-05	-4.58421e-05	
1597	1.521500e-07	2.933918e-01	-7.09857e-05	-4.58412e-05	
1598	1.522500e-07	2.933858e-01	-7.09841e-05	-4.58404e-05	
1599	1.523500e-07	2.933798e-01	-7.09825e-05	-4.58396e-05	
1600	1.524500e-07	2.933738e-01	-7.09809e-05	-4.58387e-05	
1601	1.525500e-07	2.933679e-01	-7.09793e-05	-4.58379e-05	
1602	1.526500e-07	2.933619e-01	-7.09777e-05	-4.58370e-05	
1603	1.527500e-07	2.933559e-01	-7.09761e-05	-4.58362e-05	
1604	1.528500e-07	2.933499e-01	-7.09745e-05	-4.58354e-05	
1605	1.529500e-07	2.933440e-01	-7.09729e-05	-4.58345e-05	
1606	1.530500e-07	2.933380e-01	-7.09713e-05	-4.58337e-05	
1607	1.531500e-07	2.933320e-01	-7.09697e-05	-4.58328e-05	
1608	1.532500e-07	2.933261e-01	-7.09680e-05	-4.58320e-05	
1609	1.533500e-07	2.933201e-01	-7.09664e-05	-4.58312e-05	
1610	1.534500e-07	2.933141e-01	-7.09648e-05	-4.58303e-05	
1611	1.535500e-07	2.933081e-01	-7.09632e-05	-4.58295e-05	
1612	1.536500e-07	2.933022e-01	-7.09616e-05	-4.58287e-05	
1613	1.537500e-07	2.932962e-01	-7.09600e-05	-4.58278e-05	
1614	1.538500e-07	2.932902e-01	-7.09584e-05	-4.58270e-05	
1615	1.539500e-07	2.932842e-01	-7.09568e-05	-4.58261e-05	
1616	1.540500e-07	2.932783e-01	-7.09552e-05	-4.58253e-05	
1617	1.541500e-07	2.932723e-01	-7.09536e-05	-4.58245e-05	
1618	1.542500e-07	2.932663e-01	-7.09520e-05	-4.58236e-05	
1619	1.543500e-07	2.932604e-01	-7.09504e-05	-4.58228e-05	
1620	1.544500e-07	2.932544e-01	-7.09488e-05	-4.58219e-05	

Index   time            v(drva)         v(rap)          v(rbp)          
--------------------------------------------------------------------------------
1621	1.545500e-07	2.932484e-01	-7.09472e-05	-4.58211e-05	
1622	1.546500e-07	2.932424e-01	-7.09456e-05	-4.58203e-05	
1623	1.547500e-07	2.932365e-01	-7.09440e-05	-4.58194e-05	
1624	1.548500e-07	2.932305e-01	-7.09424e-05	-4.58186e-05	
1625	1.549500e-07	2.932245e-01	-7.09408e-05	-4.58178e-05	
1626	1.550500e-07	2.932186e-01	-7.09392e-05	-4.58169e-05	
1627	1.551500e-07	2.932126e-01	-7.09376e-05	-4.58161e-05	
1628	1.552500e-07	2.932066e-01	-7.09360e-05	-4.58152e-05	
1629	1.553500e-07	2.932006e-01	-7.09344e-05	-4.58144e-05	
1630	1.554500e-07	2.931947e-01	-7.09328e-05	-4.58136e-05	
1631	1.555500e-07	2.931887e-01	-7.09312e-05	-4.58127e-05	
1632	1.556500e-07	2.931827e-01	-7.09296e-05	-4.58119e-05	
1633	1.557500e-07	2.931768e-01	-7.09280e-05	-4.58111e-05	
1634	1.558500e-07	2.931708e-01	-7.09264e-05	-4.58102e-05	
1635	1.559500e-07	2.931648e-01	-7.09248e-05	-4.58094e-05	
1636	1.560500e-07	2.931589e-01	-7.09232e-05	-4.58085e-05	
1637	1.561500e-07	2.931529e-01	-7.09216e-05	-4.58077e-05	
1638	1.562500e-07	2.931469e-01	-7.09200e-05	-4.58069e-05	
1639	1.563500e-07	2.931409e-01	-7.09184e-05	-4.58060e-05	
1640	1.564500e-07	2.931350e-01	-7.09168e-05	-4.58052e-05	
1641	1.565500e-07	2.931290e-01	-7.09152e-05	-4.58044e-05	
1642	1.566500e-07	2.931230e-01	-7.09136e-05	-4.58035e-05	
1643	1.567500e-07	2.931171e-01	-7.09120e-05	-4.58027e-05	
1644	1.568500e-07	2.931111e-01	-7.09104e-05	-4.58018e-05	
1645	1.569500e-07	2.931051e-01	-7.09088e-05	-4.58010e-05	
1646	1.570500e-07	2.930992e-01	-7.09072e-05	-4.58002e-05	
1647	1.571500e-07	2.930932e-01	-7.09056e-05	-4.57993e-05	
1648	1.572500e-07	2.930872e-01	-7.09040e-05	-4.57985e-05	
1649	1.573500e-07	2.930813e-01	-7.09024e-05	-4.57977e-05	
1650	1.574500e-07	2.930753e-01	-7.09008e-05	-4.57968e-05	
1651	1.575500e-07	2.930693e-01	-7.08992e-05	-4.57960e-05	
1652	1.576500e-07	2.930633e-01	-7.08976e-05	-4.57951e-05	
1653	1.577500e-07	2.930574e-01	-7.08960e-05	-4.57943e-05	
1654	1.578500e-07	2.930514e-01	-7.08944e-05	-4.57935e-05	
1655	1.579500e-07	2.930454e-01	-7.08928e-05	-4.57926e-05	
1656	1.580500e-07	2.930395e-01	-7.08912e-05	-4.57918e-05	
1657	1.581500e-07	2.930335e-01	-7.08896e-05	-4.57910e-05	
1658	1.582500e-07	2.930275e-01	-7.08880e-05	-4.57901e-05	
1659	1.583500e-07	2.930216e-01	-7.08864e-05	-4.57893e-05	
1660	1.584500e-07	2.930156e-01	-7.08848e-05	-4.57884e-05	
1661	1.585500e-07	2.930096e-01	-7.08832e-05	-4.57876e-05	
1662	1.586500e-07	2.930037e-01	-7.08816e-05	-4.57868e-05	
1663	1.587500e-07	2.929977e-01	-7.08800e-05	-4.57859e-05	
1664	1.588500e-07	2.929917e-01	-7.08784e-05	-4.57851e-05	
1665	1.589500e-07	2.929858e-01	-7.08768e-05	-4.57843e-05	
1666	1.590500e-07	2.929798e-01	-7.08752e-05	-4.57834e-05	
1667	1.591500e-07	2.929738e-01	-7.08736e-05	-4.57826e-05	
1668	1.592500e-07	2.929679e-01	-7.08720e-05	-4.57817e-05	
1669	1.593500e-07	2.929619e-01	-7.08704e-05	-4.57809e-05	
1670	1.594500e-07	2.929559e-01	-7.08688e-05	-4.57801e-05	
1671	1.595500e-07	2.929500e-01	-7.08672e-05	-4.57792e-05	
1672	1.596500e-07	2.929440e-01	-7.08656e-05	-4.57784e-05	
1673	1.597500e-07	2.929380e-01	-7.08640e-05	-4.57776e-05	
1674	1.598500e-07	2.929321e-01	-7.08624e-05	-4.57767e-05	
1675	1.599500e-07	2.929261e-01	-7.08608e-05	-4.57759e-05	
1676	1.600000e-07	2.929231e-01	-7.08600e-05	-4.57755e-05	
1677	1.600100e-07	2.929225e-01	-7.08598e-05	-4.57754e-05	
1678	1.600300e-07	2.929213e-01	-7.08595e-05	-4.57752e-05	

Index   time            v(drva)         v(rap)          v(rbp)          
--------------------------------------------------------------------------------
1679	1.600700e-07	2.929189e-01	-7.08588e-05	-4.57749e-05	
1680	1.601209e-07	2.929159e-01	-7.08580e-05	-4.57745e-05	
1681	1.602000e-07	2.929112e-01	-7.08567e-05	-4.57738e-05	
1682	1.602100e-07	2.929106e-01	-7.08565e-05	-4.57737e-05	
1683	1.602300e-07	2.929094e-01	-7.08562e-05	-4.57736e-05	
1684	1.602700e-07	2.929070e-01	-7.08556e-05	-4.57732e-05	
1685	1.603500e-07	2.929022e-01	-7.08543e-05	-4.57726e-05	
1686	1.604500e-07	2.928963e-01	-7.08526e-05	-4.57717e-05	
1687	1.605500e-07	2.928903e-01	-7.08510e-05	-4.57709e-05	
1688	1.606500e-07	2.928843e-01	-7.08494e-05	-4.57701e-05	
1689	1.607500e-07	2.928784e-01	-7.08478e-05	-4.57693e-05	
1690	1.608500e-07	2.928724e-01	-7.08462e-05	-4.57684e-05	
1691	1.609500e-07	2.928665e-01	-7.08446e-05	-4.57676e-05	
1692	1.610500e-07	2.928605e-01	-7.08430e-05	-4.57668e-05	
1693	1.611500e-07	2.928545e-01	-7.08414e-05	-4.57659e-05	
1694	1.612000e-07	2.928515e-01	-7.08406e-05	-4.57655e-05	
1695	1.612100e-07	2.928509e-01	-7.08405e-05	-4.57654e-05	
1696	1.612300e-07	2.928498e-01	-7.08401e-05	-4.57653e-05	
1697	1.612700e-07	2.928474e-01	-7.08395e-05	-4.57649e-05	
1698	1.613500e-07	2.928426e-01	-7.08382e-05	-4.57643e-05	
1699	1.614000e-07	2.928396e-01	-7.08374e-05	-4.57638e-05	
1700	1.614100e-07	2.928390e-01	-7.08372e-05	-4.57638e-05	
1701	1.614300e-07	2.928378e-01	-7.08369e-05	-4.57636e-05	
1702	1.614700e-07	2.928354e-01	-7.08363e-05	-4.57633e-05	
1703	1.615500e-07	2.928307e-01	-7.08350e-05	-4.57626e-05	
1704	1.616500e-07	2.928247e-01	-7.08334e-05	-4.57618e-05	
1705	1.617500e-07	2.928187e-01	-7.08318e-05	-4.57609e-05	
1706	1.618500e-07	2.928128e-01	-7.08302e-05	-4.57601e-05	
1707	1.619500e-07	2.928068e-01	-7.08287e-05	-4.57592e-05	
1708	1.620500e-07	2.928008e-01	-7.08271e-05	-4.57584e-05	
1709	1.621500e-07	2.927949e-01	-7.08255e-05	-4.57575e-05	
1710	1.622500e-07	2.927889e-01	-7.08239e-05	-4.57567e-05	
1711	1.623500e-07	2.927830e-01	-7.08223e-05	-4.57559e-05	
1712	1.624500e-07	2.927770e-01	-7.08207e-05	-4.57550e-05	
1713	1.625500e-07	2.927710e-01	-7.08191e-05	-4.57542e-05	
1714	1.626500e-07	2.927651e-01	-7.08175e-05	-4.57533e-05	
1715	1.627500e-07	2.927591e-01	-7.08159e-05	-4.57525e-05	
1716	1.628500e-07	2.927531e-01	-7.08143e-05	-4.57516e-05	
1717	1.629500e-07	2.927472e-01	-7.08128e-05	-4.57508e-05	
1718	1.630500e-07	2.927412e-01	-7.08112e-05	-4.57500e-05	
1719	1.631500e-07	2.927353e-01	-7.08096e-05	-4.57491e-05	
1720	1.632500e-07	2.927293e-01	-7.08080e-05	-4.57483e-05	
1721	1.633500e-07	2.927233e-01	-7.08064e-05	-4.57474e-05	
1722	1.634500e-07	2.927174e-01	-7.08048e-05	-4.57466e-05	
1723	1.635500e-07	2.927114e-01	-7.08032e-05	-4.57458e-05	
1724	1.636500e-07	2.927054e-01	-7.08016e-05	-4.57449e-05	
1725	1.637500e-07	2.926995e-01	-7.08000e-05	-4.57441e-05	
1726	1.638500e-07	2.926935e-01	-7.07984e-05	-4.57432e-05	
1727	1.639500e-07	2.926876e-01	-7.07968e-05	-4.57424e-05	
1728	1.640500e-07	2.926816e-01	-7.07952e-05	-4.57416e-05	
1729	1.641500e-07	2.926756e-01	-7.07936e-05	-4.57407e-05	
1730	1.642500e-07	2.926697e-01	-7.07920e-05	-4.57399e-05	
1731	1.643500e-07	2.926637e-01	-7.07904e-05	-4.57391e-05	
1732	1.644500e-07	2.926578e-01	-7.07888e-05	-4.57382e-05	
1733	1.645500e-07	2.926518e-01	-7.07872e-05	-4.57374e-05	
1734	1.646500e-07	2.926458e-01	-7.07856e-05	-4.57365e-05	
1735	1.647500e-07	2.926399e-01	-7.07840e-05	-4.57357e-05	
1736	1.648500e-07	2.926339e-01	-7.07824e-05	-4.57349e-05	

Index   time            v(drva)         v(rap)          v(rbp)          
--------------------------------------------------------------------------------
1737	1.649500e-07	2.926280e-01	-7.07808e-05	-4.57340e-05	
1738	1.650500e-07	2.926220e-01	-7.07792e-05	-4.57332e-05	
1739	1.651500e-07	2.926160e-01	-7.07776e-05	-4.57324e-05	
1740	1.652500e-07	2.926101e-01	-7.07760e-05	-4.57315e-05	
1741	1.653500e-07	2.926041e-01	-7.07744e-05	-4.57307e-05	
1742	1.654500e-07	2.925982e-01	-7.07728e-05	-4.57298e-05	
1743	1.655500e-07	2.925922e-01	-7.07712e-05	-4.57290e-05	
1744	1.656500e-07	2.925862e-01	-7.07696e-05	-4.57282e-05	
1745	1.657500e-07	2.925803e-01	-7.07680e-05	-4.57273e-05	
1746	1.658500e-07	2.925743e-01	-7.07664e-05	-4.57265e-05	
1747	1.659500e-07	2.925684e-01	-7.07648e-05	-4.57257e-05	
1748	1.660500e-07	2.925624e-01	-7.07632e-05	-4.57248e-05	
1749	1.661500e-07	2.925564e-01	-7.07616e-05	-4.57240e-05	
1750	1.662500e-07	2.925505e-01	-7.07601e-05	-4.57231e-05	
1751	1.663500e-07	2.925445e-01	-7.07585e-05	-4.57223e-05	
1752	1.664500e-07	2.925386e-01	-7.07569e-05	-4.57215e-05	
1753	1.665500e-07	2.925326e-01	-7.07553e-05	-4.57206e-05	
1754	1.666500e-07	2.925266e-01	-7.07537e-05	-4.57198e-05	
1755	1.667500e-07	2.925207e-01	-7.07521e-05	-4.57190e-05	
1756	1.668500e-07	2.925147e-01	-7.07505e-05	-4.57181e-05	
1757	1.669500e-07	2.925088e-01	-7.07489e-05	-4.57173e-05	
1758	1.670500e-07	2.925028e-01	-7.07473e-05	-4.57165e-05	
1759	1.671500e-07	2.924969e-01	-7.07457e-05	-4.57156e-05	
1760	1.672500e-07	2.924909e-01	-7.07441e-05	-4.57148e-05	
1761	1.673500e-07	2.924849e-01	-7.07425e-05	-4.57139e-05	
1762	1.674500e-07	2.924790e-01	-7.07409e-05	-4.57131e-05	
1763	1.675500e-07	2.924730e-01	-7.07393e-05	-4.57123e-05	
1764	1.676500e-07	2.924671e-01	-7.07377e-05	-4.57114e-05	
1765	1.677500e-07	2.924611e-01	-7.07361e-05	-4.57106e-05	
1766	1.678500e-07	2.924551e-01	-7.07345e-05	-4.57098e-05	
1767	1.679500e-07	2.924492e-01	-7.07329e-05	-4.57089e-05	
1768	1.680500e-07	2.924432e-01	-7.07313e-05	-4.57081e-05	
1769	1.681500e-07	2.924373e-01	-7.07297e-05	-4.57073e-05	
1770	1.682500e-07	2.924313e-01	-7.07281e-05	-4.57064e-05	
1771	1.683500e-07	2.924254e-01	-7.07265e-05	-4.57056e-05	
1772	1.684500e-07	2.924194e-01	-7.07249e-05	-4.57047e-05	
1773	1.685500e-07	2.924135e-01	-7.07233e-05	-4.57039e-05	
1774	1.686500e-07	2.924075e-01	-7.07217e-05	-4.57031e-05	
1775	1.687500e-07	2.924015e-01	-7.07201e-05	-4.57022e-05	
1776	1.688500e-07	2.923956e-01	-7.07185e-05	-4.57014e-05	
1777	1.689500e-07	2.923896e-01	-7.07169e-05	-4.57006e-05	
1778	1.690500e-07	2.923837e-01	-7.07153e-05	-4.56997e-05	
1779	1.691500e-07	2.923777e-01	-7.07137e-05	-4.56989e-05	
1780	1.692500e-07	2.923718e-01	-7.07121e-05	-4.56981e-05	
1781	1.693500e-07	2.923658e-01	-7.07105e-05	-4.56972e-05	
1782	1.694500e-07	2.923598e-01	-7.07089e-05	-4.56964e-05	
1783	1.695500e-07	2.923539e-01	-7.07073e-05	-4.56955e-05	
1784	1.696500e-07	2.923479e-01	-7.07058e-05	-4.56947e-05	
1785	1.697500e-07	2.923420e-01	-7.07042e-05	-4.56939e-05	
1786	1.698500e-07	2.923360e-01	-7.07026e-05	-4.56930e-05	
1787	1.699500e-07	2.923301e-01	-7.07010e-05	-4.56922e-05	
1788	1.700500e-07	2.923241e-01	-7.06994e-05	-4.56914e-05	
1789	1.701500e-07	2.923182e-01	-7.06978e-05	-4.56905e-05	
1790	1.702500e-07	2.923122e-01	-7.06962e-05	-4.56897e-05	
1791	1.703500e-07	2.923063e-01	-7.06946e-05	-4.56889e-05	
1792	1.704500e-07	2.923003e-01	-7.06930e-05	-4.56880e-05	
1793	1.705500e-07	2.922943e-01	-7.06914e-05	-4.56872e-05	
1794	1.706500e-07	2.922884e-01	-7.06898e-05	-4.56863e-05	

Index   time            v(drva)         v(rap)          v(rbp)          
--------------------------------------------------------------------------------
1795	1.707500e-07	2.922824e-01	-7.06882e-05	-4.56855e-05	
1796	1.708500e-07	2.922765e-01	-7.06866e-05	-4.56847e-05	
1797	1.709500e-07	2.922705e-01	-7.06850e-05	-4.56838e-05	
1798	1.710500e-07	2.922646e-01	-7.06834e-05	-4.56830e-05	
1799	1.711500e-07	2.922586e-01	-7.06818e-05	-4.56822e-05	
1800	1.712500e-07	2.922527e-01	-7.06802e-05	-4.56813e-05	
1801	1.713500e-07	2.922467e-01	-7.06786e-05	-4.56805e-05	
1802	1.714500e-07	2.922408e-01	-7.06770e-05	-4.56797e-05	
1803	1.715500e-07	2.922348e-01	-7.06754e-05	-4.56788e-05	
1804	1.716500e-07	2.922289e-01	-7.06738e-05	-4.56780e-05	
1805	1.717500e-07	2.922229e-01	-7.06722e-05	-4.56772e-05	
1806	1.718500e-07	2.922169e-01	-7.06706e-05	-4.56763e-05	
1807	1.719500e-07	2.922110e-01	-7.06690e-05	-4.56755e-05	
1808	1.720500e-07	2.922050e-01	-7.06674e-05	-4.56746e-05	
1809	1.721500e-07	2.921991e-01	-7.06658e-05	-4.56738e-05	
1810	1.722500e-07	2.921931e-01	-7.06643e-05	-4.56730e-05	
1811	1.723500e-07	2.921872e-01	-7.06627e-05	-4.56721e-05	
1812	1.724500e-07	2.921812e-01	-7.06611e-05	-4.56713e-05	
1813	1.725500e-07	2.921753e-01	-7.06595e-05	-4.56705e-05	
1814	1.726500e-07	2.921693e-01	-7.06579e-05	-4.56696e-05	
1815	1.727500e-07	2.921634e-01	-7.06563e-05	-4.56688e-05	
1816	1.728500e-07	2.921574e-01	-7.06547e-05	-4.56680e-05	
1817	1.729500e-07	2.921515e-01	-7.06531e-05	-4.56671e-05	
1818	1.730500e-07	2.921455e-01	-7.06515e-05	-4.56663e-05	
1819	1.731500e-07	2.921396e-01	-7.06499e-05	-4.56654e-05	
1820	1.732500e-07	2.921336e-01	-7.06483e-05	-4.56646e-05	
1821	1.733500e-07	2.921277e-01	-7.06467e-05	-4.56638e-05	
1822	1.734500e-07	2.921217e-01	-7.06451e-05	-4.56629e-05	
1823	1.735500e-07	2.921158e-01	-7.06435e-05	-4.56621e-05	
1824	1.736500e-07	2.921098e-01	-7.06419e-05	-4.56613e-05	
1825	1.737500e-07	2.921039e-01	-7.06403e-05	-4.56604e-05	
1826	1.738500e-07	2.920979e-01	-7.06387e-05	-4.56596e-05	
1827	1.739500e-07	2.920920e-01	-7.06371e-05	-4.56588e-05	
1828	1.740500e-07	2.920860e-01	-7.06355e-05	-4.56579e-05	
1829	1.741500e-07	2.920801e-01	-7.06339e-05	-4.56571e-05	
1830	1.742500e-07	2.920741e-01	-7.06323e-05	-4.56563e-05	
1831	1.743500e-07	2.920682e-01	-7.06308e-05	-4.56554e-05	
1832	1.744500e-07	2.920622e-01	-7.06292e-05	-4.56546e-05	
1833	1.745500e-07	2.920563e-01	-7.06276e-05	-4.56537e-05	
1834	1.746500e-07	2.920503e-01	-7.06260e-05	-4.56529e-05	
1835	1.747500e-07	2.920444e-01	-7.06244e-05	-4.56521e-05	
1836	1.748500e-07	2.920384e-01	-7.06228e-05	-4.56512e-05	
1837	1.749500e-07	2.920325e-01	-7.06212e-05	-4.56504e-05	
1838	1.750500e-07	2.920265e-01	-7.06196e-05	-4.56496e-05	
1839	1.751500e-07	2.920206e-01	-7.06180e-05	-4.56487e-05	
1840	1.752500e-07	2.920146e-01	-7.06164e-05	-4.56479e-05	
1841	1.753500e-07	2.920087e-01	-7.06148e-05	-4.56471e-05	
1842	1.754500e-07	2.920027e-01	-7.06132e-05	-4.56462e-05	
1843	1.755500e-07	2.919968e-01	-7.06116e-05	-4.56454e-05	
1844	1.756500e-07	2.919908e-01	-7.06100e-05	-4.56446e-05	
1845	1.757500e-07	2.919849e-01	-7.06084e-05	-4.56437e-05	
1846	1.758500e-07	2.919789e-01	-7.06068e-05	-4.56429e-05	
1847	1.759500e-07	2.919730e-01	-7.06052e-05	-4.56421e-05	
1848	1.760500e-07	2.919670e-01	-7.06036e-05	-4.56412e-05	
1849	1.761500e-07	2.919611e-01	-7.06021e-05	-4.56404e-05	
1850	1.762500e-07	2.919551e-01	-7.06005e-05	-4.56395e-05	
1851	1.763500e-07	2.919492e-01	-7.05989e-05	-4.56387e-05	
1852	1.764500e-07	2.919432e-01	-7.05973e-05	-4.56379e-05	

Index   time            v(drva)         v(rap)          v(rbp)          
--------------------------------------------------------------------------------
1853	1.765500e-07	2.919373e-01	-7.05957e-05	-4.56370e-05	
1854	1.766500e-07	2.919313e-01	-7.05941e-05	-4.56362e-05	
1855	1.767500e-07	2.919254e-01	-7.05925e-05	-4.56354e-05	
1856	1.768500e-07	2.919194e-01	-7.05909e-05	-4.56345e-05	
1857	1.769500e-07	2.919135e-01	-7.05893e-05	-4.56337e-05	
1858	1.770500e-07	2.919076e-01	-7.05877e-05	-4.56329e-05	
1859	1.771500e-07	2.919016e-01	-7.05861e-05	-4.56320e-05	
1860	1.772500e-07	2.918957e-01	-7.05845e-05	-4.56312e-05	
1861	1.773500e-07	2.918897e-01	-7.05829e-05	-4.56304e-05	
1862	1.774500e-07	2.918838e-01	-7.05813e-05	-4.56295e-05	
1863	1.775500e-07	2.918778e-01	-7.05797e-05	-4.56287e-05	
1864	1.776500e-07	2.918719e-01	-7.05781e-05	-4.56278e-05	
1865	1.777500e-07	2.918659e-01	-7.05765e-05	-4.56270e-05	
1866	1.778500e-07	2.918600e-01	-7.05750e-05	-4.56262e-05	
1867	1.779500e-07	2.918540e-01	-7.05734e-05	-4.56253e-05	
1868	1.780500e-07	2.918481e-01	-7.05718e-05	-4.56245e-05	
1869	1.781500e-07	2.918421e-01	-7.05702e-05	-4.56237e-05	
1870	1.782500e-07	2.918362e-01	-7.05686e-05	-4.56228e-05	
1871	1.783500e-07	2.918302e-01	-7.05670e-05	-4.56220e-05	
1872	1.784500e-07	2.918243e-01	-7.05654e-05	-4.56212e-05	
1873	1.785500e-07	2.918184e-01	-7.05638e-05	-4.56203e-05	
1874	1.786500e-07	2.918124e-01	-7.05622e-05	-4.56195e-05	
1875	1.787500e-07	2.918065e-01	-7.05606e-05	-4.56187e-05	
1876	1.788500e-07	2.918005e-01	-7.05590e-05	-4.56178e-05	
1877	1.789500e-07	2.917946e-01	-7.05574e-05	-4.56170e-05	
1878	1.790500e-07	2.917886e-01	-7.05558e-05	-4.56162e-05	
1879	1.791500e-07	2.917827e-01	-7.05542e-05	-4.56153e-05	
1880	1.792500e-07	2.917767e-01	-7.05526e-05	-4.56145e-05	
1881	1.793500e-07	2.917708e-01	-7.05511e-05	-4.56137e-05	
1882	1.794500e-07	2.917649e-01	-7.05495e-05	-4.56128e-05	
1883	1.795500e-07	2.917589e-01	-7.05479e-05	-4.56120e-05	
1884	1.796500e-07	2.917530e-01	-7.05463e-05	-4.56111e-05	
1885	1.797500e-07	2.917470e-01	-7.05447e-05	-4.56103e-05	
1886	1.798500e-07	2.917411e-01	-7.05431e-05	-4.56095e-05	
1887	1.799500e-07	2.917351e-01	-7.05415e-05	-4.56086e-05	
1888	1.800500e-07	2.917292e-01	-7.05399e-05	-4.56078e-05	
1889	1.801500e-07	2.917232e-01	-7.05383e-05	-4.56070e-05	
1890	1.802500e-07	2.917173e-01	-7.05367e-05	-4.56061e-05	
1891	1.803500e-07	2.917114e-01	-7.05351e-05	-4.56053e-05	
1892	1.804500e-07	2.917054e-01	-7.05335e-05	-4.56045e-05	
1893	1.805500e-07	2.916995e-01	-7.05319e-05	-4.56036e-05	
1894	1.806500e-07	2.916935e-01	-7.05303e-05	-4.56028e-05	
1895	1.807500e-07	2.916876e-01	-7.05288e-05	-4.56020e-05	
1896	1.808500e-07	2.916816e-01	-7.05272e-05	-4.56011e-05	
1897	1.809500e-07	2.916757e-01	-7.05256e-05	-4.56003e-05	
1898	1.810500e-07	2.916698e-01	-7.05240e-05	-4.55995e-05	
1899	1.811500e-07	2.916638e-01	-7.05224e-05	-4.55986e-05	
1900	1.812500e-07	2.916579e-01	-7.05208e-05	-4.55978e-05	
1901	1.813500e-07	2.916519e-01	-7.05192e-05	-4.55970e-05	
1902	1.814500e-07	2.916460e-01	-7.05176e-05	-4.55961e-05	
1903	1.815500e-07	2.916400e-01	-7.05160e-05	-4.55953e-05	
1904	1.816500e-07	2.916341e-01	-7.05144e-05	-4.55944e-05	
1905	1.817500e-07	2.916282e-01	-7.05128e-05	-4.55936e-05	
1906	1.818500e-07	2.916222e-01	-7.05112e-05	-4.55928e-05	
1907	1.819500e-07	2.916163e-01	-7.05096e-05	-4.55919e-05	
1908	1.820500e-07	2.916103e-01	-7.05081e-05	-4.55911e-05	
1909	1.821500e-07	2.916044e-01	-7.05065e-05	-4.55903e-05	
1910	1.822500e-07	2.915984e-01	-7.05049e-05	-4.55894e-05	

Index   time            v(drva)         v(rap)          v(rbp)          
--------------------------------------------------------------------------------
1911	1.823500e-07	2.915925e-01	-7.05033e-05	-4.55886e-05	
1912	1.824500e-07	2.915866e-01	-7.05017e-05	-4.55878e-05	
1913	1.825500e-07	2.915806e-01	-7.05001e-05	-4.55869e-05	
1914	1.826500e-07	2.915747e-01	-7.04985e-05	-4.55861e-05	
1915	1.827500e-07	2.915687e-01	-7.04969e-05	-4.55853e-05	
1916	1.828500e-07	2.915628e-01	-7.04953e-05	-4.55844e-05	
1917	1.829500e-07	2.915569e-01	-7.04937e-05	-4.55836e-05	
1918	1.830500e-07	2.915509e-01	-7.04921e-05	-4.55828e-05	
1919	1.831500e-07	2.915450e-01	-7.04905e-05	-4.55819e-05	
1920	1.832500e-07	2.915390e-01	-7.04889e-05	-4.55811e-05	
1921	1.833500e-07	2.915331e-01	-7.04874e-05	-4.55803e-05	
1922	1.834500e-07	2.915272e-01	-7.04858e-05	-4.55794e-05	
1923	1.835500e-07	2.915212e-01	-7.04842e-05	-4.55786e-05	
1924	1.836500e-07	2.915153e-01	-7.04826e-05	-4.55778e-05	
1925	1.837500e-07	2.915093e-01	-7.04810e-05	-4.55769e-05	
1926	1.838500e-07	2.915034e-01	-7.04794e-05	-4.55761e-05	
1927	1.839500e-07	2.914975e-01	-7.04778e-05	-4.55753e-05	
1928	1.840500e-07	2.914915e-01	-7.04762e-05	-4.55744e-05	
1929	1.841500e-07	2.914856e-01	-7.04746e-05	-4.55736e-05	
1930	1.842500e-07	2.914796e-01	-7.04730e-05	-4.55727e-05	
1931	1.843500e-07	2.914737e-01	-7.04714e-05	-4.55719e-05	
1932	1.844500e-07	2.914678e-01	-7.04698e-05	-4.55711e-05	
1933	1.845500e-07	2.914618e-01	-7.04683e-05	-4.55702e-05	
1934	1.846500e-07	2.914559e-01	-7.04667e-05	-4.55694e-05	
1935	1.847500e-07	2.914499e-01	-7.04651e-05	-4.55686e-05	
1936	1.848500e-07	2.914440e-01	-7.04635e-05	-4.55677e-05	
1937	1.849500e-07	2.914381e-01	-7.04619e-05	-4.55669e-05	
1938	1.850500e-07	2.914321e-01	-7.04603e-05	-4.55661e-05	
1939	1.851500e-07	2.914262e-01	-7.04587e-05	-4.55652e-05	
1940	1.852500e-07	2.914203e-01	-7.04571e-05	-4.55644e-05	
1941	1.853500e-07	2.914143e-01	-7.04555e-05	-4.55636e-05	
1942	1.854500e-07	2.914084e-01	-7.04539e-05	-4.55627e-05	
1943	1.855500e-07	2.914024e-01	-7.04523e-05	-4.55619e-05	
1944	1.856500e-07	2.913965e-01	-7.04508e-05	-4.55611e-05	
1945	1.857500e-07	2.913906e-01	-7.04492e-05	-4.55602e-05	
1946	1.858500e-07	2.913846e-01	-7.04476e-05	-4.55594e-05	
1947	1.859500e-07	2.913787e-01	-7.04460e-05	-4.55586e-05	
1948	1.860500e-07	2.913728e-01	-7.04444e-05	-4.55577e-05	
1949	1.861500e-07	2.913668e-01	-7.04428e-05	-4.55569e-05	
1950	1.862500e-07	2.913609e-01	-7.04412e-05	-4.55561e-05	
1951	1.863500e-07	2.913549e-01	-7.04396e-05	-4.55552e-05	
1952	1.864500e-07	2.913490e-01	-7.04380e-05	-4.55544e-05	
1953	1.865500e-07	2.913431e-01	-7.04364e-05	-4.55536e-05	
1954	1.866500e-07	2.913371e-01	-7.04348e-05	-4.55527e-05	
1955	1.867500e-07	2.913312e-01	-7.04333e-05	-4.55519e-05	
1956	1.868500e-07	2.913253e-01	-7.04317e-05	-4.55511e-05	
1957	1.869500e-07	2.913193e-01	-7.04301e-05	-4.55502e-05	
1958	1.870500e-07	2.913134e-01	-7.04285e-05	-4.55494e-05	
1959	1.871500e-07	2.913074e-01	-7.04269e-05	-4.55486e-05	
1960	1.872500e-07	2.913015e-01	-7.04253e-05	-4.55477e-05	
1961	1.873500e-07	2.912956e-01	-7.04237e-05	-4.55469e-05	
1962	1.874500e-07	2.912896e-01	-7.04221e-05	-4.55461e-05	
1963	1.875500e-07	2.912837e-01	-7.04205e-05	-4.55452e-05	
1964	1.876500e-07	2.912778e-01	-7.04189e-05	-4.55444e-05	
1965	1.877500e-07	2.912718e-01	-7.04174e-05	-4.55435e-05	
1966	1.878500e-07	2.912659e-01	-7.04158e-05	-4.55427e-05	
1967	1.879500e-07	2.912600e-01	-7.04142e-05	-4.55419e-05	
1968	1.880500e-07	2.912540e-01	-7.04126e-05	-4.55410e-05	

Index   time            v(drva)         v(rap)          v(rbp)          
--------------------------------------------------------------------------------
1969	1.881500e-07	2.912481e-01	-7.04110e-05	-4.55402e-05	
1970	1.882500e-07	2.912422e-01	-7.04094e-05	-4.55394e-05	
1971	1.883500e-07	2.912362e-01	-7.04078e-05	-4.55385e-05	
1972	1.884500e-07	2.912303e-01	-7.04062e-05	-4.55377e-05	
1973	1.885500e-07	2.912244e-01	-7.04046e-05	-4.55369e-05	
1974	1.886500e-07	2.912184e-01	-7.04030e-05	-4.55360e-05	
1975	1.887500e-07	2.912125e-01	-7.04015e-05	-4.55352e-05	
1976	1.888500e-07	2.912065e-01	-7.03999e-05	-4.55344e-05	
1977	1.889500e-07	2.912006e-01	-7.03983e-05	-4.55335e-05	
1978	1.890500e-07	2.911947e-01	-7.03967e-05	-4.55327e-05	
1979	1.891500e-07	2.911887e-01	-7.03951e-05	-4.55319e-05	
1980	1.892500e-07	2.911828e-01	-7.03935e-05	-4.55310e-05	
1981	1.893500e-07	2.911769e-01	-7.03919e-05	-4.55302e-05	
1982	1.894500e-07	2.911709e-01	-7.03903e-05	-4.55294e-05	
1983	1.895500e-07	2.911650e-01	-7.03887e-05	-4.55285e-05	
1984	1.896500e-07	2.911591e-01	-7.03871e-05	-4.55277e-05	
1985	1.897500e-07	2.911531e-01	-7.03856e-05	-4.55269e-05	
1986	1.898500e-07	2.911472e-01	-7.03840e-05	-4.55260e-05	
1987	1.899500e-07	2.911413e-01	-7.03824e-05	-4.55252e-05	
1988	1.900500e-07	2.911353e-01	-7.03808e-05	-4.55244e-05	
1989	1.901500e-07	2.911294e-01	-7.03792e-05	-4.55235e-05	
1990	1.902500e-07	2.911235e-01	-7.03776e-05	-4.55227e-05	
1991	1.903500e-07	2.911175e-01	-7.03760e-05	-4.55219e-05	
1992	1.904500e-07	2.911116e-01	-7.03744e-05	-4.55210e-05	
1993	1.905500e-07	2.911057e-01	-7.03728e-05	-4.55202e-05	
1994	1.906500e-07	2.910997e-01	-7.03713e-05	-4.55194e-05	
1995	1.907500e-07	2.910938e-01	-7.03697e-05	-4.55185e-05	
1996	1.908500e-07	2.910879e-01	-7.03681e-05	-4.55177e-05	
1997	1.909500e-07	2.910820e-01	-7.03665e-05	-4.55169e-05	
1998	1.910500e-07	2.910760e-01	-7.03649e-05	-4.55160e-05	
1999	1.911500e-07	2.910701e-01	-7.03633e-05	-4.55152e-05	
2000	1.912500e-07	2.910642e-01	-7.03617e-05	-4.55144e-05	
2001	1.913500e-07	2.910582e-01	-7.03601e-05	-4.55135e-05	
2002	1.914500e-07	2.910523e-01	-7.03585e-05	-4.55127e-05	
2003	1.915500e-07	2.910464e-01	-7.03570e-05	-4.55119e-05	
2004	1.916500e-07	2.910404e-01	-7.03554e-05	-4.55110e-05	
2005	1.917500e-07	2.910345e-01	-7.03538e-05	-4.55102e-05	
2006	1.918500e-07	2.910286e-01	-7.03522e-05	-4.55094e-05	
2007	1.919500e-07	2.910226e-01	-7.03506e-05	-4.55085e-05	
2008	1.920500e-07	2.910167e-01	-7.03490e-05	-4.55077e-05	
2009	1.921500e-07	2.910108e-01	-7.03474e-05	-4.55069e-05	
2010	1.922500e-07	2.910048e-01	-7.03458e-05	-4.55060e-05	
2011	1.923500e-07	2.909989e-01	-7.03442e-05	-4.55052e-05	
2012	1.924500e-07	2.909930e-01	-7.03427e-05	-4.55044e-05	
2013	1.925500e-07	2.909871e-01	-7.03411e-05	-4.55035e-05	
2014	1.926500e-07	2.909811e-01	-7.03395e-05	-4.55027e-05	
2015	1.927500e-07	2.909752e-01	-7.03379e-05	-4.55019e-05	
2016	1.928500e-07	2.909693e-01	-7.03363e-05	-4.55010e-05	
2017	1.929500e-07	2.909633e-01	-7.03347e-05	-4.55002e-05	
2018	1.930500e-07	2.909574e-01	-7.03331e-05	-4.54994e-05	
2019	1.931500e-07	2.909515e-01	-7.03315e-05	-4.54985e-05	
2020	1.932500e-07	2.909455e-01	-7.03299e-05	-4.54977e-05	
2021	1.933500e-07	2.909396e-01	-7.03284e-05	-4.54969e-05	
2022	1.934500e-07	2.909337e-01	-7.03268e-05	-4.54960e-05	
2023	1.935500e-07	2.909278e-01	-7.03252e-05	-4.54952e-05	
2024	1.936500e-07	2.909218e-01	-7.03236e-05	-4.54944e-05	
2025	1.937500e-07	2.909159e-01	-7.03220e-05	-4.54935e-05	
2026	1.938500e-07	2.909100e-01	-7.03204e-05	-4.54927e-05	

Index   time            v(drva)         v(rap)          v(rbp)          
--------------------------------------------------------------------------------
2027	1.939500e-07	2.909040e-01	-7.03188e-05	-4.54919e-05	
2028	1.940500e-07	2.908981e-01	-7.03172e-05	-4.54910e-05	
2029	1.941500e-07	2.908922e-01	-7.03157e-05	-4.54902e-05	
2030	1.942500e-07	2.908863e-01	-7.03141e-05	-4.54894e-05	
2031	1.943500e-07	2.908803e-01	-7.03125e-05	-4.54885e-05	
2032	1.944500e-07	2.908744e-01	-7.03109e-05	-4.54877e-05	
2033	1.945500e-07	2.908685e-01	-7.03093e-05	-4.54869e-05	
2034	1.946500e-07	2.908625e-01	-7.03077e-05	-4.54860e-05	
2035	1.947500e-07	2.908566e-01	-7.03061e-05	-4.54852e-05	
2036	1.948500e-07	2.908507e-01	-7.03045e-05	-4.54844e-05	
2037	1.949500e-07	2.908448e-01	-7.03029e-05	-4.54835e-05	
2038	1.950500e-07	2.908388e-01	-7.03014e-05	-4.54827e-05	
2039	1.951500e-07	2.908329e-01	-7.02998e-05	-4.54819e-05	
2040	1.952500e-07	2.908270e-01	-7.02982e-05	-4.54810e-05	
2041	1.953500e-07	2.908210e-01	-7.02966e-05	-4.54802e-05	
2042	1.954500e-07	2.908151e-01	-7.02950e-05	-4.54794e-05	
2043	1.955500e-07	2.908092e-01	-7.02934e-05	-4.54785e-05	
2044	1.956500e-07	2.908033e-01	-7.02918e-05	-4.54777e-05	
2045	1.957500e-07	2.907973e-01	-7.02902e-05	-4.54769e-05	
2046	1.958500e-07	2.907914e-01	-7.02887e-05	-4.54760e-05	
2047	1.959500e-07	2.907855e-01	-7.02871e-05	-4.54752e-05	
2048	1.960500e-07	2.907796e-01	-7.02855e-05	-4.54744e-05	
2049	1.961500e-07	2.907736e-01	-7.02839e-05	-4.54735e-05	
2050	1.962500e-07	2.907677e-01	-7.02823e-05	-4.54727e-05	
2051	1.963500e-07	2.907618e-01	-7.02807e-05	-4.54719e-05	
2052	1.964500e-07	2.907559e-01	-7.02791e-05	-4.54710e-05	
2053	1.965500e-07	2.907499e-01	-7.02776e-05	-4.54702e-05	
2054	1.966500e-07	2.907440e-01	-7.02760e-05	-4.54694e-05	
2055	1.967500e-07	2.907381e-01	-7.02744e-05	-4.54685e-05	
2056	1.968500e-07	2.907322e-01	-7.02728e-05	-4.54677e-05	
2057	1.969500e-07	2.907262e-01	-7.02712e-05	-4.54669e-05	
2058	1.970500e-07	2.907203e-01	-7.02696e-05	-4.54660e-05	
2059	1.971500e-07	2.907144e-01	-7.02680e-05	-4.54652e-05	
2060	1.972500e-07	2.907085e-01	-7.02664e-05	-4.54644e-05	
2061	1.973500e-07	2.907025e-01	-7.02649e-05	-4.54635e-05	
2062	1.974500e-07	2.906966e-01	-7.02633e-05	-4.54627e-05	
2063	1.975500e-07	2.906907e-01	-7.02617e-05	-4.54619e-05	
2064	1.976500e-07	2.906848e-01	-7.02601e-05	-4.54610e-05	
2065	1.977500e-07	2.906788e-01	-7.02585e-05	-4.54602e-05	
2066	1.978500e-07	2.906729e-01	-7.02569e-05	-4.54594e-05	
2067	1.979500e-07	2.906670e-01	-7.02553e-05	-4.54585e-05	
2068	1.980500e-07	2.906611e-01	-7.02537e-05	-4.54577e-05	
2069	1.981500e-07	2.906551e-01	-7.02522e-05	-4.54569e-05	
2070	1.982500e-07	2.906492e-01	-7.02506e-05	-4.54560e-05	
2071	1.983500e-07	2.906433e-01	-7.02490e-05	-4.54552e-05	
2072	1.984500e-07	2.906374e-01	-7.02474e-05	-4.54544e-05	
2073	1.985500e-07	2.906314e-01	-7.02458e-05	-4.54535e-05	
2074	1.986500e-07	2.906255e-01	-7.02442e-05	-4.54527e-05	
2075	1.987500e-07	2.906196e-01	-7.02426e-05	-4.54519e-05	
2076	1.988500e-07	2.906137e-01	-7.02411e-05	-4.54510e-05	
2077	1.989500e-07	2.906077e-01	-7.02395e-05	-4.54502e-05	
2078	1.990500e-07	2.906018e-01	-7.02379e-05	-4.54494e-05	
2079	1.991500e-07	2.905959e-01	-7.02363e-05	-4.54485e-05	
2080	1.992500e-07	2.905900e-01	-7.02347e-05	-4.54477e-05	
2081	1.993500e-07	2.905840e-01	-7.02331e-05	-4.54469e-05	
2082	1.994500e-07	2.905781e-01	-7.02315e-05	-4.54460e-05	
2083	1.995500e-07	2.905722e-01	-7.02300e-05	-4.54452e-05	
2084	1.996500e-07	2.905663e-01	-7.02284e-05	-4.54444e-05	

Index   time            v(drva)         v(rap)          v(rbp)          
--------------------------------------------------------------------------------
2085	1.997500e-07	2.905604e-01	-7.02268e-05	-4.54435e-05	
2086	1.998500e-07	2.905544e-01	-7.02252e-05	-4.54427e-05	
2087	1.999500e-07	2.905485e-01	-7.02236e-05	-4.54419e-05	
2088	2.000500e-07	2.905426e-01	-7.02220e-05	-4.54410e-05	
2089	2.001500e-07	2.905367e-01	-7.02204e-05	-4.54402e-05	
2090	2.002500e-07	2.905307e-01	-7.02188e-05	-4.54394e-05	
2091	2.003500e-07	2.905248e-01	-7.02173e-05	-4.54386e-05	
2092	2.004500e-07	2.905189e-01	-7.02157e-05	-4.54377e-05	
2093	2.005500e-07	2.905130e-01	-7.02141e-05	-4.54369e-05	
2094	2.006500e-07	2.905071e-01	-7.02125e-05	-4.54361e-05	
2095	2.007500e-07	2.905011e-01	-7.02109e-05	-4.54352e-05	
2096	2.008500e-07	2.904952e-01	-7.02093e-05	-4.54344e-05	
2097	2.009500e-07	2.904893e-01	-7.02077e-05	-4.54336e-05	
2098	2.010500e-07	2.904834e-01	-7.02062e-05	-4.54327e-05	
2099	2.011500e-07	2.904775e-01	-7.02046e-05	-4.54319e-05	
2100	2.012500e-07	2.904715e-01	-7.02030e-05	-4.54311e-05	
2101	2.013500e-07	2.904656e-01	-7.02014e-05	-4.54302e-05	
2102	2.014500e-07	2.904597e-01	-7.01998e-05	-4.54294e-05	
2103	2.015500e-07	2.904538e-01	-7.01982e-05	-4.54286e-05	
2104	2.016500e-07	2.904478e-01	-7.01967e-05	-4.54277e-05	
2105	2.017500e-07	2.904419e-01	-7.01951e-05	-4.54269e-05	
2106	2.018500e-07	2.904360e-01	-7.01935e-05	-4.54261e-05	
2107	2.019500e-07	2.904301e-01	-7.01919e-05	-4.54252e-05	
2108	2.020500e-07	2.904242e-01	-7.01903e-05	-4.54244e-05	
2109	2.021500e-07	2.904182e-01	-7.01887e-05	-4.54236e-05	
2110	2.022500e-07	2.904123e-01	-7.01871e-05	-4.54227e-05	
2111	2.023500e-07	2.904064e-01	-7.01856e-05	-4.54219e-05	
2112	2.024500e-07	2.904005e-01	-7.01840e-05	-4.54211e-05	
2113	2.025500e-07	2.903946e-01	-7.01824e-05	-4.54202e-05	
2114	2.026500e-07	2.903887e-01	-7.01808e-05	-4.54194e-05	
2115	2.027500e-07	2.903827e-01	-7.01792e-05	-4.54186e-05	
2116	2.028500e-07	2.903768e-01	-7.01776e-05	-4.54177e-05	
2117	2.029500e-07	2.903709e-01	-7.01760e-05	-4.54169e-05	
2118	2.030500e-07	2.903650e-01	-7.01745e-05	-4.54161e-05	
2119	2.031500e-07	2.903591e-01	-7.01729e-05	-4.54152e-05	
2120	2.032500e-07	2.903531e-01	-7.01713e-05	-4.54144e-05	
2121	2.033500e-07	2.903472e-01	-7.01697e-05	-4.54136e-05	
2122	2.034500e-07	2.903413e-01	-7.01681e-05	-4.54127e-05	
2123	2.035500e-07	2.903354e-01	-7.01665e-05	-4.54119e-05	
2124	2.036500e-07	2.903295e-01	-7.01650e-05	-4.54111e-05	
2125	2.037500e-07	2.903235e-01	-7.01634e-05	-4.54102e-05	
2126	2.038500e-07	2.903176e-01	-7.01618e-05	-4.54094e-05	
2127	2.039500e-07	2.903117e-01	-7.01602e-05	-4.54086e-05	
2128	2.040500e-07	2.903058e-01	-7.01586e-05	-4.54078e-05	
2129	2.041500e-07	2.902999e-01	-7.01570e-05	-4.54069e-05	
2130	2.042500e-07	2.902940e-01	-7.01554e-05	-4.54061e-05	
2131	2.043500e-07	2.902880e-01	-7.01539e-05	-4.54053e-05	
2132	2.044500e-07	2.902821e-01	-7.01523e-05	-4.54044e-05	
2133	2.045500e-07	2.902762e-01	-7.01507e-05	-4.54036e-05	
2134	2.046500e-07	2.902703e-01	-7.01491e-05	-4.54028e-05	
2135	2.047500e-07	2.902644e-01	-7.01475e-05	-4.54019e-05	
2136	2.048500e-07	2.902585e-01	-7.01459e-05	-4.54011e-05	
2137	2.049500e-07	2.902525e-01	-7.01444e-05	-4.54003e-05	
2138	2.050500e-07	2.902466e-01	-7.01428e-05	-4.53994e-05	
2139	2.051500e-07	2.902407e-01	-7.01412e-05	-4.53986e-05	
2140	2.052500e-07	2.902348e-01	-7.01396e-05	-4.53978e-05	
2141	2.053500e-07	2.902289e-01	-7.01380e-05	-4.53969e-05	
2142	2.054500e-07	2.902230e-01	-7.01364e-05	-4.53961e-05	

Index   time            v(drva)         v(rap)          v(rbp)          
--------------------------------------------------------------------------------
2143	2.055500e-07	2.902170e-01	-7.01348e-05	-4.53953e-05	
2144	2.056500e-07	2.902111e-01	-7.01333e-05	-4.53944e-05	
2145	2.057500e-07	2.902052e-01	-7.01317e-05	-4.53936e-05	
2146	2.058500e-07	2.901993e-01	-7.01301e-05	-4.53928e-05	
2147	2.059500e-07	2.901934e-01	-7.01285e-05	-4.53919e-05	
2148	2.060500e-07	2.901875e-01	-7.01269e-05	-4.53911e-05	
2149	2.061500e-07	2.901815e-01	-7.01253e-05	-4.53903e-05	
2150	2.062500e-07	2.901756e-01	-7.01238e-05	-4.53894e-05	
2151	2.063500e-07	2.901697e-01	-7.01222e-05	-4.53886e-05	
2152	2.064500e-07	2.901638e-01	-7.01206e-05	-4.53878e-05	
2153	2.065500e-07	2.901579e-01	-7.01190e-05	-4.53870e-05	
2154	2.066500e-07	2.901520e-01	-7.01174e-05	-4.53861e-05	
2155	2.067500e-07	2.901460e-01	-7.01158e-05	-4.53853e-05	
2156	2.068500e-07	2.901401e-01	-7.01143e-05	-4.53845e-05	
2157	2.069500e-07	2.901342e-01	-7.01127e-05	-4.53836e-05	
2158	2.070500e-07	2.901283e-01	-7.01111e-05	-4.53828e-05	
2159	2.071500e-07	2.901224e-01	-7.01095e-05	-4.53820e-05	
2160	2.072500e-07	2.901165e-01	-7.01079e-05	-4.53811e-05	
2161	2.073500e-07	2.901106e-01	-7.01063e-05	-4.53803e-05	
2162	2.074500e-07	2.901046e-01	-7.01048e-05	-4.53795e-05	
2163	2.075500e-07	2.900987e-01	-7.01032e-05	-4.53786e-05	
2164	2.076500e-07	2.900928e-01	-7.01016e-05	-4.53778e-05	
2165	2.077500e-07	2.900869e-01	-7.01000e-05	-4.53770e-05	
2166	2.078500e-07	2.900810e-01	-7.00984e-05	-4.53761e-05	
2167	2.079500e-07	2.900751e-01	-7.00968e-05	-4.53753e-05	
2168	2.080500e-07	2.900692e-01	-7.00953e-05	-4.53745e-05	
2169	2.081500e-07	2.900633e-01	-7.00937e-05	-4.53736e-05	
2170	2.082500e-07	2.900573e-01	-7.00921e-05	-4.53728e-05	
2171	2.083500e-07	2.900514e-01	-7.00905e-05	-4.53720e-05	
2172	2.084500e-07	2.900455e-01	-7.00889e-05	-4.53712e-05	
2173	2.085500e-07	2.900396e-01	-7.00873e-05	-4.53703e-05	
2174	2.086500e-07	2.900337e-01	-7.00858e-05	-4.53695e-05	
2175	2.087500e-07	2.900278e-01	-7.00842e-05	-4.53687e-05	
2176	2.088500e-07	2.900219e-01	-7.00826e-05	-4.53678e-05	
2177	2.089500e-07	2.900159e-01	-7.00810e-05	-4.53670e-05	
2178	2.090500e-07	2.900100e-01	-7.00794e-05	-4.53662e-05	
2179	2.091500e-07	2.900041e-01	-7.00778e-05	-4.53653e-05	
2180	2.092500e-07	2.899982e-01	-7.00763e-05	-4.53645e-05	
2181	2.093500e-07	2.899923e-01	-7.00747e-05	-4.53637e-05	
2182	2.094500e-07	2.899864e-01	-7.00731e-05	-4.53628e-05	
2183	2.095500e-07	2.899805e-01	-7.00715e-05	-4.53620e-05	
2184	2.096500e-07	2.899746e-01	-7.00699e-05	-4.53612e-05	
2185	2.097500e-07	2.899687e-01	-7.00684e-05	-4.53603e-05	
2186	2.098500e-07	2.899627e-01	-7.00668e-05	-4.53595e-05	
2187	2.099500e-07	2.899568e-01	-7.00652e-05	-4.53587e-05	
2188	2.100000e-07	2.899539e-01	-7.00644e-05	-4.53583e-05	
2189	2.100100e-07	2.950250e-01	-4.40952e-06	1.739411e-05	
2190	2.100300e-07	3.053075e-01	2.541757e-04	2.640862e-04	
2191	2.100700e-07	3.266767e-01	1.489596e-03	1.436108e-03	
2192	2.101500e-07	3.723039e-01	6.432525e-03	6.068333e-03	
2193	2.102500e-07	4.340438e-01	1.637330e-02	1.522656e-02	
2194	2.103500e-07	5.001995e-01	2.949516e-02	2.708000e-02	
2195	2.104500e-07	5.700999e-01	4.497214e-02	4.077330e-02	
2196	2.105500e-07	6.431892e-01	6.252406e-02	5.564108e-02	
2197	2.106500e-07	7.188694e-01	8.260549e-02	7.105503e-02	
2198	2.107500e-07	7.965589e-01	1.056506e-01	8.646900e-02	
2199	2.108500e-07	8.758403e-01	1.314223e-01	1.015340e-01	
2200	2.109500e-07	9.564650e-01	1.593343e-01	1.160802e-01	

Index   time            v(drva)         v(rap)          v(rbp)          
--------------------------------------------------------------------------------
2201	2.110000e-07	9.972352e-01	1.739342e-01	1.231356e-01	
2202	2.110100e-07	1.000358e+00	1.768388e-01	1.244628e-01	
2203	2.110300e-07	1.006485e+00	1.825456e-01	1.269843e-01	
2204	2.110700e-07	1.018073e+00	1.933738e-01	1.312793e-01	
2205	2.111500e-07	1.038912e+00	2.129496e-01	1.373256e-01	
2206	2.112500e-07	1.061320e+00	2.341180e-01	1.410966e-01	
2207	2.113500e-07	1.080543e+00	2.523465e-01	1.417921e-01	
2208	2.114500e-07	1.097307e+00	2.682793e-01	1.403555e-01	
2209	2.115500e-07	1.112149e+00	2.824047e-01	1.374670e-01	
2210	2.116500e-07	1.125463e+00	2.950896e-01	1.336155e-01	
2211	2.117500e-07	1.137542e+00	3.066084e-01	1.291515e-01	
2212	2.118500e-07	1.148606e+00	3.171667e-01	1.243250e-01	
2213	2.119500e-07	1.158820e+00	3.269197e-01	1.193134e-01	
2214	2.120500e-07	1.168309e+00	3.359855e-01	1.142418e-01	
2215	2.121500e-07	1.177169e+00	3.444548e-01	1.091971e-01	
2216	2.122500e-07	1.185475e+00	3.523983e-01	1.042390e-01	
2217	2.123500e-07	1.193286e+00	3.598717e-01	9.940753e-02	
2218	2.124500e-07	1.200649e+00	3.669200e-01	9.472862e-02	
2219	2.125500e-07	1.207604e+00	3.735798e-01	9.021811e-02	
2220	2.126500e-07	1.214183e+00	3.798815e-01	8.588466e-02	
2221	2.127500e-07	1.220413e+00	3.858511e-01	8.173189e-02	
2222	2.128500e-07	1.226318e+00	3.915108e-01	7.775986e-02	
2223	2.129500e-07	1.231918e+00	3.968802e-01	7.396617e-02	
2224	2.130500e-07	1.237232e+00	4.019766e-01	7.034680e-02	
2225	2.131500e-07	1.242277e+00	4.068158e-01	6.689660e-02	
2226	2.132500e-07	1.247067e+00	4.114121e-01	6.360977e-02	
2227	2.133500e-07	1.251617e+00	4.157785e-01	6.048009e-02	
2228	2.134500e-07	1.255939e+00	4.199272e-01	5.750116e-02	
2229	2.135500e-07	1.260045e+00	4.238696e-01	5.466653e-02	
2230	2.136500e-07	1.263947e+00	4.276163e-01	5.196982e-02	
2231	2.137500e-07	1.267654e+00	4.311772e-01	4.940475e-02	
2232	2.138500e-07	1.271177e+00	4.345616e-01	4.696522e-02	
2233	2.139500e-07	1.274526e+00	4.377785e-01	4.464534e-02	
2234	2.140000e-07	1.276137e+00	4.393264e-01	4.352865e-02	
2235	2.140100e-07	1.271382e+00	4.395641e-01	4.324661e-02	
2236	2.140300e-07	1.261729e+00	4.399059e-01	4.256407e-02	
2237	2.140700e-07	1.241606e+00	4.398206e-01	4.053930e-02	
2238	2.141500e-07	1.198457e+00	4.368807e-01	3.430079e-02	
2239	2.142500e-07	1.139865e+00	4.287362e-01	2.337426e-02	
2240	2.143500e-07	1.077024e+00	4.165021e-01	1.008493e-02	
2241	2.144500e-07	1.010721e+00	4.009426e-01	-4.65142e-03	
2242	2.145500e-07	9.415432e-01	3.826323e-01	-2.01855e-02	
2243	2.146500e-07	8.699336e-01	3.620060e-01	-3.60602e-02	
2244	2.147500e-07	7.962281e-01	3.393966e-01	-5.19573e-02	
2245	2.148500e-07	7.206849e-01	3.150625e-01	-6.76582e-02	
2246	2.149500e-07	6.435046e-01	2.892081e-01	-8.30166e-02	
2247	2.150000e-07	6.043474e-01	2.757595e-01	-9.05380e-02	
2248	2.150100e-07	6.015377e-01	2.730906e-01	-9.19632e-02	
2249	2.150300e-07	5.960303e-01	2.678575e-01	-9.46832e-02	
2250	2.150700e-07	5.856507e-01	2.579893e-01	-9.93900e-02	
2251	2.151500e-07	5.671036e-01	2.403562e-01	-1.06310e-01	
2252	2.152500e-07	5.473466e-01	2.215980e-01	-1.11245e-01	
2253	2.153500e-07	5.305641e-01	2.057007e-01	-1.13154e-01	
2254	2.154500e-07	5.160551e-01	1.919907e-01	-1.12953e-01	
2255	2.155500e-07	5.033066e-01	1.799726e-01	-1.11302e-01	
2256	2.156500e-07	4.919412e-01	1.692824e-01	-1.08673e-01	
2257	2.157500e-07	4.816802e-01	1.596519e-01	-1.05408e-01	
2258	2.158500e-07	4.723166e-01	1.508819e-01	-1.01747e-01	

Index   time            v(drva)         v(rap)          v(rbp)          
--------------------------------------------------------------------------------
2259	2.159500e-07	4.636956e-01	1.428238e-01	-9.78651e-02	
2260	2.160500e-07	4.557006e-01	1.353655e-01	-9.38825e-02	
2261	2.161500e-07	4.482427e-01	1.284217e-01	-8.98849e-02	
2262	2.162500e-07	4.412532e-01	1.219268e-01	-8.59312e-02	
2263	2.163500e-07	4.346787e-01	1.158291e-01	-8.20616e-02	
2264	2.164500e-07	4.284766e-01	1.100880e-01	-7.83023e-02	
2265	2.165500e-07	4.226125e-01	1.046704e-01	-7.46701e-02	
2266	2.166500e-07	4.170583e-01	9.954914e-02	-7.11748e-02	
2267	2.167500e-07	4.117902e-01	9.470146e-02	-6.78213e-02	
2268	2.168500e-07	4.067882e-01	9.010793e-02	-6.46108e-02	
2269	2.169500e-07	4.020347e-01	8.575167e-02	-6.15425e-02	
2270	2.170500e-07	3.975143e-01	8.161782e-02	-5.86136e-02	
2271	2.171500e-07	3.932135e-01	7.769309e-02	-5.58205e-02	
2272	2.172500e-07	3.891196e-01	7.396545e-02	-5.31588e-02	
2273	2.173500e-07	3.852215e-01	7.042392e-02	-5.06236e-02	
2274	2.174500e-07	3.815086e-01	6.705840e-02	-4.82099e-02	
2275	2.175500e-07	3.779713e-01	6.385950e-02	-4.59124e-02	
2276	2.176500e-07	3.746007e-01	6.081849e-02	-4.37260e-02	
2277	2.177500e-07	3.713882e-01	5.792720e-02	-4.16457e-02	
2278	2.178500e-07	3.683259e-01	5.517793e-02	-3.96666e-02	
2279	2.179500e-07	3.654065e-01	5.256347e-02	-3.77838e-02	
2280	2.180500e-07	3.626228e-01	5.007698e-02	-3.59927e-02	
2281	2.181500e-07	3.599682e-01	4.771202e-02	-3.42890e-02	
2282	2.182500e-07	3.574363e-01	4.546249e-02	-3.26683e-02	
2283	2.183500e-07	3.550213e-01	4.332261e-02	-3.11265e-02	
2284	2.184500e-07	3.527174e-01	4.128691e-02	-2.96599e-02	
2285	2.185500e-07	3.505193e-01	3.935020e-02	-2.82648e-02	
2286	2.186500e-07	3.484219e-01	3.750754e-02	-2.69375e-02	
2287	2.187500e-07	3.464203e-01	3.575428e-02	-2.56748e-02	
2288	2.188500e-07	3.445100e-01	3.408597e-02	-2.44734e-02	
2289	2.189500e-07	3.426865e-01	3.249841e-02	-2.33304e-02	
2290	2.190500e-07	3.409457e-01	3.098760e-02	-2.22428e-02	
2291	2.191500e-07	3.392836e-01	2.954974e-02	-2.12080e-02	
2292	2.192500e-07	3.376965e-01	2.818122e-02	-2.02232e-02	
2293	2.193500e-07	3.361809e-01	2.687862e-02	-1.92861e-02	
2294	2.194500e-07	3.347332e-01	2.563869e-02	-1.83942e-02	
2295	2.195500e-07	3.333504e-01	2.445834e-02	-1.75454e-02	
2296	2.196500e-07	3.320293e-01	2.333463e-02	-1.67375e-02	
2297	2.197500e-07	3.307670e-01	2.226478e-02	-1.59685e-02	
2298	2.198500e-07	3.295607e-01	2.124613e-02	-1.52365e-02	
2299	2.199500e-07	3.284078e-01	2.027617e-02	-1.45396e-02	
2300	2.200000e-07	3.278507e-01	1.980877e-02	-1.42039e-02	

    * =====================================================================
    Transient Analysis  Fri Aug 28 22:18:30  2026
--------------------------------------------------------------------------------
Index   time            v(drvb)         v(raq)          v(rbq)          
--------------------------------------------------------------------------------
0	0.000000e+00	0.000000e+00	0.000000e+00	0.000000e+00	
1	1.000000e-12	0.000000e+00	0.000000e+00	0.000000e+00	
2	2.000000e-12	0.000000e+00	0.000000e+00	0.000000e+00	
3	4.000000e-12	0.000000e+00	0.000000e+00	0.000000e+00	
4	8.000000e-12	0.000000e+00	0.000000e+00	0.000000e+00	
5	1.600000e-11	0.000000e+00	0.000000e+00	0.000000e+00	
6	3.200000e-11	0.000000e+00	0.000000e+00	0.000000e+00	
7	6.400000e-11	0.000000e+00	0.000000e+00	0.000000e+00	
8	1.280000e-10	0.000000e+00	0.000000e+00	0.000000e+00	
9	2.280000e-10	0.000000e+00	0.000000e+00	0.000000e+00	
10	3.280000e-10	0.000000e+00	0.000000e+00	0.000000e+00	
11	4.280000e-10	0.000000e+00	0.000000e+00	0.000000e+00	
12	5.280000e-10	0.000000e+00	0.000000e+00	0.000000e+00	
13	6.280000e-10	0.000000e+00	0.000000e+00	0.000000e+00	
14	7.280000e-10	0.000000e+00	0.000000e+00	0.000000e+00	
15	8.280000e-10	0.000000e+00	0.000000e+00	0.000000e+00	
16	9.280000e-10	0.000000e+00	0.000000e+00	0.000000e+00	
17	1.028000e-09	0.000000e+00	0.000000e+00	0.000000e+00	
18	1.128000e-09	0.000000e+00	0.000000e+00	0.000000e+00	
19	1.228000e-09	0.000000e+00	0.000000e+00	0.000000e+00	
20	1.328000e-09	0.000000e+00	0.000000e+00	0.000000e+00	
21	1.428000e-09	0.000000e+00	0.000000e+00	0.000000e+00	
22	1.528000e-09	0.000000e+00	0.000000e+00	0.000000e+00	
23	1.628000e-09	0.000000e+00	0.000000e+00	0.000000e+00	
24	1.728000e-09	0.000000e+00	0.000000e+00	0.000000e+00	
25	1.828000e-09	0.000000e+00	0.000000e+00	0.000000e+00	
26	1.928000e-09	0.000000e+00	0.000000e+00	0.000000e+00	
27	2.028000e-09	0.000000e+00	0.000000e+00	0.000000e+00	
28	2.128000e-09	0.000000e+00	0.000000e+00	0.000000e+00	
29	2.228000e-09	0.000000e+00	0.000000e+00	0.000000e+00	
30	2.328000e-09	0.000000e+00	0.000000e+00	0.000000e+00	
31	2.428000e-09	0.000000e+00	0.000000e+00	0.000000e+00	
32	2.528000e-09	0.000000e+00	0.000000e+00	0.000000e+00	
33	2.628000e-09	0.000000e+00	0.000000e+00	0.000000e+00	
34	2.728000e-09	0.000000e+00	0.000000e+00	0.000000e+00	
35	2.828000e-09	0.000000e+00	0.000000e+00	0.000000e+00	
36	2.928000e-09	0.000000e+00	0.000000e+00	0.000000e+00	
37	3.028000e-09	0.000000e+00	0.000000e+00	0.000000e+00	
38	3.128000e-09	0.000000e+00	0.000000e+00	0.000000e+00	
39	3.228000e-09	0.000000e+00	0.000000e+00	0.000000e+00	
40	3.328000e-09	0.000000e+00	0.000000e+00	0.000000e+00	
41	3.428000e-09	0.000000e+00	0.000000e+00	0.000000e+00	
42	3.528000e-09	0.000000e+00	0.000000e+00	0.000000e+00	
43	3.628000e-09	0.000000e+00	0.000000e+00	0.000000e+00	
44	3.728000e-09	0.000000e+00	0.000000e+00	0.000000e+00	
45	3.828000e-09	0.000000e+00	0.000000e+00	0.000000e+00	
46	3.928000e-09	0.000000e+00	0.000000e+00	0.000000e+00	
47	4.028000e-09	0.000000e+00	0.000000e+00	0.000000e+00	
48	4.128000e-09	0.000000e+00	0.000000e+00	0.000000e+00	
49	4.228000e-09	0.000000e+00	0.000000e+00	0.000000e+00	
50	4.328000e-09	0.000000e+00	0.000000e+00	0.000000e+00	
51	4.428000e-09	0.000000e+00	0.000000e+00	0.000000e+00	
52	4.528000e-09	0.000000e+00	0.000000e+00	0.000000e+00	
53	4.628000e-09	0.000000e+00	0.000000e+00	0.000000e+00	
54	4.728000e-09	0.000000e+00	0.000000e+00	0.000000e+00	

Index   time            v(drvb)         v(raq)          v(rbq)          
--------------------------------------------------------------------------------
55	4.828000e-09	0.000000e+00	0.000000e+00	0.000000e+00	
56	4.928000e-09	0.000000e+00	0.000000e+00	0.000000e+00	
57	5.028000e-09	0.000000e+00	0.000000e+00	0.000000e+00	
58	5.128000e-09	0.000000e+00	0.000000e+00	0.000000e+00	
59	5.228000e-09	0.000000e+00	0.000000e+00	0.000000e+00	
60	5.328000e-09	0.000000e+00	0.000000e+00	0.000000e+00	
61	5.428000e-09	0.000000e+00	0.000000e+00	0.000000e+00	
62	5.528000e-09	0.000000e+00	0.000000e+00	0.000000e+00	
63	5.628000e-09	0.000000e+00	0.000000e+00	0.000000e+00	
64	5.728000e-09	0.000000e+00	0.000000e+00	0.000000e+00	
65	5.828000e-09	0.000000e+00	0.000000e+00	0.000000e+00	
66	5.928000e-09	0.000000e+00	0.000000e+00	0.000000e+00	
67	6.028000e-09	0.000000e+00	0.000000e+00	0.000000e+00	
68	6.128000e-09	0.000000e+00	0.000000e+00	0.000000e+00	
69	6.228000e-09	0.000000e+00	0.000000e+00	0.000000e+00	
70	6.328000e-09	0.000000e+00	0.000000e+00	0.000000e+00	
71	6.428000e-09	0.000000e+00	0.000000e+00	0.000000e+00	
72	6.528000e-09	0.000000e+00	0.000000e+00	0.000000e+00	
73	6.628000e-09	0.000000e+00	0.000000e+00	0.000000e+00	
74	6.728000e-09	0.000000e+00	0.000000e+00	0.000000e+00	
75	6.828000e-09	0.000000e+00	0.000000e+00	0.000000e+00	
76	6.928000e-09	0.000000e+00	0.000000e+00	0.000000e+00	
77	7.028000e-09	0.000000e+00	0.000000e+00	0.000000e+00	
78	7.128000e-09	0.000000e+00	0.000000e+00	0.000000e+00	
79	7.228000e-09	0.000000e+00	0.000000e+00	0.000000e+00	
80	7.328000e-09	0.000000e+00	0.000000e+00	0.000000e+00	
81	7.428000e-09	0.000000e+00	0.000000e+00	0.000000e+00	
82	7.528000e-09	0.000000e+00	0.000000e+00	0.000000e+00	
83	7.628000e-09	0.000000e+00	0.000000e+00	0.000000e+00	
84	7.728000e-09	0.000000e+00	0.000000e+00	0.000000e+00	
85	7.828000e-09	0.000000e+00	0.000000e+00	0.000000e+00	
86	7.928000e-09	0.000000e+00	0.000000e+00	0.000000e+00	
87	8.028000e-09	0.000000e+00	0.000000e+00	0.000000e+00	
88	8.128000e-09	0.000000e+00	0.000000e+00	0.000000e+00	
89	8.228000e-09	0.000000e+00	0.000000e+00	0.000000e+00	
90	8.328000e-09	0.000000e+00	0.000000e+00	0.000000e+00	
91	8.428000e-09	0.000000e+00	0.000000e+00	0.000000e+00	
92	8.528000e-09	0.000000e+00	0.000000e+00	0.000000e+00	
93	8.628000e-09	0.000000e+00	0.000000e+00	0.000000e+00	
94	8.728000e-09	0.000000e+00	0.000000e+00	0.000000e+00	
95	8.828000e-09	0.000000e+00	0.000000e+00	0.000000e+00	
96	8.928000e-09	0.000000e+00	0.000000e+00	0.000000e+00	
97	9.028000e-09	0.000000e+00	0.000000e+00	0.000000e+00	
98	9.128000e-09	0.000000e+00	0.000000e+00	0.000000e+00	
99	9.228000e-09	0.000000e+00	0.000000e+00	0.000000e+00	
100	9.328000e-09	0.000000e+00	0.000000e+00	0.000000e+00	
101	9.428000e-09	0.000000e+00	0.000000e+00	0.000000e+00	
102	9.528000e-09	0.000000e+00	0.000000e+00	0.000000e+00	
103	9.628000e-09	0.000000e+00	0.000000e+00	0.000000e+00	
104	9.728000e-09	0.000000e+00	0.000000e+00	0.000000e+00	
105	9.828000e-09	0.000000e+00	0.000000e+00	0.000000e+00	
106	9.928000e-09	0.000000e+00	0.000000e+00	0.000000e+00	
107	1.000000e-08	0.000000e+00	0.000000e+00	0.000000e+00	
108	1.001000e-08	0.000000e+00	0.000000e+00	0.000000e+00	
109	1.003000e-08	0.000000e+00	0.000000e+00	0.000000e+00	
110	1.007000e-08	0.000000e+00	0.000000e+00	0.000000e+00	
111	1.015000e-08	0.000000e+00	0.000000e+00	0.000000e+00	
112	1.025000e-08	0.000000e+00	0.000000e+00	0.000000e+00	

Index   time            v(drvb)         v(raq)          v(rbq)          
--------------------------------------------------------------------------------
113	1.035000e-08	0.000000e+00	0.000000e+00	0.000000e+00	
114	1.045000e-08	0.000000e+00	0.000000e+00	0.000000e+00	
115	1.055000e-08	0.000000e+00	0.000000e+00	0.000000e+00	
116	1.065000e-08	0.000000e+00	0.000000e+00	0.000000e+00	
117	1.075000e-08	0.000000e+00	0.000000e+00	0.000000e+00	
118	1.085000e-08	0.000000e+00	0.000000e+00	0.000000e+00	
119	1.095000e-08	0.000000e+00	0.000000e+00	0.000000e+00	
120	1.100000e-08	0.000000e+00	0.000000e+00	0.000000e+00	
121	1.101000e-08	0.000000e+00	0.000000e+00	0.000000e+00	
122	1.103000e-08	0.000000e+00	0.000000e+00	0.000000e+00	
123	1.107000e-08	0.000000e+00	0.000000e+00	0.000000e+00	
124	1.115000e-08	0.000000e+00	0.000000e+00	0.000000e+00	
125	1.125000e-08	0.000000e+00	0.000000e+00	0.000000e+00	
126	1.135000e-08	0.000000e+00	0.000000e+00	0.000000e+00	
127	1.145000e-08	0.000000e+00	0.000000e+00	0.000000e+00	
128	1.155000e-08	0.000000e+00	0.000000e+00	0.000000e+00	
129	1.165000e-08	0.000000e+00	0.000000e+00	0.000000e+00	
130	1.175000e-08	0.000000e+00	0.000000e+00	0.000000e+00	
131	1.185000e-08	0.000000e+00	0.000000e+00	0.000000e+00	
132	1.195000e-08	0.000000e+00	0.000000e+00	0.000000e+00	
133	1.205000e-08	0.000000e+00	0.000000e+00	0.000000e+00	
134	1.215000e-08	0.000000e+00	0.000000e+00	0.000000e+00	
135	1.225000e-08	0.000000e+00	0.000000e+00	0.000000e+00	
136	1.235000e-08	0.000000e+00	0.000000e+00	0.000000e+00	
137	1.245000e-08	0.000000e+00	0.000000e+00	0.000000e+00	
138	1.255000e-08	0.000000e+00	0.000000e+00	0.000000e+00	
139	1.265000e-08	0.000000e+00	0.000000e+00	0.000000e+00	
140	1.275000e-08	0.000000e+00	0.000000e+00	0.000000e+00	
141	1.285000e-08	0.000000e+00	0.000000e+00	0.000000e+00	
142	1.295000e-08	0.000000e+00	0.000000e+00	0.000000e+00	
143	1.305000e-08	0.000000e+00	0.000000e+00	0.000000e+00	
144	1.315000e-08	0.000000e+00	0.000000e+00	0.000000e+00	
145	1.325000e-08	0.000000e+00	0.000000e+00	0.000000e+00	
146	1.335000e-08	0.000000e+00	0.000000e+00	0.000000e+00	
147	1.345000e-08	0.000000e+00	0.000000e+00	0.000000e+00	
148	1.355000e-08	0.000000e+00	0.000000e+00	0.000000e+00	
149	1.365000e-08	0.000000e+00	0.000000e+00	0.000000e+00	
150	1.375000e-08	0.000000e+00	0.000000e+00	0.000000e+00	
151	1.385000e-08	0.000000e+00	0.000000e+00	0.000000e+00	
152	1.395000e-08	0.000000e+00	0.000000e+00	0.000000e+00	
153	1.400000e-08	0.000000e+00	0.000000e+00	0.000000e+00	
154	1.401000e-08	0.000000e+00	0.000000e+00	0.000000e+00	
155	1.403000e-08	0.000000e+00	0.000000e+00	0.000000e+00	
156	1.407000e-08	0.000000e+00	0.000000e+00	0.000000e+00	
157	1.415000e-08	0.000000e+00	0.000000e+00	0.000000e+00	
158	1.425000e-08	0.000000e+00	0.000000e+00	0.000000e+00	
159	1.435000e-08	0.000000e+00	0.000000e+00	0.000000e+00	
160	1.445000e-08	0.000000e+00	0.000000e+00	0.000000e+00	
161	1.455000e-08	0.000000e+00	0.000000e+00	0.000000e+00	
162	1.465000e-08	0.000000e+00	0.000000e+00	0.000000e+00	
163	1.475000e-08	0.000000e+00	0.000000e+00	0.000000e+00	
164	1.485000e-08	0.000000e+00	0.000000e+00	0.000000e+00	
165	1.495000e-08	0.000000e+00	0.000000e+00	0.000000e+00	
166	1.500000e-08	0.000000e+00	0.000000e+00	0.000000e+00	
167	1.501000e-08	0.000000e+00	0.000000e+00	0.000000e+00	
168	1.503000e-08	0.000000e+00	0.000000e+00	0.000000e+00	
169	1.507000e-08	0.000000e+00	0.000000e+00	0.000000e+00	
170	1.515000e-08	0.000000e+00	0.000000e+00	0.000000e+00	

Index   time            v(drvb)         v(raq)          v(rbq)          
--------------------------------------------------------------------------------
171	1.525000e-08	0.000000e+00	0.000000e+00	0.000000e+00	
172	1.535000e-08	0.000000e+00	0.000000e+00	0.000000e+00	
173	1.545000e-08	0.000000e+00	0.000000e+00	0.000000e+00	
174	1.555000e-08	0.000000e+00	0.000000e+00	0.000000e+00	
175	1.565000e-08	0.000000e+00	0.000000e+00	0.000000e+00	
176	1.575000e-08	0.000000e+00	0.000000e+00	0.000000e+00	
177	1.585000e-08	0.000000e+00	0.000000e+00	0.000000e+00	
178	1.595000e-08	0.000000e+00	0.000000e+00	0.000000e+00	
179	1.605000e-08	0.000000e+00	0.000000e+00	0.000000e+00	
180	1.615000e-08	0.000000e+00	0.000000e+00	0.000000e+00	
181	1.625000e-08	0.000000e+00	0.000000e+00	0.000000e+00	
182	1.635000e-08	0.000000e+00	0.000000e+00	0.000000e+00	
183	1.645000e-08	0.000000e+00	0.000000e+00	0.000000e+00	
184	1.655000e-08	0.000000e+00	0.000000e+00	0.000000e+00	
185	1.665000e-08	0.000000e+00	0.000000e+00	0.000000e+00	
186	1.675000e-08	0.000000e+00	0.000000e+00	0.000000e+00	
187	1.685000e-08	0.000000e+00	0.000000e+00	0.000000e+00	
188	1.695000e-08	0.000000e+00	0.000000e+00	0.000000e+00	
189	1.705000e-08	0.000000e+00	0.000000e+00	0.000000e+00	
190	1.715000e-08	0.000000e+00	0.000000e+00	0.000000e+00	
191	1.725000e-08	0.000000e+00	0.000000e+00	0.000000e+00	
192	1.735000e-08	0.000000e+00	0.000000e+00	0.000000e+00	
193	1.745000e-08	0.000000e+00	0.000000e+00	0.000000e+00	
194	1.755000e-08	0.000000e+00	0.000000e+00	0.000000e+00	
195	1.765000e-08	0.000000e+00	0.000000e+00	0.000000e+00	
196	1.775000e-08	0.000000e+00	0.000000e+00	0.000000e+00	
197	1.785000e-08	0.000000e+00	0.000000e+00	0.000000e+00	
198	1.795000e-08	0.000000e+00	0.000000e+00	0.000000e+00	
199	1.805000e-08	0.000000e+00	0.000000e+00	0.000000e+00	
200	1.815000e-08	0.000000e+00	0.000000e+00	0.000000e+00	
201	1.825000e-08	0.000000e+00	0.000000e+00	0.000000e+00	
202	1.835000e-08	0.000000e+00	0.000000e+00	0.000000e+00	
203	1.845000e-08	0.000000e+00	0.000000e+00	0.000000e+00	
204	1.855000e-08	0.000000e+00	0.000000e+00	0.000000e+00	
205	1.865000e-08	0.000000e+00	0.000000e+00	0.000000e+00	
206	1.875000e-08	0.000000e+00	0.000000e+00	0.000000e+00	
207	1.885000e-08	0.000000e+00	0.000000e+00	0.000000e+00	
208	1.895000e-08	0.000000e+00	0.000000e+00	0.000000e+00	
209	1.905000e-08	0.000000e+00	0.000000e+00	0.000000e+00	
210	1.915000e-08	0.000000e+00	0.000000e+00	0.000000e+00	
211	1.925000e-08	0.000000e+00	0.000000e+00	0.000000e+00	
212	1.935000e-08	0.000000e+00	0.000000e+00	0.000000e+00	
213	1.945000e-08	0.000000e+00	0.000000e+00	0.000000e+00	
214	1.955000e-08	0.000000e+00	0.000000e+00	0.000000e+00	
215	1.965000e-08	0.000000e+00	0.000000e+00	0.000000e+00	
216	1.975000e-08	0.000000e+00	0.000000e+00	0.000000e+00	
217	1.985000e-08	0.000000e+00	0.000000e+00	0.000000e+00	
218	1.995000e-08	0.000000e+00	0.000000e+00	0.000000e+00	
219	2.005000e-08	0.000000e+00	0.000000e+00	0.000000e+00	
220	2.015000e-08	0.000000e+00	0.000000e+00	0.000000e+00	
221	2.025000e-08	0.000000e+00	0.000000e+00	0.000000e+00	
222	2.035000e-08	0.000000e+00	0.000000e+00	0.000000e+00	
223	2.045000e-08	0.000000e+00	0.000000e+00	0.000000e+00	
224	2.055000e-08	0.000000e+00	0.000000e+00	0.000000e+00	
225	2.065000e-08	0.000000e+00	0.000000e+00	0.000000e+00	
226	2.075000e-08	0.000000e+00	0.000000e+00	0.000000e+00	
227	2.085000e-08	0.000000e+00	0.000000e+00	0.000000e+00	
228	2.095000e-08	0.000000e+00	0.000000e+00	0.000000e+00	

Index   time            v(drvb)         v(raq)          v(rbq)          
--------------------------------------------------------------------------------
229	2.105000e-08	0.000000e+00	0.000000e+00	0.000000e+00	
230	2.115000e-08	0.000000e+00	0.000000e+00	0.000000e+00	
231	2.125000e-08	0.000000e+00	0.000000e+00	0.000000e+00	
232	2.135000e-08	0.000000e+00	0.000000e+00	0.000000e+00	
233	2.145000e-08	0.000000e+00	0.000000e+00	0.000000e+00	
234	2.155000e-08	0.000000e+00	0.000000e+00	0.000000e+00	
235	2.165000e-08	0.000000e+00	0.000000e+00	0.000000e+00	
236	2.175000e-08	0.000000e+00	0.000000e+00	0.000000e+00	
237	2.185000e-08	0.000000e+00	0.000000e+00	0.000000e+00	
238	2.195000e-08	0.000000e+00	0.000000e+00	0.000000e+00	
239	2.205000e-08	0.000000e+00	0.000000e+00	0.000000e+00	
240	2.215000e-08	0.000000e+00	0.000000e+00	0.000000e+00	
241	2.225000e-08	0.000000e+00	0.000000e+00	0.000000e+00	
242	2.235000e-08	0.000000e+00	0.000000e+00	0.000000e+00	
243	2.245000e-08	0.000000e+00	0.000000e+00	0.000000e+00	
244	2.255000e-08	0.000000e+00	0.000000e+00	0.000000e+00	
245	2.265000e-08	0.000000e+00	0.000000e+00	0.000000e+00	
246	2.275000e-08	0.000000e+00	0.000000e+00	0.000000e+00	
247	2.285000e-08	0.000000e+00	0.000000e+00	0.000000e+00	
248	2.295000e-08	0.000000e+00	0.000000e+00	0.000000e+00	
249	2.305000e-08	0.000000e+00	0.000000e+00	0.000000e+00	
250	2.315000e-08	0.000000e+00	0.000000e+00	0.000000e+00	
251	2.325000e-08	0.000000e+00	0.000000e+00	0.000000e+00	
252	2.335000e-08	0.000000e+00	0.000000e+00	0.000000e+00	
253	2.345000e-08	0.000000e+00	0.000000e+00	0.000000e+00	
254	2.355000e-08	0.000000e+00	0.000000e+00	0.000000e+00	
255	2.365000e-08	0.000000e+00	0.000000e+00	0.000000e+00	
256	2.375000e-08	0.000000e+00	0.000000e+00	0.000000e+00	
257	2.385000e-08	0.000000e+00	0.000000e+00	0.000000e+00	
258	2.395000e-08	0.000000e+00	0.000000e+00	0.000000e+00	
259	2.405000e-08	0.000000e+00	0.000000e+00	0.000000e+00	
260	2.415000e-08	0.000000e+00	0.000000e+00	0.000000e+00	
261	2.425000e-08	0.000000e+00	0.000000e+00	0.000000e+00	
262	2.435000e-08	0.000000e+00	0.000000e+00	0.000000e+00	
263	2.445000e-08	0.000000e+00	0.000000e+00	0.000000e+00	
264	2.455000e-08	0.000000e+00	0.000000e+00	0.000000e+00	
265	2.465000e-08	0.000000e+00	0.000000e+00	0.000000e+00	
266	2.475000e-08	0.000000e+00	0.000000e+00	0.000000e+00	
267	2.485000e-08	0.000000e+00	0.000000e+00	0.000000e+00	
268	2.495000e-08	0.000000e+00	0.000000e+00	0.000000e+00	
269	2.505000e-08	0.000000e+00	0.000000e+00	0.000000e+00	
270	2.515000e-08	0.000000e+00	0.000000e+00	0.000000e+00	
271	2.525000e-08	0.000000e+00	0.000000e+00	0.000000e+00	
272	2.535000e-08	0.000000e+00	0.000000e+00	0.000000e+00	
273	2.545000e-08	0.000000e+00	0.000000e+00	0.000000e+00	
274	2.555000e-08	0.000000e+00	0.000000e+00	0.000000e+00	
275	2.565000e-08	0.000000e+00	0.000000e+00	0.000000e+00	
276	2.575000e-08	0.000000e+00	0.000000e+00	0.000000e+00	
277	2.585000e-08	0.000000e+00	0.000000e+00	0.000000e+00	
278	2.595000e-08	0.000000e+00	0.000000e+00	0.000000e+00	
279	2.605000e-08	0.000000e+00	0.000000e+00	0.000000e+00	
280	2.615000e-08	0.000000e+00	0.000000e+00	0.000000e+00	
281	2.625000e-08	0.000000e+00	0.000000e+00	0.000000e+00	
282	2.635000e-08	0.000000e+00	0.000000e+00	0.000000e+00	
283	2.645000e-08	0.000000e+00	0.000000e+00	0.000000e+00	
284	2.655000e-08	0.000000e+00	0.000000e+00	0.000000e+00	
285	2.665000e-08	0.000000e+00	0.000000e+00	0.000000e+00	
286	2.675000e-08	0.000000e+00	0.000000e+00	0.000000e+00	

Index   time            v(drvb)         v(raq)          v(rbq)          
--------------------------------------------------------------------------------
287	2.685000e-08	0.000000e+00	0.000000e+00	0.000000e+00	
288	2.695000e-08	0.000000e+00	0.000000e+00	0.000000e+00	
289	2.705000e-08	0.000000e+00	0.000000e+00	0.000000e+00	
290	2.715000e-08	0.000000e+00	0.000000e+00	0.000000e+00	
291	2.725000e-08	0.000000e+00	0.000000e+00	0.000000e+00	
292	2.735000e-08	0.000000e+00	0.000000e+00	0.000000e+00	
293	2.745000e-08	0.000000e+00	0.000000e+00	0.000000e+00	
294	2.755000e-08	0.000000e+00	0.000000e+00	0.000000e+00	
295	2.765000e-08	0.000000e+00	0.000000e+00	0.000000e+00	
296	2.775000e-08	0.000000e+00	0.000000e+00	0.000000e+00	
297	2.785000e-08	0.000000e+00	0.000000e+00	0.000000e+00	
298	2.795000e-08	0.000000e+00	0.000000e+00	0.000000e+00	
299	2.805000e-08	0.000000e+00	0.000000e+00	0.000000e+00	
300	2.815000e-08	0.000000e+00	0.000000e+00	0.000000e+00	
301	2.825000e-08	0.000000e+00	0.000000e+00	0.000000e+00	
302	2.835000e-08	0.000000e+00	0.000000e+00	0.000000e+00	
303	2.845000e-08	0.000000e+00	0.000000e+00	0.000000e+00	
304	2.855000e-08	0.000000e+00	0.000000e+00	0.000000e+00	
305	2.865000e-08	0.000000e+00	0.000000e+00	0.000000e+00	
306	2.875000e-08	0.000000e+00	0.000000e+00	0.000000e+00	
307	2.885000e-08	0.000000e+00	0.000000e+00	0.000000e+00	
308	2.895000e-08	0.000000e+00	0.000000e+00	0.000000e+00	
309	2.905000e-08	0.000000e+00	0.000000e+00	0.000000e+00	
310	2.915000e-08	0.000000e+00	0.000000e+00	0.000000e+00	
311	2.925000e-08	0.000000e+00	0.000000e+00	0.000000e+00	
312	2.935000e-08	0.000000e+00	0.000000e+00	0.000000e+00	
313	2.945000e-08	0.000000e+00	0.000000e+00	0.000000e+00	
314	2.955000e-08	0.000000e+00	0.000000e+00	0.000000e+00	
315	2.965000e-08	0.000000e+00	0.000000e+00	0.000000e+00	
316	2.975000e-08	0.000000e+00	0.000000e+00	0.000000e+00	
317	2.985000e-08	0.000000e+00	0.000000e+00	0.000000e+00	
318	2.995000e-08	0.000000e+00	0.000000e+00	0.000000e+00	
319	3.005000e-08	0.000000e+00	0.000000e+00	0.000000e+00	
320	3.015000e-08	0.000000e+00	0.000000e+00	0.000000e+00	
321	3.025000e-08	0.000000e+00	0.000000e+00	0.000000e+00	
322	3.035000e-08	0.000000e+00	0.000000e+00	0.000000e+00	
323	3.045000e-08	0.000000e+00	0.000000e+00	0.000000e+00	
324	3.055000e-08	0.000000e+00	0.000000e+00	0.000000e+00	
325	3.065000e-08	0.000000e+00	0.000000e+00	0.000000e+00	
326	3.075000e-08	0.000000e+00	0.000000e+00	0.000000e+00	
327	3.085000e-08	0.000000e+00	0.000000e+00	0.000000e+00	
328	3.095000e-08	0.000000e+00	0.000000e+00	0.000000e+00	
329	3.105000e-08	0.000000e+00	0.000000e+00	0.000000e+00	
330	3.115000e-08	0.000000e+00	0.000000e+00	0.000000e+00	
331	3.125000e-08	0.000000e+00	0.000000e+00	0.000000e+00	
332	3.135000e-08	0.000000e+00	0.000000e+00	0.000000e+00	
333	3.145000e-08	0.000000e+00	0.000000e+00	0.000000e+00	
334	3.155000e-08	0.000000e+00	0.000000e+00	0.000000e+00	
335	3.165000e-08	0.000000e+00	0.000000e+00	0.000000e+00	
336	3.175000e-08	0.000000e+00	0.000000e+00	0.000000e+00	
337	3.185000e-08	0.000000e+00	0.000000e+00	0.000000e+00	
338	3.195000e-08	0.000000e+00	0.000000e+00	0.000000e+00	
339	3.205000e-08	0.000000e+00	0.000000e+00	0.000000e+00	
340	3.215000e-08	0.000000e+00	0.000000e+00	0.000000e+00	
341	3.225000e-08	0.000000e+00	0.000000e+00	0.000000e+00	
342	3.235000e-08	0.000000e+00	0.000000e+00	0.000000e+00	
343	3.245000e-08	0.000000e+00	0.000000e+00	0.000000e+00	
344	3.255000e-08	0.000000e+00	0.000000e+00	0.000000e+00	

Index   time            v(drvb)         v(raq)          v(rbq)          
--------------------------------------------------------------------------------
345	3.265000e-08	0.000000e+00	0.000000e+00	0.000000e+00	
346	3.275000e-08	0.000000e+00	0.000000e+00	0.000000e+00	
347	3.285000e-08	0.000000e+00	0.000000e+00	0.000000e+00	
348	3.295000e-08	0.000000e+00	0.000000e+00	0.000000e+00	
349	3.305000e-08	0.000000e+00	0.000000e+00	0.000000e+00	
350	3.315000e-08	0.000000e+00	0.000000e+00	0.000000e+00	
351	3.325000e-08	0.000000e+00	0.000000e+00	0.000000e+00	
352	3.335000e-08	0.000000e+00	0.000000e+00	0.000000e+00	
353	3.345000e-08	0.000000e+00	0.000000e+00	0.000000e+00	
354	3.355000e-08	0.000000e+00	0.000000e+00	0.000000e+00	
355	3.365000e-08	0.000000e+00	0.000000e+00	0.000000e+00	
356	3.375000e-08	0.000000e+00	0.000000e+00	0.000000e+00	
357	3.385000e-08	0.000000e+00	0.000000e+00	0.000000e+00	
358	3.395000e-08	0.000000e+00	0.000000e+00	0.000000e+00	
359	3.405000e-08	0.000000e+00	0.000000e+00	0.000000e+00	
360	3.415000e-08	0.000000e+00	0.000000e+00	0.000000e+00	
361	3.425000e-08	0.000000e+00	0.000000e+00	0.000000e+00	
362	3.435000e-08	0.000000e+00	0.000000e+00	0.000000e+00	
363	3.445000e-08	0.000000e+00	0.000000e+00	0.000000e+00	
364	3.455000e-08	0.000000e+00	0.000000e+00	0.000000e+00	
365	3.465000e-08	0.000000e+00	0.000000e+00	0.000000e+00	
366	3.475000e-08	0.000000e+00	0.000000e+00	0.000000e+00	
367	3.485000e-08	0.000000e+00	0.000000e+00	0.000000e+00	
368	3.495000e-08	0.000000e+00	0.000000e+00	0.000000e+00	
369	3.505000e-08	0.000000e+00	0.000000e+00	0.000000e+00	
370	3.515000e-08	0.000000e+00	0.000000e+00	0.000000e+00	
371	3.525000e-08	0.000000e+00	0.000000e+00	0.000000e+00	
372	3.535000e-08	0.000000e+00	0.000000e+00	0.000000e+00	
373	3.545000e-08	0.000000e+00	0.000000e+00	0.000000e+00	
374	3.555000e-08	0.000000e+00	0.000000e+00	0.000000e+00	
375	3.565000e-08	0.000000e+00	0.000000e+00	0.000000e+00	
376	3.575000e-08	0.000000e+00	0.000000e+00	0.000000e+00	
377	3.585000e-08	0.000000e+00	0.000000e+00	0.000000e+00	
378	3.595000e-08	0.000000e+00	0.000000e+00	0.000000e+00	
379	3.605000e-08	0.000000e+00	0.000000e+00	0.000000e+00	
380	3.615000e-08	0.000000e+00	0.000000e+00	0.000000e+00	
381	3.625000e-08	0.000000e+00	0.000000e+00	0.000000e+00	
382	3.635000e-08	0.000000e+00	0.000000e+00	0.000000e+00	
383	3.645000e-08	0.000000e+00	0.000000e+00	0.000000e+00	
384	3.655000e-08	0.000000e+00	0.000000e+00	0.000000e+00	
385	3.665000e-08	0.000000e+00	0.000000e+00	0.000000e+00	
386	3.675000e-08	0.000000e+00	0.000000e+00	0.000000e+00	
387	3.685000e-08	0.000000e+00	0.000000e+00	0.000000e+00	
388	3.695000e-08	0.000000e+00	0.000000e+00	0.000000e+00	
389	3.705000e-08	0.000000e+00	0.000000e+00	0.000000e+00	
390	3.715000e-08	0.000000e+00	0.000000e+00	0.000000e+00	
391	3.725000e-08	0.000000e+00	0.000000e+00	0.000000e+00	
392	3.735000e-08	0.000000e+00	0.000000e+00	0.000000e+00	
393	3.745000e-08	0.000000e+00	0.000000e+00	0.000000e+00	
394	3.755000e-08	0.000000e+00	0.000000e+00	0.000000e+00	
395	3.765000e-08	0.000000e+00	0.000000e+00	0.000000e+00	
396	3.775000e-08	0.000000e+00	0.000000e+00	0.000000e+00	
397	3.785000e-08	0.000000e+00	0.000000e+00	0.000000e+00	
398	3.795000e-08	0.000000e+00	0.000000e+00	0.000000e+00	
399	3.805000e-08	0.000000e+00	0.000000e+00	0.000000e+00	
400	3.815000e-08	0.000000e+00	0.000000e+00	0.000000e+00	
401	3.825000e-08	0.000000e+00	0.000000e+00	0.000000e+00	
402	3.835000e-08	0.000000e+00	0.000000e+00	0.000000e+00	

Index   time            v(drvb)         v(raq)          v(rbq)          
--------------------------------------------------------------------------------
403	3.845000e-08	0.000000e+00	0.000000e+00	0.000000e+00	
404	3.855000e-08	0.000000e+00	0.000000e+00	0.000000e+00	
405	3.865000e-08	0.000000e+00	0.000000e+00	0.000000e+00	
406	3.875000e-08	0.000000e+00	0.000000e+00	0.000000e+00	
407	3.885000e-08	0.000000e+00	0.000000e+00	0.000000e+00	
408	3.895000e-08	0.000000e+00	0.000000e+00	0.000000e+00	
409	3.905000e-08	0.000000e+00	0.000000e+00	0.000000e+00	
410	3.915000e-08	0.000000e+00	0.000000e+00	0.000000e+00	
411	3.925000e-08	0.000000e+00	0.000000e+00	0.000000e+00	
412	3.935000e-08	0.000000e+00	0.000000e+00	0.000000e+00	
413	3.945000e-08	0.000000e+00	0.000000e+00	0.000000e+00	
414	3.955000e-08	0.000000e+00	0.000000e+00	0.000000e+00	
415	3.965000e-08	0.000000e+00	0.000000e+00	0.000000e+00	
416	3.975000e-08	0.000000e+00	0.000000e+00	0.000000e+00	
417	3.985000e-08	0.000000e+00	0.000000e+00	0.000000e+00	
418	3.995000e-08	0.000000e+00	0.000000e+00	0.000000e+00	
419	4.000000e-08	0.000000e+00	0.000000e+00	0.000000e+00	
420	4.001000e-08	-5.07185e-03	-6.39833e-05	-6.39833e-05	
421	4.003000e-08	-1.53560e-02	-3.15725e-04	-3.15726e-04	
422	4.007000e-08	-3.67299e-02	-1.51475e-03	-1.51478e-03	
423	4.015000e-08	-8.23761e-02	-6.27928e-03	-6.28118e-03	
424	4.025000e-08	-1.44165e-01	-1.57661e-02	-1.57861e-02	
425	4.035000e-08	-2.10410e-01	-2.81298e-02	-2.82279e-02	
426	4.045000e-08	-2.80457e-01	-4.24689e-02	-4.28139e-02	
427	4.055000e-08	-3.53860e-01	-5.80135e-02	-5.90461e-02	
428	4.065000e-08	-4.30347e-01	-7.41065e-02	-7.65939e-02	
429	4.075000e-08	-5.09692e-01	-9.05722e-02	-9.51395e-02	
430	4.085000e-08	-5.91682e-01	-1.07456e-01	-1.14429e-01	
431	4.095000e-08	-6.76176e-01	-1.24593e-01	-1.34328e-01	
432	4.100000e-08	-7.19329e-01	-1.33220e-01	-1.44480e-01	
433	4.101000e-08	-7.22971e-01	-1.34886e-01	-1.46457e-01	
434	4.103000e-08	-7.30161e-01	-1.38100e-01	-1.50297e-01	
435	4.107000e-08	-7.44015e-01	-1.43853e-01	-1.57313e-01	
436	4.115000e-08	-7.69932e-01	-1.53085e-01	-1.69068e-01	
437	4.125000e-08	-7.99639e-01	-1.61243e-01	-1.80356e-01	
438	4.135000e-08	-8.27063e-01	-1.66602e-01	-1.89078e-01	
439	4.145000e-08	-8.52795e-01	-1.69961e-01	-1.96047e-01	
440	4.155000e-08	-8.77297e-01	-1.71925e-01	-2.01616e-01	
441	4.165000e-08	-9.00934e-01	-1.72952e-01	-2.05975e-01	
442	4.175000e-08	-9.23949e-01	-1.73347e-01	-2.09440e-01	
443	4.185000e-08	-9.46469e-01	-1.73283e-01	-2.12436e-01	
444	4.195000e-08	-9.68595e-01	-1.72898e-01	-2.15101e-01	
445	4.205000e-08	-9.90402e-01	-1.72288e-01	-2.17527e-01	
446	4.215000e-08	-1.01194e+00	-1.71522e-01	-2.19779e-01	
447	4.225000e-08	-1.03302e+00	-1.70447e-01	-2.22905e-01	
448	4.235000e-08	-1.05263e+00	-1.68267e-01	-2.30634e-01	
449	4.245000e-08	-1.07008e+00	-1.64519e-01	-2.43421e-01	
450	4.255000e-08	-1.08570e+00	-1.59652e-01	-2.57383e-01	
451	4.265000e-08	-1.09990e+00	-1.54116e-01	-2.70725e-01	
452	4.275000e-08	-1.11291e+00	-1.48202e-01	-2.83152e-01	
453	4.285000e-08	-1.12496e+00	-1.42120e-01	-2.94634e-01	
454	4.295000e-08	-1.13617e+00	-1.36005e-01	-3.05322e-01	
455	4.305000e-08	-1.14666e+00	-1.29948e-01	-3.15324e-01	
456	4.315000e-08	-1.15650e+00	-1.24013e-01	-3.24718e-01	
457	4.325000e-08	-1.16577e+00	-1.18242e-01	-3.33566e-01	
458	4.335000e-08	-1.17451e+00	-1.12661e-01	-3.41918e-01	
459	4.345000e-08	-1.18277e+00	-1.07287e-01	-3.49814e-01	
460	4.355000e-08	-1.19058e+00	-1.02127e-01	-3.57290e-01	

Index   time            v(drvb)         v(raq)          v(rbq)          
--------------------------------------------------------------------------------
461	4.365000e-08	-1.19799e+00	-9.71855e-02	-3.64375e-01	
462	4.375000e-08	-1.20501e+00	-9.24608e-02	-3.71095e-01	
463	4.385000e-08	-1.21167e+00	-8.79494e-02	-3.77472e-01	
464	4.395000e-08	-1.21799e+00	-8.36461e-02	-3.83526e-01	
465	4.400000e-08	-1.22102e+00	-8.15707e-02	-3.86437e-01	
466	4.401000e-08	-1.21655e+00	-8.11000e-02	-3.86942e-01	
467	4.403000e-08	-1.20745e+00	-8.00418e-02	-3.87817e-01	
468	4.407000e-08	-1.18843e+00	-7.72758e-02	-3.88782e-01	
469	4.415000e-08	-1.14740e+00	-6.95946e-02	-3.87884e-01	
470	4.425000e-08	-1.09134e+00	-5.69374e-02	-3.82184e-01	
471	4.435000e-08	-1.03090e+00	-4.19961e-02	-3.72278e-01	
472	4.445000e-08	-9.66873e-01	-2.56839e-02	-3.58933e-01	
473	4.455000e-08	-8.99854e-01	-8.64742e-03	-3.42729e-01	
474	4.465000e-08	-8.30291e-01	8.659159e-03	-3.24107e-01	
475	4.475000e-08	-7.58526e-01	2.592041e-02	-3.03404e-01	
476	4.485000e-08	-6.84823e-01	4.292089e-02	-2.80885e-01	
477	4.495000e-08	-6.09387e-01	5.951717e-02	-2.56759e-01	
478	4.500000e-08	-5.71067e-01	6.763518e-02	-2.44143e-01	
479	4.501000e-08	-5.68422e-01	6.917775e-02	-2.41638e-01	
480	4.503000e-08	-5.63242e-01	7.213124e-02	-2.36731e-01	
481	4.507000e-08	-5.53506e-01	7.729806e-02	-2.27504e-01	
482	4.515000e-08	-5.36207e-01	8.511098e-02	-2.11111e-01	
483	4.525000e-08	-5.17939e-01	9.111144e-02	-1.93828e-01	
484	4.535000e-08	-5.02572e-01	9.403177e-02	-1.79325e-01	
485	4.545000e-08	-4.89408e-01	9.479045e-02	-1.66935e-01	
486	4.555000e-08	-4.77939e-01	9.404930e-02	-1.56168e-01	
487	4.565000e-08	-4.67790e-01	9.228460e-02	-1.46664e-01	
488	4.575000e-08	-4.58685e-01	8.983836e-02	-1.38158e-01	
489	4.585000e-08	-4.50422e-01	8.695551e-02	-1.30456e-01	
490	4.595000e-08	-4.42847e-01	8.381076e-02	-1.23411e-01	
491	4.605000e-08	-4.35847e-01	8.052806e-02	-1.16915e-01	
492	4.615000e-08	-4.29336e-01	7.719471e-02	-1.10884e-01	
493	4.625000e-08	-4.23247e-01	7.387158e-02	-1.05256e-01	
494	4.635000e-08	-4.17529e-01	7.060046e-02	-9.99825e-02	
495	4.645000e-08	-4.12141e-01	6.740947e-02	-9.50238e-02	
496	4.655000e-08	-4.07052e-01	6.431688e-02	-9.03494e-02	
497	4.665000e-08	-4.02234e-01	6.133395e-02	-8.59342e-02	
498	4.675000e-08	-3.97667e-01	5.846694e-02	-8.17572e-02	
499	4.685000e-08	-3.93332e-01	5.571859e-02	-7.78009e-02	
500	4.695000e-08	-3.89213e-01	5.308916e-02	-7.40500e-02	
501	4.705000e-08	-3.85296e-01	5.057722e-02	-7.04913e-02	
502	4.715000e-08	-3.81569e-01	4.818017e-02	-6.71131e-02	
503	4.725000e-08	-3.78022e-01	4.589464e-02	-6.39047e-02	
504	4.735000e-08	-3.74643e-01	4.371681e-02	-6.08565e-02	
505	4.745000e-08	-3.71425e-01	4.164255e-02	-5.79597e-02	
506	4.755000e-08	-3.68358e-01	3.966762e-02	-5.52063e-02	
507	4.765000e-08	-3.65435e-01	3.778773e-02	-5.25885e-02	
508	4.775000e-08	-3.62648e-01	3.599863e-02	-5.00994e-02	
509	4.785000e-08	-3.59991e-01	3.429615e-02	-4.77324e-02	
510	4.795000e-08	-3.57457e-01	3.267623e-02	-4.54811e-02	
511	4.805000e-08	-3.55041e-01	3.113496e-02	-4.33398e-02	
512	4.815000e-08	-3.52736e-01	2.966856e-02	-4.13029e-02	
513	4.825000e-08	-3.50536e-01	2.827341e-02	-3.93651e-02	
514	4.835000e-08	-3.48438e-01	2.694605e-02	-3.75216e-02	
515	4.845000e-08	-3.46435e-01	2.568315e-02	-3.57675e-02	
516	4.855000e-08	-3.44524e-01	2.448157e-02	-3.40984e-02	
517	4.865000e-08	-3.42700e-01	2.333828e-02	-3.25102e-02	
518	4.875000e-08	-3.40959e-01	2.225042e-02	-3.09987e-02	

Index   time            v(drvb)         v(raq)          v(rbq)          
--------------------------------------------------------------------------------
519	4.885000e-08	-3.39296e-01	2.121526e-02	-2.95603e-02	
520	4.895000e-08	-3.37708e-01	2.023019e-02	-2.81912e-02	
521	4.905000e-08	-3.36192e-01	1.929276e-02	-2.68881e-02	
522	4.915000e-08	-3.34744e-01	1.840061e-02	-2.56477e-02	
523	4.925000e-08	-3.33361e-01	1.755151e-02	-2.44669e-02	
524	4.935000e-08	-3.32039e-01	1.674333e-02	-2.33428e-02	
525	4.945000e-08	-3.30776e-01	1.597406e-02	-2.22726e-02	
526	4.955000e-08	-3.29569e-01	1.524177e-02	-2.12535e-02	
527	4.965000e-08	-3.28416e-01	1.454466e-02	-2.02832e-02	
528	4.975000e-08	-3.27314e-01	1.388099e-02	-1.93592e-02	
529	4.985000e-08	-3.26260e-01	1.324911e-02	-1.84793e-02	
530	4.995000e-08	-3.25252e-01	1.264745e-02	-1.76412e-02	
531	5.005000e-08	-3.24289e-01	1.207455e-02	-1.68429e-02	
532	5.015000e-08	-3.23367e-01	1.152897e-02	-1.60826e-02	
533	5.025000e-08	-3.22485e-01	1.100939e-02	-1.53582e-02	
534	5.035000e-08	-3.21642e-01	1.051453e-02	-1.46682e-02	
535	5.045000e-08	-3.20835e-01	1.004318e-02	-1.40107e-02	
536	5.055000e-08	-3.20063e-01	9.594181e-03	-1.33842e-02	
537	5.065000e-08	-3.19323e-01	9.166450e-03	-1.27872e-02	
538	5.075000e-08	-3.18616e-01	8.758945e-03	-1.22183e-02	
539	5.085000e-08	-3.17938e-01	8.370678e-03	-1.16761e-02	
540	5.095000e-08	-3.17290e-01	8.000712e-03	-1.11592e-02	
541	5.105000e-08	-3.16668e-01	7.648154e-03	-1.06666e-02	
542	5.115000e-08	-3.16073e-01	7.312159e-03	-1.01969e-02	
543	5.125000e-08	-3.15503e-01	6.991919e-03	-9.74909e-03	
544	5.135000e-08	-3.14956e-01	6.686671e-03	-9.32211e-03	
545	5.145000e-08	-3.14433e-01	6.395686e-03	-8.91494e-03	
546	5.155000e-08	-3.13931e-01	6.118273e-03	-8.52663e-03	
547	5.165000e-08	-3.13449e-01	5.853775e-03	-8.15626e-03	
548	5.175000e-08	-3.12988e-01	5.601568e-03	-7.80298e-03	
549	5.185000e-08	-3.12545e-01	5.361057e-03	-7.46596e-03	
550	5.195000e-08	-3.12121e-01	5.131678e-03	-7.14442e-03	
551	5.205000e-08	-3.11713e-01	4.912895e-03	-6.83761e-03	
552	5.215000e-08	-3.11322e-01	4.704196e-03	-6.54484e-03	
553	5.225000e-08	-3.10947e-01	4.505099e-03	-6.26543e-03	
554	5.235000e-08	-3.10587e-01	4.315141e-03	-5.99874e-03	
555	5.245000e-08	-3.10241e-01	4.133884e-03	-5.74416e-03	
556	5.255000e-08	-3.09909e-01	3.960911e-03	-5.50112e-03	
557	5.265000e-08	-3.09590e-01	3.795826e-03	-5.26906e-03	
558	5.275000e-08	-3.09284e-01	3.638252e-03	-5.04748e-03	
559	5.285000e-08	-3.08990e-01	3.487831e-03	-4.83586e-03	
560	5.295000e-08	-3.08707e-01	3.344222e-03	-4.63374e-03	
561	5.305000e-08	-3.08435e-01	3.207101e-03	-4.44066e-03	
562	5.315000e-08	-3.08173e-01	3.076159e-03	-4.25621e-03	
563	5.325000e-08	-3.07922e-01	2.951105e-03	-4.07997e-03	
564	5.335000e-08	-3.07680e-01	2.831658e-03	-3.91156e-03	
565	5.345000e-08	-3.07447e-01	2.717555e-03	-3.75061e-03	
566	5.355000e-08	-3.07223e-01	2.608541e-03	-3.59676e-03	
567	5.365000e-08	-3.07008e-01	2.504379e-03	-3.44969e-03	
568	5.375000e-08	-3.06800e-01	2.404838e-03	-3.30909e-03	
569	5.385000e-08	-3.06601e-01	2.309703e-03	-3.17464e-03	
570	5.395000e-08	-3.06408e-01	2.218767e-03	-3.04606e-03	
571	5.405000e-08	-3.06223e-01	2.131833e-03	-2.92308e-03	
572	5.415000e-08	-3.06045e-01	2.048714e-03	-2.80543e-03	
573	5.425000e-08	-3.05873e-01	1.969232e-03	-2.69288e-03	
574	5.435000e-08	-3.05707e-01	1.893217e-03	-2.58519e-03	
575	5.445000e-08	-3.05547e-01	1.820510e-03	-2.48212e-03	
576	5.455000e-08	-3.05393e-01	1.750955e-03	-2.38348e-03	

Index   time            v(drvb)         v(raq)          v(rbq)          
--------------------------------------------------------------------------------
577	5.465000e-08	-3.05244e-01	1.684408e-03	-2.28905e-03	
578	5.475000e-08	-3.05101e-01	1.620729e-03	-2.19864e-03	
579	5.485000e-08	-3.04962e-01	1.559786e-03	-2.11207e-03	
580	5.495000e-08	-3.04829e-01	1.501454e-03	-2.02916e-03	
581	5.505000e-08	-3.04700e-01	1.445611e-03	-1.94975e-03	
582	5.515000e-08	-3.04575e-01	1.392145e-03	-1.87368e-03	
583	5.525000e-08	-3.04455e-01	1.340946e-03	-1.80079e-03	
584	5.535000e-08	-3.04339e-01	1.291912e-03	-1.73094e-03	
585	5.545000e-08	-3.04227e-01	1.244943e-03	-1.66400e-03	
586	5.555000e-08	-3.04118e-01	1.199945e-03	-1.59983e-03	
587	5.565000e-08	-3.04013e-01	1.156830e-03	-1.53831e-03	
588	5.575000e-08	-3.03912e-01	1.115513e-03	-1.47933e-03	
589	5.585000e-08	-3.03814e-01	1.075911e-03	-1.42275e-03	
590	5.595000e-08	-3.03719e-01	1.037948e-03	-1.36849e-03	
591	5.605000e-08	-3.03627e-01	1.001551e-03	-1.31644e-03	
592	5.615000e-08	-3.03538e-01	9.666489e-04	-1.26649e-03	
593	5.625000e-08	-3.03452e-01	9.331754e-04	-1.21856e-03	
594	5.635000e-08	-3.03369e-01	9.010667e-04	-1.17255e-03	
595	5.645000e-08	-3.03288e-01	8.702621e-04	-1.12839e-03	
596	5.655000e-08	-3.03210e-01	8.407040e-04	-1.08599e-03	
597	5.665000e-08	-3.03135e-01	8.123371e-04	-1.04527e-03	
598	5.675000e-08	-3.03061e-01	7.851089e-04	-1.00616e-03	
599	5.685000e-08	-3.02990e-01	7.589695e-04	-9.68598e-04	
600	5.695000e-08	-3.02921e-01	7.338710e-04	-9.32504e-04	
601	5.705000e-08	-3.02854e-01	7.097679e-04	-8.97821e-04	
602	5.715000e-08	-3.02790e-01	6.866169e-04	-8.64486e-04	
603	5.725000e-08	-3.02727e-01	6.643765e-04	-8.32443e-04	
604	5.735000e-08	-3.02666e-01	6.430072e-04	-8.01635e-04	
605	5.745000e-08	-3.02606e-01	6.224715e-04	-7.72010e-04	
606	5.755000e-08	-3.02549e-01	6.027334e-04	-7.43518e-04	
607	5.765000e-08	-3.02493e-01	5.837586e-04	-7.16110e-04	
608	5.775000e-08	-3.02439e-01	5.655144e-04	-6.89741e-04	
609	5.785000e-08	-3.02386e-01	5.479697e-04	-6.64366e-04	
610	5.795000e-08	-3.02335e-01	5.310947e-04	-6.39944e-04	
611	5.805000e-08	-3.02285e-01	5.148609e-04	-6.16435e-04	
612	5.815000e-08	-3.02236e-01	4.992412e-04	-5.93800e-04	
613	5.825000e-08	-3.02189e-01	4.842098e-04	-5.72004e-04	
614	5.835000e-08	-3.02144e-01	4.697419e-04	-5.51012e-04	
615	5.845000e-08	-3.02099e-01	4.558139e-04	-5.30789e-04	
616	5.855000e-08	-3.02056e-01	4.424034e-04	-5.11306e-04	
617	5.865000e-08	-3.02013e-01	4.294887e-04	-4.92530e-04	
618	5.875000e-08	-3.01972e-01	4.170493e-04	-4.74434e-04	
619	5.885000e-08	-3.01932e-01	4.050656e-04	-4.56989e-04	
620	5.895000e-08	-3.01893e-01	3.935188e-04	-4.40170e-04	
621	5.905000e-08	-3.01855e-01	3.823910e-04	-4.23950e-04	
622	5.915000e-08	-3.01818e-01	3.716651e-04	-4.08306e-04	
623	5.925000e-08	-3.01782e-01	3.613247e-04	-3.93214e-04	
624	5.935000e-08	-3.01747e-01	3.513541e-04	-3.78653e-04	
625	5.945000e-08	-3.01713e-01	3.417385e-04	-3.64601e-04	
626	5.955000e-08	-3.01679e-01	3.324634e-04	-3.51038e-04	
627	5.965000e-08	-3.01647e-01	3.235154e-04	-3.37945e-04	
628	5.975000e-08	-3.01615e-01	3.148812e-04	-3.25303e-04	
629	5.985000e-08	-3.01584e-01	3.065483e-04	-3.13094e-04	
630	5.995000e-08	-3.01553e-01	2.985049e-04	-3.01301e-04	
631	6.005000e-08	-3.01524e-01	2.907395e-04	-2.89909e-04	
632	6.015000e-08	-3.01495e-01	2.832411e-04	-2.78902e-04	
633	6.025000e-08	-3.01466e-01	2.759993e-04	-2.68265e-04	
634	6.035000e-08	-3.01439e-01	2.690040e-04	-2.57983e-04	

Index   time            v(drvb)         v(raq)          v(rbq)          
--------------------------------------------------------------------------------
635	6.045000e-08	-3.01412e-01	2.622458e-04	-2.48043e-04	
636	6.055000e-08	-3.01386e-01	2.557152e-04	-2.38433e-04	
637	6.065000e-08	-3.01360e-01	2.494037e-04	-2.29138e-04	
638	6.075000e-08	-3.01335e-01	2.433028e-04	-2.20149e-04	
639	6.085000e-08	-3.01310e-01	2.374044e-04	-2.11452e-04	
640	6.095000e-08	-3.01286e-01	2.317009e-04	-2.03037e-04	
641	6.105000e-08	-3.01262e-01	2.261847e-04	-1.94894e-04	
642	6.115000e-08	-3.01239e-01	2.208489e-04	-1.87013e-04	
643	6.125000e-08	-3.01216e-01	2.156867e-04	-1.79383e-04	
644	6.135000e-08	-3.01194e-01	2.106915e-04	-1.71995e-04	
645	6.145000e-08	-3.01173e-01	2.058572e-04	-1.64841e-04	
646	6.155000e-08	-3.01151e-01	2.011777e-04	-1.57913e-04	
647	6.165000e-08	-3.01131e-01	1.966473e-04	-1.51201e-04	
648	6.175000e-08	-3.01110e-01	1.922606e-04	-1.44698e-04	
649	6.185000e-08	-3.01090e-01	1.880123e-04	-1.38396e-04	
650	6.195000e-08	-3.01071e-01	1.838974e-04	-1.32289e-04	
651	6.205000e-08	-3.01051e-01	1.799109e-04	-1.26369e-04	
652	6.215000e-08	-3.01033e-01	1.760484e-04	-1.20630e-04	
653	6.225000e-08	-3.01014e-01	1.723052e-04	-1.15065e-04	
654	6.235000e-08	-3.00996e-01	1.686771e-04	-1.09668e-04	
655	6.245000e-08	-3.00978e-01	1.651601e-04	-1.04434e-04	
656	6.255000e-08	-3.00961e-01	1.617502e-04	-9.93561e-05	
657	6.265000e-08	-3.00944e-01	1.584436e-04	-9.44295e-05	
658	6.275000e-08	-3.00927e-01	1.552367e-04	-8.96488e-05	
659	6.285000e-08	-3.00910e-01	1.521260e-04	-8.50090e-05	
660	6.295000e-08	-3.00894e-01	1.491081e-04	-8.05054e-05	
661	6.305000e-08	-3.00878e-01	1.461799e-04	-7.61333e-05	
662	6.315000e-08	-3.00862e-01	1.433383e-04	-7.18883e-05	
663	6.325000e-08	-3.00847e-01	1.405802e-04	-6.77660e-05	
664	6.335000e-08	-3.00832e-01	1.379028e-04	-6.37625e-05	
665	6.345000e-08	-3.00817e-01	1.353035e-04	-5.98736e-05	
666	6.355000e-08	-3.00802e-01	1.327795e-04	-5.60956e-05	
667	6.365000e-08	-3.00788e-01	1.303284e-04	-5.24249e-05	
668	6.375000e-08	-3.00774e-01	1.279476e-04	-4.88580e-05	
669	6.385000e-08	-3.00760e-01	1.256349e-04	-4.53914e-05	
670	6.395000e-08	-3.00746e-01	1.233881e-04	-4.20219e-05	
671	6.405000e-08	-3.00733e-01	1.212048e-04	-3.87463e-05	
672	6.415000e-08	-3.00720e-01	1.190831e-04	-3.55618e-05	
673	6.425000e-08	-3.00707e-01	1.170210e-04	-3.24652e-05	
674	6.435000e-08	-3.00694e-01	1.150165e-04	-2.94539e-05	
675	6.445000e-08	-3.00681e-01	1.130678e-04	-2.65252e-05	
676	6.455000e-08	-3.00669e-01	1.111731e-04	-2.36764e-05	
677	6.465000e-08	-3.00656e-01	1.093306e-04	-2.09051e-05	
678	6.475000e-08	-3.00644e-01	1.075388e-04	-1.82089e-05	
679	6.485000e-08	-3.00632e-01	1.057959e-04	-1.55854e-05	
680	6.495000e-08	-3.00620e-01	1.041006e-04	-1.30325e-05	
681	6.505000e-08	-3.00609e-01	1.024512e-04	-1.05479e-05	
682	6.515000e-08	-3.00597e-01	1.008465e-04	-8.12957e-06	
683	6.525000e-08	-3.00586e-01	9.928490e-05	-5.77556e-06	
684	6.535000e-08	-3.00575e-01	9.776523e-05	-3.48392e-06	
685	6.545000e-08	-3.00564e-01	9.628617e-05	-1.25278e-06	
686	6.555000e-08	-3.00553e-01	9.484650e-05	9.196333e-07	
687	6.565000e-08	-3.00543e-01	9.344502e-05	3.035056e-06	
688	6.575000e-08	-3.00532e-01	9.208061e-05	5.095153e-06	
689	6.585000e-08	-3.00522e-01	9.075215e-05	7.101530e-06	
690	6.595000e-08	-3.00511e-01	8.945859e-05	9.055737e-06	
691	6.605000e-08	-3.00501e-01	8.819891e-05	1.095927e-05	
692	6.615000e-08	-3.00491e-01	8.697212e-05	1.281357e-05	

Index   time            v(drvb)         v(raq)          v(rbq)          
--------------------------------------------------------------------------------
693	6.625000e-08	-3.00481e-01	8.577726e-05	1.462003e-05	
694	6.635000e-08	-3.00471e-01	8.461342e-05	1.638000e-05	
695	6.645000e-08	-3.00462e-01	8.347971e-05	1.809477e-05	
696	6.655000e-08	-3.00452e-01	8.237528e-05	1.976559e-05	
697	6.665000e-08	-3.00443e-01	8.129929e-05	2.139368e-05	
698	6.675000e-08	-3.00433e-01	8.025097e-05	2.298020e-05	
699	6.685000e-08	-3.00424e-01	7.922953e-05	2.452627e-05	
700	6.695000e-08	-3.00415e-01	7.823424e-05	2.603299e-05	
701	6.705000e-08	-3.00406e-01	7.726438e-05	2.750140e-05	
702	6.715000e-08	-3.00397e-01	7.631925e-05	2.893253e-05	
703	6.725000e-08	-3.00388e-01	7.539819e-05	3.032735e-05	
704	6.735000e-08	-3.00379e-01	7.450056e-05	3.168681e-05	
705	6.745000e-08	-3.00371e-01	7.362573e-05	3.301182e-05	
706	6.755000e-08	-3.00362e-01	7.277310e-05	3.430327e-05	
707	6.765000e-08	-3.00354e-01	7.194209e-05	3.556201e-05	
708	6.775000e-08	-3.00345e-01	7.113213e-05	3.678887e-05	
709	6.785000e-08	-3.00337e-01	7.034270e-05	3.798464e-05	
710	6.795000e-08	-3.00329e-01	6.957325e-05	3.915010e-05	
711	6.805000e-08	-3.00321e-01	6.882329e-05	4.028598e-05	
712	6.815000e-08	-3.00312e-01	6.809233e-05	4.139302e-05	
713	6.825000e-08	-3.00304e-01	6.737989e-05	4.247190e-05	
714	6.835000e-08	-3.00296e-01	6.668553e-05	4.352329e-05	
715	6.845000e-08	-3.00289e-01	6.600878e-05	4.454784e-05	
716	6.855000e-08	-3.00281e-01	6.534924e-05	4.554619e-05	
717	6.865000e-08	-3.00273e-01	6.470650e-05	4.651894e-05	
718	6.875000e-08	-3.00265e-01	6.408014e-05	4.746666e-05	
719	6.885000e-08	-3.00258e-01	6.346979e-05	4.838994e-05	
720	6.895000e-08	-3.00250e-01	6.287507e-05	4.928932e-05	
721	6.905000e-08	-3.00243e-01	6.229563e-05	5.016531e-05	
722	6.915000e-08	-3.00235e-01	6.173112e-05	5.101845e-05	
723	6.925000e-08	-3.00228e-01	6.118121e-05	5.184921e-05	
724	6.935000e-08	-3.00220e-01	6.064556e-05	5.265808e-05	
725	6.945000e-08	-3.00213e-01	6.012388e-05	5.344551e-05	
726	6.955000e-08	-3.00206e-01	5.961585e-05	5.421195e-05	
727	6.965000e-08	-3.00199e-01	5.912118e-05	5.495783e-05	
728	6.975000e-08	-3.00192e-01	5.863959e-05	5.568356e-05	
729	6.985000e-08	-3.00185e-01	5.817082e-05	5.638955e-05	
730	6.995000e-08	-3.00178e-01	5.771459e-05	5.707617e-05	
731	7.005000e-08	-3.00171e-01	5.727065e-05	5.774380e-05	
732	7.015000e-08	-3.00164e-01	5.683876e-05	5.839281e-05	
733	7.025000e-08	-3.00157e-01	5.641869e-05	5.902353e-05	
734	7.035000e-08	-3.00150e-01	5.601019e-05	5.963630e-05	
735	7.045000e-08	-3.00143e-01	5.561306e-05	6.023144e-05	
736	7.055000e-08	-3.00136e-01	5.522708e-05	6.080926e-05	
737	7.065000e-08	-3.00129e-01	5.485205e-05	6.137006e-05	
738	7.075000e-08	-3.00123e-01	5.448777e-05	6.191414e-05	
739	7.085000e-08	-3.00116e-01	5.413404e-05	6.244175e-05	
740	7.095000e-08	-3.00109e-01	5.379070e-05	6.295317e-05	
741	7.105000e-08	-3.00103e-01	5.345755e-05	6.344866e-05	
742	7.115000e-08	-3.00096e-01	5.313444e-05	6.392846e-05	
743	7.125000e-08	-3.00090e-01	5.282120e-05	6.439280e-05	
744	7.135000e-08	-3.00083e-01	5.251767e-05	6.484191e-05	
745	7.145000e-08	-3.00077e-01	5.222370e-05	6.527601e-05	
746	7.155000e-08	-3.00070e-01	5.193915e-05	6.569531e-05	
747	7.165000e-08	-3.00064e-01	5.166388e-05	6.609999e-05	
748	7.175000e-08	-3.00057e-01	5.139775e-05	6.649026e-05	
749	7.185000e-08	-3.00051e-01	5.114065e-05	6.686629e-05	
750	7.195000e-08	-3.00045e-01	5.089245e-05	6.722825e-05	

Index   time            v(drvb)         v(raq)          v(rbq)          
--------------------------------------------------------------------------------
751	7.205000e-08	-3.00038e-01	5.065303e-05	6.757630e-05	
752	7.215000e-08	-3.00032e-01	5.042228e-05	6.791060e-05	
753	7.225000e-08	-3.00026e-01	5.020011e-05	6.823130e-05	
754	7.235000e-08	-3.00019e-01	4.998640e-05	6.853854e-05	
755	7.245000e-08	-3.00013e-01	4.978107e-05	6.883244e-05	
756	7.255000e-08	-3.00007e-01	4.958402e-05	6.911313e-05	
757	7.265000e-08	-3.00001e-01	4.939516e-05	6.938072e-05	
758	7.275000e-08	-2.99994e-01	4.921443e-05	6.963532e-05	
759	7.285000e-08	-2.99988e-01	4.904174e-05	6.987704e-05	
760	7.295000e-08	-2.99982e-01	4.887702e-05	7.010596e-05	
761	7.305000e-08	-2.99976e-01	4.872021e-05	7.032216e-05	
762	7.315000e-08	-2.99970e-01	4.857125e-05	7.052573e-05	
763	7.325000e-08	-2.99963e-01	4.843007e-05	7.071674e-05	
764	7.335000e-08	-2.99957e-01	4.829663e-05	7.089524e-05	
765	7.345000e-08	-2.99951e-01	4.817088e-05	7.106130e-05	
766	7.355000e-08	-2.99945e-01	4.805278e-05	7.121496e-05	
767	7.365000e-08	-2.99939e-01	4.794228e-05	7.135626e-05	
768	7.375000e-08	-2.99933e-01	4.783936e-05	7.148523e-05	
769	7.385000e-08	-2.99927e-01	4.774398e-05	7.160194e-05	
770	7.395000e-08	-2.99920e-01	4.765598e-05	7.170698e-05	
771	7.405000e-08	-2.99914e-01	4.757508e-05	7.180154e-05	
772	7.415000e-08	-2.99908e-01	4.750086e-05	7.188677e-05	
773	7.425000e-08	-2.99902e-01	4.743289e-05	7.196369e-05	
774	7.435000e-08	-2.99896e-01	4.737074e-05	7.203316e-05	
775	7.445000e-08	-2.99890e-01	4.731396e-05	7.209594e-05	
776	7.455000e-08	-2.99884e-01	4.726212e-05	7.215271e-05	
777	7.465000e-08	-2.99878e-01	4.721483e-05	7.220404e-05	
778	7.475000e-08	-2.99872e-01	4.717169e-05	7.225047e-05	
779	7.485000e-08	-2.99865e-01	4.713235e-05	7.229246e-05	
780	7.495000e-08	-2.99859e-01	4.709649e-05	7.233044e-05	
781	7.505000e-08	-2.99853e-01	4.706379e-05	7.236477e-05	
782	7.515000e-08	-2.99847e-01	4.703397e-05	7.239581e-05	
783	7.525000e-08	-2.99841e-01	4.700679e-05	7.242384e-05	
784	7.535000e-08	-2.99835e-01	4.698199e-05	7.244917e-05	
785	7.545000e-08	-2.99829e-01	4.695938e-05	7.247202e-05	
786	7.555000e-08	-2.99823e-01	4.693874e-05	7.249264e-05	
787	7.565000e-08	-2.99817e-01	4.691991e-05	7.251122e-05	
788	7.575000e-08	-2.99811e-01	4.690272e-05	7.252795e-05	
789	7.585000e-08	-2.99805e-01	4.688701e-05	7.254301e-05	
790	7.595000e-08	-2.99798e-01	4.687266e-05	7.255654e-05	
791	7.605000e-08	-2.99792e-01	4.685954e-05	7.256868e-05	
792	7.615000e-08	-2.99786e-01	4.684754e-05	7.257957e-05	
793	7.625000e-08	-2.99780e-01	4.683655e-05	7.258931e-05	
794	7.635000e-08	-2.99774e-01	4.682649e-05	7.259802e-05	
795	7.645000e-08	-2.99768e-01	4.681727e-05	7.260578e-05	
796	7.655000e-08	-2.99762e-01	4.680882e-05	7.261268e-05	
797	7.665000e-08	-2.99756e-01	4.680105e-05	7.261880e-05	
798	7.675000e-08	-2.99750e-01	4.679392e-05	7.262422e-05	
799	7.685000e-08	-2.99744e-01	4.678736e-05	7.262899e-05	
800	7.695000e-08	-2.99737e-01	4.678133e-05	7.263317e-05	
801	7.705000e-08	-2.99731e-01	4.677576e-05	7.263683e-05	
802	7.715000e-08	-2.99725e-01	4.677063e-05	7.264000e-05	
803	7.725000e-08	-2.99719e-01	4.676588e-05	7.264273e-05	
804	7.735000e-08	-2.99713e-01	4.676149e-05	7.264506e-05	
805	7.745000e-08	-2.99707e-01	4.675743e-05	7.264703e-05	
806	7.755000e-08	-2.99701e-01	4.675366e-05	7.264867e-05	
807	7.765000e-08	-2.99695e-01	4.675015e-05	7.265002e-05	
808	7.775000e-08	-2.99689e-01	4.674689e-05	7.265109e-05	

Index   time            v(drvb)         v(raq)          v(rbq)          
--------------------------------------------------------------------------------
809	7.785000e-08	-2.99683e-01	4.674384e-05	7.265191e-05	
810	7.795000e-08	-2.99677e-01	4.674100e-05	7.265251e-05	
811	7.805000e-08	-2.99670e-01	4.673834e-05	7.265290e-05	
812	7.815000e-08	-2.99664e-01	4.673584e-05	7.265311e-05	
813	7.825000e-08	-2.99658e-01	4.673350e-05	7.265315e-05	
814	7.835000e-08	-2.99652e-01	4.673129e-05	7.265303e-05	
815	7.845000e-08	-2.99646e-01	4.672920e-05	7.265278e-05	
816	7.855000e-08	-2.99640e-01	4.672723e-05	7.265240e-05	
817	7.865000e-08	-2.99634e-01	4.672536e-05	7.265191e-05	
818	7.875000e-08	-2.99628e-01	4.672358e-05	7.265131e-05	
819	7.885000e-08	-2.99622e-01	4.672189e-05	7.265062e-05	
820	7.895000e-08	-2.99616e-01	4.672027e-05	7.264984e-05	
821	7.905000e-08	-2.99610e-01	4.671873e-05	7.264898e-05	
822	7.915000e-08	-2.99604e-01	4.671725e-05	7.264805e-05	
823	7.925000e-08	-2.99597e-01	4.671582e-05	7.264705e-05	
824	7.935000e-08	-2.99591e-01	4.671445e-05	7.264600e-05	
825	7.945000e-08	-2.99585e-01	4.671312e-05	7.264489e-05	
826	7.955000e-08	-2.99579e-01	4.671184e-05	7.264374e-05	
827	7.965000e-08	-2.99573e-01	4.671060e-05	7.264254e-05	
828	7.975000e-08	-2.99567e-01	4.670939e-05	7.264130e-05	
829	7.985000e-08	-2.99561e-01	4.670822e-05	7.264003e-05	
830	7.995000e-08	-2.99555e-01	4.670708e-05	7.263872e-05	
831	8.005000e-08	-2.99549e-01	4.670596e-05	7.263738e-05	
832	8.015000e-08	-2.99543e-01	4.670487e-05	7.263601e-05	
833	8.025000e-08	-2.99537e-01	4.670379e-05	7.263462e-05	
834	8.035000e-08	-2.99530e-01	4.670274e-05	7.263321e-05	
835	8.045000e-08	-2.99524e-01	4.670171e-05	7.263177e-05	
836	8.055000e-08	-2.99518e-01	4.670069e-05	7.263032e-05	
837	8.065000e-08	-2.99512e-01	4.669969e-05	7.262885e-05	
838	8.075000e-08	-2.99506e-01	4.669871e-05	7.262737e-05	
839	8.085000e-08	-2.99500e-01	4.669773e-05	7.262587e-05	
840	8.095000e-08	-2.99494e-01	4.669677e-05	7.262435e-05	
841	8.105000e-08	-2.99488e-01	4.669582e-05	7.262283e-05	
842	8.115000e-08	-2.99482e-01	4.669487e-05	7.262130e-05	
843	8.125000e-08	-2.99476e-01	4.669394e-05	7.261975e-05	
844	8.135000e-08	-2.99470e-01	4.669301e-05	7.261820e-05	
845	8.145000e-08	-2.99464e-01	4.669209e-05	7.261664e-05	
846	8.155000e-08	-2.99457e-01	4.669118e-05	7.261508e-05	
847	8.165000e-08	-2.99451e-01	4.669027e-05	7.261350e-05	
848	8.175000e-08	-2.99445e-01	4.668937e-05	7.261192e-05	
849	8.185000e-08	-2.99439e-01	4.668847e-05	7.261034e-05	
850	8.195000e-08	-2.99433e-01	4.668757e-05	7.260875e-05	
851	8.205000e-08	-2.99427e-01	4.668669e-05	7.260716e-05	
852	8.215000e-08	-2.99421e-01	4.668580e-05	7.260556e-05	
853	8.225000e-08	-2.99415e-01	4.668492e-05	7.260396e-05	
854	8.235000e-08	-2.99409e-01	4.668404e-05	7.260235e-05	
855	8.245000e-08	-2.99403e-01	4.668316e-05	7.260074e-05	
856	8.255000e-08	-2.99397e-01	4.668229e-05	7.259913e-05	
857	8.265000e-08	-2.99391e-01	4.668141e-05	7.259752e-05	
858	8.275000e-08	-2.99384e-01	4.668054e-05	7.259591e-05	
859	8.285000e-08	-2.99378e-01	4.667967e-05	7.259429e-05	
860	8.295000e-08	-2.99372e-01	4.667881e-05	7.259267e-05	
861	8.305000e-08	-2.99366e-01	4.667794e-05	7.259105e-05	
862	8.315000e-08	-2.99360e-01	4.667708e-05	7.258943e-05	
863	8.325000e-08	-2.99354e-01	4.667622e-05	7.258780e-05	
864	8.335000e-08	-2.99348e-01	4.667535e-05	7.258618e-05	
865	8.345000e-08	-2.99342e-01	4.667449e-05	7.258455e-05	
866	8.355000e-08	-2.99336e-01	4.667363e-05	7.258292e-05	

Index   time            v(drvb)         v(raq)          v(rbq)          
--------------------------------------------------------------------------------
867	8.365000e-08	-2.99330e-01	4.667278e-05	7.258130e-05	
868	8.375000e-08	-2.99324e-01	4.667192e-05	7.257967e-05	
869	8.385000e-08	-2.99318e-01	4.667106e-05	7.257804e-05	
870	8.395000e-08	-2.99311e-01	4.667021e-05	7.257641e-05	
871	8.405000e-08	-2.99305e-01	4.666935e-05	7.257478e-05	
872	8.415000e-08	-2.99299e-01	4.666849e-05	7.257315e-05	
873	8.425000e-08	-2.99293e-01	4.666764e-05	7.257151e-05	
874	8.435000e-08	-2.99287e-01	4.666679e-05	7.256988e-05	
875	8.445000e-08	-2.99281e-01	4.666593e-05	7.256825e-05	
876	8.455000e-08	-2.99275e-01	4.666508e-05	7.256662e-05	
877	8.465000e-08	-2.99269e-01	4.666423e-05	7.256498e-05	
878	8.475000e-08	-2.99263e-01	4.666337e-05	7.256335e-05	
879	8.485000e-08	-2.99257e-01	4.666252e-05	7.256171e-05	
880	8.495000e-08	-2.99251e-01	4.666167e-05	7.256008e-05	
881	8.505000e-08	-2.99245e-01	4.666082e-05	7.255845e-05	
882	8.515000e-08	-2.99238e-01	4.665996e-05	7.255681e-05	
883	8.525000e-08	-2.99232e-01	4.665911e-05	7.255518e-05	
884	8.535000e-08	-2.99226e-01	4.665826e-05	7.255354e-05	
885	8.545000e-08	-2.99220e-01	4.665741e-05	7.255191e-05	
886	8.555000e-08	-2.99214e-01	4.665656e-05	7.255027e-05	
887	8.565000e-08	-2.99208e-01	4.665571e-05	7.254863e-05	
888	8.575000e-08	-2.99202e-01	4.665486e-05	7.254700e-05	
889	8.585000e-08	-2.99196e-01	4.665401e-05	7.254536e-05	
890	8.595000e-08	-2.99190e-01	4.665315e-05	7.254373e-05	
891	8.605000e-08	-2.99184e-01	4.665230e-05	7.254209e-05	
892	8.615000e-08	-2.99178e-01	4.665145e-05	7.254046e-05	
893	8.625000e-08	-2.99172e-01	4.665060e-05	7.253882e-05	
894	8.635000e-08	-2.99165e-01	4.664975e-05	7.253718e-05	
895	8.645000e-08	-2.99159e-01	4.664890e-05	7.253555e-05	
896	8.655000e-08	-2.99153e-01	4.664805e-05	7.253391e-05	
897	8.665000e-08	-2.99147e-01	4.664720e-05	7.253228e-05	
898	8.675000e-08	-2.99141e-01	4.664635e-05	7.253064e-05	
899	8.685000e-08	-2.99135e-01	4.664550e-05	7.252901e-05	
900	8.695000e-08	-2.99129e-01	4.664465e-05	7.252737e-05	
901	8.705000e-08	-2.99123e-01	4.664380e-05	7.252573e-05	
902	8.715000e-08	-2.99117e-01	4.664295e-05	7.252410e-05	
903	8.725000e-08	-2.99111e-01	4.664210e-05	7.252246e-05	
904	8.735000e-08	-2.99105e-01	4.664125e-05	7.252083e-05	
905	8.745000e-08	-2.99099e-01	4.664040e-05	7.251919e-05	
906	8.755000e-08	-2.99093e-01	4.663955e-05	7.251755e-05	
907	8.765000e-08	-2.99086e-01	4.663870e-05	7.251592e-05	
908	8.775000e-08	-2.99080e-01	4.663785e-05	7.251428e-05	
909	8.785000e-08	-2.99074e-01	4.663700e-05	7.251265e-05	
910	8.795000e-08	-2.99068e-01	4.663616e-05	7.251101e-05	
911	8.805000e-08	-2.99062e-01	4.663531e-05	7.250937e-05	
912	8.815000e-08	-2.99056e-01	4.663446e-05	7.250774e-05	
913	8.825000e-08	-2.99050e-01	4.663361e-05	7.250610e-05	
914	8.835000e-08	-2.99044e-01	4.663276e-05	7.250447e-05	
915	8.845000e-08	-2.99038e-01	4.663191e-05	7.250283e-05	
916	8.855000e-08	-2.99032e-01	4.663106e-05	7.250120e-05	
917	8.865000e-08	-2.99026e-01	4.663021e-05	7.249956e-05	
918	8.875000e-08	-2.99020e-01	4.662936e-05	7.249792e-05	
919	8.885000e-08	-2.99014e-01	4.662851e-05	7.249629e-05	
920	8.895000e-08	-2.99007e-01	4.662766e-05	7.249465e-05	
921	8.905000e-08	-2.99001e-01	4.662681e-05	7.249302e-05	
922	8.915000e-08	-2.98995e-01	4.662596e-05	7.249138e-05	
923	8.925000e-08	-2.98989e-01	4.662511e-05	7.248975e-05	
924	8.935000e-08	-2.98983e-01	4.662426e-05	7.248811e-05	

Index   time            v(drvb)         v(raq)          v(rbq)          
--------------------------------------------------------------------------------
925	8.945000e-08	-2.98977e-01	4.662341e-05	7.248648e-05	
926	8.955000e-08	-2.98971e-01	4.662256e-05	7.248484e-05	
927	8.965000e-08	-2.98965e-01	4.662171e-05	7.248321e-05	
928	8.975000e-08	-2.98959e-01	4.662087e-05	7.248157e-05	
929	8.985000e-08	-2.98953e-01	4.662002e-05	7.247993e-05	
930	8.995000e-08	-2.98947e-01	4.661917e-05	7.247830e-05	
931	9.005000e-08	-2.98941e-01	4.661832e-05	7.247666e-05	
932	9.015000e-08	-2.98935e-01	4.661747e-05	7.247503e-05	
933	9.025000e-08	-2.98928e-01	4.661662e-05	7.247339e-05	
934	9.035000e-08	-2.98922e-01	4.661577e-05	7.247176e-05	
935	9.045000e-08	-2.98916e-01	4.661492e-05	7.247012e-05	
936	9.055000e-08	-2.98910e-01	4.661407e-05	7.246849e-05	
937	9.065000e-08	-2.98904e-01	4.661322e-05	7.246685e-05	
938	9.075000e-08	-2.98898e-01	4.661237e-05	7.246522e-05	
939	9.085000e-08	-2.98892e-01	4.661152e-05	7.246358e-05	
940	9.095000e-08	-2.98886e-01	4.661068e-05	7.246195e-05	
941	9.105000e-08	-2.98880e-01	4.660983e-05	7.246031e-05	
942	9.115000e-08	-2.98874e-01	4.660898e-05	7.245868e-05	
943	9.125000e-08	-2.98868e-01	4.660813e-05	7.245704e-05	
944	9.135000e-08	-2.98862e-01	4.660728e-05	7.245541e-05	
945	9.145000e-08	-2.98856e-01	4.660643e-05	7.245377e-05	
946	9.155000e-08	-2.98850e-01	4.660558e-05	7.245214e-05	
947	9.165000e-08	-2.98843e-01	4.660473e-05	7.245051e-05	
948	9.175000e-08	-2.98837e-01	4.660388e-05	7.244887e-05	
949	9.185000e-08	-2.98831e-01	4.660303e-05	7.244724e-05	
950	9.195000e-08	-2.98825e-01	4.660218e-05	7.244560e-05	
951	9.205000e-08	-2.98819e-01	4.660134e-05	7.244397e-05	
952	9.215000e-08	-2.98813e-01	4.660049e-05	7.244233e-05	
953	9.225000e-08	-2.98807e-01	4.659964e-05	7.244070e-05	
954	9.235000e-08	-2.98801e-01	4.659879e-05	7.243906e-05	
955	9.245000e-08	-2.98795e-01	4.659794e-05	7.243743e-05	
956	9.255000e-08	-2.98789e-01	4.659709e-05	7.243580e-05	
957	9.265000e-08	-2.98783e-01	4.659624e-05	7.243416e-05	
958	9.275000e-08	-2.98777e-01	4.659539e-05	7.243253e-05	
959	9.285000e-08	-2.98771e-01	4.659454e-05	7.243089e-05	
960	9.295000e-08	-2.98764e-01	4.659370e-05	7.242926e-05	
961	9.305000e-08	-2.98758e-01	4.659285e-05	7.242762e-05	
962	9.315000e-08	-2.98752e-01	4.659200e-05	7.242599e-05	
963	9.325000e-08	-2.98746e-01	4.659115e-05	7.242436e-05	
964	9.335000e-08	-2.98740e-01	4.659030e-05	7.242272e-05	
965	9.345000e-08	-2.98734e-01	4.658945e-05	7.242109e-05	
966	9.355000e-08	-2.98728e-01	4.658860e-05	7.241945e-05	
967	9.365000e-08	-2.98722e-01	4.658775e-05	7.241782e-05	
968	9.375000e-08	-2.98716e-01	4.658690e-05	7.241619e-05	
969	9.385000e-08	-2.98710e-01	4.658606e-05	7.241455e-05	
970	9.395000e-08	-2.98704e-01	4.658521e-05	7.241292e-05	
971	9.405000e-08	-2.98698e-01	4.658436e-05	7.241128e-05	
972	9.415000e-08	-2.98692e-01	4.658351e-05	7.240965e-05	
973	9.425000e-08	-2.98686e-01	4.658266e-05	7.240802e-05	
974	9.435000e-08	-2.98679e-01	4.658181e-05	7.240638e-05	
975	9.445000e-08	-2.98673e-01	4.658096e-05	7.240475e-05	
976	9.455000e-08	-2.98667e-01	4.658011e-05	7.240312e-05	
977	9.465000e-08	-2.98661e-01	4.657927e-05	7.240148e-05	
978	9.475000e-08	-2.98655e-01	4.657842e-05	7.239985e-05	
979	9.485000e-08	-2.98649e-01	4.657757e-05	7.239821e-05	
980	9.495000e-08	-2.98643e-01	4.657672e-05	7.239658e-05	
981	9.505000e-08	-2.98637e-01	4.657587e-05	7.239495e-05	
982	9.515000e-08	-2.98631e-01	4.657502e-05	7.239331e-05	

Index   time            v(drvb)         v(raq)          v(rbq)          
--------------------------------------------------------------------------------
983	9.525000e-08	-2.98625e-01	4.657417e-05	7.239168e-05	
984	9.535000e-08	-2.98619e-01	4.657333e-05	7.239005e-05	
985	9.545000e-08	-2.98613e-01	4.657248e-05	7.238841e-05	
986	9.555000e-08	-2.98607e-01	4.657163e-05	7.238678e-05	
987	9.565000e-08	-2.98601e-01	4.657078e-05	7.238515e-05	
988	9.575000e-08	-2.98594e-01	4.656993e-05	7.238351e-05	
989	9.585000e-08	-2.98588e-01	4.656908e-05	7.238188e-05	
990	9.595000e-08	-2.98582e-01	4.656823e-05	7.238025e-05	
991	9.605000e-08	-2.98576e-01	4.656739e-05	7.237862e-05	
992	9.615000e-08	-2.98570e-01	4.656654e-05	7.237698e-05	
993	9.625000e-08	-2.98564e-01	4.656569e-05	7.237535e-05	
994	9.635000e-08	-2.98558e-01	4.656484e-05	7.237372e-05	
995	9.645000e-08	-2.98552e-01	4.656399e-05	7.237208e-05	
996	9.655000e-08	-2.98546e-01	4.656314e-05	7.237045e-05	
997	9.665000e-08	-2.98540e-01	4.656230e-05	7.236882e-05	
998	9.675000e-08	-2.98534e-01	4.656145e-05	7.236718e-05	
999	9.685000e-08	-2.98528e-01	4.656060e-05	7.236555e-05	
1000	9.695000e-08	-2.98522e-01	4.655975e-05	7.236392e-05	
1001	9.705000e-08	-2.98516e-01	4.655890e-05	7.236229e-05	
1002	9.715000e-08	-2.98510e-01	4.655805e-05	7.236065e-05	
1003	9.725000e-08	-2.98503e-01	4.655720e-05	7.235902e-05	
1004	9.735000e-08	-2.98497e-01	4.655636e-05	7.235739e-05	
1005	9.745000e-08	-2.98491e-01	4.655551e-05	7.235576e-05	
1006	9.755000e-08	-2.98485e-01	4.655466e-05	7.235412e-05	
1007	9.765000e-08	-2.98479e-01	4.655381e-05	7.235249e-05	
1008	9.775000e-08	-2.98473e-01	4.655296e-05	7.235086e-05	
1009	9.785000e-08	-2.98467e-01	4.655211e-05	7.234923e-05	
1010	9.795000e-08	-2.98461e-01	4.655127e-05	7.234759e-05	
1011	9.805000e-08	-2.98455e-01	4.655042e-05	7.234596e-05	
1012	9.815000e-08	-2.98449e-01	4.654957e-05	7.234433e-05	
1013	9.825000e-08	-2.98443e-01	4.654872e-05	7.234270e-05	
1014	9.835000e-08	-2.98437e-01	4.654787e-05	7.234106e-05	
1015	9.845000e-08	-2.98431e-01	4.654703e-05	7.233943e-05	
1016	9.855000e-08	-2.98425e-01	4.654618e-05	7.233780e-05	
1017	9.865000e-08	-2.98419e-01	4.654533e-05	7.233617e-05	
1018	9.875000e-08	-2.98412e-01	4.654448e-05	7.233454e-05	
1019	9.885000e-08	-2.98406e-01	4.654363e-05	7.233290e-05	
1020	9.895000e-08	-2.98400e-01	4.654278e-05	7.233127e-05	
1021	9.905000e-08	-2.98394e-01	4.654194e-05	7.232964e-05	
1022	9.915000e-08	-2.98388e-01	4.654109e-05	7.232801e-05	
1023	9.925000e-08	-2.98382e-01	4.654024e-05	7.232638e-05	
1024	9.935000e-08	-2.98376e-01	4.653939e-05	7.232474e-05	
1025	9.945000e-08	-2.98370e-01	4.653854e-05	7.232311e-05	
1026	9.955000e-08	-2.98364e-01	4.653770e-05	7.232148e-05	
1027	9.965000e-08	-2.98358e-01	4.653685e-05	7.231985e-05	
1028	9.975000e-08	-2.98352e-01	4.653600e-05	7.231822e-05	
1029	9.985000e-08	-2.98346e-01	4.653515e-05	7.231658e-05	
1030	9.995000e-08	-2.98340e-01	4.653430e-05	7.231495e-05	
1031	1.000000e-07	-2.98337e-01	4.653388e-05	7.231413e-05	
1032	1.000100e-07	-2.98336e-01	4.653380e-05	7.231397e-05	
1033	1.000300e-07	-2.98335e-01	4.653363e-05	7.231363e-05	
1034	1.000700e-07	-2.98332e-01	4.653329e-05	7.231297e-05	
1035	1.001500e-07	-2.98328e-01	4.653262e-05	7.231164e-05	
1036	1.002500e-07	-2.98321e-01	4.653178e-05	7.230998e-05	
1037	1.003500e-07	-2.98315e-01	4.653094e-05	7.230832e-05	
1038	1.004500e-07	-2.98309e-01	4.653011e-05	7.230667e-05	
1039	1.005500e-07	-2.98303e-01	4.652927e-05	7.230501e-05	
1040	1.006500e-07	-2.98297e-01	4.652843e-05	7.230337e-05	

Index   time            v(drvb)         v(raq)          v(rbq)          
--------------------------------------------------------------------------------
1041	1.007500e-07	-2.98291e-01	4.652760e-05	7.230172e-05	
1042	1.008500e-07	-2.98285e-01	4.652676e-05	7.230007e-05	
1043	1.009500e-07	-2.98279e-01	4.652592e-05	7.229843e-05	
1044	1.010000e-07	-2.98276e-01	4.652550e-05	7.229761e-05	
1045	1.010100e-07	-2.98275e-01	4.652542e-05	7.229745e-05	
1046	1.010300e-07	-2.98274e-01	4.652525e-05	7.229712e-05	
1047	1.010700e-07	-2.98272e-01	4.652491e-05	7.229646e-05	
1048	1.011500e-07	-2.98267e-01	4.652424e-05	7.229517e-05	
1049	1.012500e-07	-2.98261e-01	4.652339e-05	7.229355e-05	
1050	1.013500e-07	-2.98255e-01	4.652254e-05	7.229192e-05	
1051	1.014500e-07	-2.98249e-01	4.652170e-05	7.229028e-05	
1052	1.015500e-07	-2.98243e-01	4.652086e-05	7.228863e-05	
1053	1.016500e-07	-2.98237e-01	4.652001e-05	7.228701e-05	
1054	1.017500e-07	-2.98231e-01	4.651916e-05	7.228540e-05	
1055	1.018500e-07	-2.98224e-01	4.651830e-05	7.228379e-05	
1056	1.019500e-07	-2.98218e-01	4.651745e-05	7.228218e-05	
1057	1.020500e-07	-2.98212e-01	4.651660e-05	7.228057e-05	
1058	1.021500e-07	-2.98206e-01	4.651574e-05	7.227895e-05	
1059	1.022500e-07	-2.98200e-01	4.651489e-05	7.227733e-05	
1060	1.023500e-07	-2.98194e-01	4.651403e-05	7.227569e-05	
1061	1.024500e-07	-2.98188e-01	4.651319e-05	7.227403e-05	
1062	1.025500e-07	-2.98182e-01	4.651234e-05	7.227240e-05	
1063	1.026500e-07	-2.98176e-01	4.651149e-05	7.227078e-05	
1064	1.027500e-07	-2.98170e-01	4.651064e-05	7.226917e-05	
1065	1.028500e-07	-2.98164e-01	4.650979e-05	7.226755e-05	
1066	1.029500e-07	-2.98158e-01	4.650893e-05	7.226593e-05	
1067	1.030500e-07	-2.98152e-01	4.650808e-05	7.226431e-05	
1068	1.031500e-07	-2.98146e-01	4.650723e-05	7.226269e-05	
1069	1.032500e-07	-2.98140e-01	4.650638e-05	7.226106e-05	
1070	1.033500e-07	-2.98134e-01	4.650553e-05	7.225944e-05	
1071	1.034500e-07	-2.98127e-01	4.650467e-05	7.225781e-05	
1072	1.035500e-07	-2.98121e-01	4.650382e-05	7.225619e-05	
1073	1.036500e-07	-2.98115e-01	4.650297e-05	7.225456e-05	
1074	1.037500e-07	-2.98109e-01	4.650212e-05	7.225294e-05	
1075	1.038500e-07	-2.98103e-01	4.650127e-05	7.225131e-05	
1076	1.039500e-07	-2.98097e-01	4.650042e-05	7.224968e-05	
1077	1.040000e-07	-2.98094e-01	4.649999e-05	7.224887e-05	
1078	1.040100e-07	-2.98094e-01	4.649991e-05	7.224870e-05	
1079	1.040300e-07	-2.98092e-01	4.649974e-05	7.224837e-05	
1080	1.040700e-07	-2.98090e-01	4.649940e-05	7.224770e-05	
1081	1.041500e-07	-2.98085e-01	4.649873e-05	7.224638e-05	
1082	1.042500e-07	-2.98079e-01	4.649789e-05	7.224472e-05	
1083	1.043500e-07	-2.98073e-01	4.649705e-05	7.224307e-05	
1084	1.044500e-07	-2.98067e-01	4.649621e-05	7.224141e-05	
1085	1.045500e-07	-2.98061e-01	4.649538e-05	7.223977e-05	
1086	1.046500e-07	-2.98055e-01	4.649454e-05	7.223812e-05	
1087	1.047500e-07	-2.98049e-01	4.649370e-05	7.223648e-05	
1088	1.048500e-07	-2.98043e-01	4.649286e-05	7.223483e-05	
1089	1.049500e-07	-2.98037e-01	4.649202e-05	7.223319e-05	
1090	1.050000e-07	-2.98034e-01	4.649160e-05	7.223237e-05	
1091	1.050100e-07	-2.98033e-01	4.649152e-05	7.223221e-05	
1092	1.050300e-07	-2.98032e-01	4.649135e-05	7.223188e-05	
1093	1.050700e-07	-2.98029e-01	4.649101e-05	7.223123e-05	
1094	1.051500e-07	-2.98024e-01	4.649034e-05	7.222992e-05	
1095	1.052500e-07	-2.98018e-01	4.648950e-05	7.222828e-05	
1096	1.053500e-07	-2.98012e-01	4.648866e-05	7.222664e-05	
1097	1.054500e-07	-2.98006e-01	4.648782e-05	7.222501e-05	
1098	1.055500e-07	-2.98000e-01	4.648698e-05	7.222337e-05	

Index   time            v(drvb)         v(raq)          v(rbq)          
--------------------------------------------------------------------------------
1099	1.056500e-07	-2.97994e-01	4.648613e-05	7.222173e-05	
1100	1.057500e-07	-2.97988e-01	4.648529e-05	7.222010e-05	
1101	1.058500e-07	-2.97982e-01	4.648445e-05	7.221847e-05	
1102	1.059500e-07	-2.97976e-01	4.648360e-05	7.221683e-05	
1103	1.060000e-07	-2.97973e-01	4.648318e-05	7.221602e-05	
1104	1.060100e-07	-2.97972e-01	4.648310e-05	7.221585e-05	
1105	1.060300e-07	-2.97971e-01	4.648293e-05	7.221553e-05	
1106	1.060700e-07	-2.97969e-01	4.648259e-05	7.221488e-05	
1107	1.061500e-07	-2.97964e-01	4.648191e-05	7.221359e-05	
1108	1.062500e-07	-2.97958e-01	4.648106e-05	7.221198e-05	
1109	1.063500e-07	-2.97952e-01	4.648020e-05	7.221038e-05	
1110	1.064500e-07	-2.97946e-01	4.647935e-05	7.220877e-05	
1111	1.065500e-07	-2.97940e-01	4.647849e-05	7.220716e-05	
1112	1.066500e-07	-2.97934e-01	4.647763e-05	7.220555e-05	
1113	1.067500e-07	-2.97928e-01	4.647678e-05	7.220392e-05	
1114	1.068500e-07	-2.97921e-01	4.647593e-05	7.220227e-05	
1115	1.069500e-07	-2.97915e-01	4.647509e-05	7.220062e-05	
1116	1.070500e-07	-2.97909e-01	4.647424e-05	7.219898e-05	
1117	1.071500e-07	-2.97903e-01	4.647340e-05	7.219736e-05	
1118	1.072500e-07	-2.97897e-01	4.647255e-05	7.219573e-05	
1119	1.073500e-07	-2.97891e-01	4.647171e-05	7.219409e-05	
1120	1.074500e-07	-2.97885e-01	4.647086e-05	7.219245e-05	
1121	1.075500e-07	-2.97879e-01	4.647002e-05	7.219081e-05	
1122	1.076500e-07	-2.97873e-01	4.646918e-05	7.218917e-05	
1123	1.077500e-07	-2.97867e-01	4.646833e-05	7.218753e-05	
1124	1.078500e-07	-2.97861e-01	4.646749e-05	7.218590e-05	
1125	1.079500e-07	-2.97855e-01	4.646665e-05	7.218426e-05	
1126	1.080500e-07	-2.97849e-01	4.646580e-05	7.218263e-05	
1127	1.081500e-07	-2.97843e-01	4.646496e-05	7.218100e-05	
1128	1.082500e-07	-2.97837e-01	4.646412e-05	7.217936e-05	
1129	1.083500e-07	-2.97831e-01	4.646327e-05	7.217773e-05	
1130	1.084500e-07	-2.97825e-01	4.646243e-05	7.217610e-05	
1131	1.085500e-07	-2.97819e-01	4.646158e-05	7.217447e-05	
1132	1.086500e-07	-2.97812e-01	4.646074e-05	7.217283e-05	
1133	1.087500e-07	-2.97806e-01	4.645989e-05	7.217122e-05	
1134	1.088500e-07	-2.97800e-01	4.645904e-05	7.216963e-05	
1135	1.089500e-07	-2.97794e-01	4.645818e-05	7.216803e-05	
1136	1.090000e-07	-2.97791e-01	4.645775e-05	7.216722e-05	
1137	1.090100e-07	-2.97791e-01	4.645767e-05	7.216706e-05	
1138	1.090300e-07	-2.97789e-01	4.645750e-05	7.216673e-05	
1139	1.090700e-07	-2.97787e-01	4.645716e-05	7.216608e-05	
1140	1.091500e-07	-2.97782e-01	4.645648e-05	7.216477e-05	
1141	1.092500e-07	-2.97776e-01	4.645563e-05	7.216312e-05	
1142	1.093500e-07	-2.97770e-01	4.645479e-05	7.216149e-05	
1143	1.094500e-07	-2.97764e-01	4.645394e-05	7.215985e-05	
1144	1.095500e-07	-2.97758e-01	4.645310e-05	7.215821e-05	
1145	1.096500e-07	-2.97752e-01	4.645225e-05	7.215658e-05	
1146	1.097500e-07	-2.97746e-01	4.645141e-05	7.215494e-05	
1147	1.098500e-07	-2.97740e-01	4.645057e-05	7.215331e-05	
1148	1.099500e-07	-2.97734e-01	4.644972e-05	7.215168e-05	
1149	1.100000e-07	-2.97731e-01	4.644930e-05	7.215086e-05	
1150	1.100100e-07	-2.97730e-01	4.644922e-05	7.215070e-05	
1151	1.100300e-07	-2.97729e-01	4.644905e-05	7.215037e-05	
1152	1.100700e-07	-2.97727e-01	4.644871e-05	7.214973e-05	
1153	1.101500e-07	-2.97722e-01	4.644803e-05	7.214843e-05	
1154	1.102500e-07	-2.97716e-01	4.644718e-05	7.214683e-05	
1155	1.103500e-07	-2.97710e-01	4.644632e-05	7.214523e-05	
1156	1.104500e-07	-2.97704e-01	4.644547e-05	7.214362e-05	

Index   time            v(drvb)         v(raq)          v(rbq)          
--------------------------------------------------------------------------------
1157	1.105500e-07	-2.97697e-01	4.644461e-05	7.214202e-05	
1158	1.106500e-07	-2.97691e-01	4.644376e-05	7.214041e-05	
1159	1.107500e-07	-2.97685e-01	4.644290e-05	7.213880e-05	
1160	1.108500e-07	-2.97679e-01	4.644204e-05	7.213718e-05	
1161	1.109500e-07	-2.97673e-01	4.644119e-05	7.213557e-05	
1162	1.110500e-07	-2.97667e-01	4.644033e-05	7.213395e-05	
1163	1.111500e-07	-2.97661e-01	4.643948e-05	7.213233e-05	
1164	1.112500e-07	-2.97655e-01	4.643862e-05	7.213071e-05	
1165	1.113500e-07	-2.97649e-01	4.643777e-05	7.212909e-05	
1166	1.114500e-07	-2.97643e-01	4.643692e-05	7.212747e-05	
1167	1.115500e-07	-2.97637e-01	4.643607e-05	7.212585e-05	
1168	1.116500e-07	-2.97631e-01	4.643521e-05	7.212423e-05	
1169	1.117500e-07	-2.97625e-01	4.643436e-05	7.212261e-05	
1170	1.118500e-07	-2.97619e-01	4.643351e-05	7.212099e-05	
1171	1.119500e-07	-2.97613e-01	4.643266e-05	7.211936e-05	
1172	1.120500e-07	-2.97607e-01	4.643181e-05	7.211774e-05	
1173	1.121500e-07	-2.97601e-01	4.643096e-05	7.211612e-05	
1174	1.122500e-07	-2.97595e-01	4.643011e-05	7.211449e-05	
1175	1.123500e-07	-2.97589e-01	4.642926e-05	7.211287e-05	
1176	1.124500e-07	-2.97582e-01	4.642841e-05	7.211124e-05	
1177	1.125500e-07	-2.97576e-01	4.642757e-05	7.210962e-05	
1178	1.126500e-07	-2.97570e-01	4.642672e-05	7.210799e-05	
1179	1.127500e-07	-2.97564e-01	4.642587e-05	7.210637e-05	
1180	1.128500e-07	-2.97558e-01	4.642502e-05	7.210474e-05	
1181	1.129500e-07	-2.97552e-01	4.642417e-05	7.210312e-05	
1182	1.130500e-07	-2.97546e-01	4.642333e-05	7.210149e-05	
1183	1.131500e-07	-2.97540e-01	4.642248e-05	7.209987e-05	
1184	1.132500e-07	-2.97534e-01	4.642163e-05	7.209824e-05	
1185	1.133500e-07	-2.97528e-01	4.642078e-05	7.209661e-05	
1186	1.134500e-07	-2.97522e-01	4.641994e-05	7.209499e-05	
1187	1.135500e-07	-2.97516e-01	4.641909e-05	7.209336e-05	
1188	1.136500e-07	-2.97510e-01	4.641824e-05	7.209174e-05	
1189	1.137500e-07	-2.97504e-01	4.641739e-05	7.209011e-05	
1190	1.138500e-07	-2.97498e-01	4.641655e-05	7.208848e-05	
1191	1.139500e-07	-2.97492e-01	4.641570e-05	7.208686e-05	
1192	1.140500e-07	-2.97486e-01	4.641485e-05	7.208523e-05	
1193	1.141500e-07	-2.97480e-01	4.641401e-05	7.208361e-05	
1194	1.142500e-07	-2.97474e-01	4.641316e-05	7.208198e-05	
1195	1.143500e-07	-2.97468e-01	4.641231e-05	7.208035e-05	
1196	1.144500e-07	-2.97461e-01	4.641147e-05	7.207873e-05	
1197	1.145500e-07	-2.97455e-01	4.641062e-05	7.207710e-05	
1198	1.146500e-07	-2.97449e-01	4.640977e-05	7.207548e-05	
1199	1.147500e-07	-2.97443e-01	4.640893e-05	7.207385e-05	
1200	1.148500e-07	-2.97437e-01	4.640808e-05	7.207222e-05	
1201	1.149500e-07	-2.97431e-01	4.640723e-05	7.207060e-05	
1202	1.150500e-07	-2.97425e-01	4.640639e-05	7.206897e-05	
1203	1.151500e-07	-2.97419e-01	4.640554e-05	7.206734e-05	
1204	1.152500e-07	-2.97413e-01	4.640469e-05	7.206572e-05	
1205	1.153500e-07	-2.97407e-01	4.640385e-05	7.206409e-05	
1206	1.154500e-07	-2.97401e-01	4.640300e-05	7.206247e-05	
1207	1.155500e-07	-2.97395e-01	4.640215e-05	7.206084e-05	
1208	1.156500e-07	-2.97389e-01	4.640131e-05	7.205921e-05	
1209	1.157500e-07	-2.97383e-01	4.640046e-05	7.205759e-05	
1210	1.158500e-07	-2.97377e-01	4.639962e-05	7.205596e-05	
1211	1.159500e-07	-2.97371e-01	4.639877e-05	7.205434e-05	
1212	1.160500e-07	-2.97365e-01	4.639792e-05	7.205271e-05	
1213	1.161500e-07	-2.97359e-01	4.639708e-05	7.205108e-05	
1214	1.162500e-07	-2.97353e-01	4.639623e-05	7.204946e-05	

Index   time            v(drvb)         v(raq)          v(rbq)          
--------------------------------------------------------------------------------
1215	1.163500e-07	-2.97347e-01	4.639539e-05	7.204783e-05	
1216	1.164500e-07	-2.97341e-01	4.639454e-05	7.204621e-05	
1217	1.165500e-07	-2.97334e-01	4.639369e-05	7.204458e-05	
1218	1.166500e-07	-2.97328e-01	4.639285e-05	7.204296e-05	
1219	1.167500e-07	-2.97322e-01	4.639200e-05	7.204133e-05	
1220	1.168500e-07	-2.97316e-01	4.639115e-05	7.203970e-05	
1221	1.169500e-07	-2.97310e-01	4.639031e-05	7.203808e-05	
1222	1.170500e-07	-2.97304e-01	4.638946e-05	7.203645e-05	
1223	1.171500e-07	-2.97298e-01	4.638862e-05	7.203483e-05	
1224	1.172500e-07	-2.97292e-01	4.638777e-05	7.203320e-05	
1225	1.173500e-07	-2.97286e-01	4.638692e-05	7.203158e-05	
1226	1.174500e-07	-2.97280e-01	4.638608e-05	7.202995e-05	
1227	1.175500e-07	-2.97274e-01	4.638523e-05	7.202833e-05	
1228	1.176500e-07	-2.97268e-01	4.638439e-05	7.202670e-05	
1229	1.177500e-07	-2.97262e-01	4.638354e-05	7.202507e-05	
1230	1.178500e-07	-2.97256e-01	4.638269e-05	7.202345e-05	
1231	1.179500e-07	-2.97250e-01	4.638185e-05	7.202182e-05	
1232	1.180500e-07	-2.97244e-01	4.638100e-05	7.202020e-05	
1233	1.181500e-07	-2.97238e-01	4.638016e-05	7.201857e-05	
1234	1.182500e-07	-2.97232e-01	4.637931e-05	7.201695e-05	
1235	1.183500e-07	-2.97226e-01	4.637847e-05	7.201532e-05	
1236	1.184500e-07	-2.97220e-01	4.637762e-05	7.201370e-05	
1237	1.185500e-07	-2.97214e-01	4.637677e-05	7.201207e-05	
1238	1.186500e-07	-2.97208e-01	4.637593e-05	7.201045e-05	
1239	1.187500e-07	-2.97201e-01	4.637508e-05	7.200882e-05	
1240	1.188500e-07	-2.97195e-01	4.637424e-05	7.200720e-05	
1241	1.189500e-07	-2.97189e-01	4.637339e-05	7.200557e-05	
1242	1.190500e-07	-2.97183e-01	4.637254e-05	7.200395e-05	
1243	1.191500e-07	-2.97177e-01	4.637170e-05	7.200232e-05	
1244	1.192500e-07	-2.97171e-01	4.637085e-05	7.200070e-05	
1245	1.193500e-07	-2.97165e-01	4.637001e-05	7.199907e-05	
1246	1.194500e-07	-2.97159e-01	4.636916e-05	7.199745e-05	
1247	1.195500e-07	-2.97153e-01	4.636832e-05	7.199582e-05	
1248	1.196500e-07	-2.97147e-01	4.636747e-05	7.199420e-05	
1249	1.197500e-07	-2.97141e-01	4.636662e-05	7.199258e-05	
1250	1.198500e-07	-2.97135e-01	4.636578e-05	7.199095e-05	
1251	1.199500e-07	-2.97129e-01	4.636493e-05	7.198933e-05	
1252	1.200000e-07	-2.97126e-01	4.636451e-05	7.198851e-05	
1253	1.200100e-07	-2.97125e-01	4.636443e-05	7.198835e-05	
1254	1.200300e-07	-2.97124e-01	4.636426e-05	7.198801e-05	
1255	1.200700e-07	-2.97122e-01	4.636392e-05	7.198735e-05	
1256	1.201200e-07	-2.97119e-01	4.636351e-05	7.198652e-05	
1257	1.202000e-07	-2.97114e-01	4.636284e-05	7.198519e-05	
1258	1.202100e-07	-2.97113e-01	4.636275e-05	7.198503e-05	
1259	1.202300e-07	-2.97112e-01	4.636259e-05	7.198470e-05	
1260	1.202699e-07	-2.97110e-01	4.636225e-05	7.198404e-05	
1261	1.203499e-07	-2.97105e-01	4.636159e-05	7.198272e-05	
1262	1.204499e-07	-2.97099e-01	4.636075e-05	7.198107e-05	
1263	1.205499e-07	-2.97093e-01	4.635992e-05	7.197943e-05	
1264	1.206499e-07	-2.97087e-01	4.635908e-05	7.197779e-05	
1265	1.207499e-07	-2.97081e-01	4.635825e-05	7.197615e-05	
1266	1.208499e-07	-2.97075e-01	4.635741e-05	7.197453e-05	
1267	1.209499e-07	-2.97069e-01	4.635656e-05	7.197293e-05	
1268	1.210499e-07	-2.97063e-01	4.635572e-05	7.197132e-05	
1269	1.211499e-07	-2.97056e-01	4.635487e-05	7.196972e-05	
1270	1.212000e-07	-2.97053e-01	4.635444e-05	7.196891e-05	
1271	1.212100e-07	-2.97053e-01	4.635436e-05	7.196874e-05	
1272	1.212300e-07	-2.97052e-01	4.635419e-05	7.196841e-05	

Index   time            v(drvb)         v(raq)          v(rbq)          
--------------------------------------------------------------------------------
1273	1.212700e-07	-2.97049e-01	4.635385e-05	7.196775e-05	
1274	1.213500e-07	-2.97044e-01	4.635318e-05	7.196644e-05	
1275	1.214000e-07	-2.97041e-01	4.635276e-05	7.196561e-05	
1276	1.214100e-07	-2.97041e-01	4.635267e-05	7.196545e-05	
1277	1.214300e-07	-2.97040e-01	4.635251e-05	7.196512e-05	
1278	1.214700e-07	-2.97037e-01	4.635217e-05	7.196447e-05	
1279	1.215500e-07	-2.97032e-01	4.635149e-05	7.196317e-05	
1280	1.216500e-07	-2.97026e-01	4.635065e-05	7.196156e-05	
1281	1.217500e-07	-2.97020e-01	4.634980e-05	7.195995e-05	
1282	1.218500e-07	-2.97014e-01	4.634895e-05	7.195834e-05	
1283	1.219500e-07	-2.97008e-01	4.634810e-05	7.195673e-05	
1284	1.220500e-07	-2.97002e-01	4.634725e-05	7.195512e-05	
1285	1.221500e-07	-2.96996e-01	4.634640e-05	7.195351e-05	
1286	1.222500e-07	-2.96990e-01	4.634555e-05	7.195189e-05	
1287	1.223500e-07	-2.96984e-01	4.634470e-05	7.195028e-05	
1288	1.224500e-07	-2.96978e-01	4.634385e-05	7.194866e-05	
1289	1.225500e-07	-2.96972e-01	4.634300e-05	7.194704e-05	
1290	1.226500e-07	-2.96966e-01	4.634215e-05	7.194542e-05	
1291	1.227500e-07	-2.96960e-01	4.634130e-05	7.194380e-05	
1292	1.228500e-07	-2.96954e-01	4.634045e-05	7.194219e-05	
1293	1.229500e-07	-2.96948e-01	4.633960e-05	7.194057e-05	
1294	1.230500e-07	-2.96942e-01	4.633875e-05	7.193895e-05	
1295	1.231500e-07	-2.96936e-01	4.633791e-05	7.193733e-05	
1296	1.232500e-07	-2.96930e-01	4.633706e-05	7.193571e-05	
1297	1.233500e-07	-2.96924e-01	4.633621e-05	7.193408e-05	
1298	1.234500e-07	-2.96918e-01	4.633536e-05	7.193246e-05	
1299	1.235500e-07	-2.96912e-01	4.633452e-05	7.193084e-05	
1300	1.236500e-07	-2.96905e-01	4.633367e-05	7.192922e-05	
1301	1.237500e-07	-2.96899e-01	4.633282e-05	7.192760e-05	
1302	1.238500e-07	-2.96893e-01	4.633198e-05	7.192598e-05	
1303	1.239500e-07	-2.96887e-01	4.633113e-05	7.192436e-05	
1304	1.240500e-07	-2.96881e-01	4.633028e-05	7.192273e-05	
1305	1.241500e-07	-2.96875e-01	4.632944e-05	7.192111e-05	
1306	1.242500e-07	-2.96869e-01	4.632859e-05	7.191949e-05	
1307	1.243500e-07	-2.96863e-01	4.632774e-05	7.191787e-05	
1308	1.244500e-07	-2.96857e-01	4.632690e-05	7.191625e-05	
1309	1.245500e-07	-2.96851e-01	4.632605e-05	7.191462e-05	
1310	1.246500e-07	-2.96845e-01	4.632521e-05	7.191300e-05	
1311	1.247500e-07	-2.96839e-01	4.632436e-05	7.191138e-05	
1312	1.248500e-07	-2.96833e-01	4.632352e-05	7.190976e-05	
1313	1.249500e-07	-2.96827e-01	4.632267e-05	7.190814e-05	
1314	1.250500e-07	-2.96821e-01	4.632182e-05	7.190651e-05	
1315	1.251500e-07	-2.96815e-01	4.632098e-05	7.190489e-05	
1316	1.252500e-07	-2.96809e-01	4.632013e-05	7.190327e-05	
1317	1.253500e-07	-2.96803e-01	4.631929e-05	7.190165e-05	
1318	1.254500e-07	-2.96797e-01	4.631844e-05	7.190002e-05	
1319	1.255500e-07	-2.96791e-01	4.631760e-05	7.189840e-05	
1320	1.256500e-07	-2.96785e-01	4.631675e-05	7.189678e-05	
1321	1.257500e-07	-2.96779e-01	4.631591e-05	7.189516e-05	
1322	1.258500e-07	-2.96773e-01	4.631506e-05	7.189354e-05	
1323	1.259500e-07	-2.96767e-01	4.631422e-05	7.189191e-05	
1324	1.260500e-07	-2.96761e-01	4.631337e-05	7.189029e-05	
1325	1.261500e-07	-2.96755e-01	4.631253e-05	7.188867e-05	
1326	1.262500e-07	-2.96749e-01	4.631168e-05	7.188705e-05	
1327	1.263500e-07	-2.96742e-01	4.631084e-05	7.188542e-05	
1328	1.264500e-07	-2.96736e-01	4.630999e-05	7.188380e-05	
1329	1.265500e-07	-2.96730e-01	4.630915e-05	7.188218e-05	
1330	1.266500e-07	-2.96724e-01	4.630830e-05	7.188056e-05	

Index   time            v(drvb)         v(raq)          v(rbq)          
--------------------------------------------------------------------------------
1331	1.267500e-07	-2.96718e-01	4.630746e-05	7.187894e-05	
1332	1.268500e-07	-2.96712e-01	4.630661e-05	7.187731e-05	
1333	1.269500e-07	-2.96706e-01	4.630577e-05	7.187569e-05	
1334	1.270500e-07	-2.96700e-01	4.630492e-05	7.187407e-05	
1335	1.271500e-07	-2.96694e-01	4.630408e-05	7.187245e-05	
1336	1.272500e-07	-2.96688e-01	4.630323e-05	7.187083e-05	
1337	1.273500e-07	-2.96682e-01	4.630239e-05	7.186920e-05	
1338	1.274500e-07	-2.96676e-01	4.630154e-05	7.186758e-05	
1339	1.275500e-07	-2.96670e-01	4.630070e-05	7.186596e-05	
1340	1.276500e-07	-2.96664e-01	4.629985e-05	7.186434e-05	
1341	1.277500e-07	-2.96658e-01	4.629901e-05	7.186272e-05	
1342	1.278500e-07	-2.96652e-01	4.629816e-05	7.186109e-05	
1343	1.279500e-07	-2.96646e-01	4.629732e-05	7.185947e-05	
1344	1.280500e-07	-2.96640e-01	4.629647e-05	7.185785e-05	
1345	1.281500e-07	-2.96634e-01	4.629563e-05	7.185623e-05	
1346	1.282500e-07	-2.96628e-01	4.629478e-05	7.185461e-05	
1347	1.283500e-07	-2.96622e-01	4.629394e-05	7.185299e-05	
1348	1.284500e-07	-2.96616e-01	4.629309e-05	7.185136e-05	
1349	1.285500e-07	-2.96610e-01	4.629225e-05	7.184974e-05	
1350	1.286500e-07	-2.96604e-01	4.629141e-05	7.184812e-05	
1351	1.287500e-07	-2.96598e-01	4.629056e-05	7.184650e-05	
1352	1.288500e-07	-2.96592e-01	4.628972e-05	7.184488e-05	
1353	1.289500e-07	-2.96586e-01	4.628887e-05	7.184326e-05	
1354	1.290500e-07	-2.96580e-01	4.628803e-05	7.184164e-05	
1355	1.291500e-07	-2.96574e-01	4.628718e-05	7.184001e-05	
1356	1.292500e-07	-2.96567e-01	4.628634e-05	7.183839e-05	
1357	1.293500e-07	-2.96561e-01	4.628549e-05	7.183677e-05	
1358	1.294500e-07	-2.96555e-01	4.628465e-05	7.183515e-05	
1359	1.295500e-07	-2.96549e-01	4.628380e-05	7.183353e-05	
1360	1.296500e-07	-2.96543e-01	4.628296e-05	7.183191e-05	
1361	1.297500e-07	-2.96537e-01	4.628212e-05	7.183029e-05	
1362	1.298500e-07	-2.96531e-01	4.628127e-05	7.182867e-05	
1363	1.299500e-07	-2.96525e-01	4.628043e-05	7.182705e-05	
1364	1.300500e-07	-2.96519e-01	4.627958e-05	7.182542e-05	
1365	1.301500e-07	-2.96513e-01	4.627874e-05	7.182380e-05	
1366	1.302500e-07	-2.96507e-01	4.627789e-05	7.182218e-05	
1367	1.303500e-07	-2.96501e-01	4.627705e-05	7.182056e-05	
1368	1.304500e-07	-2.96495e-01	4.627620e-05	7.181894e-05	
1369	1.305500e-07	-2.96489e-01	4.627536e-05	7.181732e-05	
1370	1.306500e-07	-2.96483e-01	4.627452e-05	7.181570e-05	
1371	1.307500e-07	-2.96477e-01	4.627367e-05	7.181408e-05	
1372	1.308500e-07	-2.96471e-01	4.627283e-05	7.181246e-05	
1373	1.309500e-07	-2.96465e-01	4.627198e-05	7.181084e-05	
1374	1.310500e-07	-2.96459e-01	4.627114e-05	7.180922e-05	
1375	1.311500e-07	-2.96453e-01	4.627029e-05	7.180760e-05	
1376	1.312500e-07	-2.96447e-01	4.626945e-05	7.180597e-05	
1377	1.313500e-07	-2.96441e-01	4.626860e-05	7.180435e-05	
1378	1.314500e-07	-2.96435e-01	4.626776e-05	7.180273e-05	
1379	1.315500e-07	-2.96429e-01	4.626692e-05	7.180111e-05	
1380	1.316500e-07	-2.96423e-01	4.626607e-05	7.179949e-05	
1381	1.317500e-07	-2.96417e-01	4.626523e-05	7.179787e-05	
1382	1.318500e-07	-2.96411e-01	4.626438e-05	7.179625e-05	
1383	1.319500e-07	-2.96405e-01	4.626354e-05	7.179463e-05	
1384	1.320500e-07	-2.96399e-01	4.626269e-05	7.179301e-05	
1385	1.321500e-07	-2.96393e-01	4.626185e-05	7.179139e-05	
1386	1.322500e-07	-2.96387e-01	4.626101e-05	7.178977e-05	
1387	1.323500e-07	-2.96381e-01	4.626016e-05	7.178815e-05	
1388	1.324500e-07	-2.96375e-01	4.625932e-05	7.178653e-05	

Index   time            v(drvb)         v(raq)          v(rbq)          
--------------------------------------------------------------------------------
1389	1.325500e-07	-2.96368e-01	4.625847e-05	7.178491e-05	
1390	1.326500e-07	-2.96362e-01	4.625763e-05	7.178329e-05	
1391	1.327500e-07	-2.96356e-01	4.625679e-05	7.178167e-05	
1392	1.328500e-07	-2.96350e-01	4.625594e-05	7.178005e-05	
1393	1.329500e-07	-2.96344e-01	4.625510e-05	7.177843e-05	
1394	1.330500e-07	-2.96338e-01	4.625425e-05	7.177681e-05	
1395	1.331500e-07	-2.96332e-01	4.625341e-05	7.177519e-05	
1396	1.332500e-07	-2.96326e-01	4.625257e-05	7.177357e-05	
1397	1.333500e-07	-2.96320e-01	4.625172e-05	7.177195e-05	
1398	1.334500e-07	-2.96314e-01	4.625088e-05	7.177033e-05	
1399	1.335500e-07	-2.96308e-01	4.625003e-05	7.176871e-05	
1400	1.336500e-07	-2.96302e-01	4.624919e-05	7.176709e-05	
1401	1.337500e-07	-2.96296e-01	4.624834e-05	7.176547e-05	
1402	1.338500e-07	-2.96290e-01	4.624750e-05	7.176385e-05	
1403	1.339500e-07	-2.96284e-01	4.624666e-05	7.176223e-05	
1404	1.340500e-07	-2.96278e-01	4.624581e-05	7.176061e-05	
1405	1.341500e-07	-2.96272e-01	4.624497e-05	7.175899e-05	
1406	1.342500e-07	-2.96266e-01	4.624412e-05	7.175737e-05	
1407	1.343500e-07	-2.96260e-01	4.624328e-05	7.175575e-05	
1408	1.344500e-07	-2.96254e-01	4.624244e-05	7.175413e-05	
1409	1.345500e-07	-2.96248e-01	4.624159e-05	7.175252e-05	
1410	1.346500e-07	-2.96242e-01	4.624075e-05	7.175090e-05	
1411	1.347500e-07	-2.96236e-01	4.623991e-05	7.174928e-05	
1412	1.348500e-07	-2.96230e-01	4.623906e-05	7.174766e-05	
1413	1.349500e-07	-2.96224e-01	4.623822e-05	7.174604e-05	
1414	1.350500e-07	-2.96218e-01	4.623737e-05	7.174442e-05	
1415	1.351500e-07	-2.96212e-01	4.623653e-05	7.174280e-05	
1416	1.352500e-07	-2.96206e-01	4.623569e-05	7.174118e-05	
1417	1.353500e-07	-2.96200e-01	4.623484e-05	7.173956e-05	
1418	1.354500e-07	-2.96194e-01	4.623400e-05	7.173794e-05	
1419	1.355500e-07	-2.96188e-01	4.623315e-05	7.173632e-05	
1420	1.356500e-07	-2.96182e-01	4.623231e-05	7.173470e-05	
1421	1.357500e-07	-2.96176e-01	4.623147e-05	7.173309e-05	
1422	1.358500e-07	-2.96170e-01	4.623062e-05	7.173147e-05	
1423	1.359500e-07	-2.96164e-01	4.622978e-05	7.172985e-05	
1424	1.360500e-07	-2.96158e-01	4.622894e-05	7.172823e-05	
1425	1.361500e-07	-2.96152e-01	4.622809e-05	7.172661e-05	
1426	1.362500e-07	-2.96145e-01	4.622725e-05	7.172499e-05	
1427	1.363500e-07	-2.96139e-01	4.622640e-05	7.172337e-05	
1428	1.364500e-07	-2.96133e-01	4.622556e-05	7.172175e-05	
1429	1.365500e-07	-2.96127e-01	4.622472e-05	7.172013e-05	
1430	1.366500e-07	-2.96121e-01	4.622387e-05	7.171852e-05	
1431	1.367500e-07	-2.96115e-01	4.622303e-05	7.171690e-05	
1432	1.368500e-07	-2.96109e-01	4.622219e-05	7.171528e-05	
1433	1.369500e-07	-2.96103e-01	4.622134e-05	7.171366e-05	
1434	1.370500e-07	-2.96097e-01	4.622050e-05	7.171204e-05	
1435	1.371500e-07	-2.96091e-01	4.621965e-05	7.171042e-05	
1436	1.372500e-07	-2.96085e-01	4.621881e-05	7.170880e-05	
1437	1.373500e-07	-2.96079e-01	4.621797e-05	7.170719e-05	
1438	1.374500e-07	-2.96073e-01	4.621712e-05	7.170557e-05	
1439	1.375500e-07	-2.96067e-01	4.621628e-05	7.170395e-05	
1440	1.376500e-07	-2.96061e-01	4.621544e-05	7.170233e-05	
1441	1.377500e-07	-2.96055e-01	4.621459e-05	7.170071e-05	
1442	1.378500e-07	-2.96049e-01	4.621375e-05	7.169909e-05	
1443	1.379500e-07	-2.96043e-01	4.621291e-05	7.169748e-05	
1444	1.380500e-07	-2.96037e-01	4.621206e-05	7.169586e-05	
1445	1.381500e-07	-2.96031e-01	4.621122e-05	7.169424e-05	
1446	1.382500e-07	-2.96025e-01	4.621038e-05	7.169262e-05	

Index   time            v(drvb)         v(raq)          v(rbq)          
--------------------------------------------------------------------------------
1447	1.383500e-07	-2.96019e-01	4.620953e-05	7.169100e-05	
1448	1.384500e-07	-2.96013e-01	4.620869e-05	7.168939e-05	
1449	1.385500e-07	-2.96007e-01	4.620785e-05	7.168777e-05	
1450	1.386500e-07	-2.96001e-01	4.620700e-05	7.168615e-05	
1451	1.387500e-07	-2.95995e-01	4.620616e-05	7.168453e-05	
1452	1.388500e-07	-2.95989e-01	4.620532e-05	7.168291e-05	
1453	1.389500e-07	-2.95983e-01	4.620447e-05	7.168130e-05	
1454	1.390500e-07	-2.95977e-01	4.620363e-05	7.167968e-05	
1455	1.391500e-07	-2.95971e-01	4.620278e-05	7.167806e-05	
1456	1.392500e-07	-2.95965e-01	4.620194e-05	7.167644e-05	
1457	1.393500e-07	-2.95959e-01	4.620110e-05	7.167482e-05	
1458	1.394500e-07	-2.95953e-01	4.620025e-05	7.167321e-05	
1459	1.395500e-07	-2.95947e-01	4.619941e-05	7.167159e-05	
1460	1.396500e-07	-2.95941e-01	4.619857e-05	7.166997e-05	
1461	1.397500e-07	-2.95935e-01	4.619772e-05	7.166835e-05	
1462	1.398500e-07	-2.95929e-01	4.619688e-05	7.166674e-05	
1463	1.399500e-07	-2.95923e-01	4.619604e-05	7.166512e-05	
1464	1.400000e-07	-2.95920e-01	4.619562e-05	7.166431e-05	
1465	1.400100e-07	-2.95919e-01	4.619553e-05	7.166414e-05	
1466	1.400300e-07	-2.95918e-01	4.619537e-05	7.166381e-05	
1467	1.400700e-07	-2.95915e-01	4.619503e-05	7.166315e-05	
1468	1.401203e-07	-2.95912e-01	4.619461e-05	7.166232e-05	
1469	1.402000e-07	-2.95908e-01	4.619395e-05	7.166100e-05	
1470	1.402100e-07	-2.95907e-01	4.619386e-05	7.166084e-05	
1471	1.402300e-07	-2.95906e-01	4.619370e-05	7.166051e-05	
1472	1.402700e-07	-2.95903e-01	4.619337e-05	7.165985e-05	
1473	1.403500e-07	-2.95899e-01	4.619270e-05	7.165854e-05	
1474	1.404500e-07	-2.95893e-01	4.619187e-05	7.165690e-05	
1475	1.405500e-07	-2.95887e-01	4.619104e-05	7.165526e-05	
1476	1.406500e-07	-2.95881e-01	4.619020e-05	7.165363e-05	
1477	1.407500e-07	-2.95875e-01	4.618937e-05	7.165200e-05	
1478	1.408500e-07	-2.95868e-01	4.618854e-05	7.165037e-05	
1479	1.409500e-07	-2.95862e-01	4.618770e-05	7.164876e-05	
1480	1.410500e-07	-2.95856e-01	4.618686e-05	7.164717e-05	
1481	1.411500e-07	-2.95850e-01	4.618601e-05	7.164557e-05	
1482	1.412000e-07	-2.95847e-01	4.618559e-05	7.164477e-05	
1483	1.412100e-07	-2.95847e-01	4.618550e-05	7.164460e-05	
1484	1.412300e-07	-2.95846e-01	4.618533e-05	7.164428e-05	
1485	1.412700e-07	-2.95843e-01	4.618500e-05	7.164362e-05	
1486	1.413500e-07	-2.95838e-01	4.618433e-05	7.164231e-05	
1487	1.414000e-07	-2.95835e-01	4.618391e-05	7.164149e-05	
1488	1.414100e-07	-2.95835e-01	4.618382e-05	7.164133e-05	
1489	1.414300e-07	-2.95834e-01	4.618366e-05	7.164101e-05	
1490	1.414700e-07	-2.95831e-01	4.618332e-05	7.164036e-05	
1491	1.415500e-07	-2.95826e-01	4.618265e-05	7.163906e-05	
1492	1.416500e-07	-2.95820e-01	4.618180e-05	7.163746e-05	
1493	1.417500e-07	-2.95814e-01	4.618096e-05	7.163586e-05	
1494	1.418500e-07	-2.95808e-01	4.618011e-05	7.163426e-05	
1495	1.419500e-07	-2.95802e-01	4.617926e-05	7.163266e-05	
1496	1.420500e-07	-2.95796e-01	4.617841e-05	7.163105e-05	
1497	1.421500e-07	-2.95790e-01	4.617756e-05	7.162945e-05	
1498	1.422500e-07	-2.95784e-01	4.617671e-05	7.162784e-05	
1499	1.423500e-07	-2.95778e-01	4.617587e-05	7.162623e-05	
1500	1.424500e-07	-2.95772e-01	4.617502e-05	7.162462e-05	
1501	1.425500e-07	-2.95766e-01	4.617417e-05	7.162301e-05	
1502	1.426500e-07	-2.95760e-01	4.617332e-05	7.162140e-05	
1503	1.427500e-07	-2.95754e-01	4.617247e-05	7.161979e-05	
1504	1.428500e-07	-2.95748e-01	4.617163e-05	7.161818e-05	

Index   time            v(drvb)         v(raq)          v(rbq)          
--------------------------------------------------------------------------------
1505	1.429500e-07	-2.95742e-01	4.617078e-05	7.161657e-05	
1506	1.430500e-07	-2.95736e-01	4.616994e-05	7.161496e-05	
1507	1.431500e-07	-2.95730e-01	4.616909e-05	7.161334e-05	
1508	1.432500e-07	-2.95724e-01	4.616824e-05	7.161173e-05	
1509	1.433500e-07	-2.95718e-01	4.616740e-05	7.161012e-05	
1510	1.434500e-07	-2.95712e-01	4.616655e-05	7.160850e-05	
1511	1.435500e-07	-2.95706e-01	4.616571e-05	7.160689e-05	
1512	1.436500e-07	-2.95700e-01	4.616486e-05	7.160527e-05	
1513	1.437500e-07	-2.95694e-01	4.616402e-05	7.160366e-05	
1514	1.438500e-07	-2.95688e-01	4.616317e-05	7.160205e-05	
1515	1.439500e-07	-2.95682e-01	4.616233e-05	7.160043e-05	
1516	1.440500e-07	-2.95676e-01	4.616149e-05	7.159882e-05	
1517	1.441500e-07	-2.95670e-01	4.616064e-05	7.159720e-05	
1518	1.442500e-07	-2.95664e-01	4.615980e-05	7.159559e-05	
1519	1.443500e-07	-2.95658e-01	4.615895e-05	7.159397e-05	
1520	1.444500e-07	-2.95652e-01	4.615811e-05	7.159236e-05	
1521	1.445500e-07	-2.95646e-01	4.615727e-05	7.159074e-05	
1522	1.446500e-07	-2.95640e-01	4.615642e-05	7.158913e-05	
1523	1.447500e-07	-2.95634e-01	4.615558e-05	7.158751e-05	
1524	1.448500e-07	-2.95628e-01	4.615474e-05	7.158590e-05	
1525	1.449500e-07	-2.95622e-01	4.615389e-05	7.158428e-05	
1526	1.450500e-07	-2.95616e-01	4.615305e-05	7.158267e-05	
1527	1.451500e-07	-2.95610e-01	4.615221e-05	7.158105e-05	
1528	1.452500e-07	-2.95604e-01	4.615136e-05	7.157944e-05	
1529	1.453500e-07	-2.95598e-01	4.615052e-05	7.157782e-05	
1530	1.454500e-07	-2.95592e-01	4.614968e-05	7.157621e-05	
1531	1.455500e-07	-2.95586e-01	4.614884e-05	7.157459e-05	
1532	1.456500e-07	-2.95580e-01	4.614799e-05	7.157298e-05	
1533	1.457500e-07	-2.95574e-01	4.614715e-05	7.157136e-05	
1534	1.458500e-07	-2.95568e-01	4.614631e-05	7.156975e-05	
1535	1.459500e-07	-2.95562e-01	4.614546e-05	7.156813e-05	
1536	1.460500e-07	-2.95556e-01	4.614462e-05	7.156652e-05	
1537	1.461500e-07	-2.95550e-01	4.614378e-05	7.156490e-05	
1538	1.462500e-07	-2.95544e-01	4.614294e-05	7.156329e-05	
1539	1.463500e-07	-2.95538e-01	4.614209e-05	7.156167e-05	
1540	1.464500e-07	-2.95532e-01	4.614125e-05	7.156006e-05	
1541	1.465500e-07	-2.95526e-01	4.614041e-05	7.155844e-05	
1542	1.466500e-07	-2.95520e-01	4.613957e-05	7.155683e-05	
1543	1.467500e-07	-2.95514e-01	4.613872e-05	7.155521e-05	
1544	1.468500e-07	-2.95508e-01	4.613788e-05	7.155360e-05	
1545	1.469500e-07	-2.95501e-01	4.613704e-05	7.155198e-05	
1546	1.470500e-07	-2.95495e-01	4.613620e-05	7.155037e-05	
1547	1.471500e-07	-2.95489e-01	4.613535e-05	7.154875e-05	
1548	1.472500e-07	-2.95483e-01	4.613451e-05	7.154714e-05	
1549	1.473500e-07	-2.95477e-01	4.613367e-05	7.154552e-05	
1550	1.474500e-07	-2.95471e-01	4.613283e-05	7.154391e-05	
1551	1.475500e-07	-2.95465e-01	4.613198e-05	7.154229e-05	
1552	1.476500e-07	-2.95459e-01	4.613114e-05	7.154068e-05	
1553	1.477500e-07	-2.95453e-01	4.613030e-05	7.153906e-05	
1554	1.478500e-07	-2.95447e-01	4.612946e-05	7.153745e-05	
1555	1.479500e-07	-2.95441e-01	4.612861e-05	7.153583e-05	
1556	1.480500e-07	-2.95435e-01	4.612777e-05	7.153422e-05	
1557	1.481500e-07	-2.95429e-01	4.612693e-05	7.153260e-05	
1558	1.482500e-07	-2.95423e-01	4.612609e-05	7.153099e-05	
1559	1.483500e-07	-2.95417e-01	4.612524e-05	7.152937e-05	
1560	1.484500e-07	-2.95411e-01	4.612440e-05	7.152776e-05	
1561	1.485500e-07	-2.95405e-01	4.612356e-05	7.152615e-05	
1562	1.486500e-07	-2.95399e-01	4.612272e-05	7.152453e-05	

Index   time            v(drvb)         v(raq)          v(rbq)          
--------------------------------------------------------------------------------
1563	1.487500e-07	-2.95393e-01	4.612187e-05	7.152292e-05	
1564	1.488500e-07	-2.95387e-01	4.612103e-05	7.152130e-05	
1565	1.489500e-07	-2.95381e-01	4.612019e-05	7.151969e-05	
1566	1.490500e-07	-2.95375e-01	4.611935e-05	7.151807e-05	
1567	1.491500e-07	-2.95369e-01	4.611851e-05	7.151646e-05	
1568	1.492500e-07	-2.95363e-01	4.611766e-05	7.151484e-05	
1569	1.493500e-07	-2.95357e-01	4.611682e-05	7.151323e-05	
1570	1.494500e-07	-2.95351e-01	4.611598e-05	7.151162e-05	
1571	1.495500e-07	-2.95345e-01	4.611514e-05	7.151000e-05	
1572	1.496500e-07	-2.95339e-01	4.611430e-05	7.150839e-05	
1573	1.497500e-07	-2.95333e-01	4.611345e-05	7.150677e-05	
1574	1.498500e-07	-2.95327e-01	4.611261e-05	7.150516e-05	
1575	1.499500e-07	-2.95321e-01	4.611177e-05	7.150355e-05	
1576	1.500500e-07	-2.95315e-01	4.611093e-05	7.150193e-05	
1577	1.501500e-07	-2.95309e-01	4.611008e-05	7.150032e-05	
1578	1.502500e-07	-2.95303e-01	4.610924e-05	7.149870e-05	
1579	1.503500e-07	-2.95297e-01	4.610840e-05	7.149709e-05	
1580	1.504500e-07	-2.95291e-01	4.610756e-05	7.149548e-05	
1581	1.505500e-07	-2.95285e-01	4.610672e-05	7.149386e-05	
1582	1.506500e-07	-2.95279e-01	4.610587e-05	7.149225e-05	
1583	1.507500e-07	-2.95273e-01	4.610503e-05	7.149064e-05	
1584	1.508500e-07	-2.95267e-01	4.610419e-05	7.148902e-05	
1585	1.509500e-07	-2.95261e-01	4.610335e-05	7.148741e-05	
1586	1.510500e-07	-2.95255e-01	4.610251e-05	7.148579e-05	
1587	1.511500e-07	-2.95249e-01	4.610166e-05	7.148418e-05	
1588	1.512500e-07	-2.95243e-01	4.610082e-05	7.148257e-05	
1589	1.513500e-07	-2.95237e-01	4.609998e-05	7.148095e-05	
1590	1.514500e-07	-2.95231e-01	4.609914e-05	7.147934e-05	
1591	1.515500e-07	-2.95225e-01	4.609830e-05	7.147773e-05	
1592	1.516500e-07	-2.95219e-01	4.609745e-05	7.147611e-05	
1593	1.517500e-07	-2.95213e-01	4.609661e-05	7.147450e-05	
1594	1.518500e-07	-2.95207e-01	4.609577e-05	7.147289e-05	
1595	1.519500e-07	-2.95201e-01	4.609493e-05	7.147127e-05	
1596	1.520500e-07	-2.95195e-01	4.609409e-05	7.146966e-05	
1597	1.521500e-07	-2.95189e-01	4.609325e-05	7.146805e-05	
1598	1.522500e-07	-2.95183e-01	4.609240e-05	7.146643e-05	
1599	1.523500e-07	-2.95177e-01	4.609156e-05	7.146482e-05	
1600	1.524500e-07	-2.95171e-01	4.609072e-05	7.146321e-05	
1601	1.525500e-07	-2.95165e-01	4.608988e-05	7.146160e-05	
1602	1.526500e-07	-2.95159e-01	4.608904e-05	7.145998e-05	
1603	1.527500e-07	-2.95153e-01	4.608819e-05	7.145837e-05	
1604	1.528500e-07	-2.95147e-01	4.608735e-05	7.145676e-05	
1605	1.529500e-07	-2.95141e-01	4.608651e-05	7.145514e-05	
1606	1.530500e-07	-2.95135e-01	4.608567e-05	7.145353e-05	
1607	1.531500e-07	-2.95129e-01	4.608483e-05	7.145192e-05	
1608	1.532500e-07	-2.95123e-01	4.608399e-05	7.145030e-05	
1609	1.533500e-07	-2.95117e-01	4.608314e-05	7.144869e-05	
1610	1.534500e-07	-2.95111e-01	4.608230e-05	7.144708e-05	
1611	1.535500e-07	-2.95105e-01	4.608146e-05	7.144547e-05	
1612	1.536500e-07	-2.95099e-01	4.608062e-05	7.144385e-05	
1613	1.537500e-07	-2.95093e-01	4.607978e-05	7.144224e-05	
1614	1.538500e-07	-2.95087e-01	4.607894e-05	7.144063e-05	
1615	1.539500e-07	-2.95081e-01	4.607809e-05	7.143902e-05	
1616	1.540500e-07	-2.95075e-01	4.607725e-05	7.143740e-05	
1617	1.541500e-07	-2.95069e-01	4.607641e-05	7.143579e-05	
1618	1.542500e-07	-2.95063e-01	4.607557e-05	7.143418e-05	
1619	1.543500e-07	-2.95057e-01	4.607473e-05	7.143257e-05	
1620	1.544500e-07	-2.95051e-01	4.607389e-05	7.143095e-05	

Index   time            v(drvb)         v(raq)          v(rbq)          
--------------------------------------------------------------------------------
1621	1.545500e-07	-2.95045e-01	4.607304e-05	7.142934e-05	
1622	1.546500e-07	-2.95039e-01	4.607220e-05	7.142773e-05	
1623	1.547500e-07	-2.95033e-01	4.607136e-05	7.142612e-05	
1624	1.548500e-07	-2.95027e-01	4.607052e-05	7.142450e-05	
1625	1.549500e-07	-2.95021e-01	4.606968e-05	7.142289e-05	
1626	1.550500e-07	-2.95015e-01	4.606884e-05	7.142128e-05	
1627	1.551500e-07	-2.95009e-01	4.606800e-05	7.141967e-05	
1628	1.552500e-07	-2.95003e-01	4.606715e-05	7.141806e-05	
1629	1.553500e-07	-2.94997e-01	4.606631e-05	7.141644e-05	
1630	1.554500e-07	-2.94991e-01	4.606547e-05	7.141483e-05	
1631	1.555500e-07	-2.94985e-01	4.606463e-05	7.141322e-05	
1632	1.556500e-07	-2.94979e-01	4.606379e-05	7.141161e-05	
1633	1.557500e-07	-2.94973e-01	4.606295e-05	7.141000e-05	
1634	1.558500e-07	-2.94967e-01	4.606211e-05	7.140838e-05	
1635	1.559500e-07	-2.94961e-01	4.606126e-05	7.140677e-05	
1636	1.560500e-07	-2.94955e-01	4.606042e-05	7.140516e-05	
1637	1.561500e-07	-2.94949e-01	4.605958e-05	7.140355e-05	
1638	1.562500e-07	-2.94943e-01	4.605874e-05	7.140194e-05	
1639	1.563500e-07	-2.94937e-01	4.605790e-05	7.140033e-05	
1640	1.564500e-07	-2.94931e-01	4.605706e-05	7.139871e-05	
1641	1.565500e-07	-2.94925e-01	4.605622e-05	7.139710e-05	
1642	1.566500e-07	-2.94919e-01	4.605537e-05	7.139549e-05	
1643	1.567500e-07	-2.94913e-01	4.605453e-05	7.139388e-05	
1644	1.568500e-07	-2.94907e-01	4.605369e-05	7.139227e-05	
1645	1.569500e-07	-2.94901e-01	4.605285e-05	7.139066e-05	
1646	1.570500e-07	-2.94895e-01	4.605201e-05	7.138904e-05	
1647	1.571500e-07	-2.94889e-01	4.605117e-05	7.138743e-05	
1648	1.572500e-07	-2.94883e-01	4.605033e-05	7.138582e-05	
1649	1.573500e-07	-2.94877e-01	4.604949e-05	7.138421e-05	
1650	1.574500e-07	-2.94871e-01	4.604864e-05	7.138260e-05	
1651	1.575500e-07	-2.94865e-01	4.604780e-05	7.138099e-05	
1652	1.576500e-07	-2.94859e-01	4.604696e-05	7.137938e-05	
1653	1.577500e-07	-2.94853e-01	4.604612e-05	7.137776e-05	
1654	1.578500e-07	-2.94847e-01	4.604528e-05	7.137615e-05	
1655	1.579500e-07	-2.94841e-01	4.604444e-05	7.137454e-05	
1656	1.580500e-07	-2.94835e-01	4.604360e-05	7.137293e-05	
1657	1.581500e-07	-2.94829e-01	4.604276e-05	7.137132e-05	
1658	1.582500e-07	-2.94823e-01	4.604192e-05	7.136971e-05	
1659	1.583500e-07	-2.94817e-01	4.604107e-05	7.136810e-05	
1660	1.584500e-07	-2.94811e-01	4.604023e-05	7.136649e-05	
1661	1.585500e-07	-2.94805e-01	4.603939e-05	7.136488e-05	
1662	1.586500e-07	-2.94799e-01	4.603855e-05	7.136327e-05	
1663	1.587500e-07	-2.94793e-01	4.603771e-05	7.136165e-05	
1664	1.588500e-07	-2.94787e-01	4.603687e-05	7.136004e-05	
1665	1.589500e-07	-2.94781e-01	4.603603e-05	7.135843e-05	
1666	1.590500e-07	-2.94775e-01	4.603519e-05	7.135682e-05	
1667	1.591500e-07	-2.94769e-01	4.603435e-05	7.135521e-05	
1668	1.592500e-07	-2.94763e-01	4.603350e-05	7.135360e-05	
1669	1.593500e-07	-2.94757e-01	4.603266e-05	7.135199e-05	
1670	1.594500e-07	-2.94751e-01	4.603182e-05	7.135038e-05	
1671	1.595500e-07	-2.94745e-01	4.603098e-05	7.134877e-05	
1672	1.596500e-07	-2.94739e-01	4.603014e-05	7.134716e-05	
1673	1.597500e-07	-2.94733e-01	4.602930e-05	7.134555e-05	
1674	1.598500e-07	-2.94727e-01	4.602846e-05	7.134394e-05	
1675	1.599500e-07	-2.94721e-01	4.602762e-05	7.134233e-05	
1676	1.600000e-07	-2.94718e-01	4.602720e-05	7.134152e-05	
1677	1.600100e-07	-2.94717e-01	4.602711e-05	7.134135e-05	
1678	1.600300e-07	-2.94716e-01	4.602695e-05	7.134103e-05	

Index   time            v(drvb)         v(raq)          v(rbq)          
--------------------------------------------------------------------------------
1679	1.600700e-07	-2.94714e-01	4.602661e-05	7.134037e-05	
1680	1.601209e-07	-2.94710e-01	4.602619e-05	7.133953e-05	
1681	1.602000e-07	-2.94706e-01	4.602553e-05	7.133823e-05	
1682	1.602100e-07	-2.94705e-01	4.602545e-05	7.133807e-05	
1683	1.602300e-07	-2.94704e-01	4.602528e-05	7.133774e-05	
1684	1.602700e-07	-2.94702e-01	4.602495e-05	7.133709e-05	
1685	1.603500e-07	-2.94697e-01	4.602429e-05	7.133578e-05	
1686	1.604500e-07	-2.94691e-01	4.602346e-05	7.133415e-05	
1687	1.605500e-07	-2.94685e-01	4.602263e-05	7.133252e-05	
1688	1.606500e-07	-2.94679e-01	4.602180e-05	7.133089e-05	
1689	1.607500e-07	-2.94673e-01	4.602097e-05	7.132926e-05	
1690	1.608500e-07	-2.94667e-01	4.602014e-05	7.132764e-05	
1691	1.609500e-07	-2.94661e-01	4.601931e-05	7.132602e-05	
1692	1.610500e-07	-2.94655e-01	4.601847e-05	7.132442e-05	
1693	1.611500e-07	-2.94649e-01	4.601763e-05	7.132283e-05	
1694	1.612000e-07	-2.94646e-01	4.601721e-05	7.132204e-05	
1695	1.612100e-07	-2.94645e-01	4.601712e-05	7.132187e-05	
1696	1.612300e-07	-2.94644e-01	4.601695e-05	7.132155e-05	
1697	1.612700e-07	-2.94642e-01	4.601662e-05	7.132090e-05	
1698	1.613500e-07	-2.94637e-01	4.601595e-05	7.131960e-05	
1699	1.614000e-07	-2.94634e-01	4.601553e-05	7.131878e-05	
1700	1.614100e-07	-2.94633e-01	4.601545e-05	7.131862e-05	
1701	1.614300e-07	-2.94632e-01	4.601528e-05	7.131830e-05	
1702	1.614700e-07	-2.94630e-01	4.601495e-05	7.131765e-05	
1703	1.615500e-07	-2.94625e-01	4.601428e-05	7.131637e-05	
1704	1.616500e-07	-2.94619e-01	4.601343e-05	7.131477e-05	
1705	1.617500e-07	-2.94613e-01	4.601259e-05	7.131318e-05	
1706	1.618500e-07	-2.94607e-01	4.601174e-05	7.131159e-05	
1707	1.619500e-07	-2.94601e-01	4.601090e-05	7.131000e-05	
1708	1.620500e-07	-2.94595e-01	4.601005e-05	7.130840e-05	
1709	1.621500e-07	-2.94589e-01	4.600920e-05	7.130680e-05	
1710	1.622500e-07	-2.94583e-01	4.600835e-05	7.130520e-05	
1711	1.623500e-07	-2.94577e-01	4.600751e-05	7.130360e-05	
1712	1.624500e-07	-2.94571e-01	4.600666e-05	7.130200e-05	
1713	1.625500e-07	-2.94565e-01	4.600582e-05	7.130040e-05	
1714	1.626500e-07	-2.94559e-01	4.600497e-05	7.129880e-05	
1715	1.627500e-07	-2.94553e-01	4.600412e-05	7.129719e-05	
1716	1.628500e-07	-2.94547e-01	4.600328e-05	7.129559e-05	
1717	1.629500e-07	-2.94541e-01	4.600244e-05	7.129398e-05	
1718	1.630500e-07	-2.94535e-01	4.600159e-05	7.129238e-05	
1719	1.631500e-07	-2.94529e-01	4.600075e-05	7.129077e-05	
1720	1.632500e-07	-2.94523e-01	4.599990e-05	7.128917e-05	
1721	1.633500e-07	-2.94517e-01	4.599906e-05	7.128756e-05	
1722	1.634500e-07	-2.94511e-01	4.599822e-05	7.128595e-05	
1723	1.635500e-07	-2.94505e-01	4.599738e-05	7.128435e-05	
1724	1.636500e-07	-2.94499e-01	4.599653e-05	7.128274e-05	
1725	1.637500e-07	-2.94493e-01	4.599569e-05	7.128113e-05	
1726	1.638500e-07	-2.94487e-01	4.599485e-05	7.127953e-05	
1727	1.639500e-07	-2.94481e-01	4.599401e-05	7.127792e-05	
1728	1.640500e-07	-2.94475e-01	4.599316e-05	7.127631e-05	
1729	1.641500e-07	-2.94469e-01	4.599232e-05	7.127470e-05	
1730	1.642500e-07	-2.94463e-01	4.599148e-05	7.127310e-05	
1731	1.643500e-07	-2.94457e-01	4.599064e-05	7.127149e-05	
1732	1.644500e-07	-2.94451e-01	4.598980e-05	7.126988e-05	
1733	1.645500e-07	-2.94445e-01	4.598896e-05	7.126827e-05	
1734	1.646500e-07	-2.94439e-01	4.598812e-05	7.126667e-05	
1735	1.647500e-07	-2.94433e-01	4.598727e-05	7.126506e-05	
1736	1.648500e-07	-2.94427e-01	4.598643e-05	7.126345e-05	

Index   time            v(drvb)         v(raq)          v(rbq)          
--------------------------------------------------------------------------------
1737	1.649500e-07	-2.94421e-01	4.598559e-05	7.126184e-05	
1738	1.650500e-07	-2.94415e-01	4.598475e-05	7.126023e-05	
1739	1.651500e-07	-2.94409e-01	4.598391e-05	7.125863e-05	
1740	1.652500e-07	-2.94403e-01	4.598307e-05	7.125702e-05	
1741	1.653500e-07	-2.94397e-01	4.598223e-05	7.125541e-05	
1742	1.654500e-07	-2.94391e-01	4.598139e-05	7.125380e-05	
1743	1.655500e-07	-2.94385e-01	4.598055e-05	7.125219e-05	
1744	1.656500e-07	-2.94379e-01	4.597971e-05	7.125059e-05	
1745	1.657500e-07	-2.94373e-01	4.597887e-05	7.124898e-05	
1746	1.658500e-07	-2.94367e-01	4.597803e-05	7.124737e-05	
1747	1.659500e-07	-2.94361e-01	4.597719e-05	7.124576e-05	
1748	1.660500e-07	-2.94355e-01	4.597635e-05	7.124415e-05	
1749	1.661500e-07	-2.94349e-01	4.597551e-05	7.124254e-05	
1750	1.662500e-07	-2.94343e-01	4.597467e-05	7.124094e-05	
1751	1.663500e-07	-2.94337e-01	4.597383e-05	7.123933e-05	
1752	1.664500e-07	-2.94331e-01	4.597298e-05	7.123772e-05	
1753	1.665500e-07	-2.94325e-01	4.597214e-05	7.123611e-05	
1754	1.666500e-07	-2.94319e-01	4.597130e-05	7.123450e-05	
1755	1.667500e-07	-2.94313e-01	4.597046e-05	7.123290e-05	
1756	1.668500e-07	-2.94307e-01	4.596962e-05	7.123129e-05	
1757	1.669500e-07	-2.94301e-01	4.596878e-05	7.122968e-05	
1758	1.670500e-07	-2.94295e-01	4.596794e-05	7.122807e-05	
1759	1.671500e-07	-2.94289e-01	4.596710e-05	7.122647e-05	
1760	1.672500e-07	-2.94283e-01	4.596626e-05	7.122486e-05	
1761	1.673500e-07	-2.94277e-01	4.596542e-05	7.122325e-05	
1762	1.674500e-07	-2.94271e-01	4.596458e-05	7.122164e-05	
1763	1.675500e-07	-2.94265e-01	4.596374e-05	7.122003e-05	
1764	1.676500e-07	-2.94259e-01	4.596290e-05	7.121843e-05	
1765	1.677500e-07	-2.94253e-01	4.596206e-05	7.121682e-05	
1766	1.678500e-07	-2.94247e-01	4.596122e-05	7.121521e-05	
1767	1.679500e-07	-2.94241e-01	4.596038e-05	7.121360e-05	
1768	1.680500e-07	-2.94235e-01	4.595954e-05	7.121200e-05	
1769	1.681500e-07	-2.94229e-01	4.595870e-05	7.121039e-05	
1770	1.682500e-07	-2.94223e-01	4.595786e-05	7.120878e-05	
1771	1.683500e-07	-2.94217e-01	4.595702e-05	7.120717e-05	
1772	1.684500e-07	-2.94211e-01	4.595618e-05	7.120557e-05	
1773	1.685500e-07	-2.94205e-01	4.595534e-05	7.120396e-05	
1774	1.686500e-07	-2.94199e-01	4.595450e-05	7.120235e-05	
1775	1.687500e-07	-2.94193e-01	4.595366e-05	7.120074e-05	
1776	1.688500e-07	-2.94187e-01	4.595282e-05	7.119914e-05	
1777	1.689500e-07	-2.94181e-01	4.595198e-05	7.119753e-05	
1778	1.690500e-07	-2.94175e-01	4.595114e-05	7.119592e-05	
1779	1.691500e-07	-2.94169e-01	4.595030e-05	7.119431e-05	
1780	1.692500e-07	-2.94163e-01	4.594946e-05	7.119271e-05	
1781	1.693500e-07	-2.94157e-01	4.594862e-05	7.119110e-05	
1782	1.694500e-07	-2.94151e-01	4.594778e-05	7.118949e-05	
1783	1.695500e-07	-2.94145e-01	4.594694e-05	7.118789e-05	
1784	1.696500e-07	-2.94139e-01	4.594610e-05	7.118628e-05	
1785	1.697500e-07	-2.94133e-01	4.594527e-05	7.118467e-05	
1786	1.698500e-07	-2.94127e-01	4.594443e-05	7.118307e-05	
1787	1.699500e-07	-2.94121e-01	4.594359e-05	7.118146e-05	
1788	1.700500e-07	-2.94115e-01	4.594275e-05	7.117985e-05	
1789	1.701500e-07	-2.94109e-01	4.594191e-05	7.117824e-05	
1790	1.702500e-07	-2.94103e-01	4.594107e-05	7.117664e-05	
1791	1.703500e-07	-2.94097e-01	4.594023e-05	7.117503e-05	
1792	1.704500e-07	-2.94092e-01	4.593939e-05	7.117342e-05	
1793	1.705500e-07	-2.94086e-01	4.593855e-05	7.117182e-05	
1794	1.706500e-07	-2.94080e-01	4.593771e-05	7.117021e-05	

Index   time            v(drvb)         v(raq)          v(rbq)          
--------------------------------------------------------------------------------
1795	1.707500e-07	-2.94074e-01	4.593687e-05	7.116860e-05	
1796	1.708500e-07	-2.94068e-01	4.593603e-05	7.116700e-05	
1797	1.709500e-07	-2.94062e-01	4.593519e-05	7.116539e-05	
1798	1.710500e-07	-2.94056e-01	4.593435e-05	7.116378e-05	
1799	1.711500e-07	-2.94050e-01	4.593351e-05	7.116218e-05	
1800	1.712500e-07	-2.94044e-01	4.593267e-05	7.116057e-05	
1801	1.713500e-07	-2.94038e-01	4.593183e-05	7.115897e-05	
1802	1.714500e-07	-2.94032e-01	4.593099e-05	7.115736e-05	
1803	1.715500e-07	-2.94026e-01	4.593015e-05	7.115575e-05	
1804	1.716500e-07	-2.94020e-01	4.592931e-05	7.115415e-05	
1805	1.717500e-07	-2.94014e-01	4.592847e-05	7.115254e-05	
1806	1.718500e-07	-2.94008e-01	4.592763e-05	7.115093e-05	
1807	1.719500e-07	-2.94002e-01	4.592679e-05	7.114933e-05	
1808	1.720500e-07	-2.93996e-01	4.592595e-05	7.114772e-05	
1809	1.721500e-07	-2.93990e-01	4.592511e-05	7.114611e-05	
1810	1.722500e-07	-2.93984e-01	4.592428e-05	7.114451e-05	
1811	1.723500e-07	-2.93978e-01	4.592344e-05	7.114290e-05	
1812	1.724500e-07	-2.93972e-01	4.592260e-05	7.114130e-05	
1813	1.725500e-07	-2.93966e-01	4.592176e-05	7.113969e-05	
1814	1.726500e-07	-2.93960e-01	4.592092e-05	7.113808e-05	
1815	1.727500e-07	-2.93954e-01	4.592008e-05	7.113648e-05	
1816	1.728500e-07	-2.93948e-01	4.591924e-05	7.113487e-05	
1817	1.729500e-07	-2.93942e-01	4.591840e-05	7.113327e-05	
1818	1.730500e-07	-2.93936e-01	4.591756e-05	7.113166e-05	
1819	1.731500e-07	-2.93930e-01	4.591672e-05	7.113006e-05	
1820	1.732500e-07	-2.93924e-01	4.591588e-05	7.112845e-05	
1821	1.733500e-07	-2.93918e-01	4.591504e-05	7.112684e-05	
1822	1.734500e-07	-2.93912e-01	4.591420e-05	7.112524e-05	
1823	1.735500e-07	-2.93906e-01	4.591336e-05	7.112363e-05	
1824	1.736500e-07	-2.93900e-01	4.591252e-05	7.112203e-05	
1825	1.737500e-07	-2.93894e-01	4.591168e-05	7.112042e-05	
1826	1.738500e-07	-2.93888e-01	4.591085e-05	7.111882e-05	
1827	1.739500e-07	-2.93882e-01	4.591001e-05	7.111721e-05	
1828	1.740500e-07	-2.93876e-01	4.590917e-05	7.111560e-05	
1829	1.741500e-07	-2.93870e-01	4.590833e-05	7.111400e-05	
1830	1.742500e-07	-2.93864e-01	4.590749e-05	7.111239e-05	
1831	1.743500e-07	-2.93858e-01	4.590665e-05	7.111079e-05	
1832	1.744500e-07	-2.93852e-01	4.590581e-05	7.110918e-05	
1833	1.745500e-07	-2.93846e-01	4.590497e-05	7.110758e-05	
1834	1.746500e-07	-2.93840e-01	4.590413e-05	7.110597e-05	
1835	1.747500e-07	-2.93834e-01	4.590329e-05	7.110437e-05	
1836	1.748500e-07	-2.93828e-01	4.590245e-05	7.110276e-05	
1837	1.749500e-07	-2.93822e-01	4.590161e-05	7.110116e-05	
1838	1.750500e-07	-2.93816e-01	4.590077e-05	7.109955e-05	
1839	1.751500e-07	-2.93810e-01	4.589994e-05	7.109795e-05	
1840	1.752500e-07	-2.93804e-01	4.589910e-05	7.109634e-05	
1841	1.753500e-07	-2.93798e-01	4.589826e-05	7.109474e-05	
1842	1.754500e-07	-2.93792e-01	4.589742e-05	7.109313e-05	
1843	1.755500e-07	-2.93786e-01	4.589658e-05	7.109153e-05	
1844	1.756500e-07	-2.93780e-01	4.589574e-05	7.108992e-05	
1845	1.757500e-07	-2.93774e-01	4.589490e-05	7.108832e-05	
1846	1.758500e-07	-2.93768e-01	4.589406e-05	7.108671e-05	
1847	1.759500e-07	-2.93762e-01	4.589322e-05	7.108511e-05	
1848	1.760500e-07	-2.93756e-01	4.589238e-05	7.108350e-05	
1849	1.761500e-07	-2.93750e-01	4.589155e-05	7.108190e-05	
1850	1.762500e-07	-2.93744e-01	4.589071e-05	7.108029e-05	
1851	1.763500e-07	-2.93738e-01	4.588987e-05	7.107869e-05	
1852	1.764500e-07	-2.93732e-01	4.588903e-05	7.107708e-05	

Index   time            v(drvb)         v(raq)          v(rbq)          
--------------------------------------------------------------------------------
1853	1.765500e-07	-2.93726e-01	4.588819e-05	7.107548e-05	
1854	1.766500e-07	-2.93721e-01	4.588735e-05	7.107387e-05	
1855	1.767500e-07	-2.93715e-01	4.588651e-05	7.107227e-05	
1856	1.768500e-07	-2.93709e-01	4.588567e-05	7.107066e-05	
1857	1.769500e-07	-2.93703e-01	4.588483e-05	7.106906e-05	
1858	1.770500e-07	-2.93697e-01	4.588399e-05	7.106746e-05	
1859	1.771500e-07	-2.93691e-01	4.588316e-05	7.106585e-05	
1860	1.772500e-07	-2.93685e-01	4.588232e-05	7.106425e-05	
1861	1.773500e-07	-2.93679e-01	4.588148e-05	7.106264e-05	
1862	1.774500e-07	-2.93673e-01	4.588064e-05	7.106104e-05	
1863	1.775500e-07	-2.93667e-01	4.587980e-05	7.105943e-05	
1864	1.776500e-07	-2.93661e-01	4.587896e-05	7.105783e-05	
1865	1.777500e-07	-2.93655e-01	4.587812e-05	7.105623e-05	
1866	1.778500e-07	-2.93649e-01	4.587728e-05	7.105462e-05	
1867	1.779500e-07	-2.93643e-01	4.587645e-05	7.105302e-05	
1868	1.780500e-07	-2.93637e-01	4.587561e-05	7.105141e-05	
1869	1.781500e-07	-2.93631e-01	4.587477e-05	7.104981e-05	
1870	1.782500e-07	-2.93625e-01	4.587393e-05	7.104821e-05	
1871	1.783500e-07	-2.93619e-01	4.587309e-05	7.104660e-05	
1872	1.784500e-07	-2.93613e-01	4.587225e-05	7.104500e-05	
1873	1.785500e-07	-2.93607e-01	4.587141e-05	7.104339e-05	
1874	1.786500e-07	-2.93601e-01	4.587057e-05	7.104179e-05	
1875	1.787500e-07	-2.93595e-01	4.586974e-05	7.104019e-05	
1876	1.788500e-07	-2.93589e-01	4.586890e-05	7.103858e-05	
1877	1.789500e-07	-2.93583e-01	4.586806e-05	7.103698e-05	
1878	1.790500e-07	-2.93577e-01	4.586722e-05	7.103537e-05	
1879	1.791500e-07	-2.93571e-01	4.586638e-05	7.103377e-05	
1880	1.792500e-07	-2.93565e-01	4.586554e-05	7.103217e-05	
1881	1.793500e-07	-2.93559e-01	4.586470e-05	7.103056e-05	
1882	1.794500e-07	-2.93553e-01	4.586386e-05	7.102896e-05	
1883	1.795500e-07	-2.93547e-01	4.586303e-05	7.102736e-05	
1884	1.796500e-07	-2.93541e-01	4.586219e-05	7.102575e-05	
1885	1.797500e-07	-2.93535e-01	4.586135e-05	7.102415e-05	
1886	1.798500e-07	-2.93529e-01	4.586051e-05	7.102255e-05	
1887	1.799500e-07	-2.93523e-01	4.585967e-05	7.102094e-05	
1888	1.800500e-07	-2.93517e-01	4.585883e-05	7.101934e-05	
1889	1.801500e-07	-2.93511e-01	4.585799e-05	7.101774e-05	
1890	1.802500e-07	-2.93505e-01	4.585716e-05	7.101613e-05	
1891	1.803500e-07	-2.93499e-01	4.585632e-05	7.101453e-05	
1892	1.804500e-07	-2.93493e-01	4.585548e-05	7.101293e-05	
1893	1.805500e-07	-2.93487e-01	4.585464e-05	7.101132e-05	
1894	1.806500e-07	-2.93481e-01	4.585380e-05	7.100972e-05	
1895	1.807500e-07	-2.93475e-01	4.585296e-05	7.100812e-05	
1896	1.808500e-07	-2.93469e-01	4.585213e-05	7.100651e-05	
1897	1.809500e-07	-2.93463e-01	4.585129e-05	7.100491e-05	
1898	1.810500e-07	-2.93457e-01	4.585045e-05	7.100331e-05	
1899	1.811500e-07	-2.93452e-01	4.584961e-05	7.100170e-05	
1900	1.812500e-07	-2.93446e-01	4.584877e-05	7.100010e-05	
1901	1.813500e-07	-2.93440e-01	4.584793e-05	7.099850e-05	
1902	1.814500e-07	-2.93434e-01	4.584710e-05	7.099690e-05	
1903	1.815500e-07	-2.93428e-01	4.584626e-05	7.099529e-05	
1904	1.816500e-07	-2.93422e-01	4.584542e-05	7.099369e-05	
1905	1.817500e-07	-2.93416e-01	4.584458e-05	7.099209e-05	
1906	1.818500e-07	-2.93410e-01	4.584374e-05	7.099048e-05	
1907	1.819500e-07	-2.93404e-01	4.584290e-05	7.098888e-05	
1908	1.820500e-07	-2.93398e-01	4.584207e-05	7.098728e-05	
1909	1.821500e-07	-2.93392e-01	4.584123e-05	7.098568e-05	
1910	1.822500e-07	-2.93386e-01	4.584039e-05	7.098407e-05	

Index   time            v(drvb)         v(raq)          v(rbq)          
--------------------------------------------------------------------------------
1911	1.823500e-07	-2.93380e-01	4.583955e-05	7.098247e-05	
1912	1.824500e-07	-2.93374e-01	4.583871e-05	7.098087e-05	
1913	1.825500e-07	-2.93368e-01	4.583787e-05	7.097927e-05	
1914	1.826500e-07	-2.93362e-01	4.583704e-05	7.097766e-05	
1915	1.827500e-07	-2.93356e-01	4.583620e-05	7.097606e-05	
1916	1.828500e-07	-2.93350e-01	4.583536e-05	7.097446e-05	
1917	1.829500e-07	-2.93344e-01	4.583452e-05	7.097286e-05	
1918	1.830500e-07	-2.93338e-01	4.583368e-05	7.097125e-05	
1919	1.831500e-07	-2.93332e-01	4.583284e-05	7.096965e-05	
1920	1.832500e-07	-2.93326e-01	4.583201e-05	7.096805e-05	
1921	1.833500e-07	-2.93320e-01	4.583117e-05	7.096645e-05	
1922	1.834500e-07	-2.93314e-01	4.583033e-05	7.096484e-05	
1923	1.835500e-07	-2.93308e-01	4.582949e-05	7.096324e-05	
1924	1.836500e-07	-2.93302e-01	4.582865e-05	7.096164e-05	
1925	1.837500e-07	-2.93296e-01	4.582782e-05	7.096004e-05	
1926	1.838500e-07	-2.93290e-01	4.582698e-05	7.095844e-05	
1927	1.839500e-07	-2.93284e-01	4.582614e-05	7.095683e-05	
1928	1.840500e-07	-2.93278e-01	4.582530e-05	7.095523e-05	
1929	1.841500e-07	-2.93272e-01	4.582446e-05	7.095363e-05	
1930	1.842500e-07	-2.93266e-01	4.582363e-05	7.095203e-05	
1931	1.843500e-07	-2.93260e-01	4.582279e-05	7.095043e-05	
1932	1.844500e-07	-2.93254e-01	4.582195e-05	7.094882e-05	
1933	1.845500e-07	-2.93248e-01	4.582111e-05	7.094722e-05	
1934	1.846500e-07	-2.93242e-01	4.582027e-05	7.094562e-05	
1935	1.847500e-07	-2.93236e-01	4.581944e-05	7.094402e-05	
1936	1.848500e-07	-2.93230e-01	4.581860e-05	7.094242e-05	
1937	1.849500e-07	-2.93225e-01	4.581776e-05	7.094082e-05	
1938	1.850500e-07	-2.93219e-01	4.581692e-05	7.093921e-05	
1939	1.851500e-07	-2.93213e-01	4.581608e-05	7.093761e-05	
1940	1.852500e-07	-2.93207e-01	4.581525e-05	7.093601e-05	
1941	1.853500e-07	-2.93201e-01	4.581441e-05	7.093441e-05	
1942	1.854500e-07	-2.93195e-01	4.581357e-05	7.093281e-05	
1943	1.855500e-07	-2.93189e-01	4.581273e-05	7.093121e-05	
1944	1.856500e-07	-2.93183e-01	4.581189e-05	7.092960e-05	
1945	1.857500e-07	-2.93177e-01	4.581106e-05	7.092800e-05	
1946	1.858500e-07	-2.93171e-01	4.581022e-05	7.092640e-05	
1947	1.859500e-07	-2.93165e-01	4.580938e-05	7.092480e-05	
1948	1.860500e-07	-2.93159e-01	4.580854e-05	7.092320e-05	
1949	1.861500e-07	-2.93153e-01	4.580771e-05	7.092160e-05	
1950	1.862500e-07	-2.93147e-01	4.580687e-05	7.092000e-05	
1951	1.863500e-07	-2.93141e-01	4.580603e-05	7.091840e-05	
1952	1.864500e-07	-2.93135e-01	4.580519e-05	7.091679e-05	
1953	1.865500e-07	-2.93129e-01	4.580435e-05	7.091519e-05	
1954	1.866500e-07	-2.93123e-01	4.580352e-05	7.091359e-05	
1955	1.867500e-07	-2.93117e-01	4.580268e-05	7.091199e-05	
1956	1.868500e-07	-2.93111e-01	4.580184e-05	7.091039e-05	
1957	1.869500e-07	-2.93105e-01	4.580100e-05	7.090879e-05	
1958	1.870500e-07	-2.93099e-01	4.580017e-05	7.090719e-05	
1959	1.871500e-07	-2.93093e-01	4.579933e-05	7.090559e-05	
1960	1.872500e-07	-2.93087e-01	4.579849e-05	7.090399e-05	
1961	1.873500e-07	-2.93081e-01	4.579765e-05	7.090239e-05	
1962	1.874500e-07	-2.93075e-01	4.579681e-05	7.090079e-05	
1963	1.875500e-07	-2.93069e-01	4.579598e-05	7.089918e-05	
1964	1.876500e-07	-2.93063e-01	4.579514e-05	7.089758e-05	
1965	1.877500e-07	-2.93057e-01	4.579430e-05	7.089598e-05	
1966	1.878500e-07	-2.93051e-01	4.579346e-05	7.089438e-05	
1967	1.879500e-07	-2.93045e-01	4.579263e-05	7.089278e-05	
1968	1.880500e-07	-2.93039e-01	4.579179e-05	7.089118e-05	

Index   time            v(drvb)         v(raq)          v(rbq)          
--------------------------------------------------------------------------------
1969	1.881500e-07	-2.93034e-01	4.579095e-05	7.088958e-05	
1970	1.882500e-07	-2.93028e-01	4.579011e-05	7.088798e-05	
1971	1.883500e-07	-2.93022e-01	4.578928e-05	7.088638e-05	
1972	1.884500e-07	-2.93016e-01	4.578844e-05	7.088478e-05	
1973	1.885500e-07	-2.93010e-01	4.578760e-05	7.088318e-05	
1974	1.886500e-07	-2.93004e-01	4.578676e-05	7.088158e-05	
1975	1.887500e-07	-2.92998e-01	4.578593e-05	7.087998e-05	
1976	1.888500e-07	-2.92992e-01	4.578509e-05	7.087838e-05	
1977	1.889500e-07	-2.92986e-01	4.578425e-05	7.087678e-05	
1978	1.890500e-07	-2.92980e-01	4.578341e-05	7.087518e-05	
1979	1.891500e-07	-2.92974e-01	4.578258e-05	7.087358e-05	
1980	1.892500e-07	-2.92968e-01	4.578174e-05	7.087198e-05	
1981	1.893500e-07	-2.92962e-01	4.578090e-05	7.087038e-05	
1982	1.894500e-07	-2.92956e-01	4.578006e-05	7.086878e-05	
1983	1.895500e-07	-2.92950e-01	4.577923e-05	7.086718e-05	
1984	1.896500e-07	-2.92944e-01	4.577839e-05	7.086558e-05	
1985	1.897500e-07	-2.92938e-01	4.577755e-05	7.086398e-05	
1986	1.898500e-07	-2.92932e-01	4.577671e-05	7.086238e-05	
1987	1.899500e-07	-2.92926e-01	4.577588e-05	7.086078e-05	
1988	1.900500e-07	-2.92920e-01	4.577504e-05	7.085918e-05	
1989	1.901500e-07	-2.92914e-01	4.577420e-05	7.085758e-05	
1990	1.902500e-07	-2.92908e-01	4.577336e-05	7.085598e-05	
1991	1.903500e-07	-2.92902e-01	4.577253e-05	7.085438e-05	
1992	1.904500e-07	-2.92896e-01	4.577169e-05	7.085278e-05	
1993	1.905500e-07	-2.92890e-01	4.577085e-05	7.085118e-05	
1994	1.906500e-07	-2.92884e-01	4.577002e-05	7.084958e-05	
1995	1.907500e-07	-2.92878e-01	4.576918e-05	7.084798e-05	
1996	1.908500e-07	-2.92872e-01	4.576834e-05	7.084638e-05	
1997	1.909500e-07	-2.92866e-01	4.576750e-05	7.084478e-05	
1998	1.910500e-07	-2.92860e-01	4.576667e-05	7.084318e-05	
1999	1.911500e-07	-2.92855e-01	4.576583e-05	7.084158e-05	
2000	1.912500e-07	-2.92849e-01	4.576499e-05	7.083998e-05	
2001	1.913500e-07	-2.92843e-01	4.576416e-05	7.083838e-05	
2002	1.914500e-07	-2.92837e-01	4.576332e-05	7.083678e-05	
2003	1.915500e-07	-2.92831e-01	4.576248e-05	7.083518e-05	
2004	1.916500e-07	-2.92825e-01	4.576164e-05	7.083358e-05	
2005	1.917500e-07	-2.92819e-01	4.576081e-05	7.083198e-05	
2006	1.918500e-07	-2.92813e-01	4.575997e-05	7.083038e-05	
2007	1.919500e-07	-2.92807e-01	4.575913e-05	7.082879e-05	
2008	1.920500e-07	-2.92801e-01	4.575830e-05	7.082719e-05	
2009	1.921500e-07	-2.92795e-01	4.575746e-05	7.082559e-05	
2010	1.922500e-07	-2.92789e-01	4.575662e-05	7.082399e-05	
2011	1.923500e-07	-2.92783e-01	4.575578e-05	7.082239e-05	
2012	1.924500e-07	-2.92777e-01	4.575495e-05	7.082079e-05	
2013	1.925500e-07	-2.92771e-01	4.575411e-05	7.081919e-05	
2014	1.926500e-07	-2.92765e-01	4.575327e-05	7.081759e-05	
2015	1.927500e-07	-2.92759e-01	4.575244e-05	7.081599e-05	
2016	1.928500e-07	-2.92753e-01	4.575160e-05	7.081439e-05	
2017	1.929500e-07	-2.92747e-01	4.575076e-05	7.081280e-05	
2018	1.930500e-07	-2.92741e-01	4.574992e-05	7.081120e-05	
2019	1.931500e-07	-2.92735e-01	4.574909e-05	7.080960e-05	
2020	1.932500e-07	-2.92729e-01	4.574825e-05	7.080800e-05	
2021	1.933500e-07	-2.92723e-01	4.574741e-05	7.080640e-05	
2022	1.934500e-07	-2.92717e-01	4.574658e-05	7.080480e-05	
2023	1.935500e-07	-2.92711e-01	4.574574e-05	7.080320e-05	
2024	1.936500e-07	-2.92705e-01	4.574490e-05	7.080160e-05	
2025	1.937500e-07	-2.92699e-01	4.574407e-05	7.080001e-05	
2026	1.938500e-07	-2.92694e-01	4.574323e-05	7.079841e-05	

Index   time            v(drvb)         v(raq)          v(rbq)          
--------------------------------------------------------------------------------
2027	1.939500e-07	-2.92688e-01	4.574239e-05	7.079681e-05	
2028	1.940500e-07	-2.92682e-01	4.574156e-05	7.079521e-05	
2029	1.941500e-07	-2.92676e-01	4.574072e-05	7.079361e-05	
2030	1.942500e-07	-2.92670e-01	4.573988e-05	7.079201e-05	
2031	1.943500e-07	-2.92664e-01	4.573904e-05	7.079041e-05	
2032	1.944500e-07	-2.92658e-01	4.573821e-05	7.078882e-05	
2033	1.945500e-07	-2.92652e-01	4.573737e-05	7.078722e-05	
2034	1.946500e-07	-2.92646e-01	4.573653e-05	7.078562e-05	
2035	1.947500e-07	-2.92640e-01	4.573570e-05	7.078402e-05	
2036	1.948500e-07	-2.92634e-01	4.573486e-05	7.078242e-05	
2037	1.949500e-07	-2.92628e-01	4.573402e-05	7.078083e-05	
2038	1.950500e-07	-2.92622e-01	4.573319e-05	7.077923e-05	
2039	1.951500e-07	-2.92616e-01	4.573235e-05	7.077763e-05	
2040	1.952500e-07	-2.92610e-01	4.573151e-05	7.077603e-05	
2041	1.953500e-07	-2.92604e-01	4.573068e-05	7.077443e-05	
2042	1.954500e-07	-2.92598e-01	4.572984e-05	7.077283e-05	
2043	1.955500e-07	-2.92592e-01	4.572900e-05	7.077124e-05	
2044	1.956500e-07	-2.92586e-01	4.572817e-05	7.076964e-05	
2045	1.957500e-07	-2.92580e-01	4.572733e-05	7.076804e-05	
2046	1.958500e-07	-2.92574e-01	4.572649e-05	7.076644e-05	
2047	1.959500e-07	-2.92568e-01	4.572566e-05	7.076485e-05	
2048	1.960500e-07	-2.92562e-01	4.572482e-05	7.076325e-05	
2049	1.961500e-07	-2.92556e-01	4.572398e-05	7.076165e-05	
2050	1.962500e-07	-2.92550e-01	4.572315e-05	7.076005e-05	
2051	1.963500e-07	-2.92545e-01	4.572231e-05	7.075845e-05	
2052	1.964500e-07	-2.92539e-01	4.572147e-05	7.075686e-05	
2053	1.965500e-07	-2.92533e-01	4.572064e-05	7.075526e-05	
2054	1.966500e-07	-2.92527e-01	4.571980e-05	7.075366e-05	
2055	1.967500e-07	-2.92521e-01	4.571896e-05	7.075206e-05	
2056	1.968500e-07	-2.92515e-01	4.571813e-05	7.075047e-05	
2057	1.969500e-07	-2.92509e-01	4.571729e-05	7.074887e-05	
2058	1.970500e-07	-2.92503e-01	4.571645e-05	7.074727e-05	
2059	1.971500e-07	-2.92497e-01	4.571562e-05	7.074567e-05	
2060	1.972500e-07	-2.92491e-01	4.571478e-05	7.074408e-05	
2061	1.973500e-07	-2.92485e-01	4.571394e-05	7.074248e-05	
2062	1.974500e-07	-2.92479e-01	4.571311e-05	7.074088e-05	
2063	1.975500e-07	-2.92473e-01	4.571227e-05	7.073928e-05	
2064	1.976500e-07	-2.92467e-01	4.571144e-05	7.073769e-05	
2065	1.977500e-07	-2.92461e-01	4.571060e-05	7.073609e-05	
2066	1.978500e-07	-2.92455e-01	4.570976e-05	7.073449e-05	
2067	1.979500e-07	-2.92449e-01	4.570893e-05	7.073290e-05	
2068	1.980500e-07	-2.92443e-01	4.570809e-05	7.073130e-05	
2069	1.981500e-07	-2.92437e-01	4.570725e-05	7.072970e-05	
2070	1.982500e-07	-2.92431e-01	4.570642e-05	7.072810e-05	
2071	1.983500e-07	-2.92425e-01	4.570558e-05	7.072651e-05	
2072	1.984500e-07	-2.92419e-01	4.570474e-05	7.072491e-05	
2073	1.985500e-07	-2.92413e-01	4.570391e-05	7.072331e-05	
2074	1.986500e-07	-2.92407e-01	4.570307e-05	7.072172e-05	
2075	1.987500e-07	-2.92402e-01	4.570224e-05	7.072012e-05	
2076	1.988500e-07	-2.92396e-01	4.570140e-05	7.071852e-05	
2077	1.989500e-07	-2.92390e-01	4.570056e-05	7.071693e-05	
2078	1.990500e-07	-2.92384e-01	4.569973e-05	7.071533e-05	
2079	1.991500e-07	-2.92378e-01	4.569889e-05	7.071373e-05	
2080	1.992500e-07	-2.92372e-01	4.569805e-05	7.071214e-05	
2081	1.993500e-07	-2.92366e-01	4.569722e-05	7.071054e-05	
2082	1.994500e-07	-2.92360e-01	4.569638e-05	7.070894e-05	
2083	1.995500e-07	-2.92354e-01	4.569555e-05	7.070735e-05	
2084	1.996500e-07	-2.92348e-01	4.569471e-05	7.070575e-05	

Index   time            v(drvb)         v(raq)          v(rbq)          
--------------------------------------------------------------------------------
2085	1.997500e-07	-2.92342e-01	4.569387e-05	7.070415e-05	
2086	1.998500e-07	-2.92336e-01	4.569304e-05	7.070256e-05	
2087	1.999500e-07	-2.92330e-01	4.569220e-05	7.070096e-05	
2088	2.000500e-07	-2.92324e-01	4.569136e-05	7.069936e-05	
2089	2.001500e-07	-2.92318e-01	4.569053e-05	7.069777e-05	
2090	2.002500e-07	-2.92312e-01	4.568969e-05	7.069617e-05	
2091	2.003500e-07	-2.92306e-01	4.568886e-05	7.069458e-05	
2092	2.004500e-07	-2.92300e-01	4.568802e-05	7.069298e-05	
2093	2.005500e-07	-2.92294e-01	4.568718e-05	7.069138e-05	
2094	2.006500e-07	-2.92288e-01	4.568635e-05	7.068979e-05	
2095	2.007500e-07	-2.92282e-01	4.568551e-05	7.068819e-05	
2096	2.008500e-07	-2.92276e-01	4.568468e-05	7.068659e-05	
2097	2.009500e-07	-2.92271e-01	4.568384e-05	7.068500e-05	
2098	2.010500e-07	-2.92265e-01	4.568300e-05	7.068340e-05	
2099	2.011500e-07	-2.92259e-01	4.568217e-05	7.068181e-05	
2100	2.012500e-07	-2.92253e-01	4.568133e-05	7.068021e-05	
2101	2.013500e-07	-2.92247e-01	4.568049e-05	7.067861e-05	
2102	2.014500e-07	-2.92241e-01	4.567966e-05	7.067702e-05	
2103	2.015500e-07	-2.92235e-01	4.567882e-05	7.067542e-05	
2104	2.016500e-07	-2.92229e-01	4.567799e-05	7.067383e-05	
2105	2.017500e-07	-2.92223e-01	4.567715e-05	7.067223e-05	
2106	2.018500e-07	-2.92217e-01	4.567632e-05	7.067064e-05	
2107	2.019500e-07	-2.92211e-01	4.567548e-05	7.066904e-05	
2108	2.020500e-07	-2.92205e-01	4.567464e-05	7.066744e-05	
2109	2.021500e-07	-2.92199e-01	4.567381e-05	7.066585e-05	
2110	2.022500e-07	-2.92193e-01	4.567297e-05	7.066425e-05	
2111	2.023500e-07	-2.92187e-01	4.567214e-05	7.066266e-05	
2112	2.024500e-07	-2.92181e-01	4.567130e-05	7.066106e-05	
2113	2.025500e-07	-2.92175e-01	4.567046e-05	7.065947e-05	
2114	2.026500e-07	-2.92169e-01	4.566963e-05	7.065787e-05	
2115	2.027500e-07	-2.92163e-01	4.566879e-05	7.065628e-05	
2116	2.028500e-07	-2.92157e-01	4.566796e-05	7.065468e-05	
2117	2.029500e-07	-2.92151e-01	4.566712e-05	7.065308e-05	
2118	2.030500e-07	-2.92146e-01	4.566628e-05	7.065149e-05	
2119	2.031500e-07	-2.92140e-01	4.566545e-05	7.064989e-05	
2120	2.032500e-07	-2.92134e-01	4.566461e-05	7.064830e-05	
2121	2.033500e-07	-2.92128e-01	4.566378e-05	7.064670e-05	
2122	2.034500e-07	-2.92122e-01	4.566294e-05	7.064511e-05	
2123	2.035500e-07	-2.92116e-01	4.566211e-05	7.064351e-05	
2124	2.036500e-07	-2.92110e-01	4.566127e-05	7.064192e-05	
2125	2.037500e-07	-2.92104e-01	4.566043e-05	7.064032e-05	
2126	2.038500e-07	-2.92098e-01	4.565960e-05	7.063873e-05	
2127	2.039500e-07	-2.92092e-01	4.565876e-05	7.063713e-05	
2128	2.040500e-07	-2.92086e-01	4.565793e-05	7.063554e-05	
2129	2.041500e-07	-2.92080e-01	4.565709e-05	7.063394e-05	
2130	2.042500e-07	-2.92074e-01	4.565626e-05	7.063235e-05	
2131	2.043500e-07	-2.92068e-01	4.565542e-05	7.063075e-05	
2132	2.044500e-07	-2.92062e-01	4.565458e-05	7.062916e-05	
2133	2.045500e-07	-2.92056e-01	4.565375e-05	7.062756e-05	
2134	2.046500e-07	-2.92050e-01	4.565291e-05	7.062597e-05	
2135	2.047500e-07	-2.92044e-01	4.565208e-05	7.062437e-05	
2136	2.048500e-07	-2.92038e-01	4.565124e-05	7.062278e-05	
2137	2.049500e-07	-2.92032e-01	4.565041e-05	7.062118e-05	
2138	2.050500e-07	-2.92027e-01	4.564957e-05	7.061959e-05	
2139	2.051500e-07	-2.92021e-01	4.564874e-05	7.061799e-05	
2140	2.052500e-07	-2.92015e-01	4.564790e-05	7.061640e-05	
2141	2.053500e-07	-2.92009e-01	4.564706e-05	7.061481e-05	
2142	2.054500e-07	-2.92003e-01	4.564623e-05	7.061321e-05	

Index   time            v(drvb)         v(raq)          v(rbq)          
--------------------------------------------------------------------------------
2143	2.055500e-07	-2.91997e-01	4.564539e-05	7.061162e-05	
2144	2.056500e-07	-2.91991e-01	4.564456e-05	7.061002e-05	
2145	2.057500e-07	-2.91985e-01	4.564372e-05	7.060843e-05	
2146	2.058500e-07	-2.91979e-01	4.564289e-05	7.060683e-05	
2147	2.059500e-07	-2.91973e-01	4.564205e-05	7.060524e-05	
2148	2.060500e-07	-2.91967e-01	4.564122e-05	7.060365e-05	
2149	2.061500e-07	-2.91961e-01	4.564038e-05	7.060205e-05	
2150	2.062500e-07	-2.91955e-01	4.563954e-05	7.060046e-05	
2151	2.063500e-07	-2.91949e-01	4.563871e-05	7.059886e-05	
2152	2.064500e-07	-2.91943e-01	4.563787e-05	7.059727e-05	
2153	2.065500e-07	-2.91937e-01	4.563704e-05	7.059567e-05	
2154	2.066500e-07	-2.91931e-01	4.563620e-05	7.059408e-05	
2155	2.067500e-07	-2.91925e-01	4.563537e-05	7.059249e-05	
2156	2.068500e-07	-2.91919e-01	4.563453e-05	7.059089e-05	
2157	2.069500e-07	-2.91913e-01	4.563370e-05	7.058930e-05	
2158	2.070500e-07	-2.91908e-01	4.563286e-05	7.058770e-05	
2159	2.071500e-07	-2.91902e-01	4.563203e-05	7.058611e-05	
2160	2.072500e-07	-2.91896e-01	4.563119e-05	7.058452e-05	
2161	2.073500e-07	-2.91890e-01	4.563036e-05	7.058292e-05	
2162	2.074500e-07	-2.91884e-01	4.562952e-05	7.058133e-05	
2163	2.075500e-07	-2.91878e-01	4.562869e-05	7.057973e-05	
2164	2.076500e-07	-2.91872e-01	4.562785e-05	7.057814e-05	
2165	2.077500e-07	-2.91866e-01	4.562701e-05	7.057655e-05	
2166	2.078500e-07	-2.91860e-01	4.562618e-05	7.057495e-05	
2167	2.079500e-07	-2.91854e-01	4.562534e-05	7.057336e-05	
2168	2.080500e-07	-2.91848e-01	4.562451e-05	7.057177e-05	
2169	2.081500e-07	-2.91842e-01	4.562367e-05	7.057017e-05	
2170	2.082500e-07	-2.91836e-01	4.562284e-05	7.056858e-05	
2171	2.083500e-07	-2.91830e-01	4.562200e-05	7.056699e-05	
2172	2.084500e-07	-2.91824e-01	4.562117e-05	7.056539e-05	
2173	2.085500e-07	-2.91818e-01	4.562033e-05	7.056380e-05	
2174	2.086500e-07	-2.91812e-01	4.561950e-05	7.056221e-05	
2175	2.087500e-07	-2.91806e-01	4.561866e-05	7.056061e-05	
2176	2.088500e-07	-2.91801e-01	4.561783e-05	7.055902e-05	
2177	2.089500e-07	-2.91795e-01	4.561699e-05	7.055743e-05	
2178	2.090500e-07	-2.91789e-01	4.561616e-05	7.055583e-05	
2179	2.091500e-07	-2.91783e-01	4.561532e-05	7.055424e-05	
2180	2.092500e-07	-2.91777e-01	4.561449e-05	7.055265e-05	
2181	2.093500e-07	-2.91771e-01	4.561365e-05	7.055105e-05	
2182	2.094500e-07	-2.91765e-01	4.561282e-05	7.054946e-05	
2183	2.095500e-07	-2.91759e-01	4.561198e-05	7.054787e-05	
2184	2.096500e-07	-2.91753e-01	4.561115e-05	7.054627e-05	
2185	2.097500e-07	-2.91747e-01	4.561031e-05	7.054468e-05	
2186	2.098500e-07	-2.91741e-01	4.560948e-05	7.054309e-05	
2187	2.099500e-07	-2.91735e-01	4.560864e-05	7.054149e-05	
2188	2.100000e-07	-2.91732e-01	4.560822e-05	7.054070e-05	
2189	2.100100e-07	-2.91732e-01	4.560814e-05	7.054053e-05	
2190	2.100300e-07	-2.91730e-01	4.560798e-05	7.054021e-05	
2191	2.100700e-07	-2.91728e-01	4.560764e-05	7.053956e-05	
2192	2.101500e-07	-2.91723e-01	4.560698e-05	7.053826e-05	
2193	2.102500e-07	-2.91717e-01	4.560616e-05	7.053664e-05	
2194	2.103500e-07	-2.91711e-01	4.560533e-05	7.053502e-05	
2195	2.104500e-07	-2.91705e-01	4.560451e-05	7.053341e-05	
2196	2.105500e-07	-2.91699e-01	4.560369e-05	7.053179e-05	
2197	2.106500e-07	-2.91694e-01	4.560286e-05	7.053019e-05	
2198	2.107500e-07	-2.91688e-01	4.560204e-05	7.052858e-05	
2199	2.108500e-07	-2.91682e-01	4.560121e-05	7.052697e-05	
2200	2.109500e-07	-2.91676e-01	4.560039e-05	7.052537e-05	

Index   time            v(drvb)         v(raq)          v(rbq)          
--------------------------------------------------------------------------------
2201	2.110000e-07	-2.91673e-01	4.559997e-05	7.052457e-05	
2202	2.110100e-07	-2.91672e-01	4.559989e-05	7.052441e-05	
2203	2.110300e-07	-2.91671e-01	4.559972e-05	7.052409e-05	
2204	2.110700e-07	-2.91669e-01	4.559939e-05	7.052345e-05	
2205	2.111500e-07	-2.91664e-01	4.559873e-05	7.052218e-05	
2206	2.112500e-07	-2.91658e-01	4.559789e-05	7.052060e-05	
2207	2.113500e-07	-2.91652e-01	4.559706e-05	7.051903e-05	
2208	2.114500e-07	-2.91646e-01	4.559622e-05	7.051746e-05	
2209	2.115500e-07	-2.91640e-01	4.559538e-05	7.051588e-05	
2210	2.116500e-07	-2.91634e-01	4.559454e-05	7.051431e-05	
2211	2.117500e-07	-2.91628e-01	4.559369e-05	7.051273e-05	
2212	2.118500e-07	-2.91622e-01	4.559285e-05	7.051114e-05	
2213	2.119500e-07	-2.91616e-01	4.559201e-05	7.050956e-05	
2214	2.120500e-07	-2.91610e-01	4.559117e-05	7.050798e-05	
2215	2.121500e-07	-2.91604e-01	4.559033e-05	7.050639e-05	
2216	2.122500e-07	-2.91598e-01	4.558949e-05	7.050481e-05	
2217	2.123500e-07	-2.91593e-01	4.558865e-05	7.050322e-05	
2218	2.124500e-07	-2.91587e-01	4.558781e-05	7.050163e-05	
2219	2.125500e-07	-2.91581e-01	4.558698e-05	7.050005e-05	
2220	2.126500e-07	-2.91575e-01	4.558614e-05	7.049846e-05	
2221	2.127500e-07	-2.91569e-01	4.558530e-05	7.049687e-05	
2222	2.128500e-07	-2.91563e-01	4.558446e-05	7.049528e-05	
2223	2.129500e-07	-2.91557e-01	4.558362e-05	7.049369e-05	
2224	2.130500e-07	-2.91551e-01	4.558279e-05	7.049210e-05	
2225	2.131500e-07	-2.91545e-01	4.558195e-05	7.049051e-05	
2226	2.132500e-07	-2.91539e-01	4.558111e-05	7.048892e-05	
2227	2.133500e-07	-2.91533e-01	4.558028e-05	7.048733e-05	
2228	2.134500e-07	-2.91527e-01	4.557944e-05	7.048574e-05	
2229	2.135500e-07	-2.91521e-01	4.557861e-05	7.048415e-05	
2230	2.136500e-07	-2.91515e-01	4.557777e-05	7.048256e-05	
2231	2.137500e-07	-2.91509e-01	4.557693e-05	7.048097e-05	
2232	2.138500e-07	-2.91503e-01	4.557610e-05	7.047938e-05	
2233	2.139500e-07	-2.91497e-01	4.557526e-05	7.047779e-05	
2234	2.140000e-07	-2.91494e-01	4.557484e-05	7.047700e-05	
2235	2.140100e-07	-2.91494e-01	4.557476e-05	7.047683e-05	
2236	2.140300e-07	-2.91493e-01	4.557460e-05	7.047651e-05	
2237	2.140700e-07	-2.91490e-01	4.557426e-05	7.047586e-05	
2238	2.141500e-07	-2.91486e-01	4.557360e-05	7.047457e-05	
2239	2.142500e-07	-2.91480e-01	4.557278e-05	7.047295e-05	
2240	2.143500e-07	-2.91474e-01	4.557195e-05	7.047133e-05	
2241	2.144500e-07	-2.91468e-01	4.557113e-05	7.046972e-05	
2242	2.145500e-07	-2.91462e-01	4.557030e-05	7.046811e-05	
2243	2.146500e-07	-2.91456e-01	4.556948e-05	7.046650e-05	
2244	2.147500e-07	-2.91450e-01	4.556866e-05	7.046489e-05	
2245	2.148500e-07	-2.91444e-01	4.556783e-05	7.046329e-05	
2246	2.149500e-07	-2.91438e-01	4.556700e-05	7.046169e-05	
2247	2.150000e-07	-2.91435e-01	4.556659e-05	7.046089e-05	
2248	2.150100e-07	-2.91435e-01	4.556651e-05	7.046073e-05	
2249	2.150300e-07	-2.91433e-01	4.556634e-05	7.046041e-05	
2250	2.150700e-07	-2.91431e-01	4.556601e-05	7.045977e-05	
2251	2.151500e-07	-2.91426e-01	4.556535e-05	7.045850e-05	
2252	2.152500e-07	-2.91420e-01	4.556451e-05	7.045693e-05	
2253	2.153500e-07	-2.91414e-01	4.556368e-05	7.045536e-05	
2254	2.154500e-07	-2.91408e-01	4.556284e-05	7.045379e-05	
2255	2.155500e-07	-2.91402e-01	4.556200e-05	7.045221e-05	
2256	2.156500e-07	-2.91397e-01	4.556116e-05	7.045064e-05	
2257	2.157500e-07	-2.91391e-01	4.556031e-05	7.044906e-05	
2258	2.158500e-07	-2.91385e-01	4.555947e-05	7.044748e-05	

Index   time            v(drvb)         v(raq)          v(rbq)          
--------------------------------------------------------------------------------
2259	2.159500e-07	-2.91379e-01	4.555863e-05	7.044590e-05	
2260	2.160500e-07	-2.91373e-01	4.555779e-05	7.044432e-05	
2261	2.161500e-07	-2.91367e-01	4.555695e-05	7.044273e-05	
2262	2.162500e-07	-2.91361e-01	4.555611e-05	7.044115e-05	
2263	2.163500e-07	-2.91355e-01	4.555528e-05	7.043956e-05	
2264	2.164500e-07	-2.91349e-01	4.555444e-05	7.043798e-05	
2265	2.165500e-07	-2.91343e-01	4.555360e-05	7.043639e-05	
2266	2.166500e-07	-2.91337e-01	4.555276e-05	7.043481e-05	
2267	2.167500e-07	-2.91331e-01	4.555192e-05	7.043322e-05	
2268	2.168500e-07	-2.91325e-01	4.555109e-05	7.043163e-05	
2269	2.169500e-07	-2.91319e-01	4.555025e-05	7.043004e-05	
2270	2.170500e-07	-2.91313e-01	4.554941e-05	7.042846e-05	
2271	2.171500e-07	-2.91307e-01	4.554858e-05	7.042687e-05	
2272	2.172500e-07	-2.91302e-01	4.554774e-05	7.042528e-05	
2273	2.173500e-07	-2.91296e-01	4.554690e-05	7.042369e-05	
2274	2.174500e-07	-2.91290e-01	4.554607e-05	7.042210e-05	
2275	2.175500e-07	-2.91284e-01	4.554523e-05	7.042052e-05	
2276	2.176500e-07	-2.91278e-01	4.554440e-05	7.041893e-05	
2277	2.177500e-07	-2.91272e-01	4.554356e-05	7.041734e-05	
2278	2.178500e-07	-2.91266e-01	4.554273e-05	7.041575e-05	
2279	2.179500e-07	-2.91260e-01	4.554189e-05	7.041416e-05	
2280	2.180500e-07	-2.91254e-01	4.554106e-05	7.041257e-05	
2281	2.181500e-07	-2.91248e-01	4.554022e-05	7.041098e-05	
2282	2.182500e-07	-2.91242e-01	4.553939e-05	7.040939e-05	
2283	2.183500e-07	-2.91236e-01	4.553855e-05	7.040780e-05	
2284	2.184500e-07	-2.91230e-01	4.553772e-05	7.040621e-05	
2285	2.185500e-07	-2.91224e-01	4.553688e-05	7.040463e-05	
2286	2.186500e-07	-2.91218e-01	4.553605e-05	7.040304e-05	
2287	2.187500e-07	-2.91212e-01	4.553521e-05	7.040145e-05	
2288	2.188500e-07	-2.91207e-01	4.553438e-05	7.039986e-05	
2289	2.189500e-07	-2.91201e-01	4.553354e-05	7.039827e-05	
2290	2.190500e-07	-2.91195e-01	4.553271e-05	7.039668e-05	
2291	2.191500e-07	-2.91189e-01	4.553188e-05	7.039509e-05	
2292	2.192500e-07	-2.91183e-01	4.553104e-05	7.039350e-05	
2293	2.193500e-07	-2.91177e-01	4.553021e-05	7.039191e-05	
2294	2.194500e-07	-2.91171e-01	4.552937e-05	7.039032e-05	
2295	2.195500e-07	-2.91165e-01	4.552854e-05	7.038873e-05	
2296	2.196500e-07	-2.91159e-01	4.552771e-05	7.038714e-05	
2297	2.197500e-07	-2.91153e-01	4.552687e-05	7.038555e-05	
2298	2.198500e-07	-2.91147e-01	4.552604e-05	7.038396e-05	
2299	2.199500e-07	-2.91141e-01	4.552520e-05	7.038238e-05	
2300	2.200000e-07	-2.91138e-01	4.552479e-05	7.038158e-05	

    * =====================================================================
    Transient Analysis  Fri Aug 28 22:18:30  2026
--------------------------------------------------------------------------------
Index   time            v(ran)          v(rbn)          
--------------------------------------------------------------------------------
0	0.000000e+00	0.000000e+00	0.000000e+00	
1	1.000000e-12	0.000000e+00	0.000000e+00	
2	2.000000e-12	0.000000e+00	0.000000e+00	
3	4.000000e-12	0.000000e+00	0.000000e+00	
4	8.000000e-12	0.000000e+00	0.000000e+00	
5	1.600000e-11	0.000000e+00	0.000000e+00	
6	3.200000e-11	0.000000e+00	0.000000e+00	
7	6.400000e-11	0.000000e+00	0.000000e+00	
8	1.280000e-10	0.000000e+00	0.000000e+00	
9	2.280000e-10	0.000000e+00	0.000000e+00	
10	3.280000e-10	0.000000e+00	0.000000e+00	
11	4.280000e-10	0.000000e+00	0.000000e+00	
12	5.280000e-10	0.000000e+00	0.000000e+00	
13	6.280000e-10	0.000000e+00	0.000000e+00	
14	7.280000e-10	0.000000e+00	0.000000e+00	
15	8.280000e-10	0.000000e+00	0.000000e+00	
16	9.280000e-10	0.000000e+00	0.000000e+00	
17	1.028000e-09	0.000000e+00	0.000000e+00	
18	1.128000e-09	0.000000e+00	0.000000e+00	
19	1.228000e-09	0.000000e+00	0.000000e+00	
20	1.328000e-09	0.000000e+00	0.000000e+00	
21	1.428000e-09	0.000000e+00	0.000000e+00	
22	1.528000e-09	0.000000e+00	0.000000e+00	
23	1.628000e-09	0.000000e+00	0.000000e+00	
24	1.728000e-09	0.000000e+00	0.000000e+00	
25	1.828000e-09	0.000000e+00	0.000000e+00	
26	1.928000e-09	0.000000e+00	0.000000e+00	
27	2.028000e-09	0.000000e+00	0.000000e+00	
28	2.128000e-09	0.000000e+00	0.000000e+00	
29	2.228000e-09	0.000000e+00	0.000000e+00	
30	2.328000e-09	0.000000e+00	0.000000e+00	
31	2.428000e-09	0.000000e+00	0.000000e+00	
32	2.528000e-09	0.000000e+00	0.000000e+00	
33	2.628000e-09	0.000000e+00	0.000000e+00	
34	2.728000e-09	0.000000e+00	0.000000e+00	
35	2.828000e-09	0.000000e+00	0.000000e+00	
36	2.928000e-09	0.000000e+00	0.000000e+00	
37	3.028000e-09	0.000000e+00	0.000000e+00	
38	3.128000e-09	0.000000e+00	0.000000e+00	
39	3.228000e-09	0.000000e+00	0.000000e+00	
40	3.328000e-09	0.000000e+00	0.000000e+00	
41	3.428000e-09	0.000000e+00	0.000000e+00	
42	3.528000e-09	0.000000e+00	0.000000e+00	
43	3.628000e-09	0.000000e+00	0.000000e+00	
44	3.728000e-09	0.000000e+00	0.000000e+00	
45	3.828000e-09	0.000000e+00	0.000000e+00	
46	3.928000e-09	0.000000e+00	0.000000e+00	
47	4.028000e-09	0.000000e+00	0.000000e+00	
48	4.128000e-09	0.000000e+00	0.000000e+00	
49	4.228000e-09	0.000000e+00	0.000000e+00	
50	4.328000e-09	0.000000e+00	0.000000e+00	
51	4.428000e-09	0.000000e+00	0.000000e+00	
52	4.528000e-09	0.000000e+00	0.000000e+00	
53	4.628000e-09	0.000000e+00	0.000000e+00	
54	4.728000e-09	0.000000e+00	0.000000e+00	

Index   time            v(ran)          v(rbn)          
--------------------------------------------------------------------------------
55	4.828000e-09	0.000000e+00	0.000000e+00	
56	4.928000e-09	0.000000e+00	0.000000e+00	
57	5.028000e-09	0.000000e+00	0.000000e+00	
58	5.128000e-09	0.000000e+00	0.000000e+00	
59	5.228000e-09	0.000000e+00	0.000000e+00	
60	5.328000e-09	0.000000e+00	0.000000e+00	
61	5.428000e-09	0.000000e+00	0.000000e+00	
62	5.528000e-09	0.000000e+00	0.000000e+00	
63	5.628000e-09	0.000000e+00	0.000000e+00	
64	5.728000e-09	0.000000e+00	0.000000e+00	
65	5.828000e-09	0.000000e+00	0.000000e+00	
66	5.928000e-09	0.000000e+00	0.000000e+00	
67	6.028000e-09	0.000000e+00	0.000000e+00	
68	6.128000e-09	0.000000e+00	0.000000e+00	
69	6.228000e-09	0.000000e+00	0.000000e+00	
70	6.328000e-09	0.000000e+00	0.000000e+00	
71	6.428000e-09	0.000000e+00	0.000000e+00	
72	6.528000e-09	0.000000e+00	0.000000e+00	
73	6.628000e-09	0.000000e+00	0.000000e+00	
74	6.728000e-09	0.000000e+00	0.000000e+00	
75	6.828000e-09	0.000000e+00	0.000000e+00	
76	6.928000e-09	0.000000e+00	0.000000e+00	
77	7.028000e-09	0.000000e+00	0.000000e+00	
78	7.128000e-09	0.000000e+00	0.000000e+00	
79	7.228000e-09	0.000000e+00	0.000000e+00	
80	7.328000e-09	0.000000e+00	0.000000e+00	
81	7.428000e-09	0.000000e+00	0.000000e+00	
82	7.528000e-09	0.000000e+00	0.000000e+00	
83	7.628000e-09	0.000000e+00	0.000000e+00	
84	7.728000e-09	0.000000e+00	0.000000e+00	
85	7.828000e-09	0.000000e+00	0.000000e+00	
86	7.928000e-09	0.000000e+00	0.000000e+00	
87	8.028000e-09	0.000000e+00	0.000000e+00	
88	8.128000e-09	0.000000e+00	0.000000e+00	
89	8.228000e-09	0.000000e+00	0.000000e+00	
90	8.328000e-09	0.000000e+00	0.000000e+00	
91	8.428000e-09	0.000000e+00	0.000000e+00	
92	8.528000e-09	0.000000e+00	0.000000e+00	
93	8.628000e-09	0.000000e+00	0.000000e+00	
94	8.728000e-09	0.000000e+00	0.000000e+00	
95	8.828000e-09	0.000000e+00	0.000000e+00	
96	8.928000e-09	0.000000e+00	0.000000e+00	
97	9.028000e-09	0.000000e+00	0.000000e+00	
98	9.128000e-09	0.000000e+00	0.000000e+00	
99	9.228000e-09	0.000000e+00	0.000000e+00	
100	9.328000e-09	0.000000e+00	0.000000e+00	
101	9.428000e-09	0.000000e+00	0.000000e+00	
102	9.528000e-09	0.000000e+00	0.000000e+00	
103	9.628000e-09	0.000000e+00	0.000000e+00	
104	9.728000e-09	0.000000e+00	0.000000e+00	
105	9.828000e-09	0.000000e+00	0.000000e+00	
106	9.928000e-09	0.000000e+00	0.000000e+00	
107	1.000000e-08	0.000000e+00	0.000000e+00	
108	1.001000e-08	0.000000e+00	0.000000e+00	
109	1.003000e-08	0.000000e+00	0.000000e+00	
110	1.007000e-08	0.000000e+00	0.000000e+00	
111	1.015000e-08	0.000000e+00	0.000000e+00	
112	1.025000e-08	0.000000e+00	0.000000e+00	

Index   time            v(ran)          v(rbn)          
--------------------------------------------------------------------------------
113	1.035000e-08	0.000000e+00	0.000000e+00	
114	1.045000e-08	0.000000e+00	0.000000e+00	
115	1.055000e-08	0.000000e+00	0.000000e+00	
116	1.065000e-08	0.000000e+00	0.000000e+00	
117	1.075000e-08	0.000000e+00	0.000000e+00	
118	1.085000e-08	0.000000e+00	0.000000e+00	
119	1.095000e-08	0.000000e+00	0.000000e+00	
120	1.100000e-08	0.000000e+00	0.000000e+00	
121	1.101000e-08	0.000000e+00	0.000000e+00	
122	1.103000e-08	0.000000e+00	0.000000e+00	
123	1.107000e-08	0.000000e+00	0.000000e+00	
124	1.115000e-08	0.000000e+00	0.000000e+00	
125	1.125000e-08	0.000000e+00	0.000000e+00	
126	1.135000e-08	0.000000e+00	0.000000e+00	
127	1.145000e-08	0.000000e+00	0.000000e+00	
128	1.155000e-08	0.000000e+00	0.000000e+00	
129	1.165000e-08	0.000000e+00	0.000000e+00	
130	1.175000e-08	0.000000e+00	0.000000e+00	
131	1.185000e-08	0.000000e+00	0.000000e+00	
132	1.195000e-08	0.000000e+00	0.000000e+00	
133	1.205000e-08	0.000000e+00	0.000000e+00	
134	1.215000e-08	0.000000e+00	0.000000e+00	
135	1.225000e-08	0.000000e+00	0.000000e+00	
136	1.235000e-08	0.000000e+00	0.000000e+00	
137	1.245000e-08	0.000000e+00	0.000000e+00	
138	1.255000e-08	0.000000e+00	0.000000e+00	
139	1.265000e-08	0.000000e+00	0.000000e+00	
140	1.275000e-08	0.000000e+00	0.000000e+00	
141	1.285000e-08	0.000000e+00	0.000000e+00	
142	1.295000e-08	0.000000e+00	0.000000e+00	
143	1.305000e-08	0.000000e+00	0.000000e+00	
144	1.315000e-08	0.000000e+00	0.000000e+00	
145	1.325000e-08	0.000000e+00	0.000000e+00	
146	1.335000e-08	0.000000e+00	0.000000e+00	
147	1.345000e-08	0.000000e+00	0.000000e+00	
148	1.355000e-08	0.000000e+00	0.000000e+00	
149	1.365000e-08	0.000000e+00	0.000000e+00	
150	1.375000e-08	0.000000e+00	0.000000e+00	
151	1.385000e-08	0.000000e+00	0.000000e+00	
152	1.395000e-08	0.000000e+00	0.000000e+00	
153	1.400000e-08	0.000000e+00	0.000000e+00	
154	1.401000e-08	0.000000e+00	0.000000e+00	
155	1.403000e-08	0.000000e+00	0.000000e+00	
156	1.407000e-08	0.000000e+00	0.000000e+00	
157	1.415000e-08	0.000000e+00	0.000000e+00	
158	1.425000e-08	0.000000e+00	0.000000e+00	
159	1.435000e-08	0.000000e+00	0.000000e+00	
160	1.445000e-08	0.000000e+00	0.000000e+00	
161	1.455000e-08	0.000000e+00	0.000000e+00	
162	1.465000e-08	0.000000e+00	0.000000e+00	
163	1.475000e-08	0.000000e+00	0.000000e+00	
164	1.485000e-08	0.000000e+00	0.000000e+00	
165	1.495000e-08	0.000000e+00	0.000000e+00	
166	1.500000e-08	0.000000e+00	0.000000e+00	
167	1.501000e-08	0.000000e+00	0.000000e+00	
168	1.503000e-08	0.000000e+00	0.000000e+00	
169	1.507000e-08	0.000000e+00	0.000000e+00	
170	1.515000e-08	0.000000e+00	0.000000e+00	

Index   time            v(ran)          v(rbn)          
--------------------------------------------------------------------------------
171	1.525000e-08	0.000000e+00	0.000000e+00	
172	1.535000e-08	0.000000e+00	0.000000e+00	
173	1.545000e-08	0.000000e+00	0.000000e+00	
174	1.555000e-08	0.000000e+00	0.000000e+00	
175	1.565000e-08	0.000000e+00	0.000000e+00	
176	1.575000e-08	0.000000e+00	0.000000e+00	
177	1.585000e-08	0.000000e+00	0.000000e+00	
178	1.595000e-08	0.000000e+00	0.000000e+00	
179	1.605000e-08	0.000000e+00	0.000000e+00	
180	1.615000e-08	0.000000e+00	0.000000e+00	
181	1.625000e-08	0.000000e+00	0.000000e+00	
182	1.635000e-08	0.000000e+00	0.000000e+00	
183	1.645000e-08	0.000000e+00	0.000000e+00	
184	1.655000e-08	0.000000e+00	0.000000e+00	
185	1.665000e-08	0.000000e+00	0.000000e+00	
186	1.675000e-08	0.000000e+00	0.000000e+00	
187	1.685000e-08	0.000000e+00	0.000000e+00	
188	1.695000e-08	0.000000e+00	0.000000e+00	
189	1.705000e-08	0.000000e+00	0.000000e+00	
190	1.715000e-08	0.000000e+00	0.000000e+00	
191	1.725000e-08	0.000000e+00	0.000000e+00	
192	1.735000e-08	0.000000e+00	0.000000e+00	
193	1.745000e-08	0.000000e+00	0.000000e+00	
194	1.755000e-08	0.000000e+00	0.000000e+00	
195	1.765000e-08	0.000000e+00	0.000000e+00	
196	1.775000e-08	0.000000e+00	0.000000e+00	
197	1.785000e-08	0.000000e+00	0.000000e+00	
198	1.795000e-08	0.000000e+00	0.000000e+00	
199	1.805000e-08	0.000000e+00	0.000000e+00	
200	1.815000e-08	0.000000e+00	0.000000e+00	
201	1.825000e-08	0.000000e+00	0.000000e+00	
202	1.835000e-08	0.000000e+00	0.000000e+00	
203	1.845000e-08	0.000000e+00	0.000000e+00	
204	1.855000e-08	0.000000e+00	0.000000e+00	
205	1.865000e-08	0.000000e+00	0.000000e+00	
206	1.875000e-08	0.000000e+00	0.000000e+00	
207	1.885000e-08	0.000000e+00	0.000000e+00	
208	1.895000e-08	0.000000e+00	0.000000e+00	
209	1.905000e-08	0.000000e+00	0.000000e+00	
210	1.915000e-08	0.000000e+00	0.000000e+00	
211	1.925000e-08	0.000000e+00	0.000000e+00	
212	1.935000e-08	0.000000e+00	0.000000e+00	
213	1.945000e-08	0.000000e+00	0.000000e+00	
214	1.955000e-08	0.000000e+00	0.000000e+00	
215	1.965000e-08	0.000000e+00	0.000000e+00	
216	1.975000e-08	0.000000e+00	0.000000e+00	
217	1.985000e-08	0.000000e+00	0.000000e+00	
218	1.995000e-08	0.000000e+00	0.000000e+00	
219	2.005000e-08	0.000000e+00	0.000000e+00	
220	2.015000e-08	0.000000e+00	0.000000e+00	
221	2.025000e-08	0.000000e+00	0.000000e+00	
222	2.035000e-08	0.000000e+00	0.000000e+00	
223	2.045000e-08	0.000000e+00	0.000000e+00	
224	2.055000e-08	0.000000e+00	0.000000e+00	
225	2.065000e-08	0.000000e+00	0.000000e+00	
226	2.075000e-08	0.000000e+00	0.000000e+00	
227	2.085000e-08	0.000000e+00	0.000000e+00	
228	2.095000e-08	0.000000e+00	0.000000e+00	

Index   time            v(ran)          v(rbn)          
--------------------------------------------------------------------------------
229	2.105000e-08	0.000000e+00	0.000000e+00	
230	2.115000e-08	0.000000e+00	0.000000e+00	
231	2.125000e-08	0.000000e+00	0.000000e+00	
232	2.135000e-08	0.000000e+00	0.000000e+00	
233	2.145000e-08	0.000000e+00	0.000000e+00	
234	2.155000e-08	0.000000e+00	0.000000e+00	
235	2.165000e-08	0.000000e+00	0.000000e+00	
236	2.175000e-08	0.000000e+00	0.000000e+00	
237	2.185000e-08	0.000000e+00	0.000000e+00	
238	2.195000e-08	0.000000e+00	0.000000e+00	
239	2.205000e-08	0.000000e+00	0.000000e+00	
240	2.215000e-08	0.000000e+00	0.000000e+00	
241	2.225000e-08	0.000000e+00	0.000000e+00	
242	2.235000e-08	0.000000e+00	0.000000e+00	
243	2.245000e-08	0.000000e+00	0.000000e+00	
244	2.255000e-08	0.000000e+00	0.000000e+00	
245	2.265000e-08	0.000000e+00	0.000000e+00	
246	2.275000e-08	0.000000e+00	0.000000e+00	
247	2.285000e-08	0.000000e+00	0.000000e+00	
248	2.295000e-08	0.000000e+00	0.000000e+00	
249	2.305000e-08	0.000000e+00	0.000000e+00	
250	2.315000e-08	0.000000e+00	0.000000e+00	
251	2.325000e-08	0.000000e+00	0.000000e+00	
252	2.335000e-08	0.000000e+00	0.000000e+00	
253	2.345000e-08	0.000000e+00	0.000000e+00	
254	2.355000e-08	0.000000e+00	0.000000e+00	
255	2.365000e-08	0.000000e+00	0.000000e+00	
256	2.375000e-08	0.000000e+00	0.000000e+00	
257	2.385000e-08	0.000000e+00	0.000000e+00	
258	2.395000e-08	0.000000e+00	0.000000e+00	
259	2.405000e-08	0.000000e+00	0.000000e+00	
260	2.415000e-08	0.000000e+00	0.000000e+00	
261	2.425000e-08	0.000000e+00	0.000000e+00	
262	2.435000e-08	0.000000e+00	0.000000e+00	
263	2.445000e-08	0.000000e+00	0.000000e+00	
264	2.455000e-08	0.000000e+00	0.000000e+00	
265	2.465000e-08	0.000000e+00	0.000000e+00	
266	2.475000e-08	0.000000e+00	0.000000e+00	
267	2.485000e-08	0.000000e+00	0.000000e+00	
268	2.495000e-08	0.000000e+00	0.000000e+00	
269	2.505000e-08	0.000000e+00	0.000000e+00	
270	2.515000e-08	0.000000e+00	0.000000e+00	
271	2.525000e-08	0.000000e+00	0.000000e+00	
272	2.535000e-08	0.000000e+00	0.000000e+00	
273	2.545000e-08	0.000000e+00	0.000000e+00	
274	2.555000e-08	0.000000e+00	0.000000e+00	
275	2.565000e-08	0.000000e+00	0.000000e+00	
276	2.575000e-08	0.000000e+00	0.000000e+00	
277	2.585000e-08	0.000000e+00	0.000000e+00	
278	2.595000e-08	0.000000e+00	0.000000e+00	
279	2.605000e-08	0.000000e+00	0.000000e+00	
280	2.615000e-08	0.000000e+00	0.000000e+00	
281	2.625000e-08	0.000000e+00	0.000000e+00	
282	2.635000e-08	0.000000e+00	0.000000e+00	
283	2.645000e-08	0.000000e+00	0.000000e+00	
284	2.655000e-08	0.000000e+00	0.000000e+00	
285	2.665000e-08	0.000000e+00	0.000000e+00	
286	2.675000e-08	0.000000e+00	0.000000e+00	

Index   time            v(ran)          v(rbn)          
--------------------------------------------------------------------------------
287	2.685000e-08	0.000000e+00	0.000000e+00	
288	2.695000e-08	0.000000e+00	0.000000e+00	
289	2.705000e-08	0.000000e+00	0.000000e+00	
290	2.715000e-08	0.000000e+00	0.000000e+00	
291	2.725000e-08	0.000000e+00	0.000000e+00	
292	2.735000e-08	0.000000e+00	0.000000e+00	
293	2.745000e-08	0.000000e+00	0.000000e+00	
294	2.755000e-08	0.000000e+00	0.000000e+00	
295	2.765000e-08	0.000000e+00	0.000000e+00	
296	2.775000e-08	0.000000e+00	0.000000e+00	
297	2.785000e-08	0.000000e+00	0.000000e+00	
298	2.795000e-08	0.000000e+00	0.000000e+00	
299	2.805000e-08	0.000000e+00	0.000000e+00	
300	2.815000e-08	0.000000e+00	0.000000e+00	
301	2.825000e-08	0.000000e+00	0.000000e+00	
302	2.835000e-08	0.000000e+00	0.000000e+00	
303	2.845000e-08	0.000000e+00	0.000000e+00	
304	2.855000e-08	0.000000e+00	0.000000e+00	
305	2.865000e-08	0.000000e+00	0.000000e+00	
306	2.875000e-08	0.000000e+00	0.000000e+00	
307	2.885000e-08	0.000000e+00	0.000000e+00	
308	2.895000e-08	0.000000e+00	0.000000e+00	
309	2.905000e-08	0.000000e+00	0.000000e+00	
310	2.915000e-08	0.000000e+00	0.000000e+00	
311	2.925000e-08	0.000000e+00	0.000000e+00	
312	2.935000e-08	0.000000e+00	0.000000e+00	
313	2.945000e-08	0.000000e+00	0.000000e+00	
314	2.955000e-08	0.000000e+00	0.000000e+00	
315	2.965000e-08	0.000000e+00	0.000000e+00	
316	2.975000e-08	0.000000e+00	0.000000e+00	
317	2.985000e-08	0.000000e+00	0.000000e+00	
318	2.995000e-08	0.000000e+00	0.000000e+00	
319	3.005000e-08	0.000000e+00	0.000000e+00	
320	3.015000e-08	0.000000e+00	0.000000e+00	
321	3.025000e-08	0.000000e+00	0.000000e+00	
322	3.035000e-08	0.000000e+00	0.000000e+00	
323	3.045000e-08	0.000000e+00	0.000000e+00	
324	3.055000e-08	0.000000e+00	0.000000e+00	
325	3.065000e-08	0.000000e+00	0.000000e+00	
326	3.075000e-08	0.000000e+00	0.000000e+00	
327	3.085000e-08	0.000000e+00	0.000000e+00	
328	3.095000e-08	0.000000e+00	0.000000e+00	
329	3.105000e-08	0.000000e+00	0.000000e+00	
330	3.115000e-08	0.000000e+00	0.000000e+00	
331	3.125000e-08	0.000000e+00	0.000000e+00	
332	3.135000e-08	0.000000e+00	0.000000e+00	
333	3.145000e-08	0.000000e+00	0.000000e+00	
334	3.155000e-08	0.000000e+00	0.000000e+00	
335	3.165000e-08	0.000000e+00	0.000000e+00	
336	3.175000e-08	0.000000e+00	0.000000e+00	
337	3.185000e-08	0.000000e+00	0.000000e+00	
338	3.195000e-08	0.000000e+00	0.000000e+00	
339	3.205000e-08	0.000000e+00	0.000000e+00	
340	3.215000e-08	0.000000e+00	0.000000e+00	
341	3.225000e-08	0.000000e+00	0.000000e+00	
342	3.235000e-08	0.000000e+00	0.000000e+00	
343	3.245000e-08	0.000000e+00	0.000000e+00	
344	3.255000e-08	0.000000e+00	0.000000e+00	

Index   time            v(ran)          v(rbn)          
--------------------------------------------------------------------------------
345	3.265000e-08	0.000000e+00	0.000000e+00	
346	3.275000e-08	0.000000e+00	0.000000e+00	
347	3.285000e-08	0.000000e+00	0.000000e+00	
348	3.295000e-08	0.000000e+00	0.000000e+00	
349	3.305000e-08	0.000000e+00	0.000000e+00	
350	3.315000e-08	0.000000e+00	0.000000e+00	
351	3.325000e-08	0.000000e+00	0.000000e+00	
352	3.335000e-08	0.000000e+00	0.000000e+00	
353	3.345000e-08	0.000000e+00	0.000000e+00	
354	3.355000e-08	0.000000e+00	0.000000e+00	
355	3.365000e-08	0.000000e+00	0.000000e+00	
356	3.375000e-08	0.000000e+00	0.000000e+00	
357	3.385000e-08	0.000000e+00	0.000000e+00	
358	3.395000e-08	0.000000e+00	0.000000e+00	
359	3.405000e-08	0.000000e+00	0.000000e+00	
360	3.415000e-08	0.000000e+00	0.000000e+00	
361	3.425000e-08	0.000000e+00	0.000000e+00	
362	3.435000e-08	0.000000e+00	0.000000e+00	
363	3.445000e-08	0.000000e+00	0.000000e+00	
364	3.455000e-08	0.000000e+00	0.000000e+00	
365	3.465000e-08	0.000000e+00	0.000000e+00	
366	3.475000e-08	0.000000e+00	0.000000e+00	
367	3.485000e-08	0.000000e+00	0.000000e+00	
368	3.495000e-08	0.000000e+00	0.000000e+00	
369	3.505000e-08	0.000000e+00	0.000000e+00	
370	3.515000e-08	0.000000e+00	0.000000e+00	
371	3.525000e-08	0.000000e+00	0.000000e+00	
372	3.535000e-08	0.000000e+00	0.000000e+00	
373	3.545000e-08	0.000000e+00	0.000000e+00	
374	3.555000e-08	0.000000e+00	0.000000e+00	
375	3.565000e-08	0.000000e+00	0.000000e+00	
376	3.575000e-08	0.000000e+00	0.000000e+00	
377	3.585000e-08	0.000000e+00	0.000000e+00	
378	3.595000e-08	0.000000e+00	0.000000e+00	
379	3.605000e-08	0.000000e+00	0.000000e+00	
380	3.615000e-08	0.000000e+00	0.000000e+00	
381	3.625000e-08	0.000000e+00	0.000000e+00	
382	3.635000e-08	0.000000e+00	0.000000e+00	
383	3.645000e-08	0.000000e+00	0.000000e+00	
384	3.655000e-08	0.000000e+00	0.000000e+00	
385	3.665000e-08	0.000000e+00	0.000000e+00	
386	3.675000e-08	0.000000e+00	0.000000e+00	
387	3.685000e-08	0.000000e+00	0.000000e+00	
388	3.695000e-08	0.000000e+00	0.000000e+00	
389	3.705000e-08	0.000000e+00	0.000000e+00	
390	3.715000e-08	0.000000e+00	0.000000e+00	
391	3.725000e-08	0.000000e+00	0.000000e+00	
392	3.735000e-08	0.000000e+00	0.000000e+00	
393	3.745000e-08	0.000000e+00	0.000000e+00	
394	3.755000e-08	0.000000e+00	0.000000e+00	
395	3.765000e-08	0.000000e+00	0.000000e+00	
396	3.775000e-08	0.000000e+00	0.000000e+00	
397	3.785000e-08	0.000000e+00	0.000000e+00	
398	3.795000e-08	0.000000e+00	0.000000e+00	
399	3.805000e-08	0.000000e+00	0.000000e+00	
400	3.815000e-08	0.000000e+00	0.000000e+00	
401	3.825000e-08	0.000000e+00	0.000000e+00	
402	3.835000e-08	0.000000e+00	0.000000e+00	

Index   time            v(ran)          v(rbn)          
--------------------------------------------------------------------------------
403	3.845000e-08	0.000000e+00	0.000000e+00	
404	3.855000e-08	0.000000e+00	0.000000e+00	
405	3.865000e-08	0.000000e+00	0.000000e+00	
406	3.875000e-08	0.000000e+00	0.000000e+00	
407	3.885000e-08	0.000000e+00	0.000000e+00	
408	3.895000e-08	0.000000e+00	0.000000e+00	
409	3.905000e-08	0.000000e+00	0.000000e+00	
410	3.915000e-08	0.000000e+00	0.000000e+00	
411	3.925000e-08	0.000000e+00	0.000000e+00	
412	3.935000e-08	0.000000e+00	0.000000e+00	
413	3.945000e-08	0.000000e+00	0.000000e+00	
414	3.955000e-08	0.000000e+00	0.000000e+00	
415	3.965000e-08	0.000000e+00	0.000000e+00	
416	3.975000e-08	0.000000e+00	0.000000e+00	
417	3.985000e-08	0.000000e+00	0.000000e+00	
418	3.995000e-08	0.000000e+00	0.000000e+00	
419	4.000000e-08	0.000000e+00	0.000000e+00	
420	4.001000e-08	0.000000e+00	0.000000e+00	
421	4.003000e-08	0.000000e+00	0.000000e+00	
422	4.007000e-08	0.000000e+00	0.000000e+00	
423	4.015000e-08	0.000000e+00	0.000000e+00	
424	4.025000e-08	0.000000e+00	0.000000e+00	
425	4.035000e-08	0.000000e+00	0.000000e+00	
426	4.045000e-08	0.000000e+00	0.000000e+00	
427	4.055000e-08	0.000000e+00	0.000000e+00	
428	4.065000e-08	0.000000e+00	0.000000e+00	
429	4.075000e-08	0.000000e+00	0.000000e+00	
430	4.085000e-08	0.000000e+00	0.000000e+00	
431	4.095000e-08	0.000000e+00	0.000000e+00	
432	4.100000e-08	0.000000e+00	0.000000e+00	
433	4.101000e-08	0.000000e+00	0.000000e+00	
434	4.103000e-08	0.000000e+00	0.000000e+00	
435	4.107000e-08	0.000000e+00	0.000000e+00	
436	4.115000e-08	0.000000e+00	0.000000e+00	
437	4.125000e-08	0.000000e+00	0.000000e+00	
438	4.135000e-08	0.000000e+00	0.000000e+00	
439	4.145000e-08	0.000000e+00	0.000000e+00	
440	4.155000e-08	0.000000e+00	0.000000e+00	
441	4.165000e-08	0.000000e+00	0.000000e+00	
442	4.175000e-08	0.000000e+00	0.000000e+00	
443	4.185000e-08	0.000000e+00	0.000000e+00	
444	4.195000e-08	0.000000e+00	0.000000e+00	
445	4.205000e-08	0.000000e+00	0.000000e+00	
446	4.215000e-08	0.000000e+00	0.000000e+00	
447	4.225000e-08	0.000000e+00	0.000000e+00	
448	4.235000e-08	0.000000e+00	0.000000e+00	
449	4.245000e-08	0.000000e+00	0.000000e+00	
450	4.255000e-08	0.000000e+00	0.000000e+00	
451	4.265000e-08	0.000000e+00	0.000000e+00	
452	4.275000e-08	0.000000e+00	0.000000e+00	
453	4.285000e-08	0.000000e+00	0.000000e+00	
454	4.295000e-08	0.000000e+00	0.000000e+00	
455	4.305000e-08	0.000000e+00	0.000000e+00	
456	4.315000e-08	0.000000e+00	0.000000e+00	
457	4.325000e-08	0.000000e+00	0.000000e+00	
458	4.335000e-08	0.000000e+00	0.000000e+00	
459	4.345000e-08	0.000000e+00	0.000000e+00	
460	4.355000e-08	0.000000e+00	0.000000e+00	

Index   time            v(ran)          v(rbn)          
--------------------------------------------------------------------------------
461	4.365000e-08	0.000000e+00	0.000000e+00	
462	4.375000e-08	0.000000e+00	0.000000e+00	
463	4.385000e-08	0.000000e+00	0.000000e+00	
464	4.395000e-08	0.000000e+00	0.000000e+00	
465	4.400000e-08	0.000000e+00	0.000000e+00	
466	4.401000e-08	0.000000e+00	0.000000e+00	
467	4.403000e-08	0.000000e+00	0.000000e+00	
468	4.407000e-08	0.000000e+00	0.000000e+00	
469	4.415000e-08	0.000000e+00	0.000000e+00	
470	4.425000e-08	0.000000e+00	0.000000e+00	
471	4.435000e-08	0.000000e+00	0.000000e+00	
472	4.445000e-08	0.000000e+00	0.000000e+00	
473	4.455000e-08	0.000000e+00	0.000000e+00	
474	4.465000e-08	0.000000e+00	0.000000e+00	
475	4.475000e-08	0.000000e+00	0.000000e+00	
476	4.485000e-08	0.000000e+00	0.000000e+00	
477	4.495000e-08	0.000000e+00	0.000000e+00	
478	4.500000e-08	0.000000e+00	0.000000e+00	
479	4.501000e-08	0.000000e+00	0.000000e+00	
480	4.503000e-08	0.000000e+00	0.000000e+00	
481	4.507000e-08	0.000000e+00	0.000000e+00	
482	4.515000e-08	0.000000e+00	0.000000e+00	
483	4.525000e-08	0.000000e+00	0.000000e+00	
484	4.535000e-08	0.000000e+00	0.000000e+00	
485	4.545000e-08	0.000000e+00	0.000000e+00	
486	4.555000e-08	0.000000e+00	0.000000e+00	
487	4.565000e-08	0.000000e+00	0.000000e+00	
488	4.575000e-08	0.000000e+00	0.000000e+00	
489	4.585000e-08	0.000000e+00	0.000000e+00	
490	4.595000e-08	0.000000e+00	0.000000e+00	
491	4.605000e-08	0.000000e+00	0.000000e+00	
492	4.615000e-08	0.000000e+00	0.000000e+00	
493	4.625000e-08	0.000000e+00	0.000000e+00	
494	4.635000e-08	0.000000e+00	0.000000e+00	
495	4.645000e-08	0.000000e+00	0.000000e+00	
496	4.655000e-08	0.000000e+00	0.000000e+00	
497	4.665000e-08	0.000000e+00	0.000000e+00	
498	4.675000e-08	0.000000e+00	0.000000e+00	
499	4.685000e-08	0.000000e+00	0.000000e+00	
500	4.695000e-08	0.000000e+00	0.000000e+00	
501	4.705000e-08	0.000000e+00	0.000000e+00	
502	4.715000e-08	0.000000e+00	0.000000e+00	
503	4.725000e-08	0.000000e+00	0.000000e+00	
504	4.735000e-08	0.000000e+00	0.000000e+00	
505	4.745000e-08	0.000000e+00	0.000000e+00	
506	4.755000e-08	0.000000e+00	0.000000e+00	
507	4.765000e-08	0.000000e+00	0.000000e+00	
508	4.775000e-08	0.000000e+00	0.000000e+00	
509	4.785000e-08	0.000000e+00	0.000000e+00	
510	4.795000e-08	0.000000e+00	0.000000e+00	
511	4.805000e-08	0.000000e+00	0.000000e+00	
512	4.815000e-08	0.000000e+00	0.000000e+00	
513	4.825000e-08	0.000000e+00	0.000000e+00	
514	4.835000e-08	0.000000e+00	0.000000e+00	
515	4.845000e-08	0.000000e+00	0.000000e+00	
516	4.855000e-08	0.000000e+00	0.000000e+00	
517	4.865000e-08	0.000000e+00	0.000000e+00	
518	4.875000e-08	0.000000e+00	0.000000e+00	

Index   time            v(ran)          v(rbn)          
--------------------------------------------------------------------------------
519	4.885000e-08	0.000000e+00	0.000000e+00	
520	4.895000e-08	0.000000e+00	0.000000e+00	
521	4.905000e-08	0.000000e+00	0.000000e+00	
522	4.915000e-08	0.000000e+00	0.000000e+00	
523	4.925000e-08	0.000000e+00	0.000000e+00	
524	4.935000e-08	0.000000e+00	0.000000e+00	
525	4.945000e-08	0.000000e+00	0.000000e+00	
526	4.955000e-08	0.000000e+00	0.000000e+00	
527	4.965000e-08	0.000000e+00	0.000000e+00	
528	4.975000e-08	0.000000e+00	0.000000e+00	
529	4.985000e-08	0.000000e+00	0.000000e+00	
530	4.995000e-08	0.000000e+00	0.000000e+00	
531	5.005000e-08	0.000000e+00	0.000000e+00	
532	5.015000e-08	0.000000e+00	0.000000e+00	
533	5.025000e-08	0.000000e+00	0.000000e+00	
534	5.035000e-08	0.000000e+00	0.000000e+00	
535	5.045000e-08	0.000000e+00	0.000000e+00	
536	5.055000e-08	0.000000e+00	0.000000e+00	
537	5.065000e-08	0.000000e+00	0.000000e+00	
538	5.075000e-08	0.000000e+00	0.000000e+00	
539	5.085000e-08	0.000000e+00	0.000000e+00	
540	5.095000e-08	0.000000e+00	0.000000e+00	
541	5.105000e-08	0.000000e+00	0.000000e+00	
542	5.115000e-08	0.000000e+00	0.000000e+00	
543	5.125000e-08	0.000000e+00	0.000000e+00	
544	5.135000e-08	0.000000e+00	0.000000e+00	
545	5.145000e-08	0.000000e+00	0.000000e+00	
546	5.155000e-08	0.000000e+00	0.000000e+00	
547	5.165000e-08	0.000000e+00	0.000000e+00	
548	5.175000e-08	0.000000e+00	0.000000e+00	
549	5.185000e-08	0.000000e+00	0.000000e+00	
550	5.195000e-08	0.000000e+00	0.000000e+00	
551	5.205000e-08	0.000000e+00	0.000000e+00	
552	5.215000e-08	0.000000e+00	0.000000e+00	
553	5.225000e-08	0.000000e+00	0.000000e+00	
554	5.235000e-08	0.000000e+00	0.000000e+00	
555	5.245000e-08	0.000000e+00	0.000000e+00	
556	5.255000e-08	0.000000e+00	0.000000e+00	
557	5.265000e-08	0.000000e+00	0.000000e+00	
558	5.275000e-08	0.000000e+00	0.000000e+00	
559	5.285000e-08	0.000000e+00	0.000000e+00	
560	5.295000e-08	0.000000e+00	0.000000e+00	
561	5.305000e-08	0.000000e+00	0.000000e+00	
562	5.315000e-08	0.000000e+00	0.000000e+00	
563	5.325000e-08	0.000000e+00	0.000000e+00	
564	5.335000e-08	0.000000e+00	0.000000e+00	
565	5.345000e-08	0.000000e+00	0.000000e+00	
566	5.355000e-08	0.000000e+00	0.000000e+00	
567	5.365000e-08	0.000000e+00	0.000000e+00	
568	5.375000e-08	0.000000e+00	0.000000e+00	
569	5.385000e-08	0.000000e+00	0.000000e+00	
570	5.395000e-08	0.000000e+00	0.000000e+00	
571	5.405000e-08	0.000000e+00	0.000000e+00	
572	5.415000e-08	0.000000e+00	0.000000e+00	
573	5.425000e-08	0.000000e+00	0.000000e+00	
574	5.435000e-08	0.000000e+00	0.000000e+00	
575	5.445000e-08	0.000000e+00	0.000000e+00	
576	5.455000e-08	0.000000e+00	0.000000e+00	

Index   time            v(ran)          v(rbn)          
--------------------------------------------------------------------------------
577	5.465000e-08	0.000000e+00	0.000000e+00	
578	5.475000e-08	0.000000e+00	0.000000e+00	
579	5.485000e-08	0.000000e+00	0.000000e+00	
580	5.495000e-08	0.000000e+00	0.000000e+00	
581	5.505000e-08	0.000000e+00	0.000000e+00	
582	5.515000e-08	0.000000e+00	0.000000e+00	
583	5.525000e-08	0.000000e+00	0.000000e+00	
584	5.535000e-08	0.000000e+00	0.000000e+00	
585	5.545000e-08	0.000000e+00	0.000000e+00	
586	5.555000e-08	0.000000e+00	0.000000e+00	
587	5.565000e-08	0.000000e+00	0.000000e+00	
588	5.575000e-08	0.000000e+00	0.000000e+00	
589	5.585000e-08	0.000000e+00	0.000000e+00	
590	5.595000e-08	0.000000e+00	0.000000e+00	
591	5.605000e-08	0.000000e+00	0.000000e+00	
592	5.615000e-08	0.000000e+00	0.000000e+00	
593	5.625000e-08	0.000000e+00	0.000000e+00	
594	5.635000e-08	0.000000e+00	0.000000e+00	
595	5.645000e-08	0.000000e+00	0.000000e+00	
596	5.655000e-08	0.000000e+00	0.000000e+00	
597	5.665000e-08	0.000000e+00	0.000000e+00	
598	5.675000e-08	0.000000e+00	0.000000e+00	
599	5.685000e-08	0.000000e+00	0.000000e+00	
600	5.695000e-08	0.000000e+00	0.000000e+00	
601	5.705000e-08	0.000000e+00	0.000000e+00	
602	5.715000e-08	0.000000e+00	0.000000e+00	
603	5.725000e-08	0.000000e+00	0.000000e+00	
604	5.735000e-08	0.000000e+00	0.000000e+00	
605	5.745000e-08	0.000000e+00	0.000000e+00	
606	5.755000e-08	0.000000e+00	0.000000e+00	
607	5.765000e-08	0.000000e+00	0.000000e+00	
608	5.775000e-08	0.000000e+00	0.000000e+00	
609	5.785000e-08	0.000000e+00	0.000000e+00	
610	5.795000e-08	0.000000e+00	0.000000e+00	
611	5.805000e-08	0.000000e+00	0.000000e+00	
612	5.815000e-08	0.000000e+00	0.000000e+00	
613	5.825000e-08	0.000000e+00	0.000000e+00	
614	5.835000e-08	0.000000e+00	0.000000e+00	
615	5.845000e-08	0.000000e+00	0.000000e+00	
616	5.855000e-08	0.000000e+00	0.000000e+00	
617	5.865000e-08	0.000000e+00	0.000000e+00	
618	5.875000e-08	0.000000e+00	0.000000e+00	
619	5.885000e-08	0.000000e+00	0.000000e+00	
620	5.895000e-08	0.000000e+00	0.000000e+00	
621	5.905000e-08	0.000000e+00	0.000000e+00	
622	5.915000e-08	0.000000e+00	0.000000e+00	
623	5.925000e-08	0.000000e+00	0.000000e+00	
624	5.935000e-08	0.000000e+00	0.000000e+00	
625	5.945000e-08	0.000000e+00	0.000000e+00	
626	5.955000e-08	0.000000e+00	0.000000e+00	
627	5.965000e-08	0.000000e+00	0.000000e+00	
628	5.975000e-08	0.000000e+00	0.000000e+00	
629	5.985000e-08	0.000000e+00	0.000000e+00	
630	5.995000e-08	0.000000e+00	0.000000e+00	
631	6.005000e-08	0.000000e+00	0.000000e+00	
632	6.015000e-08	0.000000e+00	0.000000e+00	
633	6.025000e-08	0.000000e+00	0.000000e+00	
634	6.035000e-08	0.000000e+00	0.000000e+00	

Index   time            v(ran)          v(rbn)          
--------------------------------------------------------------------------------
635	6.045000e-08	0.000000e+00	0.000000e+00	
636	6.055000e-08	0.000000e+00	0.000000e+00	
637	6.065000e-08	0.000000e+00	0.000000e+00	
638	6.075000e-08	0.000000e+00	0.000000e+00	
639	6.085000e-08	0.000000e+00	0.000000e+00	
640	6.095000e-08	0.000000e+00	0.000000e+00	
641	6.105000e-08	0.000000e+00	0.000000e+00	
642	6.115000e-08	0.000000e+00	0.000000e+00	
643	6.125000e-08	0.000000e+00	0.000000e+00	
644	6.135000e-08	0.000000e+00	0.000000e+00	
645	6.145000e-08	0.000000e+00	0.000000e+00	
646	6.155000e-08	0.000000e+00	0.000000e+00	
647	6.165000e-08	0.000000e+00	0.000000e+00	
648	6.175000e-08	0.000000e+00	0.000000e+00	
649	6.185000e-08	0.000000e+00	0.000000e+00	
650	6.195000e-08	0.000000e+00	0.000000e+00	
651	6.205000e-08	0.000000e+00	0.000000e+00	
652	6.215000e-08	0.000000e+00	0.000000e+00	
653	6.225000e-08	0.000000e+00	0.000000e+00	
654	6.235000e-08	0.000000e+00	0.000000e+00	
655	6.245000e-08	0.000000e+00	0.000000e+00	
656	6.255000e-08	0.000000e+00	0.000000e+00	
657	6.265000e-08	0.000000e+00	0.000000e+00	
658	6.275000e-08	0.000000e+00	0.000000e+00	
659	6.285000e-08	0.000000e+00	0.000000e+00	
660	6.295000e-08	0.000000e+00	0.000000e+00	
661	6.305000e-08	0.000000e+00	0.000000e+00	
662	6.315000e-08	0.000000e+00	0.000000e+00	
663	6.325000e-08	0.000000e+00	0.000000e+00	
664	6.335000e-08	0.000000e+00	0.000000e+00	
665	6.345000e-08	0.000000e+00	0.000000e+00	
666	6.355000e-08	0.000000e+00	0.000000e+00	
667	6.365000e-08	0.000000e+00	0.000000e+00	
668	6.375000e-08	0.000000e+00	0.000000e+00	
669	6.385000e-08	0.000000e+00	0.000000e+00	
670	6.395000e-08	0.000000e+00	0.000000e+00	
671	6.405000e-08	0.000000e+00	0.000000e+00	
672	6.415000e-08	0.000000e+00	0.000000e+00	
673	6.425000e-08	0.000000e+00	0.000000e+00	
674	6.435000e-08	0.000000e+00	0.000000e+00	
675	6.445000e-08	0.000000e+00	0.000000e+00	
676	6.455000e-08	0.000000e+00	0.000000e+00	
677	6.465000e-08	0.000000e+00	0.000000e+00	
678	6.475000e-08	0.000000e+00	0.000000e+00	
679	6.485000e-08	0.000000e+00	0.000000e+00	
680	6.495000e-08	0.000000e+00	0.000000e+00	
681	6.505000e-08	0.000000e+00	0.000000e+00	
682	6.515000e-08	0.000000e+00	0.000000e+00	
683	6.525000e-08	0.000000e+00	0.000000e+00	
684	6.535000e-08	0.000000e+00	0.000000e+00	
685	6.545000e-08	0.000000e+00	0.000000e+00	
686	6.555000e-08	0.000000e+00	0.000000e+00	
687	6.565000e-08	0.000000e+00	0.000000e+00	
688	6.575000e-08	0.000000e+00	0.000000e+00	
689	6.585000e-08	0.000000e+00	0.000000e+00	
690	6.595000e-08	0.000000e+00	0.000000e+00	
691	6.605000e-08	0.000000e+00	0.000000e+00	
692	6.615000e-08	0.000000e+00	0.000000e+00	

Index   time            v(ran)          v(rbn)          
--------------------------------------------------------------------------------
693	6.625000e-08	0.000000e+00	0.000000e+00	
694	6.635000e-08	0.000000e+00	0.000000e+00	
695	6.645000e-08	0.000000e+00	0.000000e+00	
696	6.655000e-08	0.000000e+00	0.000000e+00	
697	6.665000e-08	0.000000e+00	0.000000e+00	
698	6.675000e-08	0.000000e+00	0.000000e+00	
699	6.685000e-08	0.000000e+00	0.000000e+00	
700	6.695000e-08	0.000000e+00	0.000000e+00	
701	6.705000e-08	0.000000e+00	0.000000e+00	
702	6.715000e-08	0.000000e+00	0.000000e+00	
703	6.725000e-08	0.000000e+00	0.000000e+00	
704	6.735000e-08	0.000000e+00	0.000000e+00	
705	6.745000e-08	0.000000e+00	0.000000e+00	
706	6.755000e-08	0.000000e+00	0.000000e+00	
707	6.765000e-08	0.000000e+00	0.000000e+00	
708	6.775000e-08	0.000000e+00	0.000000e+00	
709	6.785000e-08	0.000000e+00	0.000000e+00	
710	6.795000e-08	0.000000e+00	0.000000e+00	
711	6.805000e-08	0.000000e+00	0.000000e+00	
712	6.815000e-08	0.000000e+00	0.000000e+00	
713	6.825000e-08	0.000000e+00	0.000000e+00	
714	6.835000e-08	0.000000e+00	0.000000e+00	
715	6.845000e-08	0.000000e+00	0.000000e+00	
716	6.855000e-08	0.000000e+00	0.000000e+00	
717	6.865000e-08	0.000000e+00	0.000000e+00	
718	6.875000e-08	0.000000e+00	0.000000e+00	
719	6.885000e-08	0.000000e+00	0.000000e+00	
720	6.895000e-08	0.000000e+00	0.000000e+00	
721	6.905000e-08	0.000000e+00	0.000000e+00	
722	6.915000e-08	0.000000e+00	0.000000e+00	
723	6.925000e-08	0.000000e+00	0.000000e+00	
724	6.935000e-08	0.000000e+00	0.000000e+00	
725	6.945000e-08	0.000000e+00	0.000000e+00	
726	6.955000e-08	0.000000e+00	0.000000e+00	
727	6.965000e-08	0.000000e+00	0.000000e+00	
728	6.975000e-08	0.000000e+00	0.000000e+00	
729	6.985000e-08	0.000000e+00	0.000000e+00	
730	6.995000e-08	0.000000e+00	0.000000e+00	
731	7.005000e-08	0.000000e+00	0.000000e+00	
732	7.015000e-08	0.000000e+00	0.000000e+00	
733	7.025000e-08	0.000000e+00	0.000000e+00	
734	7.035000e-08	0.000000e+00	0.000000e+00	
735	7.045000e-08	0.000000e+00	0.000000e+00	
736	7.055000e-08	0.000000e+00	0.000000e+00	
737	7.065000e-08	0.000000e+00	0.000000e+00	
738	7.075000e-08	0.000000e+00	0.000000e+00	
739	7.085000e-08	0.000000e+00	0.000000e+00	
740	7.095000e-08	0.000000e+00	0.000000e+00	
741	7.105000e-08	0.000000e+00	0.000000e+00	
742	7.115000e-08	0.000000e+00	0.000000e+00	
743	7.125000e-08	0.000000e+00	0.000000e+00	
744	7.135000e-08	0.000000e+00	0.000000e+00	
745	7.145000e-08	0.000000e+00	0.000000e+00	
746	7.155000e-08	0.000000e+00	0.000000e+00	
747	7.165000e-08	0.000000e+00	0.000000e+00	
748	7.175000e-08	0.000000e+00	0.000000e+00	
749	7.185000e-08	0.000000e+00	0.000000e+00	
750	7.195000e-08	0.000000e+00	0.000000e+00	

Index   time            v(ran)          v(rbn)          
--------------------------------------------------------------------------------
751	7.205000e-08	0.000000e+00	0.000000e+00	
752	7.215000e-08	0.000000e+00	0.000000e+00	
753	7.225000e-08	0.000000e+00	0.000000e+00	
754	7.235000e-08	0.000000e+00	0.000000e+00	
755	7.245000e-08	0.000000e+00	0.000000e+00	
756	7.255000e-08	0.000000e+00	0.000000e+00	
757	7.265000e-08	0.000000e+00	0.000000e+00	
758	7.275000e-08	0.000000e+00	0.000000e+00	
759	7.285000e-08	0.000000e+00	0.000000e+00	
760	7.295000e-08	0.000000e+00	0.000000e+00	
761	7.305000e-08	0.000000e+00	0.000000e+00	
762	7.315000e-08	0.000000e+00	0.000000e+00	
763	7.325000e-08	0.000000e+00	0.000000e+00	
764	7.335000e-08	0.000000e+00	0.000000e+00	
765	7.345000e-08	0.000000e+00	0.000000e+00	
766	7.355000e-08	0.000000e+00	0.000000e+00	
767	7.365000e-08	0.000000e+00	0.000000e+00	
768	7.375000e-08	0.000000e+00	0.000000e+00	
769	7.385000e-08	0.000000e+00	0.000000e+00	
770	7.395000e-08	0.000000e+00	0.000000e+00	
771	7.405000e-08	0.000000e+00	0.000000e+00	
772	7.415000e-08	0.000000e+00	0.000000e+00	
773	7.425000e-08	0.000000e+00	0.000000e+00	
774	7.435000e-08	0.000000e+00	0.000000e+00	
775	7.445000e-08	0.000000e+00	0.000000e+00	
776	7.455000e-08	0.000000e+00	0.000000e+00	
777	7.465000e-08	0.000000e+00	0.000000e+00	
778	7.475000e-08	0.000000e+00	0.000000e+00	
779	7.485000e-08	0.000000e+00	0.000000e+00	
780	7.495000e-08	0.000000e+00	0.000000e+00	
781	7.505000e-08	0.000000e+00	0.000000e+00	
782	7.515000e-08	0.000000e+00	0.000000e+00	
783	7.525000e-08	0.000000e+00	0.000000e+00	
784	7.535000e-08	0.000000e+00	0.000000e+00	
785	7.545000e-08	0.000000e+00	0.000000e+00	
786	7.555000e-08	0.000000e+00	0.000000e+00	
787	7.565000e-08	0.000000e+00	0.000000e+00	
788	7.575000e-08	0.000000e+00	0.000000e+00	
789	7.585000e-08	0.000000e+00	0.000000e+00	
790	7.595000e-08	0.000000e+00	0.000000e+00	
791	7.605000e-08	0.000000e+00	0.000000e+00	
792	7.615000e-08	0.000000e+00	0.000000e+00	
793	7.625000e-08	0.000000e+00	0.000000e+00	
794	7.635000e-08	0.000000e+00	0.000000e+00	
795	7.645000e-08	0.000000e+00	0.000000e+00	
796	7.655000e-08	0.000000e+00	0.000000e+00	
797	7.665000e-08	0.000000e+00	0.000000e+00	
798	7.675000e-08	0.000000e+00	0.000000e+00	
799	7.685000e-08	0.000000e+00	0.000000e+00	
800	7.695000e-08	0.000000e+00	0.000000e+00	
801	7.705000e-08	0.000000e+00	0.000000e+00	
802	7.715000e-08	0.000000e+00	0.000000e+00	
803	7.725000e-08	0.000000e+00	0.000000e+00	
804	7.735000e-08	0.000000e+00	0.000000e+00	
805	7.745000e-08	0.000000e+00	0.000000e+00	
806	7.755000e-08	0.000000e+00	0.000000e+00	
807	7.765000e-08	0.000000e+00	0.000000e+00	
808	7.775000e-08	0.000000e+00	0.000000e+00	

Index   time            v(ran)          v(rbn)          
--------------------------------------------------------------------------------
809	7.785000e-08	0.000000e+00	0.000000e+00	
810	7.795000e-08	0.000000e+00	0.000000e+00	
811	7.805000e-08	0.000000e+00	0.000000e+00	
812	7.815000e-08	0.000000e+00	0.000000e+00	
813	7.825000e-08	0.000000e+00	0.000000e+00	
814	7.835000e-08	0.000000e+00	0.000000e+00	
815	7.845000e-08	0.000000e+00	0.000000e+00	
816	7.855000e-08	0.000000e+00	0.000000e+00	
817	7.865000e-08	0.000000e+00	0.000000e+00	
818	7.875000e-08	0.000000e+00	0.000000e+00	
819	7.885000e-08	0.000000e+00	0.000000e+00	
820	7.895000e-08	0.000000e+00	0.000000e+00	
821	7.905000e-08	0.000000e+00	0.000000e+00	
822	7.915000e-08	0.000000e+00	0.000000e+00	
823	7.925000e-08	0.000000e+00	0.000000e+00	
824	7.935000e-08	0.000000e+00	0.000000e+00	
825	7.945000e-08	0.000000e+00	0.000000e+00	
826	7.955000e-08	0.000000e+00	0.000000e+00	
827	7.965000e-08	0.000000e+00	0.000000e+00	
828	7.975000e-08	0.000000e+00	0.000000e+00	
829	7.985000e-08	0.000000e+00	0.000000e+00	
830	7.995000e-08	0.000000e+00	0.000000e+00	
831	8.005000e-08	0.000000e+00	0.000000e+00	
832	8.015000e-08	0.000000e+00	0.000000e+00	
833	8.025000e-08	0.000000e+00	0.000000e+00	
834	8.035000e-08	0.000000e+00	0.000000e+00	
835	8.045000e-08	0.000000e+00	0.000000e+00	
836	8.055000e-08	0.000000e+00	0.000000e+00	
837	8.065000e-08	0.000000e+00	0.000000e+00	
838	8.075000e-08	0.000000e+00	0.000000e+00	
839	8.085000e-08	0.000000e+00	0.000000e+00	
840	8.095000e-08	0.000000e+00	0.000000e+00	
841	8.105000e-08	0.000000e+00	0.000000e+00	
842	8.115000e-08	0.000000e+00	0.000000e+00	
843	8.125000e-08	0.000000e+00	0.000000e+00	
844	8.135000e-08	0.000000e+00	0.000000e+00	
845	8.145000e-08	0.000000e+00	0.000000e+00	
846	8.155000e-08	0.000000e+00	0.000000e+00	
847	8.165000e-08	0.000000e+00	0.000000e+00	
848	8.175000e-08	0.000000e+00	0.000000e+00	
849	8.185000e-08	0.000000e+00	0.000000e+00	
850	8.195000e-08	0.000000e+00	0.000000e+00	
851	8.205000e-08	0.000000e+00	0.000000e+00	
852	8.215000e-08	0.000000e+00	0.000000e+00	
853	8.225000e-08	0.000000e+00	0.000000e+00	
854	8.235000e-08	0.000000e+00	0.000000e+00	
855	8.245000e-08	0.000000e+00	0.000000e+00	
856	8.255000e-08	0.000000e+00	0.000000e+00	
857	8.265000e-08	0.000000e+00	0.000000e+00	
858	8.275000e-08	0.000000e+00	0.000000e+00	
859	8.285000e-08	0.000000e+00	0.000000e+00	
860	8.295000e-08	0.000000e+00	0.000000e+00	
861	8.305000e-08	0.000000e+00	0.000000e+00	
862	8.315000e-08	0.000000e+00	0.000000e+00	
863	8.325000e-08	0.000000e+00	0.000000e+00	
864	8.335000e-08	0.000000e+00	0.000000e+00	
865	8.345000e-08	0.000000e+00	0.000000e+00	
866	8.355000e-08	0.000000e+00	0.000000e+00	

Index   time            v(ran)          v(rbn)          
--------------------------------------------------------------------------------
867	8.365000e-08	0.000000e+00	0.000000e+00	
868	8.375000e-08	0.000000e+00	0.000000e+00	
869	8.385000e-08	0.000000e+00	0.000000e+00	
870	8.395000e-08	0.000000e+00	0.000000e+00	
871	8.405000e-08	0.000000e+00	0.000000e+00	
872	8.415000e-08	0.000000e+00	0.000000e+00	
873	8.425000e-08	0.000000e+00	0.000000e+00	
874	8.435000e-08	0.000000e+00	0.000000e+00	
875	8.445000e-08	0.000000e+00	0.000000e+00	
876	8.455000e-08	0.000000e+00	0.000000e+00	
877	8.465000e-08	0.000000e+00	0.000000e+00	
878	8.475000e-08	0.000000e+00	0.000000e+00	
879	8.485000e-08	0.000000e+00	0.000000e+00	
880	8.495000e-08	0.000000e+00	0.000000e+00	
881	8.505000e-08	0.000000e+00	0.000000e+00	
882	8.515000e-08	0.000000e+00	0.000000e+00	
883	8.525000e-08	0.000000e+00	0.000000e+00	
884	8.535000e-08	0.000000e+00	0.000000e+00	
885	8.545000e-08	0.000000e+00	0.000000e+00	
886	8.555000e-08	0.000000e+00	0.000000e+00	
887	8.565000e-08	0.000000e+00	0.000000e+00	
888	8.575000e-08	0.000000e+00	0.000000e+00	
889	8.585000e-08	0.000000e+00	0.000000e+00	
890	8.595000e-08	0.000000e+00	0.000000e+00	
891	8.605000e-08	0.000000e+00	0.000000e+00	
892	8.615000e-08	0.000000e+00	0.000000e+00	
893	8.625000e-08	0.000000e+00	0.000000e+00	
894	8.635000e-08	0.000000e+00	0.000000e+00	
895	8.645000e-08	0.000000e+00	0.000000e+00	
896	8.655000e-08	0.000000e+00	0.000000e+00	
897	8.665000e-08	0.000000e+00	0.000000e+00	
898	8.675000e-08	0.000000e+00	0.000000e+00	
899	8.685000e-08	0.000000e+00	0.000000e+00	
900	8.695000e-08	0.000000e+00	0.000000e+00	
901	8.705000e-08	0.000000e+00	0.000000e+00	
902	8.715000e-08	0.000000e+00	0.000000e+00	
903	8.725000e-08	0.000000e+00	0.000000e+00	
904	8.735000e-08	0.000000e+00	0.000000e+00	
905	8.745000e-08	0.000000e+00	0.000000e+00	
906	8.755000e-08	0.000000e+00	0.000000e+00	
907	8.765000e-08	0.000000e+00	0.000000e+00	
908	8.775000e-08	0.000000e+00	0.000000e+00	
909	8.785000e-08	0.000000e+00	0.000000e+00	
910	8.795000e-08	0.000000e+00	0.000000e+00	
911	8.805000e-08	0.000000e+00	0.000000e+00	
912	8.815000e-08	0.000000e+00	0.000000e+00	
913	8.825000e-08	0.000000e+00	0.000000e+00	
914	8.835000e-08	0.000000e+00	0.000000e+00	
915	8.845000e-08	0.000000e+00	0.000000e+00	
916	8.855000e-08	0.000000e+00	0.000000e+00	
917	8.865000e-08	0.000000e+00	0.000000e+00	
918	8.875000e-08	0.000000e+00	0.000000e+00	
919	8.885000e-08	0.000000e+00	0.000000e+00	
920	8.895000e-08	0.000000e+00	0.000000e+00	
921	8.905000e-08	0.000000e+00	0.000000e+00	
922	8.915000e-08	0.000000e+00	0.000000e+00	
923	8.925000e-08	0.000000e+00	0.000000e+00	
924	8.935000e-08	0.000000e+00	0.000000e+00	

Index   time            v(ran)          v(rbn)          
--------------------------------------------------------------------------------
925	8.945000e-08	0.000000e+00	0.000000e+00	
926	8.955000e-08	0.000000e+00	0.000000e+00	
927	8.965000e-08	0.000000e+00	0.000000e+00	
928	8.975000e-08	0.000000e+00	0.000000e+00	
929	8.985000e-08	0.000000e+00	0.000000e+00	
930	8.995000e-08	0.000000e+00	0.000000e+00	
931	9.005000e-08	0.000000e+00	0.000000e+00	
932	9.015000e-08	0.000000e+00	0.000000e+00	
933	9.025000e-08	0.000000e+00	0.000000e+00	
934	9.035000e-08	0.000000e+00	0.000000e+00	
935	9.045000e-08	0.000000e+00	0.000000e+00	
936	9.055000e-08	0.000000e+00	0.000000e+00	
937	9.065000e-08	0.000000e+00	0.000000e+00	
938	9.075000e-08	0.000000e+00	0.000000e+00	
939	9.085000e-08	0.000000e+00	0.000000e+00	
940	9.095000e-08	0.000000e+00	0.000000e+00	
941	9.105000e-08	0.000000e+00	0.000000e+00	
942	9.115000e-08	0.000000e+00	0.000000e+00	
943	9.125000e-08	0.000000e+00	0.000000e+00	
944	9.135000e-08	0.000000e+00	0.000000e+00	
945	9.145000e-08	0.000000e+00	0.000000e+00	
946	9.155000e-08	0.000000e+00	0.000000e+00	
947	9.165000e-08	0.000000e+00	0.000000e+00	
948	9.175000e-08	0.000000e+00	0.000000e+00	
949	9.185000e-08	0.000000e+00	0.000000e+00	
950	9.195000e-08	0.000000e+00	0.000000e+00	
951	9.205000e-08	0.000000e+00	0.000000e+00	
952	9.215000e-08	0.000000e+00	0.000000e+00	
953	9.225000e-08	0.000000e+00	0.000000e+00	
954	9.235000e-08	0.000000e+00	0.000000e+00	
955	9.245000e-08	0.000000e+00	0.000000e+00	
956	9.255000e-08	0.000000e+00	0.000000e+00	
957	9.265000e-08	0.000000e+00	0.000000e+00	
958	9.275000e-08	0.000000e+00	0.000000e+00	
959	9.285000e-08	0.000000e+00	0.000000e+00	
960	9.295000e-08	0.000000e+00	0.000000e+00	
961	9.305000e-08	0.000000e+00	0.000000e+00	
962	9.315000e-08	0.000000e+00	0.000000e+00	
963	9.325000e-08	0.000000e+00	0.000000e+00	
964	9.335000e-08	0.000000e+00	0.000000e+00	
965	9.345000e-08	0.000000e+00	0.000000e+00	
966	9.355000e-08	0.000000e+00	0.000000e+00	
967	9.365000e-08	0.000000e+00	0.000000e+00	
968	9.375000e-08	0.000000e+00	0.000000e+00	
969	9.385000e-08	0.000000e+00	0.000000e+00	
970	9.395000e-08	0.000000e+00	0.000000e+00	
971	9.405000e-08	0.000000e+00	0.000000e+00	
972	9.415000e-08	0.000000e+00	0.000000e+00	
973	9.425000e-08	0.000000e+00	0.000000e+00	
974	9.435000e-08	0.000000e+00	0.000000e+00	
975	9.445000e-08	0.000000e+00	0.000000e+00	
976	9.455000e-08	0.000000e+00	0.000000e+00	
977	9.465000e-08	0.000000e+00	0.000000e+00	
978	9.475000e-08	0.000000e+00	0.000000e+00	
979	9.485000e-08	0.000000e+00	0.000000e+00	
980	9.495000e-08	0.000000e+00	0.000000e+00	
981	9.505000e-08	0.000000e+00	0.000000e+00	
982	9.515000e-08	0.000000e+00	0.000000e+00	

Index   time            v(ran)          v(rbn)          
--------------------------------------------------------------------------------
983	9.525000e-08	0.000000e+00	0.000000e+00	
984	9.535000e-08	0.000000e+00	0.000000e+00	
985	9.545000e-08	0.000000e+00	0.000000e+00	
986	9.555000e-08	0.000000e+00	0.000000e+00	
987	9.565000e-08	0.000000e+00	0.000000e+00	
988	9.575000e-08	0.000000e+00	0.000000e+00	
989	9.585000e-08	0.000000e+00	0.000000e+00	
990	9.595000e-08	0.000000e+00	0.000000e+00	
991	9.605000e-08	0.000000e+00	0.000000e+00	
992	9.615000e-08	0.000000e+00	0.000000e+00	
993	9.625000e-08	0.000000e+00	0.000000e+00	
994	9.635000e-08	0.000000e+00	0.000000e+00	
995	9.645000e-08	0.000000e+00	0.000000e+00	
996	9.655000e-08	0.000000e+00	0.000000e+00	
997	9.665000e-08	0.000000e+00	0.000000e+00	
998	9.675000e-08	0.000000e+00	0.000000e+00	
999	9.685000e-08	0.000000e+00	0.000000e+00	
1000	9.695000e-08	0.000000e+00	0.000000e+00	
1001	9.705000e-08	0.000000e+00	0.000000e+00	
1002	9.715000e-08	0.000000e+00	0.000000e+00	
1003	9.725000e-08	0.000000e+00	0.000000e+00	
1004	9.735000e-08	0.000000e+00	0.000000e+00	
1005	9.745000e-08	0.000000e+00	0.000000e+00	
1006	9.755000e-08	0.000000e+00	0.000000e+00	
1007	9.765000e-08	0.000000e+00	0.000000e+00	
1008	9.775000e-08	0.000000e+00	0.000000e+00	
1009	9.785000e-08	0.000000e+00	0.000000e+00	
1010	9.795000e-08	0.000000e+00	0.000000e+00	
1011	9.805000e-08	0.000000e+00	0.000000e+00	
1012	9.815000e-08	0.000000e+00	0.000000e+00	
1013	9.825000e-08	0.000000e+00	0.000000e+00	
1014	9.835000e-08	0.000000e+00	0.000000e+00	
1015	9.845000e-08	0.000000e+00	0.000000e+00	
1016	9.855000e-08	0.000000e+00	0.000000e+00	
1017	9.865000e-08	0.000000e+00	0.000000e+00	
1018	9.875000e-08	0.000000e+00	0.000000e+00	
1019	9.885000e-08	0.000000e+00	0.000000e+00	
1020	9.895000e-08	0.000000e+00	0.000000e+00	
1021	9.905000e-08	0.000000e+00	0.000000e+00	
1022	9.915000e-08	0.000000e+00	0.000000e+00	
1023	9.925000e-08	0.000000e+00	0.000000e+00	
1024	9.935000e-08	0.000000e+00	0.000000e+00	
1025	9.945000e-08	0.000000e+00	0.000000e+00	
1026	9.955000e-08	0.000000e+00	0.000000e+00	
1027	9.965000e-08	0.000000e+00	0.000000e+00	
1028	9.975000e-08	0.000000e+00	0.000000e+00	
1029	9.985000e-08	0.000000e+00	0.000000e+00	
1030	9.995000e-08	0.000000e+00	0.000000e+00	
1031	1.000000e-07	0.000000e+00	0.000000e+00	
1032	1.000100e-07	0.000000e+00	0.000000e+00	
1033	1.000300e-07	0.000000e+00	0.000000e+00	
1034	1.000700e-07	0.000000e+00	0.000000e+00	
1035	1.001500e-07	0.000000e+00	0.000000e+00	
1036	1.002500e-07	0.000000e+00	0.000000e+00	
1037	1.003500e-07	0.000000e+00	0.000000e+00	
1038	1.004500e-07	0.000000e+00	0.000000e+00	
1039	1.005500e-07	0.000000e+00	0.000000e+00	
1040	1.006500e-07	0.000000e+00	0.000000e+00	

Index   time            v(ran)          v(rbn)          
--------------------------------------------------------------------------------
1041	1.007500e-07	0.000000e+00	0.000000e+00	
1042	1.008500e-07	0.000000e+00	0.000000e+00	
1043	1.009500e-07	0.000000e+00	0.000000e+00	
1044	1.010000e-07	0.000000e+00	0.000000e+00	
1045	1.010100e-07	0.000000e+00	0.000000e+00	
1046	1.010300e-07	0.000000e+00	0.000000e+00	
1047	1.010700e-07	0.000000e+00	0.000000e+00	
1048	1.011500e-07	0.000000e+00	0.000000e+00	
1049	1.012500e-07	0.000000e+00	0.000000e+00	
1050	1.013500e-07	0.000000e+00	0.000000e+00	
1051	1.014500e-07	0.000000e+00	0.000000e+00	
1052	1.015500e-07	0.000000e+00	0.000000e+00	
1053	1.016500e-07	0.000000e+00	0.000000e+00	
1054	1.017500e-07	0.000000e+00	0.000000e+00	
1055	1.018500e-07	0.000000e+00	0.000000e+00	
1056	1.019500e-07	0.000000e+00	0.000000e+00	
1057	1.020500e-07	0.000000e+00	0.000000e+00	
1058	1.021500e-07	0.000000e+00	0.000000e+00	
1059	1.022500e-07	0.000000e+00	0.000000e+00	
1060	1.023500e-07	0.000000e+00	0.000000e+00	
1061	1.024500e-07	0.000000e+00	0.000000e+00	
1062	1.025500e-07	0.000000e+00	0.000000e+00	
1063	1.026500e-07	0.000000e+00	0.000000e+00	
1064	1.027500e-07	0.000000e+00	0.000000e+00	
1065	1.028500e-07	0.000000e+00	0.000000e+00	
1066	1.029500e-07	0.000000e+00	0.000000e+00	
1067	1.030500e-07	0.000000e+00	0.000000e+00	
1068	1.031500e-07	0.000000e+00	0.000000e+00	
1069	1.032500e-07	0.000000e+00	0.000000e+00	
1070	1.033500e-07	0.000000e+00	0.000000e+00	
1071	1.034500e-07	0.000000e+00	0.000000e+00	
1072	1.035500e-07	0.000000e+00	0.000000e+00	
1073	1.036500e-07	0.000000e+00	0.000000e+00	
1074	1.037500e-07	0.000000e+00	0.000000e+00	
1075	1.038500e-07	0.000000e+00	0.000000e+00	
1076	1.039500e-07	0.000000e+00	0.000000e+00	
1077	1.040000e-07	0.000000e+00	0.000000e+00	
1078	1.040100e-07	0.000000e+00	0.000000e+00	
1079	1.040300e-07	0.000000e+00	0.000000e+00	
1080	1.040700e-07	0.000000e+00	0.000000e+00	
1081	1.041500e-07	0.000000e+00	0.000000e+00	
1082	1.042500e-07	0.000000e+00	0.000000e+00	
1083	1.043500e-07	0.000000e+00	0.000000e+00	
1084	1.044500e-07	0.000000e+00	0.000000e+00	
1085	1.045500e-07	0.000000e+00	0.000000e+00	
1086	1.046500e-07	0.000000e+00	0.000000e+00	
1087	1.047500e-07	0.000000e+00	0.000000e+00	
1088	1.048500e-07	0.000000e+00	0.000000e+00	
1089	1.049500e-07	0.000000e+00	0.000000e+00	
1090	1.050000e-07	0.000000e+00	0.000000e+00	
1091	1.050100e-07	0.000000e+00	0.000000e+00	
1092	1.050300e-07	0.000000e+00	0.000000e+00	
1093	1.050700e-07	0.000000e+00	0.000000e+00	
1094	1.051500e-07	0.000000e+00	0.000000e+00	
1095	1.052500e-07	0.000000e+00	0.000000e+00	
1096	1.053500e-07	0.000000e+00	0.000000e+00	
1097	1.054500e-07	0.000000e+00	0.000000e+00	
1098	1.055500e-07	0.000000e+00	0.000000e+00	

Index   time            v(ran)          v(rbn)          
--------------------------------------------------------------------------------
1099	1.056500e-07	0.000000e+00	0.000000e+00	
1100	1.057500e-07	0.000000e+00	0.000000e+00	
1101	1.058500e-07	0.000000e+00	0.000000e+00	
1102	1.059500e-07	0.000000e+00	0.000000e+00	
1103	1.060000e-07	0.000000e+00	0.000000e+00	
1104	1.060100e-07	0.000000e+00	0.000000e+00	
1105	1.060300e-07	0.000000e+00	0.000000e+00	
1106	1.060700e-07	0.000000e+00	0.000000e+00	
1107	1.061500e-07	0.000000e+00	0.000000e+00	
1108	1.062500e-07	0.000000e+00	0.000000e+00	
1109	1.063500e-07	0.000000e+00	0.000000e+00	
1110	1.064500e-07	0.000000e+00	0.000000e+00	
1111	1.065500e-07	0.000000e+00	0.000000e+00	
1112	1.066500e-07	0.000000e+00	0.000000e+00	
1113	1.067500e-07	0.000000e+00	0.000000e+00	
1114	1.068500e-07	0.000000e+00	0.000000e+00	
1115	1.069500e-07	0.000000e+00	0.000000e+00	
1116	1.070500e-07	0.000000e+00	0.000000e+00	
1117	1.071500e-07	0.000000e+00	0.000000e+00	
1118	1.072500e-07	0.000000e+00	0.000000e+00	
1119	1.073500e-07	0.000000e+00	0.000000e+00	
1120	1.074500e-07	0.000000e+00	0.000000e+00	
1121	1.075500e-07	0.000000e+00	0.000000e+00	
1122	1.076500e-07	0.000000e+00	0.000000e+00	
1123	1.077500e-07	0.000000e+00	0.000000e+00	
1124	1.078500e-07	0.000000e+00	0.000000e+00	
1125	1.079500e-07	0.000000e+00	0.000000e+00	
1126	1.080500e-07	0.000000e+00	0.000000e+00	
1127	1.081500e-07	0.000000e+00	0.000000e+00	
1128	1.082500e-07	0.000000e+00	0.000000e+00	
1129	1.083500e-07	0.000000e+00	0.000000e+00	
1130	1.084500e-07	0.000000e+00	0.000000e+00	
1131	1.085500e-07	0.000000e+00	0.000000e+00	
1132	1.086500e-07	0.000000e+00	0.000000e+00	
1133	1.087500e-07	0.000000e+00	0.000000e+00	
1134	1.088500e-07	0.000000e+00	0.000000e+00	
1135	1.089500e-07	0.000000e+00	0.000000e+00	
1136	1.090000e-07	0.000000e+00	0.000000e+00	
1137	1.090100e-07	0.000000e+00	0.000000e+00	
1138	1.090300e-07	0.000000e+00	0.000000e+00	
1139	1.090700e-07	0.000000e+00	0.000000e+00	
1140	1.091500e-07	0.000000e+00	0.000000e+00	
1141	1.092500e-07	0.000000e+00	0.000000e+00	
1142	1.093500e-07	0.000000e+00	0.000000e+00	
1143	1.094500e-07	0.000000e+00	0.000000e+00	
1144	1.095500e-07	0.000000e+00	0.000000e+00	
1145	1.096500e-07	0.000000e+00	0.000000e+00	
1146	1.097500e-07	0.000000e+00	0.000000e+00	
1147	1.098500e-07	0.000000e+00	0.000000e+00	
1148	1.099500e-07	0.000000e+00	0.000000e+00	
1149	1.100000e-07	0.000000e+00	0.000000e+00	
1150	1.100100e-07	0.000000e+00	0.000000e+00	
1151	1.100300e-07	0.000000e+00	0.000000e+00	
1152	1.100700e-07	0.000000e+00	0.000000e+00	
1153	1.101500e-07	0.000000e+00	0.000000e+00	
1154	1.102500e-07	0.000000e+00	0.000000e+00	
1155	1.103500e-07	0.000000e+00	0.000000e+00	
1156	1.104500e-07	0.000000e+00	0.000000e+00	

Index   time            v(ran)          v(rbn)          
--------------------------------------------------------------------------------
1157	1.105500e-07	0.000000e+00	0.000000e+00	
1158	1.106500e-07	0.000000e+00	0.000000e+00	
1159	1.107500e-07	0.000000e+00	0.000000e+00	
1160	1.108500e-07	0.000000e+00	0.000000e+00	
1161	1.109500e-07	0.000000e+00	0.000000e+00	
1162	1.110500e-07	0.000000e+00	0.000000e+00	
1163	1.111500e-07	0.000000e+00	0.000000e+00	
1164	1.112500e-07	0.000000e+00	0.000000e+00	
1165	1.113500e-07	0.000000e+00	0.000000e+00	
1166	1.114500e-07	0.000000e+00	0.000000e+00	
1167	1.115500e-07	0.000000e+00	0.000000e+00	
1168	1.116500e-07	0.000000e+00	0.000000e+00	
1169	1.117500e-07	0.000000e+00	0.000000e+00	
1170	1.118500e-07	0.000000e+00	0.000000e+00	
1171	1.119500e-07	0.000000e+00	0.000000e+00	
1172	1.120500e-07	0.000000e+00	0.000000e+00	
1173	1.121500e-07	0.000000e+00	0.000000e+00	
1174	1.122500e-07	0.000000e+00	0.000000e+00	
1175	1.123500e-07	0.000000e+00	0.000000e+00	
1176	1.124500e-07	0.000000e+00	0.000000e+00	
1177	1.125500e-07	0.000000e+00	0.000000e+00	
1178	1.126500e-07	0.000000e+00	0.000000e+00	
1179	1.127500e-07	0.000000e+00	0.000000e+00	
1180	1.128500e-07	0.000000e+00	0.000000e+00	
1181	1.129500e-07	0.000000e+00	0.000000e+00	
1182	1.130500e-07	0.000000e+00	0.000000e+00	
1183	1.131500e-07	0.000000e+00	0.000000e+00	
1184	1.132500e-07	0.000000e+00	0.000000e+00	
1185	1.133500e-07	0.000000e+00	0.000000e+00	
1186	1.134500e-07	0.000000e+00	0.000000e+00	
1187	1.135500e-07	0.000000e+00	0.000000e+00	
1188	1.136500e-07	0.000000e+00	0.000000e+00	
1189	1.137500e-07	0.000000e+00	0.000000e+00	
1190	1.138500e-07	0.000000e+00	0.000000e+00	
1191	1.139500e-07	0.000000e+00	0.000000e+00	
1192	1.140500e-07	0.000000e+00	0.000000e+00	
1193	1.141500e-07	0.000000e+00	0.000000e+00	
1194	1.142500e-07	0.000000e+00	0.000000e+00	
1195	1.143500e-07	0.000000e+00	0.000000e+00	
1196	1.144500e-07	0.000000e+00	0.000000e+00	
1197	1.145500e-07	0.000000e+00	0.000000e+00	
1198	1.146500e-07	0.000000e+00	0.000000e+00	
1199	1.147500e-07	0.000000e+00	0.000000e+00	
1200	1.148500e-07	0.000000e+00	0.000000e+00	
1201	1.149500e-07	0.000000e+00	0.000000e+00	
1202	1.150500e-07	0.000000e+00	0.000000e+00	
1203	1.151500e-07	0.000000e+00	0.000000e+00	
1204	1.152500e-07	0.000000e+00	0.000000e+00	
1205	1.153500e-07	0.000000e+00	0.000000e+00	
1206	1.154500e-07	0.000000e+00	0.000000e+00	
1207	1.155500e-07	0.000000e+00	0.000000e+00	
1208	1.156500e-07	0.000000e+00	0.000000e+00	
1209	1.157500e-07	0.000000e+00	0.000000e+00	
1210	1.158500e-07	0.000000e+00	0.000000e+00	
1211	1.159500e-07	0.000000e+00	0.000000e+00	
1212	1.160500e-07	0.000000e+00	0.000000e+00	
1213	1.161500e-07	0.000000e+00	0.000000e+00	
1214	1.162500e-07	0.000000e+00	0.000000e+00	

Index   time            v(ran)          v(rbn)          
--------------------------------------------------------------------------------
1215	1.163500e-07	0.000000e+00	0.000000e+00	
1216	1.164500e-07	0.000000e+00	0.000000e+00	
1217	1.165500e-07	0.000000e+00	0.000000e+00	
1218	1.166500e-07	0.000000e+00	0.000000e+00	
1219	1.167500e-07	0.000000e+00	0.000000e+00	
1220	1.168500e-07	0.000000e+00	0.000000e+00	
1221	1.169500e-07	0.000000e+00	0.000000e+00	
1222	1.170500e-07	0.000000e+00	0.000000e+00	
1223	1.171500e-07	0.000000e+00	0.000000e+00	
1224	1.172500e-07	0.000000e+00	0.000000e+00	
1225	1.173500e-07	0.000000e+00	0.000000e+00	
1226	1.174500e-07	0.000000e+00	0.000000e+00	
1227	1.175500e-07	0.000000e+00	0.000000e+00	
1228	1.176500e-07	0.000000e+00	0.000000e+00	
1229	1.177500e-07	0.000000e+00	0.000000e+00	
1230	1.178500e-07	0.000000e+00	0.000000e+00	
1231	1.179500e-07	0.000000e+00	0.000000e+00	
1232	1.180500e-07	0.000000e+00	0.000000e+00	
1233	1.181500e-07	0.000000e+00	0.000000e+00	
1234	1.182500e-07	0.000000e+00	0.000000e+00	
1235	1.183500e-07	0.000000e+00	0.000000e+00	
1236	1.184500e-07	0.000000e+00	0.000000e+00	
1237	1.185500e-07	0.000000e+00	0.000000e+00	
1238	1.186500e-07	0.000000e+00	0.000000e+00	
1239	1.187500e-07	0.000000e+00	0.000000e+00	
1240	1.188500e-07	0.000000e+00	0.000000e+00	
1241	1.189500e-07	0.000000e+00	0.000000e+00	
1242	1.190500e-07	0.000000e+00	0.000000e+00	
1243	1.191500e-07	0.000000e+00	0.000000e+00	
1244	1.192500e-07	0.000000e+00	0.000000e+00	
1245	1.193500e-07	0.000000e+00	0.000000e+00	
1246	1.194500e-07	0.000000e+00	0.000000e+00	
1247	1.195500e-07	0.000000e+00	0.000000e+00	
1248	1.196500e-07	0.000000e+00	0.000000e+00	
1249	1.197500e-07	0.000000e+00	0.000000e+00	
1250	1.198500e-07	0.000000e+00	0.000000e+00	
1251	1.199500e-07	0.000000e+00	0.000000e+00	
1252	1.200000e-07	0.000000e+00	0.000000e+00	
1253	1.200100e-07	0.000000e+00	0.000000e+00	
1254	1.200300e-07	0.000000e+00	0.000000e+00	
1255	1.200700e-07	0.000000e+00	0.000000e+00	
1256	1.201200e-07	0.000000e+00	0.000000e+00	
1257	1.202000e-07	0.000000e+00	0.000000e+00	
1258	1.202100e-07	0.000000e+00	0.000000e+00	
1259	1.202300e-07	0.000000e+00	0.000000e+00	
1260	1.202699e-07	0.000000e+00	0.000000e+00	
1261	1.203499e-07	0.000000e+00	0.000000e+00	
1262	1.204499e-07	0.000000e+00	0.000000e+00	
1263	1.205499e-07	0.000000e+00	0.000000e+00	
1264	1.206499e-07	0.000000e+00	0.000000e+00	
1265	1.207499e-07	0.000000e+00	0.000000e+00	
1266	1.208499e-07	0.000000e+00	0.000000e+00	
1267	1.209499e-07	0.000000e+00	0.000000e+00	
1268	1.210499e-07	0.000000e+00	0.000000e+00	
1269	1.211499e-07	0.000000e+00	0.000000e+00	
1270	1.212000e-07	0.000000e+00	0.000000e+00	
1271	1.212100e-07	0.000000e+00	0.000000e+00	
1272	1.212300e-07	0.000000e+00	0.000000e+00	

Index   time            v(ran)          v(rbn)          
--------------------------------------------------------------------------------
1273	1.212700e-07	0.000000e+00	0.000000e+00	
1274	1.213500e-07	0.000000e+00	0.000000e+00	
1275	1.214000e-07	0.000000e+00	0.000000e+00	
1276	1.214100e-07	0.000000e+00	0.000000e+00	
1277	1.214300e-07	0.000000e+00	0.000000e+00	
1278	1.214700e-07	0.000000e+00	0.000000e+00	
1279	1.215500e-07	0.000000e+00	0.000000e+00	
1280	1.216500e-07	0.000000e+00	0.000000e+00	
1281	1.217500e-07	0.000000e+00	0.000000e+00	
1282	1.218500e-07	0.000000e+00	0.000000e+00	
1283	1.219500e-07	0.000000e+00	0.000000e+00	
1284	1.220500e-07	0.000000e+00	0.000000e+00	
1285	1.221500e-07	0.000000e+00	0.000000e+00	
1286	1.222500e-07	0.000000e+00	0.000000e+00	
1287	1.223500e-07	0.000000e+00	0.000000e+00	
1288	1.224500e-07	0.000000e+00	0.000000e+00	
1289	1.225500e-07	0.000000e+00	0.000000e+00	
1290	1.226500e-07	0.000000e+00	0.000000e+00	
1291	1.227500e-07	0.000000e+00	0.000000e+00	
1292	1.228500e-07	0.000000e+00	0.000000e+00	
1293	1.229500e-07	0.000000e+00	0.000000e+00	
1294	1.230500e-07	0.000000e+00	0.000000e+00	
1295	1.231500e-07	0.000000e+00	0.000000e+00	
1296	1.232500e-07	0.000000e+00	0.000000e+00	
1297	1.233500e-07	0.000000e+00	0.000000e+00	
1298	1.234500e-07	0.000000e+00	0.000000e+00	
1299	1.235500e-07	0.000000e+00	0.000000e+00	
1300	1.236500e-07	0.000000e+00	0.000000e+00	
1301	1.237500e-07	0.000000e+00	0.000000e+00	
1302	1.238500e-07	0.000000e+00	0.000000e+00	
1303	1.239500e-07	0.000000e+00	0.000000e+00	
1304	1.240500e-07	0.000000e+00	0.000000e+00	
1305	1.241500e-07	0.000000e+00	0.000000e+00	
1306	1.242500e-07	0.000000e+00	0.000000e+00	
1307	1.243500e-07	0.000000e+00	0.000000e+00	
1308	1.244500e-07	0.000000e+00	0.000000e+00	
1309	1.245500e-07	0.000000e+00	0.000000e+00	
1310	1.246500e-07	0.000000e+00	0.000000e+00	
1311	1.247500e-07	0.000000e+00	0.000000e+00	
1312	1.248500e-07	0.000000e+00	0.000000e+00	
1313	1.249500e-07	0.000000e+00	0.000000e+00	
1314	1.250500e-07	0.000000e+00	0.000000e+00	
1315	1.251500e-07	0.000000e+00	0.000000e+00	
1316	1.252500e-07	0.000000e+00	0.000000e+00	
1317	1.253500e-07	0.000000e+00	0.000000e+00	
1318	1.254500e-07	0.000000e+00	0.000000e+00	
1319	1.255500e-07	0.000000e+00	0.000000e+00	
1320	1.256500e-07	0.000000e+00	0.000000e+00	
1321	1.257500e-07	0.000000e+00	0.000000e+00	
1322	1.258500e-07	0.000000e+00	0.000000e+00	
1323	1.259500e-07	0.000000e+00	0.000000e+00	
1324	1.260500e-07	0.000000e+00	0.000000e+00	
1325	1.261500e-07	0.000000e+00	0.000000e+00	
1326	1.262500e-07	0.000000e+00	0.000000e+00	
1327	1.263500e-07	0.000000e+00	0.000000e+00	
1328	1.264500e-07	0.000000e+00	0.000000e+00	
1329	1.265500e-07	0.000000e+00	0.000000e+00	
1330	1.266500e-07	0.000000e+00	0.000000e+00	

Index   time            v(ran)          v(rbn)          
--------------------------------------------------------------------------------
1331	1.267500e-07	0.000000e+00	0.000000e+00	
1332	1.268500e-07	0.000000e+00	0.000000e+00	
1333	1.269500e-07	0.000000e+00	0.000000e+00	
1334	1.270500e-07	0.000000e+00	0.000000e+00	
1335	1.271500e-07	0.000000e+00	0.000000e+00	
1336	1.272500e-07	0.000000e+00	0.000000e+00	
1337	1.273500e-07	0.000000e+00	0.000000e+00	
1338	1.274500e-07	0.000000e+00	0.000000e+00	
1339	1.275500e-07	0.000000e+00	0.000000e+00	
1340	1.276500e-07	0.000000e+00	0.000000e+00	
1341	1.277500e-07	0.000000e+00	0.000000e+00	
1342	1.278500e-07	0.000000e+00	0.000000e+00	
1343	1.279500e-07	0.000000e+00	0.000000e+00	
1344	1.280500e-07	0.000000e+00	0.000000e+00	
1345	1.281500e-07	0.000000e+00	0.000000e+00	
1346	1.282500e-07	0.000000e+00	0.000000e+00	
1347	1.283500e-07	0.000000e+00	0.000000e+00	
1348	1.284500e-07	0.000000e+00	0.000000e+00	
1349	1.285500e-07	0.000000e+00	0.000000e+00	
1350	1.286500e-07	0.000000e+00	0.000000e+00	
1351	1.287500e-07	0.000000e+00	0.000000e+00	
1352	1.288500e-07	0.000000e+00	0.000000e+00	
1353	1.289500e-07	0.000000e+00	0.000000e+00	
1354	1.290500e-07	0.000000e+00	0.000000e+00	
1355	1.291500e-07	0.000000e+00	0.000000e+00	
1356	1.292500e-07	0.000000e+00	0.000000e+00	
1357	1.293500e-07	0.000000e+00	0.000000e+00	
1358	1.294500e-07	0.000000e+00	0.000000e+00	
1359	1.295500e-07	0.000000e+00	0.000000e+00	
1360	1.296500e-07	0.000000e+00	0.000000e+00	
1361	1.297500e-07	0.000000e+00	0.000000e+00	
1362	1.298500e-07	0.000000e+00	0.000000e+00	
1363	1.299500e-07	0.000000e+00	0.000000e+00	
1364	1.300500e-07	0.000000e+00	0.000000e+00	
1365	1.301500e-07	0.000000e+00	0.000000e+00	
1366	1.302500e-07	0.000000e+00	0.000000e+00	
1367	1.303500e-07	0.000000e+00	0.000000e+00	
1368	1.304500e-07	0.000000e+00	0.000000e+00	
1369	1.305500e-07	0.000000e+00	0.000000e+00	
1370	1.306500e-07	0.000000e+00	0.000000e+00	
1371	1.307500e-07	0.000000e+00	0.000000e+00	
1372	1.308500e-07	0.000000e+00	0.000000e+00	
1373	1.309500e-07	0.000000e+00	0.000000e+00	
1374	1.310500e-07	0.000000e+00	0.000000e+00	
1375	1.311500e-07	0.000000e+00	0.000000e+00	
1376	1.312500e-07	0.000000e+00	0.000000e+00	
1377	1.313500e-07	0.000000e+00	0.000000e+00	
1378	1.314500e-07	0.000000e+00	0.000000e+00	
1379	1.315500e-07	0.000000e+00	0.000000e+00	
1380	1.316500e-07	0.000000e+00	0.000000e+00	
1381	1.317500e-07	0.000000e+00	0.000000e+00	
1382	1.318500e-07	0.000000e+00	0.000000e+00	
1383	1.319500e-07	0.000000e+00	0.000000e+00	
1384	1.320500e-07	0.000000e+00	0.000000e+00	
1385	1.321500e-07	0.000000e+00	0.000000e+00	
1386	1.322500e-07	0.000000e+00	0.000000e+00	
1387	1.323500e-07	0.000000e+00	0.000000e+00	
1388	1.324500e-07	0.000000e+00	0.000000e+00	

Index   time            v(ran)          v(rbn)          
--------------------------------------------------------------------------------
1389	1.325500e-07	0.000000e+00	0.000000e+00	
1390	1.326500e-07	0.000000e+00	0.000000e+00	
1391	1.327500e-07	0.000000e+00	0.000000e+00	
1392	1.328500e-07	0.000000e+00	0.000000e+00	
1393	1.329500e-07	0.000000e+00	0.000000e+00	
1394	1.330500e-07	0.000000e+00	0.000000e+00	
1395	1.331500e-07	0.000000e+00	0.000000e+00	
1396	1.332500e-07	0.000000e+00	0.000000e+00	
1397	1.333500e-07	0.000000e+00	0.000000e+00	
1398	1.334500e-07	0.000000e+00	0.000000e+00	
1399	1.335500e-07	0.000000e+00	0.000000e+00	
1400	1.336500e-07	0.000000e+00	0.000000e+00	
1401	1.337500e-07	0.000000e+00	0.000000e+00	
1402	1.338500e-07	0.000000e+00	0.000000e+00	
1403	1.339500e-07	0.000000e+00	0.000000e+00	
1404	1.340500e-07	0.000000e+00	0.000000e+00	
1405	1.341500e-07	0.000000e+00	0.000000e+00	
1406	1.342500e-07	0.000000e+00	0.000000e+00	
1407	1.343500e-07	0.000000e+00	0.000000e+00	
1408	1.344500e-07	0.000000e+00	0.000000e+00	
1409	1.345500e-07	0.000000e+00	0.000000e+00	
1410	1.346500e-07	0.000000e+00	0.000000e+00	
1411	1.347500e-07	0.000000e+00	0.000000e+00	
1412	1.348500e-07	0.000000e+00	0.000000e+00	
1413	1.349500e-07	0.000000e+00	0.000000e+00	
1414	1.350500e-07	0.000000e+00	0.000000e+00	
1415	1.351500e-07	0.000000e+00	0.000000e+00	
1416	1.352500e-07	0.000000e+00	0.000000e+00	
1417	1.353500e-07	0.000000e+00	0.000000e+00	
1418	1.354500e-07	0.000000e+00	0.000000e+00	
1419	1.355500e-07	0.000000e+00	0.000000e+00	
1420	1.356500e-07	0.000000e+00	0.000000e+00	
1421	1.357500e-07	0.000000e+00	0.000000e+00	
1422	1.358500e-07	0.000000e+00	0.000000e+00	
1423	1.359500e-07	0.000000e+00	0.000000e+00	
1424	1.360500e-07	0.000000e+00	0.000000e+00	
1425	1.361500e-07	0.000000e+00	0.000000e+00	
1426	1.362500e-07	0.000000e+00	0.000000e+00	
1427	1.363500e-07	0.000000e+00	0.000000e+00	
1428	1.364500e-07	0.000000e+00	0.000000e+00	
1429	1.365500e-07	0.000000e+00	0.000000e+00	
1430	1.366500e-07	0.000000e+00	0.000000e+00	
1431	1.367500e-07	0.000000e+00	0.000000e+00	
1432	1.368500e-07	0.000000e+00	0.000000e+00	
1433	1.369500e-07	0.000000e+00	0.000000e+00	
1434	1.370500e-07	0.000000e+00	0.000000e+00	
1435	1.371500e-07	0.000000e+00	0.000000e+00	
1436	1.372500e-07	0.000000e+00	0.000000e+00	
1437	1.373500e-07	0.000000e+00	0.000000e+00	
1438	1.374500e-07	0.000000e+00	0.000000e+00	
1439	1.375500e-07	0.000000e+00	0.000000e+00	
1440	1.376500e-07	0.000000e+00	0.000000e+00	
1441	1.377500e-07	0.000000e+00	0.000000e+00	
1442	1.378500e-07	0.000000e+00	0.000000e+00	
1443	1.379500e-07	0.000000e+00	0.000000e+00	
1444	1.380500e-07	0.000000e+00	0.000000e+00	
1445	1.381500e-07	0.000000e+00	0.000000e+00	
1446	1.382500e-07	0.000000e+00	0.000000e+00	

Index   time            v(ran)          v(rbn)          
--------------------------------------------------------------------------------
1447	1.383500e-07	0.000000e+00	0.000000e+00	
1448	1.384500e-07	0.000000e+00	0.000000e+00	
1449	1.385500e-07	0.000000e+00	0.000000e+00	
1450	1.386500e-07	0.000000e+00	0.000000e+00	
1451	1.387500e-07	0.000000e+00	0.000000e+00	
1452	1.388500e-07	0.000000e+00	0.000000e+00	
1453	1.389500e-07	0.000000e+00	0.000000e+00	
1454	1.390500e-07	0.000000e+00	0.000000e+00	
1455	1.391500e-07	0.000000e+00	0.000000e+00	
1456	1.392500e-07	0.000000e+00	0.000000e+00	
1457	1.393500e-07	0.000000e+00	0.000000e+00	
1458	1.394500e-07	0.000000e+00	0.000000e+00	
1459	1.395500e-07	0.000000e+00	0.000000e+00	
1460	1.396500e-07	0.000000e+00	0.000000e+00	
1461	1.397500e-07	0.000000e+00	0.000000e+00	
1462	1.398500e-07	0.000000e+00	0.000000e+00	
1463	1.399500e-07	0.000000e+00	0.000000e+00	
1464	1.400000e-07	0.000000e+00	0.000000e+00	
1465	1.400100e-07	0.000000e+00	0.000000e+00	
1466	1.400300e-07	0.000000e+00	0.000000e+00	
1467	1.400700e-07	0.000000e+00	0.000000e+00	
1468	1.401203e-07	0.000000e+00	0.000000e+00	
1469	1.402000e-07	0.000000e+00	0.000000e+00	
1470	1.402100e-07	0.000000e+00	0.000000e+00	
1471	1.402300e-07	0.000000e+00	0.000000e+00	
1472	1.402700e-07	0.000000e+00	0.000000e+00	
1473	1.403500e-07	0.000000e+00	0.000000e+00	
1474	1.404500e-07	0.000000e+00	0.000000e+00	
1475	1.405500e-07	0.000000e+00	0.000000e+00	
1476	1.406500e-07	0.000000e+00	0.000000e+00	
1477	1.407500e-07	0.000000e+00	0.000000e+00	
1478	1.408500e-07	0.000000e+00	0.000000e+00	
1479	1.409500e-07	0.000000e+00	0.000000e+00	
1480	1.410500e-07	0.000000e+00	0.000000e+00	
1481	1.411500e-07	0.000000e+00	0.000000e+00	
1482	1.412000e-07	0.000000e+00	0.000000e+00	
1483	1.412100e-07	0.000000e+00	0.000000e+00	
1484	1.412300e-07	0.000000e+00	0.000000e+00	
1485	1.412700e-07	0.000000e+00	0.000000e+00	
1486	1.413500e-07	0.000000e+00	0.000000e+00	
1487	1.414000e-07	0.000000e+00	0.000000e+00	
1488	1.414100e-07	0.000000e+00	0.000000e+00	
1489	1.414300e-07	0.000000e+00	0.000000e+00	
1490	1.414700e-07	0.000000e+00	0.000000e+00	
1491	1.415500e-07	0.000000e+00	0.000000e+00	
1492	1.416500e-07	0.000000e+00	0.000000e+00	
1493	1.417500e-07	0.000000e+00	0.000000e+00	
1494	1.418500e-07	0.000000e+00	0.000000e+00	
1495	1.419500e-07	0.000000e+00	0.000000e+00	
1496	1.420500e-07	0.000000e+00	0.000000e+00	
1497	1.421500e-07	0.000000e+00	0.000000e+00	
1498	1.422500e-07	0.000000e+00	0.000000e+00	
1499	1.423500e-07	0.000000e+00	0.000000e+00	
1500	1.424500e-07	0.000000e+00	0.000000e+00	
1501	1.425500e-07	0.000000e+00	0.000000e+00	
1502	1.426500e-07	0.000000e+00	0.000000e+00	
1503	1.427500e-07	0.000000e+00	0.000000e+00	
1504	1.428500e-07	0.000000e+00	0.000000e+00	

Index   time            v(ran)          v(rbn)          
--------------------------------------------------------------------------------
1505	1.429500e-07	0.000000e+00	0.000000e+00	
1506	1.430500e-07	0.000000e+00	0.000000e+00	
1507	1.431500e-07	0.000000e+00	0.000000e+00	
1508	1.432500e-07	0.000000e+00	0.000000e+00	
1509	1.433500e-07	0.000000e+00	0.000000e+00	
1510	1.434500e-07	0.000000e+00	0.000000e+00	
1511	1.435500e-07	0.000000e+00	0.000000e+00	
1512	1.436500e-07	0.000000e+00	0.000000e+00	
1513	1.437500e-07	0.000000e+00	0.000000e+00	
1514	1.438500e-07	0.000000e+00	0.000000e+00	
1515	1.439500e-07	0.000000e+00	0.000000e+00	
1516	1.440500e-07	0.000000e+00	0.000000e+00	
1517	1.441500e-07	0.000000e+00	0.000000e+00	
1518	1.442500e-07	0.000000e+00	0.000000e+00	
1519	1.443500e-07	0.000000e+00	0.000000e+00	
1520	1.444500e-07	0.000000e+00	0.000000e+00	
1521	1.445500e-07	0.000000e+00	0.000000e+00	
1522	1.446500e-07	0.000000e+00	0.000000e+00	
1523	1.447500e-07	0.000000e+00	0.000000e+00	
1524	1.448500e-07	0.000000e+00	0.000000e+00	
1525	1.449500e-07	0.000000e+00	0.000000e+00	
1526	1.450500e-07	0.000000e+00	0.000000e+00	
1527	1.451500e-07	0.000000e+00	0.000000e+00	
1528	1.452500e-07	0.000000e+00	0.000000e+00	
1529	1.453500e-07	0.000000e+00	0.000000e+00	
1530	1.454500e-07	0.000000e+00	0.000000e+00	
1531	1.455500e-07	0.000000e+00	0.000000e+00	
1532	1.456500e-07	0.000000e+00	0.000000e+00	
1533	1.457500e-07	0.000000e+00	0.000000e+00	
1534	1.458500e-07	0.000000e+00	0.000000e+00	
1535	1.459500e-07	0.000000e+00	0.000000e+00	
1536	1.460500e-07	0.000000e+00	0.000000e+00	
1537	1.461500e-07	0.000000e+00	0.000000e+00	
1538	1.462500e-07	0.000000e+00	0.000000e+00	
1539	1.463500e-07	0.000000e+00	0.000000e+00	
1540	1.464500e-07	0.000000e+00	0.000000e+00	
1541	1.465500e-07	0.000000e+00	0.000000e+00	
1542	1.466500e-07	0.000000e+00	0.000000e+00	
1543	1.467500e-07	0.000000e+00	0.000000e+00	
1544	1.468500e-07	0.000000e+00	0.000000e+00	
1545	1.469500e-07	0.000000e+00	0.000000e+00	
1546	1.470500e-07	0.000000e+00	0.000000e+00	
1547	1.471500e-07	0.000000e+00	0.000000e+00	
1548	1.472500e-07	0.000000e+00	0.000000e+00	
1549	1.473500e-07	0.000000e+00	0.000000e+00	
1550	1.474500e-07	0.000000e+00	0.000000e+00	
1551	1.475500e-07	0.000000e+00	0.000000e+00	
1552	1.476500e-07	0.000000e+00	0.000000e+00	
1553	1.477500e-07	0.000000e+00	0.000000e+00	
1554	1.478500e-07	0.000000e+00	0.000000e+00	
1555	1.479500e-07	0.000000e+00	0.000000e+00	
1556	1.480500e-07	0.000000e+00	0.000000e+00	
1557	1.481500e-07	0.000000e+00	0.000000e+00	
1558	1.482500e-07	0.000000e+00	0.000000e+00	
1559	1.483500e-07	0.000000e+00	0.000000e+00	
1560	1.484500e-07	0.000000e+00	0.000000e+00	
1561	1.485500e-07	0.000000e+00	0.000000e+00	
1562	1.486500e-07	0.000000e+00	0.000000e+00	

Index   time            v(ran)          v(rbn)          
--------------------------------------------------------------------------------
1563	1.487500e-07	0.000000e+00	0.000000e+00	
1564	1.488500e-07	0.000000e+00	0.000000e+00	
1565	1.489500e-07	0.000000e+00	0.000000e+00	
1566	1.490500e-07	0.000000e+00	0.000000e+00	
1567	1.491500e-07	0.000000e+00	0.000000e+00	
1568	1.492500e-07	0.000000e+00	0.000000e+00	
1569	1.493500e-07	0.000000e+00	0.000000e+00	
1570	1.494500e-07	0.000000e+00	0.000000e+00	
1571	1.495500e-07	0.000000e+00	0.000000e+00	
1572	1.496500e-07	0.000000e+00	0.000000e+00	
1573	1.497500e-07	0.000000e+00	0.000000e+00	
1574	1.498500e-07	0.000000e+00	0.000000e+00	
1575	1.499500e-07	0.000000e+00	0.000000e+00	
1576	1.500500e-07	0.000000e+00	0.000000e+00	
1577	1.501500e-07	0.000000e+00	0.000000e+00	
1578	1.502500e-07	0.000000e+00	0.000000e+00	
1579	1.503500e-07	0.000000e+00	0.000000e+00	
1580	1.504500e-07	0.000000e+00	0.000000e+00	
1581	1.505500e-07	0.000000e+00	0.000000e+00	
1582	1.506500e-07	0.000000e+00	0.000000e+00	
1583	1.507500e-07	0.000000e+00	0.000000e+00	
1584	1.508500e-07	0.000000e+00	0.000000e+00	
1585	1.509500e-07	0.000000e+00	0.000000e+00	
1586	1.510500e-07	0.000000e+00	0.000000e+00	
1587	1.511500e-07	0.000000e+00	0.000000e+00	
1588	1.512500e-07	0.000000e+00	0.000000e+00	
1589	1.513500e-07	0.000000e+00	0.000000e+00	
1590	1.514500e-07	0.000000e+00	0.000000e+00	
1591	1.515500e-07	0.000000e+00	0.000000e+00	
1592	1.516500e-07	0.000000e+00	0.000000e+00	
1593	1.517500e-07	0.000000e+00	0.000000e+00	
1594	1.518500e-07	0.000000e+00	0.000000e+00	
1595	1.519500e-07	0.000000e+00	0.000000e+00	
1596	1.520500e-07	0.000000e+00	0.000000e+00	
1597	1.521500e-07	0.000000e+00	0.000000e+00	
1598	1.522500e-07	0.000000e+00	0.000000e+00	
1599	1.523500e-07	0.000000e+00	0.000000e+00	
1600	1.524500e-07	0.000000e+00	0.000000e+00	
1601	1.525500e-07	0.000000e+00	0.000000e+00	
1602	1.526500e-07	0.000000e+00	0.000000e+00	
1603	1.527500e-07	0.000000e+00	0.000000e+00	
1604	1.528500e-07	0.000000e+00	0.000000e+00	
1605	1.529500e-07	0.000000e+00	0.000000e+00	
1606	1.530500e-07	0.000000e+00	0.000000e+00	
1607	1.531500e-07	0.000000e+00	0.000000e+00	
1608	1.532500e-07	0.000000e+00	0.000000e+00	
1609	1.533500e-07	0.000000e+00	0.000000e+00	
1610	1.534500e-07	0.000000e+00	0.000000e+00	
1611	1.535500e-07	0.000000e+00	0.000000e+00	
1612	1.536500e-07	0.000000e+00	0.000000e+00	
1613	1.537500e-07	0.000000e+00	0.000000e+00	
1614	1.538500e-07	0.000000e+00	0.000000e+00	
1615	1.539500e-07	0.000000e+00	0.000000e+00	
1616	1.540500e-07	0.000000e+00	0.000000e+00	
1617	1.541500e-07	0.000000e+00	0.000000e+00	
1618	1.542500e-07	0.000000e+00	0.000000e+00	
1619	1.543500e-07	0.000000e+00	0.000000e+00	
1620	1.544500e-07	0.000000e+00	0.000000e+00	

Index   time            v(ran)          v(rbn)          
--------------------------------------------------------------------------------
1621	1.545500e-07	0.000000e+00	0.000000e+00	
1622	1.546500e-07	0.000000e+00	0.000000e+00	
1623	1.547500e-07	0.000000e+00	0.000000e+00	
1624	1.548500e-07	0.000000e+00	0.000000e+00	
1625	1.549500e-07	0.000000e+00	0.000000e+00	
1626	1.550500e-07	0.000000e+00	0.000000e+00	
1627	1.551500e-07	0.000000e+00	0.000000e+00	
1628	1.552500e-07	0.000000e+00	0.000000e+00	
1629	1.553500e-07	0.000000e+00	0.000000e+00	
1630	1.554500e-07	0.000000e+00	0.000000e+00	
1631	1.555500e-07	0.000000e+00	0.000000e+00	
1632	1.556500e-07	0.000000e+00	0.000000e+00	
1633	1.557500e-07	0.000000e+00	0.000000e+00	
1634	1.558500e-07	0.000000e+00	0.000000e+00	
1635	1.559500e-07	0.000000e+00	0.000000e+00	
1636	1.560500e-07	0.000000e+00	0.000000e+00	
1637	1.561500e-07	0.000000e+00	0.000000e+00	
1638	1.562500e-07	0.000000e+00	0.000000e+00	
1639	1.563500e-07	0.000000e+00	0.000000e+00	
1640	1.564500e-07	0.000000e+00	0.000000e+00	
1641	1.565500e-07	0.000000e+00	0.000000e+00	
1642	1.566500e-07	0.000000e+00	0.000000e+00	
1643	1.567500e-07	0.000000e+00	0.000000e+00	
1644	1.568500e-07	0.000000e+00	0.000000e+00	
1645	1.569500e-07	0.000000e+00	0.000000e+00	
1646	1.570500e-07	0.000000e+00	0.000000e+00	
1647	1.571500e-07	0.000000e+00	0.000000e+00	
1648	1.572500e-07	0.000000e+00	0.000000e+00	
1649	1.573500e-07	0.000000e+00	0.000000e+00	
1650	1.574500e-07	0.000000e+00	0.000000e+00	
1651	1.575500e-07	0.000000e+00	0.000000e+00	
1652	1.576500e-07	0.000000e+00	0.000000e+00	
1653	1.577500e-07	0.000000e+00	0.000000e+00	
1654	1.578500e-07	0.000000e+00	0.000000e+00	
1655	1.579500e-07	0.000000e+00	0.000000e+00	
1656	1.580500e-07	0.000000e+00	0.000000e+00	
1657	1.581500e-07	0.000000e+00	0.000000e+00	
1658	1.582500e-07	0.000000e+00	0.000000e+00	
1659	1.583500e-07	0.000000e+00	0.000000e+00	
1660	1.584500e-07	0.000000e+00	0.000000e+00	
1661	1.585500e-07	0.000000e+00	0.000000e+00	
1662	1.586500e-07	0.000000e+00	0.000000e+00	
1663	1.587500e-07	0.000000e+00	0.000000e+00	
1664	1.588500e-07	0.000000e+00	0.000000e+00	
1665	1.589500e-07	0.000000e+00	0.000000e+00	
1666	1.590500e-07	0.000000e+00	0.000000e+00	
1667	1.591500e-07	0.000000e+00	0.000000e+00	
1668	1.592500e-07	0.000000e+00	0.000000e+00	
1669	1.593500e-07	0.000000e+00	0.000000e+00	
1670	1.594500e-07	0.000000e+00	0.000000e+00	
1671	1.595500e-07	0.000000e+00	0.000000e+00	
1672	1.596500e-07	0.000000e+00	0.000000e+00	
1673	1.597500e-07	0.000000e+00	0.000000e+00	
1674	1.598500e-07	0.000000e+00	0.000000e+00	
1675	1.599500e-07	0.000000e+00	0.000000e+00	
1676	1.600000e-07	0.000000e+00	0.000000e+00	
1677	1.600100e-07	0.000000e+00	0.000000e+00	
1678	1.600300e-07	0.000000e+00	0.000000e+00	

Index   time            v(ran)          v(rbn)          
--------------------------------------------------------------------------------
1679	1.600700e-07	0.000000e+00	0.000000e+00	
1680	1.601209e-07	0.000000e+00	0.000000e+00	
1681	1.602000e-07	0.000000e+00	0.000000e+00	
1682	1.602100e-07	0.000000e+00	0.000000e+00	
1683	1.602300e-07	0.000000e+00	0.000000e+00	
1684	1.602700e-07	0.000000e+00	0.000000e+00	
1685	1.603500e-07	0.000000e+00	0.000000e+00	
1686	1.604500e-07	0.000000e+00	0.000000e+00	
1687	1.605500e-07	0.000000e+00	0.000000e+00	
1688	1.606500e-07	0.000000e+00	0.000000e+00	
1689	1.607500e-07	0.000000e+00	0.000000e+00	
1690	1.608500e-07	0.000000e+00	0.000000e+00	
1691	1.609500e-07	0.000000e+00	0.000000e+00	
1692	1.610500e-07	0.000000e+00	0.000000e+00	
1693	1.611500e-07	0.000000e+00	0.000000e+00	
1694	1.612000e-07	0.000000e+00	0.000000e+00	
1695	1.612100e-07	0.000000e+00	0.000000e+00	
1696	1.612300e-07	0.000000e+00	0.000000e+00	
1697	1.612700e-07	0.000000e+00	0.000000e+00	
1698	1.613500e-07	0.000000e+00	0.000000e+00	
1699	1.614000e-07	0.000000e+00	0.000000e+00	
1700	1.614100e-07	0.000000e+00	0.000000e+00	
1701	1.614300e-07	0.000000e+00	0.000000e+00	
1702	1.614700e-07	0.000000e+00	0.000000e+00	
1703	1.615500e-07	0.000000e+00	0.000000e+00	
1704	1.616500e-07	0.000000e+00	0.000000e+00	
1705	1.617500e-07	0.000000e+00	0.000000e+00	
1706	1.618500e-07	0.000000e+00	0.000000e+00	
1707	1.619500e-07	0.000000e+00	0.000000e+00	
1708	1.620500e-07	0.000000e+00	0.000000e+00	
1709	1.621500e-07	0.000000e+00	0.000000e+00	
1710	1.622500e-07	0.000000e+00	0.000000e+00	
1711	1.623500e-07	0.000000e+00	0.000000e+00	
1712	1.624500e-07	0.000000e+00	0.000000e+00	
1713	1.625500e-07	0.000000e+00	0.000000e+00	
1714	1.626500e-07	0.000000e+00	0.000000e+00	
1715	1.627500e-07	0.000000e+00	0.000000e+00	
1716	1.628500e-07	0.000000e+00	0.000000e+00	
1717	1.629500e-07	0.000000e+00	0.000000e+00	
1718	1.630500e-07	0.000000e+00	0.000000e+00	
1719	1.631500e-07	0.000000e+00	0.000000e+00	
1720	1.632500e-07	0.000000e+00	0.000000e+00	
1721	1.633500e-07	0.000000e+00	0.000000e+00	
1722	1.634500e-07	0.000000e+00	0.000000e+00	
1723	1.635500e-07	0.000000e+00	0.000000e+00	
1724	1.636500e-07	0.000000e+00	0.000000e+00	
1725	1.637500e-07	0.000000e+00	0.000000e+00	
1726	1.638500e-07	0.000000e+00	0.000000e+00	
1727	1.639500e-07	0.000000e+00	0.000000e+00	
1728	1.640500e-07	0.000000e+00	0.000000e+00	
1729	1.641500e-07	0.000000e+00	0.000000e+00	
1730	1.642500e-07	0.000000e+00	0.000000e+00	
1731	1.643500e-07	0.000000e+00	0.000000e+00	
1732	1.644500e-07	0.000000e+00	0.000000e+00	
1733	1.645500e-07	0.000000e+00	0.000000e+00	
1734	1.646500e-07	0.000000e+00	0.000000e+00	
1735	1.647500e-07	0.000000e+00	0.000000e+00	
1736	1.648500e-07	0.000000e+00	0.000000e+00	

Index   time            v(ran)          v(rbn)          
--------------------------------------------------------------------------------
1737	1.649500e-07	0.000000e+00	0.000000e+00	
1738	1.650500e-07	0.000000e+00	0.000000e+00	
1739	1.651500e-07	0.000000e+00	0.000000e+00	
1740	1.652500e-07	0.000000e+00	0.000000e+00	
1741	1.653500e-07	0.000000e+00	0.000000e+00	
1742	1.654500e-07	0.000000e+00	0.000000e+00	
1743	1.655500e-07	0.000000e+00	0.000000e+00	
1744	1.656500e-07	0.000000e+00	0.000000e+00	
1745	1.657500e-07	0.000000e+00	0.000000e+00	
1746	1.658500e-07	0.000000e+00	0.000000e+00	
1747	1.659500e-07	0.000000e+00	0.000000e+00	
1748	1.660500e-07	0.000000e+00	0.000000e+00	
1749	1.661500e-07	0.000000e+00	0.000000e+00	
1750	1.662500e-07	0.000000e+00	0.000000e+00	
1751	1.663500e-07	0.000000e+00	0.000000e+00	
1752	1.664500e-07	0.000000e+00	0.000000e+00	
1753	1.665500e-07	0.000000e+00	0.000000e+00	
1754	1.666500e-07	0.000000e+00	0.000000e+00	
1755	1.667500e-07	0.000000e+00	0.000000e+00	
1756	1.668500e-07	0.000000e+00	0.000000e+00	
1757	1.669500e-07	0.000000e+00	0.000000e+00	
1758	1.670500e-07	0.000000e+00	0.000000e+00	
1759	1.671500e-07	0.000000e+00	0.000000e+00	
1760	1.672500e-07	0.000000e+00	0.000000e+00	
1761	1.673500e-07	0.000000e+00	0.000000e+00	
1762	1.674500e-07	0.000000e+00	0.000000e+00	
1763	1.675500e-07	0.000000e+00	0.000000e+00	
1764	1.676500e-07	0.000000e+00	0.000000e+00	
1765	1.677500e-07	0.000000e+00	0.000000e+00	
1766	1.678500e-07	0.000000e+00	0.000000e+00	
1767	1.679500e-07	0.000000e+00	0.000000e+00	
1768	1.680500e-07	0.000000e+00	0.000000e+00	
1769	1.681500e-07	0.000000e+00	0.000000e+00	
1770	1.682500e-07	0.000000e+00	0.000000e+00	
1771	1.683500e-07	0.000000e+00	0.000000e+00	
1772	1.684500e-07	0.000000e+00	0.000000e+00	
1773	1.685500e-07	0.000000e+00	0.000000e+00	
1774	1.686500e-07	0.000000e+00	0.000000e+00	
1775	1.687500e-07	0.000000e+00	0.000000e+00	
1776	1.688500e-07	0.000000e+00	0.000000e+00	
1777	1.689500e-07	0.000000e+00	0.000000e+00	
1778	1.690500e-07	0.000000e+00	0.000000e+00	
1779	1.691500e-07	0.000000e+00	0.000000e+00	
1780	1.692500e-07	0.000000e+00	0.000000e+00	
1781	1.693500e-07	0.000000e+00	0.000000e+00	
1782	1.694500e-07	0.000000e+00	0.000000e+00	
1783	1.695500e-07	0.000000e+00	0.000000e+00	
1784	1.696500e-07	0.000000e+00	0.000000e+00	
1785	1.697500e-07	0.000000e+00	0.000000e+00	
1786	1.698500e-07	0.000000e+00	0.000000e+00	
1787	1.699500e-07	0.000000e+00	0.000000e+00	
1788	1.700500e-07	0.000000e+00	0.000000e+00	
1789	1.701500e-07	0.000000e+00	0.000000e+00	
1790	1.702500e-07	0.000000e+00	0.000000e+00	
1791	1.703500e-07	0.000000e+00	0.000000e+00	
1792	1.704500e-07	0.000000e+00	0.000000e+00	
1793	1.705500e-07	0.000000e+00	0.000000e+00	
1794	1.706500e-07	0.000000e+00	0.000000e+00	

Index   time            v(ran)          v(rbn)          
--------------------------------------------------------------------------------
1795	1.707500e-07	0.000000e+00	0.000000e+00	
1796	1.708500e-07	0.000000e+00	0.000000e+00	
1797	1.709500e-07	0.000000e+00	0.000000e+00	
1798	1.710500e-07	0.000000e+00	0.000000e+00	
1799	1.711500e-07	0.000000e+00	0.000000e+00	
1800	1.712500e-07	0.000000e+00	0.000000e+00	
1801	1.713500e-07	0.000000e+00	0.000000e+00	
1802	1.714500e-07	0.000000e+00	0.000000e+00	
1803	1.715500e-07	0.000000e+00	0.000000e+00	
1804	1.716500e-07	0.000000e+00	0.000000e+00	
1805	1.717500e-07	0.000000e+00	0.000000e+00	
1806	1.718500e-07	0.000000e+00	0.000000e+00	
1807	1.719500e-07	0.000000e+00	0.000000e+00	
1808	1.720500e-07	0.000000e+00	0.000000e+00	
1809	1.721500e-07	0.000000e+00	0.000000e+00	
1810	1.722500e-07	0.000000e+00	0.000000e+00	
1811	1.723500e-07	0.000000e+00	0.000000e+00	
1812	1.724500e-07	0.000000e+00	0.000000e+00	
1813	1.725500e-07	0.000000e+00	0.000000e+00	
1814	1.726500e-07	0.000000e+00	0.000000e+00	
1815	1.727500e-07	0.000000e+00	0.000000e+00	
1816	1.728500e-07	0.000000e+00	0.000000e+00	
1817	1.729500e-07	0.000000e+00	0.000000e+00	
1818	1.730500e-07	0.000000e+00	0.000000e+00	
1819	1.731500e-07	0.000000e+00	0.000000e+00	
1820	1.732500e-07	0.000000e+00	0.000000e+00	
1821	1.733500e-07	0.000000e+00	0.000000e+00	
1822	1.734500e-07	0.000000e+00	0.000000e+00	
1823	1.735500e-07	0.000000e+00	0.000000e+00	
1824	1.736500e-07	0.000000e+00	0.000000e+00	
1825	1.737500e-07	0.000000e+00	0.000000e+00	
1826	1.738500e-07	0.000000e+00	0.000000e+00	
1827	1.739500e-07	0.000000e+00	0.000000e+00	
1828	1.740500e-07	0.000000e+00	0.000000e+00	
1829	1.741500e-07	0.000000e+00	0.000000e+00	
1830	1.742500e-07	0.000000e+00	0.000000e+00	
1831	1.743500e-07	0.000000e+00	0.000000e+00	
1832	1.744500e-07	0.000000e+00	0.000000e+00	
1833	1.745500e-07	0.000000e+00	0.000000e+00	
1834	1.746500e-07	0.000000e+00	0.000000e+00	
1835	1.747500e-07	0.000000e+00	0.000000e+00	
1836	1.748500e-07	0.000000e+00	0.000000e+00	
1837	1.749500e-07	0.000000e+00	0.000000e+00	
1838	1.750500e-07	0.000000e+00	0.000000e+00	
1839	1.751500e-07	0.000000e+00	0.000000e+00	
1840	1.752500e-07	0.000000e+00	0.000000e+00	
1841	1.753500e-07	0.000000e+00	0.000000e+00	
1842	1.754500e-07	0.000000e+00	0.000000e+00	
1843	1.755500e-07	0.000000e+00	0.000000e+00	
1844	1.756500e-07	0.000000e+00	0.000000e+00	
1845	1.757500e-07	0.000000e+00	0.000000e+00	
1846	1.758500e-07	0.000000e+00	0.000000e+00	
1847	1.759500e-07	0.000000e+00	0.000000e+00	
1848	1.760500e-07	0.000000e+00	0.000000e+00	
1849	1.761500e-07	0.000000e+00	0.000000e+00	
1850	1.762500e-07	0.000000e+00	0.000000e+00	
1851	1.763500e-07	0.000000e+00	0.000000e+00	
1852	1.764500e-07	0.000000e+00	0.000000e+00	

Index   time            v(ran)          v(rbn)          
--------------------------------------------------------------------------------
1853	1.765500e-07	0.000000e+00	0.000000e+00	
1854	1.766500e-07	0.000000e+00	0.000000e+00	
1855	1.767500e-07	0.000000e+00	0.000000e+00	
1856	1.768500e-07	0.000000e+00	0.000000e+00	
1857	1.769500e-07	0.000000e+00	0.000000e+00	
1858	1.770500e-07	0.000000e+00	0.000000e+00	
1859	1.771500e-07	0.000000e+00	0.000000e+00	
1860	1.772500e-07	0.000000e+00	0.000000e+00	
1861	1.773500e-07	0.000000e+00	0.000000e+00	
1862	1.774500e-07	0.000000e+00	0.000000e+00	
1863	1.775500e-07	0.000000e+00	0.000000e+00	
1864	1.776500e-07	0.000000e+00	0.000000e+00	
1865	1.777500e-07	0.000000e+00	0.000000e+00	
1866	1.778500e-07	0.000000e+00	0.000000e+00	
1867	1.779500e-07	0.000000e+00	0.000000e+00	
1868	1.780500e-07	0.000000e+00	0.000000e+00	
1869	1.781500e-07	0.000000e+00	0.000000e+00	
1870	1.782500e-07	0.000000e+00	0.000000e+00	
1871	1.783500e-07	0.000000e+00	0.000000e+00	
1872	1.784500e-07	0.000000e+00	0.000000e+00	
1873	1.785500e-07	0.000000e+00	0.000000e+00	
1874	1.786500e-07	0.000000e+00	0.000000e+00	
1875	1.787500e-07	0.000000e+00	0.000000e+00	
1876	1.788500e-07	0.000000e+00	0.000000e+00	
1877	1.789500e-07	0.000000e+00	0.000000e+00	
1878	1.790500e-07	0.000000e+00	0.000000e+00	
1879	1.791500e-07	0.000000e+00	0.000000e+00	
1880	1.792500e-07	0.000000e+00	0.000000e+00	
1881	1.793500e-07	0.000000e+00	0.000000e+00	
1882	1.794500e-07	0.000000e+00	0.000000e+00	
1883	1.795500e-07	0.000000e+00	0.000000e+00	
1884	1.796500e-07	0.000000e+00	0.000000e+00	
1885	1.797500e-07	0.000000e+00	0.000000e+00	
1886	1.798500e-07	0.000000e+00	0.000000e+00	
1887	1.799500e-07	0.000000e+00	0.000000e+00	
1888	1.800500e-07	0.000000e+00	0.000000e+00	
1889	1.801500e-07	0.000000e+00	0.000000e+00	
1890	1.802500e-07	0.000000e+00	0.000000e+00	
1891	1.803500e-07	0.000000e+00	0.000000e+00	
1892	1.804500e-07	0.000000e+00	0.000000e+00	
1893	1.805500e-07	0.000000e+00	0.000000e+00	
1894	1.806500e-07	0.000000e+00	0.000000e+00	
1895	1.807500e-07	0.000000e+00	0.000000e+00	
1896	1.808500e-07	0.000000e+00	0.000000e+00	
1897	1.809500e-07	0.000000e+00	0.000000e+00	
1898	1.810500e-07	0.000000e+00	0.000000e+00	
1899	1.811500e-07	0.000000e+00	0.000000e+00	
1900	1.812500e-07	0.000000e+00	0.000000e+00	
1901	1.813500e-07	0.000000e+00	0.000000e+00	
1902	1.814500e-07	0.000000e+00	0.000000e+00	
1903	1.815500e-07	0.000000e+00	0.000000e+00	
1904	1.816500e-07	0.000000e+00	0.000000e+00	
1905	1.817500e-07	0.000000e+00	0.000000e+00	
1906	1.818500e-07	0.000000e+00	0.000000e+00	
1907	1.819500e-07	0.000000e+00	0.000000e+00	
1908	1.820500e-07	0.000000e+00	0.000000e+00	
1909	1.821500e-07	0.000000e+00	0.000000e+00	
1910	1.822500e-07	0.000000e+00	0.000000e+00	

Index   time            v(ran)          v(rbn)          
--------------------------------------------------------------------------------
1911	1.823500e-07	0.000000e+00	0.000000e+00	
1912	1.824500e-07	0.000000e+00	0.000000e+00	
1913	1.825500e-07	0.000000e+00	0.000000e+00	
1914	1.826500e-07	0.000000e+00	0.000000e+00	
1915	1.827500e-07	0.000000e+00	0.000000e+00	
1916	1.828500e-07	0.000000e+00	0.000000e+00	
1917	1.829500e-07	0.000000e+00	0.000000e+00	
1918	1.830500e-07	0.000000e+00	0.000000e+00	
1919	1.831500e-07	0.000000e+00	0.000000e+00	
1920	1.832500e-07	0.000000e+00	0.000000e+00	
1921	1.833500e-07	0.000000e+00	0.000000e+00	
1922	1.834500e-07	0.000000e+00	0.000000e+00	
1923	1.835500e-07	0.000000e+00	0.000000e+00	
1924	1.836500e-07	0.000000e+00	0.000000e+00	
1925	1.837500e-07	0.000000e+00	0.000000e+00	
1926	1.838500e-07	0.000000e+00	0.000000e+00	
1927	1.839500e-07	0.000000e+00	0.000000e+00	
1928	1.840500e-07	0.000000e+00	0.000000e+00	
1929	1.841500e-07	0.000000e+00	0.000000e+00	
1930	1.842500e-07	0.000000e+00	0.000000e+00	
1931	1.843500e-07	0.000000e+00	0.000000e+00	
1932	1.844500e-07	0.000000e+00	0.000000e+00	
1933	1.845500e-07	0.000000e+00	0.000000e+00	
1934	1.846500e-07	0.000000e+00	0.000000e+00	
1935	1.847500e-07	0.000000e+00	0.000000e+00	
1936	1.848500e-07	0.000000e+00	0.000000e+00	
1937	1.849500e-07	0.000000e+00	0.000000e+00	
1938	1.850500e-07	0.000000e+00	0.000000e+00	
1939	1.851500e-07	0.000000e+00	0.000000e+00	
1940	1.852500e-07	0.000000e+00	0.000000e+00	
1941	1.853500e-07	0.000000e+00	0.000000e+00	
1942	1.854500e-07	0.000000e+00	0.000000e+00	
1943	1.855500e-07	0.000000e+00	0.000000e+00	
1944	1.856500e-07	0.000000e+00	0.000000e+00	
1945	1.857500e-07	0.000000e+00	0.000000e+00	
1946	1.858500e-07	0.000000e+00	0.000000e+00	
1947	1.859500e-07	0.000000e+00	0.000000e+00	
1948	1.860500e-07	0.000000e+00	0.000000e+00	
1949	1.861500e-07	0.000000e+00	0.000000e+00	
1950	1.862500e-07	0.000000e+00	0.000000e+00	
1951	1.863500e-07	0.000000e+00	0.000000e+00	
1952	1.864500e-07	0.000000e+00	0.000000e+00	
1953	1.865500e-07	0.000000e+00	0.000000e+00	
1954	1.866500e-07	0.000000e+00	0.000000e+00	
1955	1.867500e-07	0.000000e+00	0.000000e+00	
1956	1.868500e-07	0.000000e+00	0.000000e+00	
1957	1.869500e-07	0.000000e+00	0.000000e+00	
1958	1.870500e-07	0.000000e+00	0.000000e+00	
1959	1.871500e-07	0.000000e+00	0.000000e+00	
1960	1.872500e-07	0.000000e+00	0.000000e+00	
1961	1.873500e-07	0.000000e+00	0.000000e+00	
1962	1.874500e-07	0.000000e+00	0.000000e+00	
1963	1.875500e-07	0.000000e+00	0.000000e+00	
1964	1.876500e-07	0.000000e+00	0.000000e+00	
1965	1.877500e-07	0.000000e+00	0.000000e+00	
1966	1.878500e-07	0.000000e+00	0.000000e+00	
1967	1.879500e-07	0.000000e+00	0.000000e+00	
1968	1.880500e-07	0.000000e+00	0.000000e+00	

Index   time            v(ran)          v(rbn)          
--------------------------------------------------------------------------------
1969	1.881500e-07	0.000000e+00	0.000000e+00	
1970	1.882500e-07	0.000000e+00	0.000000e+00	
1971	1.883500e-07	0.000000e+00	0.000000e+00	
1972	1.884500e-07	0.000000e+00	0.000000e+00	
1973	1.885500e-07	0.000000e+00	0.000000e+00	
1974	1.886500e-07	0.000000e+00	0.000000e+00	
1975	1.887500e-07	0.000000e+00	0.000000e+00	
1976	1.888500e-07	0.000000e+00	0.000000e+00	
1977	1.889500e-07	0.000000e+00	0.000000e+00	
1978	1.890500e-07	0.000000e+00	0.000000e+00	
1979	1.891500e-07	0.000000e+00	0.000000e+00	
1980	1.892500e-07	0.000000e+00	0.000000e+00	
1981	1.893500e-07	0.000000e+00	0.000000e+00	
1982	1.894500e-07	0.000000e+00	0.000000e+00	
1983	1.895500e-07	0.000000e+00	0.000000e+00	
1984	1.896500e-07	0.000000e+00	0.000000e+00	
1985	1.897500e-07	0.000000e+00	0.000000e+00	
1986	1.898500e-07	0.000000e+00	0.000000e+00	
1987	1.899500e-07	0.000000e+00	0.000000e+00	
1988	1.900500e-07	0.000000e+00	0.000000e+00	
1989	1.901500e-07	0.000000e+00	0.000000e+00	
1990	1.902500e-07	0.000000e+00	0.000000e+00	
1991	1.903500e-07	0.000000e+00	0.000000e+00	
1992	1.904500e-07	0.000000e+00	0.000000e+00	
1993	1.905500e-07	0.000000e+00	0.000000e+00	
1994	1.906500e-07	0.000000e+00	0.000000e+00	
1995	1.907500e-07	0.000000e+00	0.000000e+00	
1996	1.908500e-07	0.000000e+00	0.000000e+00	
1997	1.909500e-07	0.000000e+00	0.000000e+00	
1998	1.910500e-07	0.000000e+00	0.000000e+00	
1999	1.911500e-07	0.000000e+00	0.000000e+00	
2000	1.912500e-07	0.000000e+00	0.000000e+00	
2001	1.913500e-07	0.000000e+00	0.000000e+00	
2002	1.914500e-07	0.000000e+00	0.000000e+00	
2003	1.915500e-07	0.000000e+00	0.000000e+00	
2004	1.916500e-07	0.000000e+00	0.000000e+00	
2005	1.917500e-07	0.000000e+00	0.000000e+00	
2006	1.918500e-07	0.000000e+00	0.000000e+00	
2007	1.919500e-07	0.000000e+00	0.000000e+00	
2008	1.920500e-07	0.000000e+00	0.000000e+00	
2009	1.921500e-07	0.000000e+00	0.000000e+00	
2010	1.922500e-07	0.000000e+00	0.000000e+00	
2011	1.923500e-07	0.000000e+00	0.000000e+00	
2012	1.924500e-07	0.000000e+00	0.000000e+00	
2013	1.925500e-07	0.000000e+00	0.000000e+00	
2014	1.926500e-07	0.000000e+00	0.000000e+00	
2015	1.927500e-07	0.000000e+00	0.000000e+00	
2016	1.928500e-07	0.000000e+00	0.000000e+00	
2017	1.929500e-07	0.000000e+00	0.000000e+00	
2018	1.930500e-07	0.000000e+00	0.000000e+00	
2019	1.931500e-07	0.000000e+00	0.000000e+00	
2020	1.932500e-07	0.000000e+00	0.000000e+00	
2021	1.933500e-07	0.000000e+00	0.000000e+00	
2022	1.934500e-07	0.000000e+00	0.000000e+00	
2023	1.935500e-07	0.000000e+00	0.000000e+00	
2024	1.936500e-07	0.000000e+00	0.000000e+00	
2025	1.937500e-07	0.000000e+00	0.000000e+00	
2026	1.938500e-07	0.000000e+00	0.000000e+00	

Index   time            v(ran)          v(rbn)          
--------------------------------------------------------------------------------
2027	1.939500e-07	0.000000e+00	0.000000e+00	
2028	1.940500e-07	0.000000e+00	0.000000e+00	
2029	1.941500e-07	0.000000e+00	0.000000e+00	
2030	1.942500e-07	0.000000e+00	0.000000e+00	
2031	1.943500e-07	0.000000e+00	0.000000e+00	
2032	1.944500e-07	0.000000e+00	0.000000e+00	
2033	1.945500e-07	0.000000e+00	0.000000e+00	
2034	1.946500e-07	0.000000e+00	0.000000e+00	
2035	1.947500e-07	0.000000e+00	0.000000e+00	
2036	1.948500e-07	0.000000e+00	0.000000e+00	
2037	1.949500e-07	0.000000e+00	0.000000e+00	
2038	1.950500e-07	0.000000e+00	0.000000e+00	
2039	1.951500e-07	0.000000e+00	0.000000e+00	
2040	1.952500e-07	0.000000e+00	0.000000e+00	
2041	1.953500e-07	0.000000e+00	0.000000e+00	
2042	1.954500e-07	0.000000e+00	0.000000e+00	
2043	1.955500e-07	0.000000e+00	0.000000e+00	
2044	1.956500e-07	0.000000e+00	0.000000e+00	
2045	1.957500e-07	0.000000e+00	0.000000e+00	
2046	1.958500e-07	0.000000e+00	0.000000e+00	
2047	1.959500e-07	0.000000e+00	0.000000e+00	
2048	1.960500e-07	0.000000e+00	0.000000e+00	
2049	1.961500e-07	0.000000e+00	0.000000e+00	
2050	1.962500e-07	0.000000e+00	0.000000e+00	
2051	1.963500e-07	0.000000e+00	0.000000e+00	
2052	1.964500e-07	0.000000e+00	0.000000e+00	
2053	1.965500e-07	0.000000e+00	0.000000e+00	
2054	1.966500e-07	0.000000e+00	0.000000e+00	
2055	1.967500e-07	0.000000e+00	0.000000e+00	
2056	1.968500e-07	0.000000e+00	0.000000e+00	
2057	1.969500e-07	0.000000e+00	0.000000e+00	
2058	1.970500e-07	0.000000e+00	0.000000e+00	
2059	1.971500e-07	0.000000e+00	0.000000e+00	
2060	1.972500e-07	0.000000e+00	0.000000e+00	
2061	1.973500e-07	0.000000e+00	0.000000e+00	
2062	1.974500e-07	0.000000e+00	0.000000e+00	
2063	1.975500e-07	0.000000e+00	0.000000e+00	
2064	1.976500e-07	0.000000e+00	0.000000e+00	
2065	1.977500e-07	0.000000e+00	0.000000e+00	
2066	1.978500e-07	0.000000e+00	0.000000e+00	
2067	1.979500e-07	0.000000e+00	0.000000e+00	
2068	1.980500e-07	0.000000e+00	0.000000e+00	
2069	1.981500e-07	0.000000e+00	0.000000e+00	
2070	1.982500e-07	0.000000e+00	0.000000e+00	
2071	1.983500e-07	0.000000e+00	0.000000e+00	
2072	1.984500e-07	0.000000e+00	0.000000e+00	
2073	1.985500e-07	0.000000e+00	0.000000e+00	
2074	1.986500e-07	0.000000e+00	0.000000e+00	
2075	1.987500e-07	0.000000e+00	0.000000e+00	
2076	1.988500e-07	0.000000e+00	0.000000e+00	
2077	1.989500e-07	0.000000e+00	0.000000e+00	
2078	1.990500e-07	0.000000e+00	0.000000e+00	
2079	1.991500e-07	0.000000e+00	0.000000e+00	
2080	1.992500e-07	0.000000e+00	0.000000e+00	
2081	1.993500e-07	0.000000e+00	0.000000e+00	
2082	1.994500e-07	0.000000e+00	0.000000e+00	
2083	1.995500e-07	0.000000e+00	0.000000e+00	
2084	1.996500e-07	0.000000e+00	0.000000e+00	

Index   time            v(ran)          v(rbn)          
--------------------------------------------------------------------------------
2085	1.997500e-07	0.000000e+00	0.000000e+00	
2086	1.998500e-07	0.000000e+00	0.000000e+00	
2087	1.999500e-07	0.000000e+00	0.000000e+00	
2088	2.000500e-07	0.000000e+00	0.000000e+00	
2089	2.001500e-07	0.000000e+00	0.000000e+00	
2090	2.002500e-07	0.000000e+00	0.000000e+00	
2091	2.003500e-07	0.000000e+00	0.000000e+00	
2092	2.004500e-07	0.000000e+00	0.000000e+00	
2093	2.005500e-07	0.000000e+00	0.000000e+00	
2094	2.006500e-07	0.000000e+00	0.000000e+00	
2095	2.007500e-07	0.000000e+00	0.000000e+00	
2096	2.008500e-07	0.000000e+00	0.000000e+00	
2097	2.009500e-07	0.000000e+00	0.000000e+00	
2098	2.010500e-07	0.000000e+00	0.000000e+00	
2099	2.011500e-07	0.000000e+00	0.000000e+00	
2100	2.012500e-07	0.000000e+00	0.000000e+00	
2101	2.013500e-07	0.000000e+00	0.000000e+00	
2102	2.014500e-07	0.000000e+00	0.000000e+00	
2103	2.015500e-07	0.000000e+00	0.000000e+00	
2104	2.016500e-07	0.000000e+00	0.000000e+00	
2105	2.017500e-07	0.000000e+00	0.000000e+00	
2106	2.018500e-07	0.000000e+00	0.000000e+00	
2107	2.019500e-07	0.000000e+00	0.000000e+00	
2108	2.020500e-07	0.000000e+00	0.000000e+00	
2109	2.021500e-07	0.000000e+00	0.000000e+00	
2110	2.022500e-07	0.000000e+00	0.000000e+00	
2111	2.023500e-07	0.000000e+00	0.000000e+00	
2112	2.024500e-07	0.000000e+00	0.000000e+00	
2113	2.025500e-07	0.000000e+00	0.000000e+00	
2114	2.026500e-07	0.000000e+00	0.000000e+00	
2115	2.027500e-07	0.000000e+00	0.000000e+00	
2116	2.028500e-07	0.000000e+00	0.000000e+00	
2117	2.029500e-07	0.000000e+00	0.000000e+00	
2118	2.030500e-07	0.000000e+00	0.000000e+00	
2119	2.031500e-07	0.000000e+00	0.000000e+00	
2120	2.032500e-07	0.000000e+00	0.000000e+00	
2121	2.033500e-07	0.000000e+00	0.000000e+00	
2122	2.034500e-07	0.000000e+00	0.000000e+00	
2123	2.035500e-07	0.000000e+00	0.000000e+00	
2124	2.036500e-07	0.000000e+00	0.000000e+00	
2125	2.037500e-07	0.000000e+00	0.000000e+00	
2126	2.038500e-07	0.000000e+00	0.000000e+00	
2127	2.039500e-07	0.000000e+00	0.000000e+00	
2128	2.040500e-07	0.000000e+00	0.000000e+00	
2129	2.041500e-07	0.000000e+00	0.000000e+00	
2130	2.042500e-07	0.000000e+00	0.000000e+00	
2131	2.043500e-07	0.000000e+00	0.000000e+00	
2132	2.044500e-07	0.000000e+00	0.000000e+00	
2133	2.045500e-07	0.000000e+00	0.000000e+00	
2134	2.046500e-07	0.000000e+00	0.000000e+00	
2135	2.047500e-07	0.000000e+00	0.000000e+00	
2136	2.048500e-07	0.000000e+00	0.000000e+00	
2137	2.049500e-07	0.000000e+00	0.000000e+00	
2138	2.050500e-07	0.000000e+00	0.000000e+00	
2139	2.051500e-07	0.000000e+00	0.000000e+00	
2140	2.052500e-07	0.000000e+00	0.000000e+00	
2141	2.053500e-07	0.000000e+00	0.000000e+00	
2142	2.054500e-07	0.000000e+00	0.000000e+00	

Index   time            v(ran)          v(rbn)          
--------------------------------------------------------------------------------
2143	2.055500e-07	0.000000e+00	0.000000e+00	
2144	2.056500e-07	0.000000e+00	0.000000e+00	
2145	2.057500e-07	0.000000e+00	0.000000e+00	
2146	2.058500e-07	0.000000e+00	0.000000e+00	
2147	2.059500e-07	0.000000e+00	0.000000e+00	
2148	2.060500e-07	0.000000e+00	0.000000e+00	
2149	2.061500e-07	0.000000e+00	0.000000e+00	
2150	2.062500e-07	0.000000e+00	0.000000e+00	
2151	2.063500e-07	0.000000e+00	0.000000e+00	
2152	2.064500e-07	0.000000e+00	0.000000e+00	
2153	2.065500e-07	0.000000e+00	0.000000e+00	
2154	2.066500e-07	0.000000e+00	0.000000e+00	
2155	2.067500e-07	0.000000e+00	0.000000e+00	
2156	2.068500e-07	0.000000e+00	0.000000e+00	
2157	2.069500e-07	0.000000e+00	0.000000e+00	
2158	2.070500e-07	0.000000e+00	0.000000e+00	
2159	2.071500e-07	0.000000e+00	0.000000e+00	
2160	2.072500e-07	0.000000e+00	0.000000e+00	
2161	2.073500e-07	0.000000e+00	0.000000e+00	
2162	2.074500e-07	0.000000e+00	0.000000e+00	
2163	2.075500e-07	0.000000e+00	0.000000e+00	
2164	2.076500e-07	0.000000e+00	0.000000e+00	
2165	2.077500e-07	0.000000e+00	0.000000e+00	
2166	2.078500e-07	0.000000e+00	0.000000e+00	
2167	2.079500e-07	0.000000e+00	0.000000e+00	
2168	2.080500e-07	0.000000e+00	0.000000e+00	
2169	2.081500e-07	0.000000e+00	0.000000e+00	
2170	2.082500e-07	0.000000e+00	0.000000e+00	
2171	2.083500e-07	0.000000e+00	0.000000e+00	
2172	2.084500e-07	0.000000e+00	0.000000e+00	
2173	2.085500e-07	0.000000e+00	0.000000e+00	
2174	2.086500e-07	0.000000e+00	0.000000e+00	
2175	2.087500e-07	0.000000e+00	0.000000e+00	
2176	2.088500e-07	0.000000e+00	0.000000e+00	
2177	2.089500e-07	0.000000e+00	0.000000e+00	
2178	2.090500e-07	0.000000e+00	0.000000e+00	
2179	2.091500e-07	0.000000e+00	0.000000e+00	
2180	2.092500e-07	0.000000e+00	0.000000e+00	
2181	2.093500e-07	0.000000e+00	0.000000e+00	
2182	2.094500e-07	0.000000e+00	0.000000e+00	
2183	2.095500e-07	0.000000e+00	0.000000e+00	
2184	2.096500e-07	0.000000e+00	0.000000e+00	
2185	2.097500e-07	0.000000e+00	0.000000e+00	
2186	2.098500e-07	0.000000e+00	0.000000e+00	
2187	2.099500e-07	0.000000e+00	0.000000e+00	
2188	2.100000e-07	0.000000e+00	0.000000e+00	
2189	2.100100e-07	0.000000e+00	0.000000e+00	
2190	2.100300e-07	0.000000e+00	0.000000e+00	
2191	2.100700e-07	0.000000e+00	0.000000e+00	
2192	2.101500e-07	0.000000e+00	0.000000e+00	
2193	2.102500e-07	0.000000e+00	0.000000e+00	
2194	2.103500e-07	0.000000e+00	0.000000e+00	
2195	2.104500e-07	0.000000e+00	0.000000e+00	
2196	2.105500e-07	0.000000e+00	0.000000e+00	
2197	2.106500e-07	0.000000e+00	0.000000e+00	
2198	2.107500e-07	0.000000e+00	0.000000e+00	
2199	2.108500e-07	0.000000e+00	0.000000e+00	
2200	2.109500e-07	0.000000e+00	0.000000e+00	

Index   time            v(ran)          v(rbn)          
--------------------------------------------------------------------------------
2201	2.110000e-07	0.000000e+00	0.000000e+00	
2202	2.110100e-07	0.000000e+00	0.000000e+00	
2203	2.110300e-07	0.000000e+00	0.000000e+00	
2204	2.110700e-07	0.000000e+00	0.000000e+00	
2205	2.111500e-07	0.000000e+00	0.000000e+00	
2206	2.112500e-07	0.000000e+00	0.000000e+00	
2207	2.113500e-07	0.000000e+00	0.000000e+00	
2208	2.114500e-07	0.000000e+00	0.000000e+00	
2209	2.115500e-07	0.000000e+00	0.000000e+00	
2210	2.116500e-07	0.000000e+00	0.000000e+00	
2211	2.117500e-07	0.000000e+00	0.000000e+00	
2212	2.118500e-07	0.000000e+00	0.000000e+00	
2213	2.119500e-07	0.000000e+00	0.000000e+00	
2214	2.120500e-07	0.000000e+00	0.000000e+00	
2215	2.121500e-07	0.000000e+00	0.000000e+00	
2216	2.122500e-07	0.000000e+00	0.000000e+00	
2217	2.123500e-07	0.000000e+00	0.000000e+00	
2218	2.124500e-07	0.000000e+00	0.000000e+00	
2219	2.125500e-07	0.000000e+00	0.000000e+00	
2220	2.126500e-07	0.000000e+00	0.000000e+00	
2221	2.127500e-07	0.000000e+00	0.000000e+00	
2222	2.128500e-07	0.000000e+00	0.000000e+00	
2223	2.129500e-07	0.000000e+00	0.000000e+00	
2224	2.130500e-07	0.000000e+00	0.000000e+00	
2225	2.131500e-07	0.000000e+00	0.000000e+00	
2226	2.132500e-07	0.000000e+00	0.000000e+00	
2227	2.133500e-07	0.000000e+00	0.000000e+00	
2228	2.134500e-07	0.000000e+00	0.000000e+00	
2229	2.135500e-07	0.000000e+00	0.000000e+00	
2230	2.136500e-07	0.000000e+00	0.000000e+00	
2231	2.137500e-07	0.000000e+00	0.000000e+00	
2232	2.138500e-07	0.000000e+00	0.000000e+00	
2233	2.139500e-07	0.000000e+00	0.000000e+00	
2234	2.140000e-07	0.000000e+00	0.000000e+00	
2235	2.140100e-07	0.000000e+00	0.000000e+00	
2236	2.140300e-07	0.000000e+00	0.000000e+00	
2237	2.140700e-07	0.000000e+00	0.000000e+00	
2238	2.141500e-07	0.000000e+00	0.000000e+00	
2239	2.142500e-07	0.000000e+00	0.000000e+00	
2240	2.143500e-07	0.000000e+00	0.000000e+00	
2241	2.144500e-07	0.000000e+00	0.000000e+00	
2242	2.145500e-07	0.000000e+00	0.000000e+00	
2243	2.146500e-07	0.000000e+00	0.000000e+00	
2244	2.147500e-07	0.000000e+00	0.000000e+00	
2245	2.148500e-07	0.000000e+00	0.000000e+00	
2246	2.149500e-07	0.000000e+00	0.000000e+00	
2247	2.150000e-07	0.000000e+00	0.000000e+00	
2248	2.150100e-07	0.000000e+00	0.000000e+00	
2249	2.150300e-07	0.000000e+00	0.000000e+00	
2250	2.150700e-07	0.000000e+00	0.000000e+00	
2251	2.151500e-07	0.000000e+00	0.000000e+00	
2252	2.152500e-07	0.000000e+00	0.000000e+00	
2253	2.153500e-07	0.000000e+00	0.000000e+00	
2254	2.154500e-07	0.000000e+00	0.000000e+00	
2255	2.155500e-07	0.000000e+00	0.000000e+00	
2256	2.156500e-07	0.000000e+00	0.000000e+00	
2257	2.157500e-07	0.000000e+00	0.000000e+00	
2258	2.158500e-07	0.000000e+00	0.000000e+00	

Index   time            v(ran)          v(rbn)          
--------------------------------------------------------------------------------
2259	2.159500e-07	0.000000e+00	0.000000e+00	
2260	2.160500e-07	0.000000e+00	0.000000e+00	
2261	2.161500e-07	0.000000e+00	0.000000e+00	
2262	2.162500e-07	0.000000e+00	0.000000e+00	
2263	2.163500e-07	0.000000e+00	0.000000e+00	
2264	2.164500e-07	0.000000e+00	0.000000e+00	
2265	2.165500e-07	0.000000e+00	0.000000e+00	
2266	2.166500e-07	0.000000e+00	0.000000e+00	
2267	2.167500e-07	0.000000e+00	0.000000e+00	
2268	2.168500e-07	0.000000e+00	0.000000e+00	
2269	2.169500e-07	0.000000e+00	0.000000e+00	
2270	2.170500e-07	0.000000e+00	0.000000e+00	
2271	2.171500e-07	0.000000e+00	0.000000e+00	
2272	2.172500e-07	0.000000e+00	0.000000e+00	
2273	2.173500e-07	0.000000e+00	0.000000e+00	
2274	2.174500e-07	0.000000e+00	0.000000e+00	
2275	2.175500e-07	0.000000e+00	0.000000e+00	
2276	2.176500e-07	0.000000e+00	0.000000e+00	
2277	2.177500e-07	0.000000e+00	0.000000e+00	
2278	2.178500e-07	0.000000e+00	0.000000e+00	
2279	2.179500e-07	0.000000e+00	0.000000e+00	
2280	2.180500e-07	0.000000e+00	0.000000e+00	
2281	2.181500e-07	0.000000e+00	0.000000e+00	
2282	2.182500e-07	0.000000e+00	0.000000e+00	
2283	2.183500e-07	0.000000e+00	0.000000e+00	
2284	2.184500e-07	0.000000e+00	0.000000e+00	
2285	2.185500e-07	0.000000e+00	0.000000e+00	
2286	2.186500e-07	0.000000e+00	0.000000e+00	
2287	2.187500e-07	0.000000e+00	0.000000e+00	
2288	2.188500e-07	0.000000e+00	0.000000e+00	
2289	2.189500e-07	0.000000e+00	0.000000e+00	
2290	2.190500e-07	0.000000e+00	0.000000e+00	
2291	2.191500e-07	0.000000e+00	0.000000e+00	
2292	2.192500e-07	0.000000e+00	0.000000e+00	
2293	2.193500e-07	0.000000e+00	0.000000e+00	
2294	2.194500e-07	0.000000e+00	0.000000e+00	
2295	2.195500e-07	0.000000e+00	0.000000e+00	
2296	2.196500e-07	0.000000e+00	0.000000e+00	
2297	2.197500e-07	0.000000e+00	0.000000e+00	
2298	2.198500e-07	0.000000e+00	0.000000e+00	
2299	2.199500e-07	0.000000e+00	0.000000e+00	
2300	2.200000e-07	0.000000e+00	0.000000e+00	

    * =====================================================================
    Transient Analysis  Fri Aug 28 22:18:30  2026
--------------------------------------------------------------------------------
Index   time            v(drvc)         v(rac)          v(rbc)          
--------------------------------------------------------------------------------
0	0.000000e+00	0.000000e+00	0.000000e+00	0.000000e+00	
1	1.000000e-12	0.000000e+00	0.000000e+00	0.000000e+00	
2	2.000000e-12	0.000000e+00	0.000000e+00	0.000000e+00	
3	4.000000e-12	0.000000e+00	0.000000e+00	0.000000e+00	
4	8.000000e-12	0.000000e+00	0.000000e+00	0.000000e+00	
5	1.600000e-11	0.000000e+00	0.000000e+00	0.000000e+00	
6	3.200000e-11	0.000000e+00	0.000000e+00	0.000000e+00	
7	6.400000e-11	0.000000e+00	0.000000e+00	0.000000e+00	
8	1.280000e-10	0.000000e+00	0.000000e+00	0.000000e+00	
9	2.280000e-10	0.000000e+00	0.000000e+00	0.000000e+00	
10	3.280000e-10	0.000000e+00	0.000000e+00	0.000000e+00	
11	4.280000e-10	0.000000e+00	0.000000e+00	0.000000e+00	
12	5.280000e-10	0.000000e+00	0.000000e+00	0.000000e+00	
13	6.280000e-10	0.000000e+00	0.000000e+00	0.000000e+00	
14	7.280000e-10	0.000000e+00	0.000000e+00	0.000000e+00	
15	8.280000e-10	0.000000e+00	0.000000e+00	0.000000e+00	
16	9.280000e-10	0.000000e+00	0.000000e+00	0.000000e+00	
17	1.028000e-09	0.000000e+00	0.000000e+00	0.000000e+00	
18	1.128000e-09	0.000000e+00	0.000000e+00	0.000000e+00	
19	1.228000e-09	0.000000e+00	0.000000e+00	0.000000e+00	
20	1.328000e-09	0.000000e+00	0.000000e+00	0.000000e+00	
21	1.428000e-09	0.000000e+00	0.000000e+00	0.000000e+00	
22	1.528000e-09	0.000000e+00	0.000000e+00	0.000000e+00	
23	1.628000e-09	0.000000e+00	0.000000e+00	0.000000e+00	
24	1.728000e-09	0.000000e+00	0.000000e+00	0.000000e+00	
25	1.828000e-09	0.000000e+00	0.000000e+00	0.000000e+00	
26	1.928000e-09	0.000000e+00	0.000000e+00	0.000000e+00	
27	2.028000e-09	0.000000e+00	0.000000e+00	0.000000e+00	
28	2.128000e-09	0.000000e+00	0.000000e+00	0.000000e+00	
29	2.228000e-09	0.000000e+00	0.000000e+00	0.000000e+00	
30	2.328000e-09	0.000000e+00	0.000000e+00	0.000000e+00	
31	2.428000e-09	0.000000e+00	0.000000e+00	0.000000e+00	
32	2.528000e-09	0.000000e+00	0.000000e+00	0.000000e+00	
33	2.628000e-09	0.000000e+00	0.000000e+00	0.000000e+00	
34	2.728000e-09	0.000000e+00	0.000000e+00	0.000000e+00	
35	2.828000e-09	0.000000e+00	0.000000e+00	0.000000e+00	
36	2.928000e-09	0.000000e+00	0.000000e+00	0.000000e+00	
37	3.028000e-09	0.000000e+00	0.000000e+00	0.000000e+00	
38	3.128000e-09	0.000000e+00	0.000000e+00	0.000000e+00	
39	3.228000e-09	0.000000e+00	0.000000e+00	0.000000e+00	
40	3.328000e-09	0.000000e+00	0.000000e+00	0.000000e+00	
41	3.428000e-09	0.000000e+00	0.000000e+00	0.000000e+00	
42	3.528000e-09	0.000000e+00	0.000000e+00	0.000000e+00	
43	3.628000e-09	0.000000e+00	0.000000e+00	0.000000e+00	
44	3.728000e-09	0.000000e+00	0.000000e+00	0.000000e+00	
45	3.828000e-09	0.000000e+00	0.000000e+00	0.000000e+00	
46	3.928000e-09	0.000000e+00	0.000000e+00	0.000000e+00	
47	4.028000e-09	0.000000e+00	0.000000e+00	0.000000e+00	
48	4.128000e-09	0.000000e+00	0.000000e+00	0.000000e+00	
49	4.228000e-09	0.000000e+00	0.000000e+00	0.000000e+00	
50	4.328000e-09	0.000000e+00	0.000000e+00	0.000000e+00	
51	4.428000e-09	0.000000e+00	0.000000e+00	0.000000e+00	
52	4.528000e-09	0.000000e+00	0.000000e+00	0.000000e+00	
53	4.628000e-09	0.000000e+00	0.000000e+00	0.000000e+00	
54	4.728000e-09	0.000000e+00	0.000000e+00	0.000000e+00	

Index   time            v(drvc)         v(rac)          v(rbc)          
--------------------------------------------------------------------------------
55	4.828000e-09	0.000000e+00	0.000000e+00	0.000000e+00	
56	4.928000e-09	0.000000e+00	0.000000e+00	0.000000e+00	
57	5.028000e-09	0.000000e+00	0.000000e+00	0.000000e+00	
58	5.128000e-09	0.000000e+00	0.000000e+00	0.000000e+00	
59	5.228000e-09	0.000000e+00	0.000000e+00	0.000000e+00	
60	5.328000e-09	0.000000e+00	0.000000e+00	0.000000e+00	
61	5.428000e-09	0.000000e+00	0.000000e+00	0.000000e+00	
62	5.528000e-09	0.000000e+00	0.000000e+00	0.000000e+00	
63	5.628000e-09	0.000000e+00	0.000000e+00	0.000000e+00	
64	5.728000e-09	0.000000e+00	0.000000e+00	0.000000e+00	
65	5.828000e-09	0.000000e+00	0.000000e+00	0.000000e+00	
66	5.928000e-09	0.000000e+00	0.000000e+00	0.000000e+00	
67	6.028000e-09	0.000000e+00	0.000000e+00	0.000000e+00	
68	6.128000e-09	0.000000e+00	0.000000e+00	0.000000e+00	
69	6.228000e-09	0.000000e+00	0.000000e+00	0.000000e+00	
70	6.328000e-09	0.000000e+00	0.000000e+00	0.000000e+00	
71	6.428000e-09	0.000000e+00	0.000000e+00	0.000000e+00	
72	6.528000e-09	0.000000e+00	0.000000e+00	0.000000e+00	
73	6.628000e-09	0.000000e+00	0.000000e+00	0.000000e+00	
74	6.728000e-09	0.000000e+00	0.000000e+00	0.000000e+00	
75	6.828000e-09	0.000000e+00	0.000000e+00	0.000000e+00	
76	6.928000e-09	0.000000e+00	0.000000e+00	0.000000e+00	
77	7.028000e-09	0.000000e+00	0.000000e+00	0.000000e+00	
78	7.128000e-09	0.000000e+00	0.000000e+00	0.000000e+00	
79	7.228000e-09	0.000000e+00	0.000000e+00	0.000000e+00	
80	7.328000e-09	0.000000e+00	0.000000e+00	0.000000e+00	
81	7.428000e-09	0.000000e+00	0.000000e+00	0.000000e+00	
82	7.528000e-09	0.000000e+00	0.000000e+00	0.000000e+00	
83	7.628000e-09	0.000000e+00	0.000000e+00	0.000000e+00	
84	7.728000e-09	0.000000e+00	0.000000e+00	0.000000e+00	
85	7.828000e-09	0.000000e+00	0.000000e+00	0.000000e+00	
86	7.928000e-09	0.000000e+00	0.000000e+00	0.000000e+00	
87	8.028000e-09	0.000000e+00	0.000000e+00	0.000000e+00	
88	8.128000e-09	0.000000e+00	0.000000e+00	0.000000e+00	
89	8.228000e-09	0.000000e+00	0.000000e+00	0.000000e+00	
90	8.328000e-09	0.000000e+00	0.000000e+00	0.000000e+00	
91	8.428000e-09	0.000000e+00	0.000000e+00	0.000000e+00	
92	8.528000e-09	0.000000e+00	0.000000e+00	0.000000e+00	
93	8.628000e-09	0.000000e+00	0.000000e+00	0.000000e+00	
94	8.728000e-09	0.000000e+00	0.000000e+00	0.000000e+00	
95	8.828000e-09	0.000000e+00	0.000000e+00	0.000000e+00	
96	8.928000e-09	0.000000e+00	0.000000e+00	0.000000e+00	
97	9.028000e-09	0.000000e+00	0.000000e+00	0.000000e+00	
98	9.128000e-09	0.000000e+00	0.000000e+00	0.000000e+00	
99	9.228000e-09	0.000000e+00	0.000000e+00	0.000000e+00	
100	9.328000e-09	0.000000e+00	0.000000e+00	0.000000e+00	
101	9.428000e-09	0.000000e+00	0.000000e+00	0.000000e+00	
102	9.528000e-09	0.000000e+00	0.000000e+00	0.000000e+00	
103	9.628000e-09	0.000000e+00	0.000000e+00	0.000000e+00	
104	9.728000e-09	0.000000e+00	0.000000e+00	0.000000e+00	
105	9.828000e-09	0.000000e+00	0.000000e+00	0.000000e+00	
106	9.928000e-09	0.000000e+00	0.000000e+00	0.000000e+00	
107	1.000000e-08	0.000000e+00	0.000000e+00	0.000000e+00	
108	1.001000e-08	0.000000e+00	0.000000e+00	0.000000e+00	
109	1.003000e-08	0.000000e+00	0.000000e+00	0.000000e+00	
110	1.007000e-08	0.000000e+00	0.000000e+00	0.000000e+00	
111	1.015000e-08	0.000000e+00	0.000000e+00	0.000000e+00	
112	1.025000e-08	0.000000e+00	0.000000e+00	0.000000e+00	

Index   time            v(drvc)         v(rac)          v(rbc)          
--------------------------------------------------------------------------------
113	1.035000e-08	0.000000e+00	0.000000e+00	0.000000e+00	
114	1.045000e-08	0.000000e+00	0.000000e+00	0.000000e+00	
115	1.055000e-08	0.000000e+00	0.000000e+00	0.000000e+00	
116	1.065000e-08	0.000000e+00	0.000000e+00	0.000000e+00	
117	1.075000e-08	0.000000e+00	0.000000e+00	0.000000e+00	
118	1.085000e-08	0.000000e+00	0.000000e+00	0.000000e+00	
119	1.095000e-08	0.000000e+00	0.000000e+00	0.000000e+00	
120	1.100000e-08	0.000000e+00	0.000000e+00	0.000000e+00	
121	1.101000e-08	0.000000e+00	0.000000e+00	0.000000e+00	
122	1.103000e-08	0.000000e+00	0.000000e+00	0.000000e+00	
123	1.107000e-08	0.000000e+00	0.000000e+00	0.000000e+00	
124	1.115000e-08	0.000000e+00	0.000000e+00	0.000000e+00	
125	1.125000e-08	0.000000e+00	0.000000e+00	0.000000e+00	
126	1.135000e-08	0.000000e+00	0.000000e+00	0.000000e+00	
127	1.145000e-08	0.000000e+00	0.000000e+00	0.000000e+00	
128	1.155000e-08	0.000000e+00	0.000000e+00	0.000000e+00	
129	1.165000e-08	0.000000e+00	0.000000e+00	0.000000e+00	
130	1.175000e-08	0.000000e+00	0.000000e+00	0.000000e+00	
131	1.185000e-08	0.000000e+00	0.000000e+00	0.000000e+00	
132	1.195000e-08	0.000000e+00	0.000000e+00	0.000000e+00	
133	1.205000e-08	0.000000e+00	0.000000e+00	0.000000e+00	
134	1.215000e-08	0.000000e+00	0.000000e+00	0.000000e+00	
135	1.225000e-08	0.000000e+00	0.000000e+00	0.000000e+00	
136	1.235000e-08	0.000000e+00	0.000000e+00	0.000000e+00	
137	1.245000e-08	0.000000e+00	0.000000e+00	0.000000e+00	
138	1.255000e-08	0.000000e+00	0.000000e+00	0.000000e+00	
139	1.265000e-08	0.000000e+00	0.000000e+00	0.000000e+00	
140	1.275000e-08	0.000000e+00	0.000000e+00	0.000000e+00	
141	1.285000e-08	0.000000e+00	0.000000e+00	0.000000e+00	
142	1.295000e-08	0.000000e+00	0.000000e+00	0.000000e+00	
143	1.305000e-08	0.000000e+00	0.000000e+00	0.000000e+00	
144	1.315000e-08	0.000000e+00	0.000000e+00	0.000000e+00	
145	1.325000e-08	0.000000e+00	0.000000e+00	0.000000e+00	
146	1.335000e-08	0.000000e+00	0.000000e+00	0.000000e+00	
147	1.345000e-08	0.000000e+00	0.000000e+00	0.000000e+00	
148	1.355000e-08	0.000000e+00	0.000000e+00	0.000000e+00	
149	1.365000e-08	0.000000e+00	0.000000e+00	0.000000e+00	
150	1.375000e-08	0.000000e+00	0.000000e+00	0.000000e+00	
151	1.385000e-08	0.000000e+00	0.000000e+00	0.000000e+00	
152	1.395000e-08	0.000000e+00	0.000000e+00	0.000000e+00	
153	1.400000e-08	0.000000e+00	0.000000e+00	0.000000e+00	
154	1.401000e-08	0.000000e+00	0.000000e+00	0.000000e+00	
155	1.403000e-08	0.000000e+00	0.000000e+00	0.000000e+00	
156	1.407000e-08	0.000000e+00	0.000000e+00	0.000000e+00	
157	1.415000e-08	0.000000e+00	0.000000e+00	0.000000e+00	
158	1.425000e-08	0.000000e+00	0.000000e+00	0.000000e+00	
159	1.435000e-08	0.000000e+00	0.000000e+00	0.000000e+00	
160	1.445000e-08	0.000000e+00	0.000000e+00	0.000000e+00	
161	1.455000e-08	0.000000e+00	0.000000e+00	0.000000e+00	
162	1.465000e-08	0.000000e+00	0.000000e+00	0.000000e+00	
163	1.475000e-08	0.000000e+00	0.000000e+00	0.000000e+00	
164	1.485000e-08	0.000000e+00	0.000000e+00	0.000000e+00	
165	1.495000e-08	0.000000e+00	0.000000e+00	0.000000e+00	
166	1.500000e-08	0.000000e+00	0.000000e+00	0.000000e+00	
167	1.501000e-08	0.000000e+00	0.000000e+00	0.000000e+00	
168	1.503000e-08	0.000000e+00	0.000000e+00	0.000000e+00	
169	1.507000e-08	0.000000e+00	0.000000e+00	0.000000e+00	
170	1.515000e-08	0.000000e+00	0.000000e+00	0.000000e+00	

Index   time            v(drvc)         v(rac)          v(rbc)          
--------------------------------------------------------------------------------
171	1.525000e-08	0.000000e+00	0.000000e+00	0.000000e+00	
172	1.535000e-08	0.000000e+00	0.000000e+00	0.000000e+00	
173	1.545000e-08	0.000000e+00	0.000000e+00	0.000000e+00	
174	1.555000e-08	0.000000e+00	0.000000e+00	0.000000e+00	
175	1.565000e-08	0.000000e+00	0.000000e+00	0.000000e+00	
176	1.575000e-08	0.000000e+00	0.000000e+00	0.000000e+00	
177	1.585000e-08	0.000000e+00	0.000000e+00	0.000000e+00	
178	1.595000e-08	0.000000e+00	0.000000e+00	0.000000e+00	
179	1.605000e-08	0.000000e+00	0.000000e+00	0.000000e+00	
180	1.615000e-08	0.000000e+00	0.000000e+00	0.000000e+00	
181	1.625000e-08	0.000000e+00	0.000000e+00	0.000000e+00	
182	1.635000e-08	0.000000e+00	0.000000e+00	0.000000e+00	
183	1.645000e-08	0.000000e+00	0.000000e+00	0.000000e+00	
184	1.655000e-08	0.000000e+00	0.000000e+00	0.000000e+00	
185	1.665000e-08	0.000000e+00	0.000000e+00	0.000000e+00	
186	1.675000e-08	0.000000e+00	0.000000e+00	0.000000e+00	
187	1.685000e-08	0.000000e+00	0.000000e+00	0.000000e+00	
188	1.695000e-08	0.000000e+00	0.000000e+00	0.000000e+00	
189	1.705000e-08	0.000000e+00	0.000000e+00	0.000000e+00	
190	1.715000e-08	0.000000e+00	0.000000e+00	0.000000e+00	
191	1.725000e-08	0.000000e+00	0.000000e+00	0.000000e+00	
192	1.735000e-08	0.000000e+00	0.000000e+00	0.000000e+00	
193	1.745000e-08	0.000000e+00	0.000000e+00	0.000000e+00	
194	1.755000e-08	0.000000e+00	0.000000e+00	0.000000e+00	
195	1.765000e-08	0.000000e+00	0.000000e+00	0.000000e+00	
196	1.775000e-08	0.000000e+00	0.000000e+00	0.000000e+00	
197	1.785000e-08	0.000000e+00	0.000000e+00	0.000000e+00	
198	1.795000e-08	0.000000e+00	0.000000e+00	0.000000e+00	
199	1.805000e-08	0.000000e+00	0.000000e+00	0.000000e+00	
200	1.815000e-08	0.000000e+00	0.000000e+00	0.000000e+00	
201	1.825000e-08	0.000000e+00	0.000000e+00	0.000000e+00	
202	1.835000e-08	0.000000e+00	0.000000e+00	0.000000e+00	
203	1.845000e-08	0.000000e+00	0.000000e+00	0.000000e+00	
204	1.855000e-08	0.000000e+00	0.000000e+00	0.000000e+00	
205	1.865000e-08	0.000000e+00	0.000000e+00	0.000000e+00	
206	1.875000e-08	0.000000e+00	0.000000e+00	0.000000e+00	
207	1.885000e-08	0.000000e+00	0.000000e+00	0.000000e+00	
208	1.895000e-08	0.000000e+00	0.000000e+00	0.000000e+00	
209	1.905000e-08	0.000000e+00	0.000000e+00	0.000000e+00	
210	1.915000e-08	0.000000e+00	0.000000e+00	0.000000e+00	
211	1.925000e-08	0.000000e+00	0.000000e+00	0.000000e+00	
212	1.935000e-08	0.000000e+00	0.000000e+00	0.000000e+00	
213	1.945000e-08	0.000000e+00	0.000000e+00	0.000000e+00	
214	1.955000e-08	0.000000e+00	0.000000e+00	0.000000e+00	
215	1.965000e-08	0.000000e+00	0.000000e+00	0.000000e+00	
216	1.975000e-08	0.000000e+00	0.000000e+00	0.000000e+00	
217	1.985000e-08	0.000000e+00	0.000000e+00	0.000000e+00	
218	1.995000e-08	0.000000e+00	0.000000e+00	0.000000e+00	
219	2.005000e-08	0.000000e+00	0.000000e+00	0.000000e+00	
220	2.015000e-08	0.000000e+00	0.000000e+00	0.000000e+00	
221	2.025000e-08	0.000000e+00	0.000000e+00	0.000000e+00	
222	2.035000e-08	0.000000e+00	0.000000e+00	0.000000e+00	
223	2.045000e-08	0.000000e+00	0.000000e+00	0.000000e+00	
224	2.055000e-08	0.000000e+00	0.000000e+00	0.000000e+00	
225	2.065000e-08	0.000000e+00	0.000000e+00	0.000000e+00	
226	2.075000e-08	0.000000e+00	0.000000e+00	0.000000e+00	
227	2.085000e-08	0.000000e+00	0.000000e+00	0.000000e+00	
228	2.095000e-08	0.000000e+00	0.000000e+00	0.000000e+00	

Index   time            v(drvc)         v(rac)          v(rbc)          
--------------------------------------------------------------------------------
229	2.105000e-08	0.000000e+00	0.000000e+00	0.000000e+00	
230	2.115000e-08	0.000000e+00	0.000000e+00	0.000000e+00	
231	2.125000e-08	0.000000e+00	0.000000e+00	0.000000e+00	
232	2.135000e-08	0.000000e+00	0.000000e+00	0.000000e+00	
233	2.145000e-08	0.000000e+00	0.000000e+00	0.000000e+00	
234	2.155000e-08	0.000000e+00	0.000000e+00	0.000000e+00	
235	2.165000e-08	0.000000e+00	0.000000e+00	0.000000e+00	
236	2.175000e-08	0.000000e+00	0.000000e+00	0.000000e+00	
237	2.185000e-08	0.000000e+00	0.000000e+00	0.000000e+00	
238	2.195000e-08	0.000000e+00	0.000000e+00	0.000000e+00	
239	2.205000e-08	0.000000e+00	0.000000e+00	0.000000e+00	
240	2.215000e-08	0.000000e+00	0.000000e+00	0.000000e+00	
241	2.225000e-08	0.000000e+00	0.000000e+00	0.000000e+00	
242	2.235000e-08	0.000000e+00	0.000000e+00	0.000000e+00	
243	2.245000e-08	0.000000e+00	0.000000e+00	0.000000e+00	
244	2.255000e-08	0.000000e+00	0.000000e+00	0.000000e+00	
245	2.265000e-08	0.000000e+00	0.000000e+00	0.000000e+00	
246	2.275000e-08	0.000000e+00	0.000000e+00	0.000000e+00	
247	2.285000e-08	0.000000e+00	0.000000e+00	0.000000e+00	
248	2.295000e-08	0.000000e+00	0.000000e+00	0.000000e+00	
249	2.305000e-08	0.000000e+00	0.000000e+00	0.000000e+00	
250	2.315000e-08	0.000000e+00	0.000000e+00	0.000000e+00	
251	2.325000e-08	0.000000e+00	0.000000e+00	0.000000e+00	
252	2.335000e-08	0.000000e+00	0.000000e+00	0.000000e+00	
253	2.345000e-08	0.000000e+00	0.000000e+00	0.000000e+00	
254	2.355000e-08	0.000000e+00	0.000000e+00	0.000000e+00	
255	2.365000e-08	0.000000e+00	0.000000e+00	0.000000e+00	
256	2.375000e-08	0.000000e+00	0.000000e+00	0.000000e+00	
257	2.385000e-08	0.000000e+00	0.000000e+00	0.000000e+00	
258	2.395000e-08	0.000000e+00	0.000000e+00	0.000000e+00	
259	2.405000e-08	0.000000e+00	0.000000e+00	0.000000e+00	
260	2.415000e-08	0.000000e+00	0.000000e+00	0.000000e+00	
261	2.425000e-08	0.000000e+00	0.000000e+00	0.000000e+00	
262	2.435000e-08	0.000000e+00	0.000000e+00	0.000000e+00	
263	2.445000e-08	0.000000e+00	0.000000e+00	0.000000e+00	
264	2.455000e-08	0.000000e+00	0.000000e+00	0.000000e+00	
265	2.465000e-08	0.000000e+00	0.000000e+00	0.000000e+00	
266	2.475000e-08	0.000000e+00	0.000000e+00	0.000000e+00	
267	2.485000e-08	0.000000e+00	0.000000e+00	0.000000e+00	
268	2.495000e-08	0.000000e+00	0.000000e+00	0.000000e+00	
269	2.505000e-08	0.000000e+00	0.000000e+00	0.000000e+00	
270	2.515000e-08	0.000000e+00	0.000000e+00	0.000000e+00	
271	2.525000e-08	0.000000e+00	0.000000e+00	0.000000e+00	
272	2.535000e-08	0.000000e+00	0.000000e+00	0.000000e+00	
273	2.545000e-08	0.000000e+00	0.000000e+00	0.000000e+00	
274	2.555000e-08	0.000000e+00	0.000000e+00	0.000000e+00	
275	2.565000e-08	0.000000e+00	0.000000e+00	0.000000e+00	
276	2.575000e-08	0.000000e+00	0.000000e+00	0.000000e+00	
277	2.585000e-08	0.000000e+00	0.000000e+00	0.000000e+00	
278	2.595000e-08	0.000000e+00	0.000000e+00	0.000000e+00	
279	2.605000e-08	0.000000e+00	0.000000e+00	0.000000e+00	
280	2.615000e-08	0.000000e+00	0.000000e+00	0.000000e+00	
281	2.625000e-08	0.000000e+00	0.000000e+00	0.000000e+00	
282	2.635000e-08	0.000000e+00	0.000000e+00	0.000000e+00	
283	2.645000e-08	0.000000e+00	0.000000e+00	0.000000e+00	
284	2.655000e-08	0.000000e+00	0.000000e+00	0.000000e+00	
285	2.665000e-08	0.000000e+00	0.000000e+00	0.000000e+00	
286	2.675000e-08	0.000000e+00	0.000000e+00	0.000000e+00	

Index   time            v(drvc)         v(rac)          v(rbc)          
--------------------------------------------------------------------------------
287	2.685000e-08	0.000000e+00	0.000000e+00	0.000000e+00	
288	2.695000e-08	0.000000e+00	0.000000e+00	0.000000e+00	
289	2.705000e-08	0.000000e+00	0.000000e+00	0.000000e+00	
290	2.715000e-08	0.000000e+00	0.000000e+00	0.000000e+00	
291	2.725000e-08	0.000000e+00	0.000000e+00	0.000000e+00	
292	2.735000e-08	0.000000e+00	0.000000e+00	0.000000e+00	
293	2.745000e-08	0.000000e+00	0.000000e+00	0.000000e+00	
294	2.755000e-08	0.000000e+00	0.000000e+00	0.000000e+00	
295	2.765000e-08	0.000000e+00	0.000000e+00	0.000000e+00	
296	2.775000e-08	0.000000e+00	0.000000e+00	0.000000e+00	
297	2.785000e-08	0.000000e+00	0.000000e+00	0.000000e+00	
298	2.795000e-08	0.000000e+00	0.000000e+00	0.000000e+00	
299	2.805000e-08	0.000000e+00	0.000000e+00	0.000000e+00	
300	2.815000e-08	0.000000e+00	0.000000e+00	0.000000e+00	
301	2.825000e-08	0.000000e+00	0.000000e+00	0.000000e+00	
302	2.835000e-08	0.000000e+00	0.000000e+00	0.000000e+00	
303	2.845000e-08	0.000000e+00	0.000000e+00	0.000000e+00	
304	2.855000e-08	0.000000e+00	0.000000e+00	0.000000e+00	
305	2.865000e-08	0.000000e+00	0.000000e+00	0.000000e+00	
306	2.875000e-08	0.000000e+00	0.000000e+00	0.000000e+00	
307	2.885000e-08	0.000000e+00	0.000000e+00	0.000000e+00	
308	2.895000e-08	0.000000e+00	0.000000e+00	0.000000e+00	
309	2.905000e-08	0.000000e+00	0.000000e+00	0.000000e+00	
310	2.915000e-08	0.000000e+00	0.000000e+00	0.000000e+00	
311	2.925000e-08	0.000000e+00	0.000000e+00	0.000000e+00	
312	2.935000e-08	0.000000e+00	0.000000e+00	0.000000e+00	
313	2.945000e-08	0.000000e+00	0.000000e+00	0.000000e+00	
314	2.955000e-08	0.000000e+00	0.000000e+00	0.000000e+00	
315	2.965000e-08	0.000000e+00	0.000000e+00	0.000000e+00	
316	2.975000e-08	0.000000e+00	0.000000e+00	0.000000e+00	
317	2.985000e-08	0.000000e+00	0.000000e+00	0.000000e+00	
318	2.995000e-08	0.000000e+00	0.000000e+00	0.000000e+00	
319	3.005000e-08	0.000000e+00	0.000000e+00	0.000000e+00	
320	3.015000e-08	0.000000e+00	0.000000e+00	0.000000e+00	
321	3.025000e-08	0.000000e+00	0.000000e+00	0.000000e+00	
322	3.035000e-08	0.000000e+00	0.000000e+00	0.000000e+00	
323	3.045000e-08	0.000000e+00	0.000000e+00	0.000000e+00	
324	3.055000e-08	0.000000e+00	0.000000e+00	0.000000e+00	
325	3.065000e-08	0.000000e+00	0.000000e+00	0.000000e+00	
326	3.075000e-08	0.000000e+00	0.000000e+00	0.000000e+00	
327	3.085000e-08	0.000000e+00	0.000000e+00	0.000000e+00	
328	3.095000e-08	0.000000e+00	0.000000e+00	0.000000e+00	
329	3.105000e-08	0.000000e+00	0.000000e+00	0.000000e+00	
330	3.115000e-08	0.000000e+00	0.000000e+00	0.000000e+00	
331	3.125000e-08	0.000000e+00	0.000000e+00	0.000000e+00	
332	3.135000e-08	0.000000e+00	0.000000e+00	0.000000e+00	
333	3.145000e-08	0.000000e+00	0.000000e+00	0.000000e+00	
334	3.155000e-08	0.000000e+00	0.000000e+00	0.000000e+00	
335	3.165000e-08	0.000000e+00	0.000000e+00	0.000000e+00	
336	3.175000e-08	0.000000e+00	0.000000e+00	0.000000e+00	
337	3.185000e-08	0.000000e+00	0.000000e+00	0.000000e+00	
338	3.195000e-08	0.000000e+00	0.000000e+00	0.000000e+00	
339	3.205000e-08	0.000000e+00	0.000000e+00	0.000000e+00	
340	3.215000e-08	0.000000e+00	0.000000e+00	0.000000e+00	
341	3.225000e-08	0.000000e+00	0.000000e+00	0.000000e+00	
342	3.235000e-08	0.000000e+00	0.000000e+00	0.000000e+00	
343	3.245000e-08	0.000000e+00	0.000000e+00	0.000000e+00	
344	3.255000e-08	0.000000e+00	0.000000e+00	0.000000e+00	

Index   time            v(drvc)         v(rac)          v(rbc)          
--------------------------------------------------------------------------------
345	3.265000e-08	0.000000e+00	0.000000e+00	0.000000e+00	
346	3.275000e-08	0.000000e+00	0.000000e+00	0.000000e+00	
347	3.285000e-08	0.000000e+00	0.000000e+00	0.000000e+00	
348	3.295000e-08	0.000000e+00	0.000000e+00	0.000000e+00	
349	3.305000e-08	0.000000e+00	0.000000e+00	0.000000e+00	
350	3.315000e-08	0.000000e+00	0.000000e+00	0.000000e+00	
351	3.325000e-08	0.000000e+00	0.000000e+00	0.000000e+00	
352	3.335000e-08	0.000000e+00	0.000000e+00	0.000000e+00	
353	3.345000e-08	0.000000e+00	0.000000e+00	0.000000e+00	
354	3.355000e-08	0.000000e+00	0.000000e+00	0.000000e+00	
355	3.365000e-08	0.000000e+00	0.000000e+00	0.000000e+00	
356	3.375000e-08	0.000000e+00	0.000000e+00	0.000000e+00	
357	3.385000e-08	0.000000e+00	0.000000e+00	0.000000e+00	
358	3.395000e-08	0.000000e+00	0.000000e+00	0.000000e+00	
359	3.405000e-08	0.000000e+00	0.000000e+00	0.000000e+00	
360	3.415000e-08	0.000000e+00	0.000000e+00	0.000000e+00	
361	3.425000e-08	0.000000e+00	0.000000e+00	0.000000e+00	
362	3.435000e-08	0.000000e+00	0.000000e+00	0.000000e+00	
363	3.445000e-08	0.000000e+00	0.000000e+00	0.000000e+00	
364	3.455000e-08	0.000000e+00	0.000000e+00	0.000000e+00	
365	3.465000e-08	0.000000e+00	0.000000e+00	0.000000e+00	
366	3.475000e-08	0.000000e+00	0.000000e+00	0.000000e+00	
367	3.485000e-08	0.000000e+00	0.000000e+00	0.000000e+00	
368	3.495000e-08	0.000000e+00	0.000000e+00	0.000000e+00	
369	3.505000e-08	0.000000e+00	0.000000e+00	0.000000e+00	
370	3.515000e-08	0.000000e+00	0.000000e+00	0.000000e+00	
371	3.525000e-08	0.000000e+00	0.000000e+00	0.000000e+00	
372	3.535000e-08	0.000000e+00	0.000000e+00	0.000000e+00	
373	3.545000e-08	0.000000e+00	0.000000e+00	0.000000e+00	
374	3.555000e-08	0.000000e+00	0.000000e+00	0.000000e+00	
375	3.565000e-08	0.000000e+00	0.000000e+00	0.000000e+00	
376	3.575000e-08	0.000000e+00	0.000000e+00	0.000000e+00	
377	3.585000e-08	0.000000e+00	0.000000e+00	0.000000e+00	
378	3.595000e-08	0.000000e+00	0.000000e+00	0.000000e+00	
379	3.605000e-08	0.000000e+00	0.000000e+00	0.000000e+00	
380	3.615000e-08	0.000000e+00	0.000000e+00	0.000000e+00	
381	3.625000e-08	0.000000e+00	0.000000e+00	0.000000e+00	
382	3.635000e-08	0.000000e+00	0.000000e+00	0.000000e+00	
383	3.645000e-08	0.000000e+00	0.000000e+00	0.000000e+00	
384	3.655000e-08	0.000000e+00	0.000000e+00	0.000000e+00	
385	3.665000e-08	0.000000e+00	0.000000e+00	0.000000e+00	
386	3.675000e-08	0.000000e+00	0.000000e+00	0.000000e+00	
387	3.685000e-08	0.000000e+00	0.000000e+00	0.000000e+00	
388	3.695000e-08	0.000000e+00	0.000000e+00	0.000000e+00	
389	3.705000e-08	0.000000e+00	0.000000e+00	0.000000e+00	
390	3.715000e-08	0.000000e+00	0.000000e+00	0.000000e+00	
391	3.725000e-08	0.000000e+00	0.000000e+00	0.000000e+00	
392	3.735000e-08	0.000000e+00	0.000000e+00	0.000000e+00	
393	3.745000e-08	0.000000e+00	0.000000e+00	0.000000e+00	
394	3.755000e-08	0.000000e+00	0.000000e+00	0.000000e+00	
395	3.765000e-08	0.000000e+00	0.000000e+00	0.000000e+00	
396	3.775000e-08	0.000000e+00	0.000000e+00	0.000000e+00	
397	3.785000e-08	0.000000e+00	0.000000e+00	0.000000e+00	
398	3.795000e-08	0.000000e+00	0.000000e+00	0.000000e+00	
399	3.805000e-08	0.000000e+00	0.000000e+00	0.000000e+00	
400	3.815000e-08	0.000000e+00	0.000000e+00	0.000000e+00	
401	3.825000e-08	0.000000e+00	0.000000e+00	0.000000e+00	
402	3.835000e-08	0.000000e+00	0.000000e+00	0.000000e+00	

Index   time            v(drvc)         v(rac)          v(rbc)          
--------------------------------------------------------------------------------
403	3.845000e-08	0.000000e+00	0.000000e+00	0.000000e+00	
404	3.855000e-08	0.000000e+00	0.000000e+00	0.000000e+00	
405	3.865000e-08	0.000000e+00	0.000000e+00	0.000000e+00	
406	3.875000e-08	0.000000e+00	0.000000e+00	0.000000e+00	
407	3.885000e-08	0.000000e+00	0.000000e+00	0.000000e+00	
408	3.895000e-08	0.000000e+00	0.000000e+00	0.000000e+00	
409	3.905000e-08	0.000000e+00	0.000000e+00	0.000000e+00	
410	3.915000e-08	0.000000e+00	0.000000e+00	0.000000e+00	
411	3.925000e-08	0.000000e+00	0.000000e+00	0.000000e+00	
412	3.935000e-08	0.000000e+00	0.000000e+00	0.000000e+00	
413	3.945000e-08	0.000000e+00	0.000000e+00	0.000000e+00	
414	3.955000e-08	0.000000e+00	0.000000e+00	0.000000e+00	
415	3.965000e-08	0.000000e+00	0.000000e+00	0.000000e+00	
416	3.975000e-08	0.000000e+00	0.000000e+00	0.000000e+00	
417	3.985000e-08	0.000000e+00	0.000000e+00	0.000000e+00	
418	3.995000e-08	0.000000e+00	0.000000e+00	0.000000e+00	
419	4.000000e-08	0.000000e+00	0.000000e+00	0.000000e+00	
420	4.001000e-08	0.000000e+00	0.000000e+00	0.000000e+00	
421	4.003000e-08	0.000000e+00	0.000000e+00	0.000000e+00	
422	4.007000e-08	0.000000e+00	0.000000e+00	0.000000e+00	
423	4.015000e-08	0.000000e+00	0.000000e+00	0.000000e+00	
424	4.025000e-08	0.000000e+00	0.000000e+00	0.000000e+00	
425	4.035000e-08	0.000000e+00	0.000000e+00	0.000000e+00	
426	4.045000e-08	0.000000e+00	0.000000e+00	0.000000e+00	
427	4.055000e-08	0.000000e+00	0.000000e+00	0.000000e+00	
428	4.065000e-08	0.000000e+00	0.000000e+00	0.000000e+00	
429	4.075000e-08	0.000000e+00	0.000000e+00	0.000000e+00	
430	4.085000e-08	0.000000e+00	0.000000e+00	0.000000e+00	
431	4.095000e-08	0.000000e+00	0.000000e+00	0.000000e+00	
432	4.100000e-08	0.000000e+00	0.000000e+00	0.000000e+00	
433	4.101000e-08	0.000000e+00	0.000000e+00	0.000000e+00	
434	4.103000e-08	0.000000e+00	0.000000e+00	0.000000e+00	
435	4.107000e-08	0.000000e+00	0.000000e+00	0.000000e+00	
436	4.115000e-08	0.000000e+00	0.000000e+00	0.000000e+00	
437	4.125000e-08	0.000000e+00	0.000000e+00	0.000000e+00	
438	4.135000e-08	0.000000e+00	0.000000e+00	0.000000e+00	
439	4.145000e-08	0.000000e+00	0.000000e+00	0.000000e+00	
440	4.155000e-08	0.000000e+00	0.000000e+00	0.000000e+00	
441	4.165000e-08	0.000000e+00	0.000000e+00	0.000000e+00	
442	4.175000e-08	0.000000e+00	0.000000e+00	0.000000e+00	
443	4.185000e-08	0.000000e+00	0.000000e+00	0.000000e+00	
444	4.195000e-08	0.000000e+00	0.000000e+00	0.000000e+00	
445	4.205000e-08	0.000000e+00	0.000000e+00	0.000000e+00	
446	4.215000e-08	0.000000e+00	0.000000e+00	0.000000e+00	
447	4.225000e-08	0.000000e+00	0.000000e+00	0.000000e+00	
448	4.235000e-08	0.000000e+00	0.000000e+00	0.000000e+00	
449	4.245000e-08	0.000000e+00	0.000000e+00	0.000000e+00	
450	4.255000e-08	0.000000e+00	0.000000e+00	0.000000e+00	
451	4.265000e-08	0.000000e+00	0.000000e+00	0.000000e+00	
452	4.275000e-08	0.000000e+00	0.000000e+00	0.000000e+00	
453	4.285000e-08	0.000000e+00	0.000000e+00	0.000000e+00	
454	4.295000e-08	0.000000e+00	0.000000e+00	0.000000e+00	
455	4.305000e-08	0.000000e+00	0.000000e+00	0.000000e+00	
456	4.315000e-08	0.000000e+00	0.000000e+00	0.000000e+00	
457	4.325000e-08	0.000000e+00	0.000000e+00	0.000000e+00	
458	4.335000e-08	0.000000e+00	0.000000e+00	0.000000e+00	
459	4.345000e-08	0.000000e+00	0.000000e+00	0.000000e+00	
460	4.355000e-08	0.000000e+00	0.000000e+00	0.000000e+00	

Index   time            v(drvc)         v(rac)          v(rbc)          
--------------------------------------------------------------------------------
461	4.365000e-08	0.000000e+00	0.000000e+00	0.000000e+00	
462	4.375000e-08	0.000000e+00	0.000000e+00	0.000000e+00	
463	4.385000e-08	0.000000e+00	0.000000e+00	0.000000e+00	
464	4.395000e-08	0.000000e+00	0.000000e+00	0.000000e+00	
465	4.400000e-08	0.000000e+00	0.000000e+00	0.000000e+00	
466	4.401000e-08	0.000000e+00	0.000000e+00	0.000000e+00	
467	4.403000e-08	0.000000e+00	0.000000e+00	0.000000e+00	
468	4.407000e-08	0.000000e+00	0.000000e+00	0.000000e+00	
469	4.415000e-08	0.000000e+00	0.000000e+00	0.000000e+00	
470	4.425000e-08	0.000000e+00	0.000000e+00	0.000000e+00	
471	4.435000e-08	0.000000e+00	0.000000e+00	0.000000e+00	
472	4.445000e-08	0.000000e+00	0.000000e+00	0.000000e+00	
473	4.455000e-08	0.000000e+00	0.000000e+00	0.000000e+00	
474	4.465000e-08	0.000000e+00	0.000000e+00	0.000000e+00	
475	4.475000e-08	0.000000e+00	0.000000e+00	0.000000e+00	
476	4.485000e-08	0.000000e+00	0.000000e+00	0.000000e+00	
477	4.495000e-08	0.000000e+00	0.000000e+00	0.000000e+00	
478	4.500000e-08	0.000000e+00	0.000000e+00	0.000000e+00	
479	4.501000e-08	0.000000e+00	0.000000e+00	0.000000e+00	
480	4.503000e-08	0.000000e+00	0.000000e+00	0.000000e+00	
481	4.507000e-08	0.000000e+00	0.000000e+00	0.000000e+00	
482	4.515000e-08	0.000000e+00	0.000000e+00	0.000000e+00	
483	4.525000e-08	0.000000e+00	0.000000e+00	0.000000e+00	
484	4.535000e-08	0.000000e+00	0.000000e+00	0.000000e+00	
485	4.545000e-08	0.000000e+00	0.000000e+00	0.000000e+00	
486	4.555000e-08	0.000000e+00	0.000000e+00	0.000000e+00	
487	4.565000e-08	0.000000e+00	0.000000e+00	0.000000e+00	
488	4.575000e-08	0.000000e+00	0.000000e+00	0.000000e+00	
489	4.585000e-08	0.000000e+00	0.000000e+00	0.000000e+00	
490	4.595000e-08	0.000000e+00	0.000000e+00	0.000000e+00	
491	4.605000e-08	0.000000e+00	0.000000e+00	0.000000e+00	
492	4.615000e-08	0.000000e+00	0.000000e+00	0.000000e+00	
493	4.625000e-08	0.000000e+00	0.000000e+00	0.000000e+00	
494	4.635000e-08	0.000000e+00	0.000000e+00	0.000000e+00	
495	4.645000e-08	0.000000e+00	0.000000e+00	0.000000e+00	
496	4.655000e-08	0.000000e+00	0.000000e+00	0.000000e+00	
497	4.665000e-08	0.000000e+00	0.000000e+00	0.000000e+00	
498	4.675000e-08	0.000000e+00	0.000000e+00	0.000000e+00	
499	4.685000e-08	0.000000e+00	0.000000e+00	0.000000e+00	
500	4.695000e-08	0.000000e+00	0.000000e+00	0.000000e+00	
501	4.705000e-08	0.000000e+00	0.000000e+00	0.000000e+00	
502	4.715000e-08	0.000000e+00	0.000000e+00	0.000000e+00	
503	4.725000e-08	0.000000e+00	0.000000e+00	0.000000e+00	
504	4.735000e-08	0.000000e+00	0.000000e+00	0.000000e+00	
505	4.745000e-08	0.000000e+00	0.000000e+00	0.000000e+00	
506	4.755000e-08	0.000000e+00	0.000000e+00	0.000000e+00	
507	4.765000e-08	0.000000e+00	0.000000e+00	0.000000e+00	
508	4.775000e-08	0.000000e+00	0.000000e+00	0.000000e+00	
509	4.785000e-08	0.000000e+00	0.000000e+00	0.000000e+00	
510	4.795000e-08	0.000000e+00	0.000000e+00	0.000000e+00	
511	4.805000e-08	0.000000e+00	0.000000e+00	0.000000e+00	
512	4.815000e-08	0.000000e+00	0.000000e+00	0.000000e+00	
513	4.825000e-08	0.000000e+00	0.000000e+00	0.000000e+00	
514	4.835000e-08	0.000000e+00	0.000000e+00	0.000000e+00	
515	4.845000e-08	0.000000e+00	0.000000e+00	0.000000e+00	
516	4.855000e-08	0.000000e+00	0.000000e+00	0.000000e+00	
517	4.865000e-08	0.000000e+00	0.000000e+00	0.000000e+00	
518	4.875000e-08	0.000000e+00	0.000000e+00	0.000000e+00	

Index   time            v(drvc)         v(rac)          v(rbc)          
--------------------------------------------------------------------------------
519	4.885000e-08	0.000000e+00	0.000000e+00	0.000000e+00	
520	4.895000e-08	0.000000e+00	0.000000e+00	0.000000e+00	
521	4.905000e-08	0.000000e+00	0.000000e+00	0.000000e+00	
522	4.915000e-08	0.000000e+00	0.000000e+00	0.000000e+00	
523	4.925000e-08	0.000000e+00	0.000000e+00	0.000000e+00	
524	4.935000e-08	0.000000e+00	0.000000e+00	0.000000e+00	
525	4.945000e-08	0.000000e+00	0.000000e+00	0.000000e+00	
526	4.955000e-08	0.000000e+00	0.000000e+00	0.000000e+00	
527	4.965000e-08	0.000000e+00	0.000000e+00	0.000000e+00	
528	4.975000e-08	0.000000e+00	0.000000e+00	0.000000e+00	
529	4.985000e-08	0.000000e+00	0.000000e+00	0.000000e+00	
530	4.995000e-08	0.000000e+00	0.000000e+00	0.000000e+00	
531	5.005000e-08	0.000000e+00	0.000000e+00	0.000000e+00	
532	5.015000e-08	0.000000e+00	0.000000e+00	0.000000e+00	
533	5.025000e-08	0.000000e+00	0.000000e+00	0.000000e+00	
534	5.035000e-08	0.000000e+00	0.000000e+00	0.000000e+00	
535	5.045000e-08	0.000000e+00	0.000000e+00	0.000000e+00	
536	5.055000e-08	0.000000e+00	0.000000e+00	0.000000e+00	
537	5.065000e-08	0.000000e+00	0.000000e+00	0.000000e+00	
538	5.075000e-08	0.000000e+00	0.000000e+00	0.000000e+00	
539	5.085000e-08	0.000000e+00	0.000000e+00	0.000000e+00	
540	5.095000e-08	0.000000e+00	0.000000e+00	0.000000e+00	
541	5.105000e-08	0.000000e+00	0.000000e+00	0.000000e+00	
542	5.115000e-08	0.000000e+00	0.000000e+00	0.000000e+00	
543	5.125000e-08	0.000000e+00	0.000000e+00	0.000000e+00	
544	5.135000e-08	0.000000e+00	0.000000e+00	0.000000e+00	
545	5.145000e-08	0.000000e+00	0.000000e+00	0.000000e+00	
546	5.155000e-08	0.000000e+00	0.000000e+00	0.000000e+00	
547	5.165000e-08	0.000000e+00	0.000000e+00	0.000000e+00	
548	5.175000e-08	0.000000e+00	0.000000e+00	0.000000e+00	
549	5.185000e-08	0.000000e+00	0.000000e+00	0.000000e+00	
550	5.195000e-08	0.000000e+00	0.000000e+00	0.000000e+00	
551	5.205000e-08	0.000000e+00	0.000000e+00	0.000000e+00	
552	5.215000e-08	0.000000e+00	0.000000e+00	0.000000e+00	
553	5.225000e-08	0.000000e+00	0.000000e+00	0.000000e+00	
554	5.235000e-08	0.000000e+00	0.000000e+00	0.000000e+00	
555	5.245000e-08	0.000000e+00	0.000000e+00	0.000000e+00	
556	5.255000e-08	0.000000e+00	0.000000e+00	0.000000e+00	
557	5.265000e-08	0.000000e+00	0.000000e+00	0.000000e+00	
558	5.275000e-08	0.000000e+00	0.000000e+00	0.000000e+00	
559	5.285000e-08	0.000000e+00	0.000000e+00	0.000000e+00	
560	5.295000e-08	0.000000e+00	0.000000e+00	0.000000e+00	
561	5.305000e-08	0.000000e+00	0.000000e+00	0.000000e+00	
562	5.315000e-08	0.000000e+00	0.000000e+00	0.000000e+00	
563	5.325000e-08	0.000000e+00	0.000000e+00	0.000000e+00	
564	5.335000e-08	0.000000e+00	0.000000e+00	0.000000e+00	
565	5.345000e-08	0.000000e+00	0.000000e+00	0.000000e+00	
566	5.355000e-08	0.000000e+00	0.000000e+00	0.000000e+00	
567	5.365000e-08	0.000000e+00	0.000000e+00	0.000000e+00	
568	5.375000e-08	0.000000e+00	0.000000e+00	0.000000e+00	
569	5.385000e-08	0.000000e+00	0.000000e+00	0.000000e+00	
570	5.395000e-08	0.000000e+00	0.000000e+00	0.000000e+00	
571	5.405000e-08	0.000000e+00	0.000000e+00	0.000000e+00	
572	5.415000e-08	0.000000e+00	0.000000e+00	0.000000e+00	
573	5.425000e-08	0.000000e+00	0.000000e+00	0.000000e+00	
574	5.435000e-08	0.000000e+00	0.000000e+00	0.000000e+00	
575	5.445000e-08	0.000000e+00	0.000000e+00	0.000000e+00	
576	5.455000e-08	0.000000e+00	0.000000e+00	0.000000e+00	

Index   time            v(drvc)         v(rac)          v(rbc)          
--------------------------------------------------------------------------------
577	5.465000e-08	0.000000e+00	0.000000e+00	0.000000e+00	
578	5.475000e-08	0.000000e+00	0.000000e+00	0.000000e+00	
579	5.485000e-08	0.000000e+00	0.000000e+00	0.000000e+00	
580	5.495000e-08	0.000000e+00	0.000000e+00	0.000000e+00	
581	5.505000e-08	0.000000e+00	0.000000e+00	0.000000e+00	
582	5.515000e-08	0.000000e+00	0.000000e+00	0.000000e+00	
583	5.525000e-08	0.000000e+00	0.000000e+00	0.000000e+00	
584	5.535000e-08	0.000000e+00	0.000000e+00	0.000000e+00	
585	5.545000e-08	0.000000e+00	0.000000e+00	0.000000e+00	
586	5.555000e-08	0.000000e+00	0.000000e+00	0.000000e+00	
587	5.565000e-08	0.000000e+00	0.000000e+00	0.000000e+00	
588	5.575000e-08	0.000000e+00	0.000000e+00	0.000000e+00	
589	5.585000e-08	0.000000e+00	0.000000e+00	0.000000e+00	
590	5.595000e-08	0.000000e+00	0.000000e+00	0.000000e+00	
591	5.605000e-08	0.000000e+00	0.000000e+00	0.000000e+00	
592	5.615000e-08	0.000000e+00	0.000000e+00	0.000000e+00	
593	5.625000e-08	0.000000e+00	0.000000e+00	0.000000e+00	
594	5.635000e-08	0.000000e+00	0.000000e+00	0.000000e+00	
595	5.645000e-08	0.000000e+00	0.000000e+00	0.000000e+00	
596	5.655000e-08	0.000000e+00	0.000000e+00	0.000000e+00	
597	5.665000e-08	0.000000e+00	0.000000e+00	0.000000e+00	
598	5.675000e-08	0.000000e+00	0.000000e+00	0.000000e+00	
599	5.685000e-08	0.000000e+00	0.000000e+00	0.000000e+00	
600	5.695000e-08	0.000000e+00	0.000000e+00	0.000000e+00	
601	5.705000e-08	0.000000e+00	0.000000e+00	0.000000e+00	
602	5.715000e-08	0.000000e+00	0.000000e+00	0.000000e+00	
603	5.725000e-08	0.000000e+00	0.000000e+00	0.000000e+00	
604	5.735000e-08	0.000000e+00	0.000000e+00	0.000000e+00	
605	5.745000e-08	0.000000e+00	0.000000e+00	0.000000e+00	
606	5.755000e-08	0.000000e+00	0.000000e+00	0.000000e+00	
607	5.765000e-08	0.000000e+00	0.000000e+00	0.000000e+00	
608	5.775000e-08	0.000000e+00	0.000000e+00	0.000000e+00	
609	5.785000e-08	0.000000e+00	0.000000e+00	0.000000e+00	
610	5.795000e-08	0.000000e+00	0.000000e+00	0.000000e+00	
611	5.805000e-08	0.000000e+00	0.000000e+00	0.000000e+00	
612	5.815000e-08	0.000000e+00	0.000000e+00	0.000000e+00	
613	5.825000e-08	0.000000e+00	0.000000e+00	0.000000e+00	
614	5.835000e-08	0.000000e+00	0.000000e+00	0.000000e+00	
615	5.845000e-08	0.000000e+00	0.000000e+00	0.000000e+00	
616	5.855000e-08	0.000000e+00	0.000000e+00	0.000000e+00	
617	5.865000e-08	0.000000e+00	0.000000e+00	0.000000e+00	
618	5.875000e-08	0.000000e+00	0.000000e+00	0.000000e+00	
619	5.885000e-08	0.000000e+00	0.000000e+00	0.000000e+00	
620	5.895000e-08	0.000000e+00	0.000000e+00	0.000000e+00	
621	5.905000e-08	0.000000e+00	0.000000e+00	0.000000e+00	
622	5.915000e-08	0.000000e+00	0.000000e+00	0.000000e+00	
623	5.925000e-08	0.000000e+00	0.000000e+00	0.000000e+00	
624	5.935000e-08	0.000000e+00	0.000000e+00	0.000000e+00	
625	5.945000e-08	0.000000e+00	0.000000e+00	0.000000e+00	
626	5.955000e-08	0.000000e+00	0.000000e+00	0.000000e+00	
627	5.965000e-08	0.000000e+00	0.000000e+00	0.000000e+00	
628	5.975000e-08	0.000000e+00	0.000000e+00	0.000000e+00	
629	5.985000e-08	0.000000e+00	0.000000e+00	0.000000e+00	
630	5.995000e-08	0.000000e+00	0.000000e+00	0.000000e+00	
631	6.005000e-08	0.000000e+00	0.000000e+00	0.000000e+00	
632	6.015000e-08	0.000000e+00	0.000000e+00	0.000000e+00	
633	6.025000e-08	0.000000e+00	0.000000e+00	0.000000e+00	
634	6.035000e-08	0.000000e+00	0.000000e+00	0.000000e+00	

Index   time            v(drvc)         v(rac)          v(rbc)          
--------------------------------------------------------------------------------
635	6.045000e-08	0.000000e+00	0.000000e+00	0.000000e+00	
636	6.055000e-08	0.000000e+00	0.000000e+00	0.000000e+00	
637	6.065000e-08	0.000000e+00	0.000000e+00	0.000000e+00	
638	6.075000e-08	0.000000e+00	0.000000e+00	0.000000e+00	
639	6.085000e-08	0.000000e+00	0.000000e+00	0.000000e+00	
640	6.095000e-08	0.000000e+00	0.000000e+00	0.000000e+00	
641	6.105000e-08	0.000000e+00	0.000000e+00	0.000000e+00	
642	6.115000e-08	0.000000e+00	0.000000e+00	0.000000e+00	
643	6.125000e-08	0.000000e+00	0.000000e+00	0.000000e+00	
644	6.135000e-08	0.000000e+00	0.000000e+00	0.000000e+00	
645	6.145000e-08	0.000000e+00	0.000000e+00	0.000000e+00	
646	6.155000e-08	0.000000e+00	0.000000e+00	0.000000e+00	
647	6.165000e-08	0.000000e+00	0.000000e+00	0.000000e+00	
648	6.175000e-08	0.000000e+00	0.000000e+00	0.000000e+00	
649	6.185000e-08	0.000000e+00	0.000000e+00	0.000000e+00	
650	6.195000e-08	0.000000e+00	0.000000e+00	0.000000e+00	
651	6.205000e-08	0.000000e+00	0.000000e+00	0.000000e+00	
652	6.215000e-08	0.000000e+00	0.000000e+00	0.000000e+00	
653	6.225000e-08	0.000000e+00	0.000000e+00	0.000000e+00	
654	6.235000e-08	0.000000e+00	0.000000e+00	0.000000e+00	
655	6.245000e-08	0.000000e+00	0.000000e+00	0.000000e+00	
656	6.255000e-08	0.000000e+00	0.000000e+00	0.000000e+00	
657	6.265000e-08	0.000000e+00	0.000000e+00	0.000000e+00	
658	6.275000e-08	0.000000e+00	0.000000e+00	0.000000e+00	
659	6.285000e-08	0.000000e+00	0.000000e+00	0.000000e+00	
660	6.295000e-08	0.000000e+00	0.000000e+00	0.000000e+00	
661	6.305000e-08	0.000000e+00	0.000000e+00	0.000000e+00	
662	6.315000e-08	0.000000e+00	0.000000e+00	0.000000e+00	
663	6.325000e-08	0.000000e+00	0.000000e+00	0.000000e+00	
664	6.335000e-08	0.000000e+00	0.000000e+00	0.000000e+00	
665	6.345000e-08	0.000000e+00	0.000000e+00	0.000000e+00	
666	6.355000e-08	0.000000e+00	0.000000e+00	0.000000e+00	
667	6.365000e-08	0.000000e+00	0.000000e+00	0.000000e+00	
668	6.375000e-08	0.000000e+00	0.000000e+00	0.000000e+00	
669	6.385000e-08	0.000000e+00	0.000000e+00	0.000000e+00	
670	6.395000e-08	0.000000e+00	0.000000e+00	0.000000e+00	
671	6.405000e-08	0.000000e+00	0.000000e+00	0.000000e+00	
672	6.415000e-08	0.000000e+00	0.000000e+00	0.000000e+00	
673	6.425000e-08	0.000000e+00	0.000000e+00	0.000000e+00	
674	6.435000e-08	0.000000e+00	0.000000e+00	0.000000e+00	
675	6.445000e-08	0.000000e+00	0.000000e+00	0.000000e+00	
676	6.455000e-08	0.000000e+00	0.000000e+00	0.000000e+00	
677	6.465000e-08	0.000000e+00	0.000000e+00	0.000000e+00	
678	6.475000e-08	0.000000e+00	0.000000e+00	0.000000e+00	
679	6.485000e-08	0.000000e+00	0.000000e+00	0.000000e+00	
680	6.495000e-08	0.000000e+00	0.000000e+00	0.000000e+00	
681	6.505000e-08	0.000000e+00	0.000000e+00	0.000000e+00	
682	6.515000e-08	0.000000e+00	0.000000e+00	0.000000e+00	
683	6.525000e-08	0.000000e+00	0.000000e+00	0.000000e+00	
684	6.535000e-08	0.000000e+00	0.000000e+00	0.000000e+00	
685	6.545000e-08	0.000000e+00	0.000000e+00	0.000000e+00	
686	6.555000e-08	0.000000e+00	0.000000e+00	0.000000e+00	
687	6.565000e-08	0.000000e+00	0.000000e+00	0.000000e+00	
688	6.575000e-08	0.000000e+00	0.000000e+00	0.000000e+00	
689	6.585000e-08	0.000000e+00	0.000000e+00	0.000000e+00	
690	6.595000e-08	0.000000e+00	0.000000e+00	0.000000e+00	
691	6.605000e-08	0.000000e+00	0.000000e+00	0.000000e+00	
692	6.615000e-08	0.000000e+00	0.000000e+00	0.000000e+00	

Index   time            v(drvc)         v(rac)          v(rbc)          
--------------------------------------------------------------------------------
693	6.625000e-08	0.000000e+00	0.000000e+00	0.000000e+00	
694	6.635000e-08	0.000000e+00	0.000000e+00	0.000000e+00	
695	6.645000e-08	0.000000e+00	0.000000e+00	0.000000e+00	
696	6.655000e-08	0.000000e+00	0.000000e+00	0.000000e+00	
697	6.665000e-08	0.000000e+00	0.000000e+00	0.000000e+00	
698	6.675000e-08	0.000000e+00	0.000000e+00	0.000000e+00	
699	6.685000e-08	0.000000e+00	0.000000e+00	0.000000e+00	
700	6.695000e-08	0.000000e+00	0.000000e+00	0.000000e+00	
701	6.705000e-08	0.000000e+00	0.000000e+00	0.000000e+00	
702	6.715000e-08	0.000000e+00	0.000000e+00	0.000000e+00	
703	6.725000e-08	0.000000e+00	0.000000e+00	0.000000e+00	
704	6.735000e-08	0.000000e+00	0.000000e+00	0.000000e+00	
705	6.745000e-08	0.000000e+00	0.000000e+00	0.000000e+00	
706	6.755000e-08	0.000000e+00	0.000000e+00	0.000000e+00	
707	6.765000e-08	0.000000e+00	0.000000e+00	0.000000e+00	
708	6.775000e-08	0.000000e+00	0.000000e+00	0.000000e+00	
709	6.785000e-08	0.000000e+00	0.000000e+00	0.000000e+00	
710	6.795000e-08	0.000000e+00	0.000000e+00	0.000000e+00	
711	6.805000e-08	0.000000e+00	0.000000e+00	0.000000e+00	
712	6.815000e-08	0.000000e+00	0.000000e+00	0.000000e+00	
713	6.825000e-08	0.000000e+00	0.000000e+00	0.000000e+00	
714	6.835000e-08	0.000000e+00	0.000000e+00	0.000000e+00	
715	6.845000e-08	0.000000e+00	0.000000e+00	0.000000e+00	
716	6.855000e-08	0.000000e+00	0.000000e+00	0.000000e+00	
717	6.865000e-08	0.000000e+00	0.000000e+00	0.000000e+00	
718	6.875000e-08	0.000000e+00	0.000000e+00	0.000000e+00	
719	6.885000e-08	0.000000e+00	0.000000e+00	0.000000e+00	
720	6.895000e-08	0.000000e+00	0.000000e+00	0.000000e+00	
721	6.905000e-08	0.000000e+00	0.000000e+00	0.000000e+00	
722	6.915000e-08	0.000000e+00	0.000000e+00	0.000000e+00	
723	6.925000e-08	0.000000e+00	0.000000e+00	0.000000e+00	
724	6.935000e-08	0.000000e+00	0.000000e+00	0.000000e+00	
725	6.945000e-08	0.000000e+00	0.000000e+00	0.000000e+00	
726	6.955000e-08	0.000000e+00	0.000000e+00	0.000000e+00	
727	6.965000e-08	0.000000e+00	0.000000e+00	0.000000e+00	
728	6.975000e-08	0.000000e+00	0.000000e+00	0.000000e+00	
729	6.985000e-08	0.000000e+00	0.000000e+00	0.000000e+00	
730	6.995000e-08	0.000000e+00	0.000000e+00	0.000000e+00	
731	7.005000e-08	0.000000e+00	0.000000e+00	0.000000e+00	
732	7.015000e-08	0.000000e+00	0.000000e+00	0.000000e+00	
733	7.025000e-08	0.000000e+00	0.000000e+00	0.000000e+00	
734	7.035000e-08	0.000000e+00	0.000000e+00	0.000000e+00	
735	7.045000e-08	0.000000e+00	0.000000e+00	0.000000e+00	
736	7.055000e-08	0.000000e+00	0.000000e+00	0.000000e+00	
737	7.065000e-08	0.000000e+00	0.000000e+00	0.000000e+00	
738	7.075000e-08	0.000000e+00	0.000000e+00	0.000000e+00	
739	7.085000e-08	0.000000e+00	0.000000e+00	0.000000e+00	
740	7.095000e-08	0.000000e+00	0.000000e+00	0.000000e+00	
741	7.105000e-08	0.000000e+00	0.000000e+00	0.000000e+00	
742	7.115000e-08	0.000000e+00	0.000000e+00	0.000000e+00	
743	7.125000e-08	0.000000e+00	0.000000e+00	0.000000e+00	
744	7.135000e-08	0.000000e+00	0.000000e+00	0.000000e+00	
745	7.145000e-08	0.000000e+00	0.000000e+00	0.000000e+00	
746	7.155000e-08	0.000000e+00	0.000000e+00	0.000000e+00	
747	7.165000e-08	0.000000e+00	0.000000e+00	0.000000e+00	
748	7.175000e-08	0.000000e+00	0.000000e+00	0.000000e+00	
749	7.185000e-08	0.000000e+00	0.000000e+00	0.000000e+00	
750	7.195000e-08	0.000000e+00	0.000000e+00	0.000000e+00	

Index   time            v(drvc)         v(rac)          v(rbc)          
--------------------------------------------------------------------------------
751	7.205000e-08	0.000000e+00	0.000000e+00	0.000000e+00	
752	7.215000e-08	0.000000e+00	0.000000e+00	0.000000e+00	
753	7.225000e-08	0.000000e+00	0.000000e+00	0.000000e+00	
754	7.235000e-08	0.000000e+00	0.000000e+00	0.000000e+00	
755	7.245000e-08	0.000000e+00	0.000000e+00	0.000000e+00	
756	7.255000e-08	0.000000e+00	0.000000e+00	0.000000e+00	
757	7.265000e-08	0.000000e+00	0.000000e+00	0.000000e+00	
758	7.275000e-08	0.000000e+00	0.000000e+00	0.000000e+00	
759	7.285000e-08	0.000000e+00	0.000000e+00	0.000000e+00	
760	7.295000e-08	0.000000e+00	0.000000e+00	0.000000e+00	
761	7.305000e-08	0.000000e+00	0.000000e+00	0.000000e+00	
762	7.315000e-08	0.000000e+00	0.000000e+00	0.000000e+00	
763	7.325000e-08	0.000000e+00	0.000000e+00	0.000000e+00	
764	7.335000e-08	0.000000e+00	0.000000e+00	0.000000e+00	
765	7.345000e-08	0.000000e+00	0.000000e+00	0.000000e+00	
766	7.355000e-08	0.000000e+00	0.000000e+00	0.000000e+00	
767	7.365000e-08	0.000000e+00	0.000000e+00	0.000000e+00	
768	7.375000e-08	0.000000e+00	0.000000e+00	0.000000e+00	
769	7.385000e-08	0.000000e+00	0.000000e+00	0.000000e+00	
770	7.395000e-08	0.000000e+00	0.000000e+00	0.000000e+00	
771	7.405000e-08	0.000000e+00	0.000000e+00	0.000000e+00	
772	7.415000e-08	0.000000e+00	0.000000e+00	0.000000e+00	
773	7.425000e-08	0.000000e+00	0.000000e+00	0.000000e+00	
774	7.435000e-08	0.000000e+00	0.000000e+00	0.000000e+00	
775	7.445000e-08	0.000000e+00	0.000000e+00	0.000000e+00	
776	7.455000e-08	0.000000e+00	0.000000e+00	0.000000e+00	
777	7.465000e-08	0.000000e+00	0.000000e+00	0.000000e+00	
778	7.475000e-08	0.000000e+00	0.000000e+00	0.000000e+00	
779	7.485000e-08	0.000000e+00	0.000000e+00	0.000000e+00	
780	7.495000e-08	0.000000e+00	0.000000e+00	0.000000e+00	
781	7.505000e-08	0.000000e+00	0.000000e+00	0.000000e+00	
782	7.515000e-08	0.000000e+00	0.000000e+00	0.000000e+00	
783	7.525000e-08	0.000000e+00	0.000000e+00	0.000000e+00	
784	7.535000e-08	0.000000e+00	0.000000e+00	0.000000e+00	
785	7.545000e-08	0.000000e+00	0.000000e+00	0.000000e+00	
786	7.555000e-08	0.000000e+00	0.000000e+00	0.000000e+00	
787	7.565000e-08	0.000000e+00	0.000000e+00	0.000000e+00	
788	7.575000e-08	0.000000e+00	0.000000e+00	0.000000e+00	
789	7.585000e-08	0.000000e+00	0.000000e+00	0.000000e+00	
790	7.595000e-08	0.000000e+00	0.000000e+00	0.000000e+00	
791	7.605000e-08	0.000000e+00	0.000000e+00	0.000000e+00	
792	7.615000e-08	0.000000e+00	0.000000e+00	0.000000e+00	
793	7.625000e-08	0.000000e+00	0.000000e+00	0.000000e+00	
794	7.635000e-08	0.000000e+00	0.000000e+00	0.000000e+00	
795	7.645000e-08	0.000000e+00	0.000000e+00	0.000000e+00	
796	7.655000e-08	0.000000e+00	0.000000e+00	0.000000e+00	
797	7.665000e-08	0.000000e+00	0.000000e+00	0.000000e+00	
798	7.675000e-08	0.000000e+00	0.000000e+00	0.000000e+00	
799	7.685000e-08	0.000000e+00	0.000000e+00	0.000000e+00	
800	7.695000e-08	0.000000e+00	0.000000e+00	0.000000e+00	
801	7.705000e-08	0.000000e+00	0.000000e+00	0.000000e+00	
802	7.715000e-08	0.000000e+00	0.000000e+00	0.000000e+00	
803	7.725000e-08	0.000000e+00	0.000000e+00	0.000000e+00	
804	7.735000e-08	0.000000e+00	0.000000e+00	0.000000e+00	
805	7.745000e-08	0.000000e+00	0.000000e+00	0.000000e+00	
806	7.755000e-08	0.000000e+00	0.000000e+00	0.000000e+00	
807	7.765000e-08	0.000000e+00	0.000000e+00	0.000000e+00	
808	7.775000e-08	0.000000e+00	0.000000e+00	0.000000e+00	

Index   time            v(drvc)         v(rac)          v(rbc)          
--------------------------------------------------------------------------------
809	7.785000e-08	0.000000e+00	0.000000e+00	0.000000e+00	
810	7.795000e-08	0.000000e+00	0.000000e+00	0.000000e+00	
811	7.805000e-08	0.000000e+00	0.000000e+00	0.000000e+00	
812	7.815000e-08	0.000000e+00	0.000000e+00	0.000000e+00	
813	7.825000e-08	0.000000e+00	0.000000e+00	0.000000e+00	
814	7.835000e-08	0.000000e+00	0.000000e+00	0.000000e+00	
815	7.845000e-08	0.000000e+00	0.000000e+00	0.000000e+00	
816	7.855000e-08	0.000000e+00	0.000000e+00	0.000000e+00	
817	7.865000e-08	0.000000e+00	0.000000e+00	0.000000e+00	
818	7.875000e-08	0.000000e+00	0.000000e+00	0.000000e+00	
819	7.885000e-08	0.000000e+00	0.000000e+00	0.000000e+00	
820	7.895000e-08	0.000000e+00	0.000000e+00	0.000000e+00	
821	7.905000e-08	0.000000e+00	0.000000e+00	0.000000e+00	
822	7.915000e-08	0.000000e+00	0.000000e+00	0.000000e+00	
823	7.925000e-08	0.000000e+00	0.000000e+00	0.000000e+00	
824	7.935000e-08	0.000000e+00	0.000000e+00	0.000000e+00	
825	7.945000e-08	0.000000e+00	0.000000e+00	0.000000e+00	
826	7.955000e-08	0.000000e+00	0.000000e+00	0.000000e+00	
827	7.965000e-08	0.000000e+00	0.000000e+00	0.000000e+00	
828	7.975000e-08	0.000000e+00	0.000000e+00	0.000000e+00	
829	7.985000e-08	0.000000e+00	0.000000e+00	0.000000e+00	
830	7.995000e-08	0.000000e+00	0.000000e+00	0.000000e+00	
831	8.005000e-08	0.000000e+00	0.000000e+00	0.000000e+00	
832	8.015000e-08	0.000000e+00	0.000000e+00	0.000000e+00	
833	8.025000e-08	0.000000e+00	0.000000e+00	0.000000e+00	
834	8.035000e-08	0.000000e+00	0.000000e+00	0.000000e+00	
835	8.045000e-08	0.000000e+00	0.000000e+00	0.000000e+00	
836	8.055000e-08	0.000000e+00	0.000000e+00	0.000000e+00	
837	8.065000e-08	0.000000e+00	0.000000e+00	0.000000e+00	
838	8.075000e-08	0.000000e+00	0.000000e+00	0.000000e+00	
839	8.085000e-08	0.000000e+00	0.000000e+00	0.000000e+00	
840	8.095000e-08	0.000000e+00	0.000000e+00	0.000000e+00	
841	8.105000e-08	0.000000e+00	0.000000e+00	0.000000e+00	
842	8.115000e-08	0.000000e+00	0.000000e+00	0.000000e+00	
843	8.125000e-08	0.000000e+00	0.000000e+00	0.000000e+00	
844	8.135000e-08	0.000000e+00	0.000000e+00	0.000000e+00	
845	8.145000e-08	0.000000e+00	0.000000e+00	0.000000e+00	
846	8.155000e-08	0.000000e+00	0.000000e+00	0.000000e+00	
847	8.165000e-08	0.000000e+00	0.000000e+00	0.000000e+00	
848	8.175000e-08	0.000000e+00	0.000000e+00	0.000000e+00	
849	8.185000e-08	0.000000e+00	0.000000e+00	0.000000e+00	
850	8.195000e-08	0.000000e+00	0.000000e+00	0.000000e+00	
851	8.205000e-08	0.000000e+00	0.000000e+00	0.000000e+00	
852	8.215000e-08	0.000000e+00	0.000000e+00	0.000000e+00	
853	8.225000e-08	0.000000e+00	0.000000e+00	0.000000e+00	
854	8.235000e-08	0.000000e+00	0.000000e+00	0.000000e+00	
855	8.245000e-08	0.000000e+00	0.000000e+00	0.000000e+00	
856	8.255000e-08	0.000000e+00	0.000000e+00	0.000000e+00	
857	8.265000e-08	0.000000e+00	0.000000e+00	0.000000e+00	
858	8.275000e-08	0.000000e+00	0.000000e+00	0.000000e+00	
859	8.285000e-08	0.000000e+00	0.000000e+00	0.000000e+00	
860	8.295000e-08	0.000000e+00	0.000000e+00	0.000000e+00	
861	8.305000e-08	0.000000e+00	0.000000e+00	0.000000e+00	
862	8.315000e-08	0.000000e+00	0.000000e+00	0.000000e+00	
863	8.325000e-08	0.000000e+00	0.000000e+00	0.000000e+00	
864	8.335000e-08	0.000000e+00	0.000000e+00	0.000000e+00	
865	8.345000e-08	0.000000e+00	0.000000e+00	0.000000e+00	
866	8.355000e-08	0.000000e+00	0.000000e+00	0.000000e+00	

Index   time            v(drvc)         v(rac)          v(rbc)          
--------------------------------------------------------------------------------
867	8.365000e-08	0.000000e+00	0.000000e+00	0.000000e+00	
868	8.375000e-08	0.000000e+00	0.000000e+00	0.000000e+00	
869	8.385000e-08	0.000000e+00	0.000000e+00	0.000000e+00	
870	8.395000e-08	0.000000e+00	0.000000e+00	0.000000e+00	
871	8.405000e-08	0.000000e+00	0.000000e+00	0.000000e+00	
872	8.415000e-08	0.000000e+00	0.000000e+00	0.000000e+00	
873	8.425000e-08	0.000000e+00	0.000000e+00	0.000000e+00	
874	8.435000e-08	0.000000e+00	0.000000e+00	0.000000e+00	
875	8.445000e-08	0.000000e+00	0.000000e+00	0.000000e+00	
876	8.455000e-08	0.000000e+00	0.000000e+00	0.000000e+00	
877	8.465000e-08	0.000000e+00	0.000000e+00	0.000000e+00	
878	8.475000e-08	0.000000e+00	0.000000e+00	0.000000e+00	
879	8.485000e-08	0.000000e+00	0.000000e+00	0.000000e+00	
880	8.495000e-08	0.000000e+00	0.000000e+00	0.000000e+00	
881	8.505000e-08	0.000000e+00	0.000000e+00	0.000000e+00	
882	8.515000e-08	0.000000e+00	0.000000e+00	0.000000e+00	
883	8.525000e-08	0.000000e+00	0.000000e+00	0.000000e+00	
884	8.535000e-08	0.000000e+00	0.000000e+00	0.000000e+00	
885	8.545000e-08	0.000000e+00	0.000000e+00	0.000000e+00	
886	8.555000e-08	0.000000e+00	0.000000e+00	0.000000e+00	
887	8.565000e-08	0.000000e+00	0.000000e+00	0.000000e+00	
888	8.575000e-08	0.000000e+00	0.000000e+00	0.000000e+00	
889	8.585000e-08	0.000000e+00	0.000000e+00	0.000000e+00	
890	8.595000e-08	0.000000e+00	0.000000e+00	0.000000e+00	
891	8.605000e-08	0.000000e+00	0.000000e+00	0.000000e+00	
892	8.615000e-08	0.000000e+00	0.000000e+00	0.000000e+00	
893	8.625000e-08	0.000000e+00	0.000000e+00	0.000000e+00	
894	8.635000e-08	0.000000e+00	0.000000e+00	0.000000e+00	
895	8.645000e-08	0.000000e+00	0.000000e+00	0.000000e+00	
896	8.655000e-08	0.000000e+00	0.000000e+00	0.000000e+00	
897	8.665000e-08	0.000000e+00	0.000000e+00	0.000000e+00	
898	8.675000e-08	0.000000e+00	0.000000e+00	0.000000e+00	
899	8.685000e-08	0.000000e+00	0.000000e+00	0.000000e+00	
900	8.695000e-08	0.000000e+00	0.000000e+00	0.000000e+00	
901	8.705000e-08	0.000000e+00	0.000000e+00	0.000000e+00	
902	8.715000e-08	0.000000e+00	0.000000e+00	0.000000e+00	
903	8.725000e-08	0.000000e+00	0.000000e+00	0.000000e+00	
904	8.735000e-08	0.000000e+00	0.000000e+00	0.000000e+00	
905	8.745000e-08	0.000000e+00	0.000000e+00	0.000000e+00	
906	8.755000e-08	0.000000e+00	0.000000e+00	0.000000e+00	
907	8.765000e-08	0.000000e+00	0.000000e+00	0.000000e+00	
908	8.775000e-08	0.000000e+00	0.000000e+00	0.000000e+00	
909	8.785000e-08	0.000000e+00	0.000000e+00	0.000000e+00	
910	8.795000e-08	0.000000e+00	0.000000e+00	0.000000e+00	
911	8.805000e-08	0.000000e+00	0.000000e+00	0.000000e+00	
912	8.815000e-08	0.000000e+00	0.000000e+00	0.000000e+00	
913	8.825000e-08	0.000000e+00	0.000000e+00	0.000000e+00	
914	8.835000e-08	0.000000e+00	0.000000e+00	0.000000e+00	
915	8.845000e-08	0.000000e+00	0.000000e+00	0.000000e+00	
916	8.855000e-08	0.000000e+00	0.000000e+00	0.000000e+00	
917	8.865000e-08	0.000000e+00	0.000000e+00	0.000000e+00	
918	8.875000e-08	0.000000e+00	0.000000e+00	0.000000e+00	
919	8.885000e-08	0.000000e+00	0.000000e+00	0.000000e+00	
920	8.895000e-08	0.000000e+00	0.000000e+00	0.000000e+00	
921	8.905000e-08	0.000000e+00	0.000000e+00	0.000000e+00	
922	8.915000e-08	0.000000e+00	0.000000e+00	0.000000e+00	
923	8.925000e-08	0.000000e+00	0.000000e+00	0.000000e+00	
924	8.935000e-08	0.000000e+00	0.000000e+00	0.000000e+00	

Index   time            v(drvc)         v(rac)          v(rbc)          
--------------------------------------------------------------------------------
925	8.945000e-08	0.000000e+00	0.000000e+00	0.000000e+00	
926	8.955000e-08	0.000000e+00	0.000000e+00	0.000000e+00	
927	8.965000e-08	0.000000e+00	0.000000e+00	0.000000e+00	
928	8.975000e-08	0.000000e+00	0.000000e+00	0.000000e+00	
929	8.985000e-08	0.000000e+00	0.000000e+00	0.000000e+00	
930	8.995000e-08	0.000000e+00	0.000000e+00	0.000000e+00	
931	9.005000e-08	0.000000e+00	0.000000e+00	0.000000e+00	
932	9.015000e-08	0.000000e+00	0.000000e+00	0.000000e+00	
933	9.025000e-08	0.000000e+00	0.000000e+00	0.000000e+00	
934	9.035000e-08	0.000000e+00	0.000000e+00	0.000000e+00	
935	9.045000e-08	0.000000e+00	0.000000e+00	0.000000e+00	
936	9.055000e-08	0.000000e+00	0.000000e+00	0.000000e+00	
937	9.065000e-08	0.000000e+00	0.000000e+00	0.000000e+00	
938	9.075000e-08	0.000000e+00	0.000000e+00	0.000000e+00	
939	9.085000e-08	0.000000e+00	0.000000e+00	0.000000e+00	
940	9.095000e-08	0.000000e+00	0.000000e+00	0.000000e+00	
941	9.105000e-08	0.000000e+00	0.000000e+00	0.000000e+00	
942	9.115000e-08	0.000000e+00	0.000000e+00	0.000000e+00	
943	9.125000e-08	0.000000e+00	0.000000e+00	0.000000e+00	
944	9.135000e-08	0.000000e+00	0.000000e+00	0.000000e+00	
945	9.145000e-08	0.000000e+00	0.000000e+00	0.000000e+00	
946	9.155000e-08	0.000000e+00	0.000000e+00	0.000000e+00	
947	9.165000e-08	0.000000e+00	0.000000e+00	0.000000e+00	
948	9.175000e-08	0.000000e+00	0.000000e+00	0.000000e+00	
949	9.185000e-08	0.000000e+00	0.000000e+00	0.000000e+00	
950	9.195000e-08	0.000000e+00	0.000000e+00	0.000000e+00	
951	9.205000e-08	0.000000e+00	0.000000e+00	0.000000e+00	
952	9.215000e-08	0.000000e+00	0.000000e+00	0.000000e+00	
953	9.225000e-08	0.000000e+00	0.000000e+00	0.000000e+00	
954	9.235000e-08	0.000000e+00	0.000000e+00	0.000000e+00	
955	9.245000e-08	0.000000e+00	0.000000e+00	0.000000e+00	
956	9.255000e-08	0.000000e+00	0.000000e+00	0.000000e+00	
957	9.265000e-08	0.000000e+00	0.000000e+00	0.000000e+00	
958	9.275000e-08	0.000000e+00	0.000000e+00	0.000000e+00	
959	9.285000e-08	0.000000e+00	0.000000e+00	0.000000e+00	
960	9.295000e-08	0.000000e+00	0.000000e+00	0.000000e+00	
961	9.305000e-08	0.000000e+00	0.000000e+00	0.000000e+00	
962	9.315000e-08	0.000000e+00	0.000000e+00	0.000000e+00	
963	9.325000e-08	0.000000e+00	0.000000e+00	0.000000e+00	
964	9.335000e-08	0.000000e+00	0.000000e+00	0.000000e+00	
965	9.345000e-08	0.000000e+00	0.000000e+00	0.000000e+00	
966	9.355000e-08	0.000000e+00	0.000000e+00	0.000000e+00	
967	9.365000e-08	0.000000e+00	0.000000e+00	0.000000e+00	
968	9.375000e-08	0.000000e+00	0.000000e+00	0.000000e+00	
969	9.385000e-08	0.000000e+00	0.000000e+00	0.000000e+00	
970	9.395000e-08	0.000000e+00	0.000000e+00	0.000000e+00	
971	9.405000e-08	0.000000e+00	0.000000e+00	0.000000e+00	
972	9.415000e-08	0.000000e+00	0.000000e+00	0.000000e+00	
973	9.425000e-08	0.000000e+00	0.000000e+00	0.000000e+00	
974	9.435000e-08	0.000000e+00	0.000000e+00	0.000000e+00	
975	9.445000e-08	0.000000e+00	0.000000e+00	0.000000e+00	
976	9.455000e-08	0.000000e+00	0.000000e+00	0.000000e+00	
977	9.465000e-08	0.000000e+00	0.000000e+00	0.000000e+00	
978	9.475000e-08	0.000000e+00	0.000000e+00	0.000000e+00	
979	9.485000e-08	0.000000e+00	0.000000e+00	0.000000e+00	
980	9.495000e-08	0.000000e+00	0.000000e+00	0.000000e+00	
981	9.505000e-08	0.000000e+00	0.000000e+00	0.000000e+00	
982	9.515000e-08	0.000000e+00	0.000000e+00	0.000000e+00	

Index   time            v(drvc)         v(rac)          v(rbc)          
--------------------------------------------------------------------------------
983	9.525000e-08	0.000000e+00	0.000000e+00	0.000000e+00	
984	9.535000e-08	0.000000e+00	0.000000e+00	0.000000e+00	
985	9.545000e-08	0.000000e+00	0.000000e+00	0.000000e+00	
986	9.555000e-08	0.000000e+00	0.000000e+00	0.000000e+00	
987	9.565000e-08	0.000000e+00	0.000000e+00	0.000000e+00	
988	9.575000e-08	0.000000e+00	0.000000e+00	0.000000e+00	
989	9.585000e-08	0.000000e+00	0.000000e+00	0.000000e+00	
990	9.595000e-08	0.000000e+00	0.000000e+00	0.000000e+00	
991	9.605000e-08	0.000000e+00	0.000000e+00	0.000000e+00	
992	9.615000e-08	0.000000e+00	0.000000e+00	0.000000e+00	
993	9.625000e-08	0.000000e+00	0.000000e+00	0.000000e+00	
994	9.635000e-08	0.000000e+00	0.000000e+00	0.000000e+00	
995	9.645000e-08	0.000000e+00	0.000000e+00	0.000000e+00	
996	9.655000e-08	0.000000e+00	0.000000e+00	0.000000e+00	
997	9.665000e-08	0.000000e+00	0.000000e+00	0.000000e+00	
998	9.675000e-08	0.000000e+00	0.000000e+00	0.000000e+00	
999	9.685000e-08	0.000000e+00	0.000000e+00	0.000000e+00	
1000	9.695000e-08	0.000000e+00	0.000000e+00	0.000000e+00	
1001	9.705000e-08	0.000000e+00	0.000000e+00	0.000000e+00	
1002	9.715000e-08	0.000000e+00	0.000000e+00	0.000000e+00	
1003	9.725000e-08	0.000000e+00	0.000000e+00	0.000000e+00	
1004	9.735000e-08	0.000000e+00	0.000000e+00	0.000000e+00	
1005	9.745000e-08	0.000000e+00	0.000000e+00	0.000000e+00	
1006	9.755000e-08	0.000000e+00	0.000000e+00	0.000000e+00	
1007	9.765000e-08	0.000000e+00	0.000000e+00	0.000000e+00	
1008	9.775000e-08	0.000000e+00	0.000000e+00	0.000000e+00	
1009	9.785000e-08	0.000000e+00	0.000000e+00	0.000000e+00	
1010	9.795000e-08	0.000000e+00	0.000000e+00	0.000000e+00	
1011	9.805000e-08	0.000000e+00	0.000000e+00	0.000000e+00	
1012	9.815000e-08	0.000000e+00	0.000000e+00	0.000000e+00	
1013	9.825000e-08	0.000000e+00	0.000000e+00	0.000000e+00	
1014	9.835000e-08	0.000000e+00	0.000000e+00	0.000000e+00	
1015	9.845000e-08	0.000000e+00	0.000000e+00	0.000000e+00	
1016	9.855000e-08	0.000000e+00	0.000000e+00	0.000000e+00	
1017	9.865000e-08	0.000000e+00	0.000000e+00	0.000000e+00	
1018	9.875000e-08	0.000000e+00	0.000000e+00	0.000000e+00	
1019	9.885000e-08	0.000000e+00	0.000000e+00	0.000000e+00	
1020	9.895000e-08	0.000000e+00	0.000000e+00	0.000000e+00	
1021	9.905000e-08	0.000000e+00	0.000000e+00	0.000000e+00	
1022	9.915000e-08	0.000000e+00	0.000000e+00	0.000000e+00	
1023	9.925000e-08	0.000000e+00	0.000000e+00	0.000000e+00	
1024	9.935000e-08	0.000000e+00	0.000000e+00	0.000000e+00	
1025	9.945000e-08	0.000000e+00	0.000000e+00	0.000000e+00	
1026	9.955000e-08	0.000000e+00	0.000000e+00	0.000000e+00	
1027	9.965000e-08	0.000000e+00	0.000000e+00	0.000000e+00	
1028	9.975000e-08	0.000000e+00	0.000000e+00	0.000000e+00	
1029	9.985000e-08	0.000000e+00	0.000000e+00	0.000000e+00	
1030	9.995000e-08	0.000000e+00	0.000000e+00	0.000000e+00	
1031	1.000000e-07	0.000000e+00	0.000000e+00	0.000000e+00	
1032	1.000100e-07	5.071847e-03	6.398326e-05	6.398326e-05	
1033	1.000300e-07	1.535596e-02	3.157260e-04	3.157250e-04	
1034	1.000700e-07	3.672986e-02	1.514779e-03	1.514749e-03	
1035	1.001500e-07	8.237611e-02	6.281182e-03	6.279282e-03	
1036	1.002500e-07	1.441652e-01	1.578613e-02	1.576613e-02	
1037	1.003500e-07	2.104103e-01	2.822794e-02	2.812980e-02	
1038	1.004500e-07	2.804567e-01	4.281393e-02	4.246889e-02	
1039	1.005500e-07	3.538604e-01	5.904608e-02	5.801351e-02	
1040	1.006500e-07	4.303470e-01	7.659394e-02	7.410645e-02	

Index   time            v(drvc)         v(rac)          v(rbc)          
--------------------------------------------------------------------------------
1041	1.007500e-07	5.096916e-01	9.513948e-02	9.057217e-02	
1042	1.008500e-07	5.916822e-01	1.144291e-01	1.074560e-01	
1043	1.009500e-07	6.761761e-01	1.343279e-01	1.245928e-01	
1044	1.010000e-07	7.193287e-01	1.444802e-01	1.332198e-01	
1045	1.010100e-07	7.229708e-01	1.464572e-01	1.348865e-01	
1046	1.010300e-07	7.301610e-01	1.502967e-01	1.380996e-01	
1047	1.010700e-07	7.440150e-01	1.573128e-01	1.438533e-01	
1048	1.011500e-07	7.699317e-01	1.690676e-01	1.530849e-01	
1049	1.012500e-07	7.996388e-01	1.803559e-01	1.612430e-01	
1050	1.013500e-07	8.270634e-01	1.890777e-01	1.666023e-01	
1051	1.014500e-07	8.527948e-01	1.960475e-01	1.699611e-01	
1052	1.015500e-07	8.772967e-01	2.016161e-01	1.719253e-01	
1053	1.016500e-07	9.009338e-01	2.059752e-01	1.729519e-01	
1054	1.017500e-07	9.239494e-01	2.094397e-01	1.733467e-01	
1055	1.018500e-07	9.464686e-01	2.124363e-01	1.732833e-01	
1056	1.019500e-07	9.685951e-01	2.151007e-01	1.728983e-01	
1057	1.020500e-07	9.904023e-01	2.175274e-01	1.722883e-01	
1058	1.021500e-07	1.011943e+00	2.197794e-01	1.715221e-01	
1059	1.022500e-07	1.033016e+00	2.229051e-01	1.704472e-01	
1060	1.023500e-07	1.052626e+00	2.306340e-01	1.682670e-01	
1061	1.024500e-07	1.070078e+00	2.434213e-01	1.645189e-01	
1062	1.025500e-07	1.085704e+00	2.573828e-01	1.596519e-01	
1063	1.026500e-07	1.099896e+00	2.707249e-01	1.541162e-01	
1064	1.027500e-07	1.112913e+00	2.831522e-01	1.482015e-01	
1065	1.028500e-07	1.124960e+00	2.946337e-01	1.421203e-01	
1066	1.029500e-07	1.136174e+00	3.053225e-01	1.360052e-01	
1067	1.030500e-07	1.146661e+00	3.153243e-01	1.299485e-01	
1068	1.031500e-07	1.156504e+00	3.247181e-01	1.240134e-01	
1069	1.032500e-07	1.165769e+00	3.335659e-01	1.182419e-01	
1070	1.033500e-07	1.174509e+00	3.419175e-01	1.126609e-01	
1071	1.034500e-07	1.182769e+00	3.498142e-01	1.072866e-01	
1072	1.035500e-07	1.190585e+00	3.572903e-01	1.021272e-01	
1073	1.036500e-07	1.197989e+00	3.643754e-01	9.718553e-02	
1074	1.037500e-07	1.205008e+00	3.710950e-01	9.246078e-02	
1075	1.038500e-07	1.211666e+00	3.774717e-01	8.794939e-02	
1076	1.039500e-07	1.217986e+00	3.835256e-01	8.364607e-02	
1077	1.040000e-07	1.221023e+00	3.864367e-01	8.157069e-02	
1078	1.040100e-07	1.216549e+00	3.869420e-01	8.109996e-02	
1079	1.040300e-07	1.207453e+00	3.878166e-01	8.004175e-02	
1080	1.040700e-07	1.188427e+00	3.887816e-01	7.727579e-02	
1081	1.041500e-07	1.147403e+00	3.878837e-01	6.959458e-02	
1082	1.042500e-07	1.091342e+00	3.821840e-01	5.693740e-02	
1083	1.043500e-07	1.030901e+00	3.722776e-01	4.199608e-02	
1084	1.044500e-07	9.668735e-01	3.589327e-01	2.568390e-02	
1085	1.045500e-07	8.998538e-01	3.427291e-01	8.647418e-03	
1086	1.046500e-07	8.302906e-01	3.241069e-01	-8.65916e-03	
1087	1.047500e-07	7.585258e-01	3.034043e-01	-2.59204e-02	
1088	1.048500e-07	6.848228e-01	2.808850e-01	-4.29209e-02	
1089	1.049500e-07	6.093871e-01	2.567586e-01	-5.95172e-02	
1090	1.050000e-07	5.710675e-01	2.441429e-01	-6.76352e-02	
1091	1.050100e-07	5.633505e-01	2.415714e-01	-6.92404e-02	
1092	1.050300e-07	5.478871e-01	2.364020e-01	-7.24400e-02	
1093	1.050700e-07	5.167866e-01	2.259068e-01	-7.87730e-02	
1094	1.051500e-07	4.539166e-01	2.043202e-01	-9.11671e-02	
1095	1.052500e-07	3.741346e-01	1.762917e-01	-1.06139e-01	
1096	1.053500e-07	2.930994e-01	1.471997e-01	-1.20526e-01	
1097	1.054500e-07	2.108780e-01	1.171490e-01	-1.34337e-01	
1098	1.055500e-07	1.275212e-01	8.624556e-02	-1.47592e-01	

Index   time            v(drvc)         v(rac)          v(rbc)          
--------------------------------------------------------------------------------
1099	1.056500e-07	4.306248e-02	5.460878e-02	-1.60324e-01	
1100	1.057500e-07	-4.24876e-02	2.239158e-02	-1.72580e-01	
1101	1.058500e-07	-1.29156e-01	-1.01724e-02	-1.84435e-01	
1102	1.059500e-07	-2.17047e-01	-4.26342e-02	-1.96021e-01	
1103	1.060000e-07	-2.61509e-01	-5.86280e-02	-2.01770e-01	
1104	1.060100e-07	-2.65382e-01	-6.17243e-02	-2.02858e-01	
1105	1.060300e-07	-2.73022e-01	-6.77690e-02	-2.04914e-01	
1106	1.060700e-07	-2.87688e-01	-7.90238e-02	-2.08358e-01	
1107	1.061500e-07	-3.14927e-01	-9.86349e-02	-2.13019e-01	
1108	1.062500e-07	-3.45818e-01	-1.18672e-01	-2.15633e-01	
1109	1.063500e-07	-3.74084e-01	-1.34829e-01	-2.15766e-01	
1110	1.064500e-07	-4.00459e-01	-1.48016e-01	-2.14303e-01	
1111	1.065500e-07	-4.25472e-01	-1.58897e-01	-2.11860e-01	
1112	1.066500e-07	-4.49506e-01	-1.67961e-01	-2.08865e-01	
1113	1.067500e-07	-4.72869e-01	-1.75443e-01	-2.05635e-01	
1114	1.068500e-07	-4.95781e-01	-1.81615e-01	-2.02379e-01	
1115	1.069500e-07	-5.18373e-01	-1.86811e-01	-1.99211e-01	
1116	1.070500e-07	-5.40753e-01	-1.91183e-01	-1.96212e-01	
1117	1.071500e-07	-5.62958e-01	-1.95038e-01	-1.93393e-01	
1118	1.072500e-07	-5.85076e-01	-1.98250e-01	-1.90808e-01	
1119	1.073500e-07	-6.07208e-01	-2.00700e-01	-1.88517e-01	
1120	1.074500e-07	-6.29366e-01	-2.02674e-01	-1.86497e-01	
1121	1.075500e-07	-6.51581e-01	-2.04216e-01	-1.84745e-01	
1122	1.076500e-07	-6.73618e-01	-2.05141e-01	-1.84333e-01	
1123	1.077500e-07	-6.95390e-01	-2.05128e-01	-1.85397e-01	
1124	1.078500e-07	-7.17080e-01	-2.03988e-01	-1.87151e-01	
1125	1.079500e-07	-7.38948e-01	-2.01326e-01	-1.89418e-01	
1126	1.080500e-07	-7.61048e-01	-1.97861e-01	-1.91970e-01	
1127	1.081500e-07	-7.83181e-01	-1.94802e-01	-1.94609e-01	
1128	1.082500e-07	-8.05291e-01	-1.92057e-01	-1.97280e-01	
1129	1.083500e-07	-8.27341e-01	-1.89562e-01	-1.99944e-01	
1130	1.084500e-07	-8.49305e-01	-1.87266e-01	-2.02577e-01	
1131	1.085500e-07	-8.71165e-01	-1.85133e-01	-2.05163e-01	
1132	1.086500e-07	-8.92907e-01	-1.83135e-01	-2.07693e-01	
1133	1.087500e-07	-9.14576e-01	-1.81293e-01	-2.09954e-01	
1134	1.088500e-07	-9.36183e-01	-1.79600e-01	-2.11982e-01	
1135	1.089500e-07	-9.57691e-01	-1.78009e-01	-2.14010e-01	
1136	1.090000e-07	-9.68399e-01	-1.77241e-01	-2.15048e-01	
1137	1.090100e-07	-9.65458e-01	-1.77022e-01	-2.15221e-01	
1138	1.090300e-07	-9.59434e-01	-1.76463e-01	-2.15439e-01	
1139	1.090700e-07	-9.46565e-01	-1.74673e-01	-2.15136e-01	
1140	1.091500e-07	-9.17861e-01	-1.68822e-01	-2.12043e-01	
1141	1.092500e-07	-8.77132e-01	-1.58171e-01	-2.04381e-01	
1142	1.093500e-07	-8.31532e-01	-1.44605e-01	-1.94746e-01	
1143	1.094500e-07	-7.81025e-01	-1.28415e-01	-1.86223e-01	
1144	1.095500e-07	-7.25851e-01	-1.10087e-01	-1.78535e-01	
1145	1.096500e-07	-6.66740e-01	-9.04635e-02	-1.69282e-01	
1146	1.097500e-07	-6.04340e-01	-7.02279e-02	-1.57527e-01	
1147	1.098500e-07	-5.39126e-01	-4.98454e-02	-1.43295e-01	
1148	1.099500e-07	-4.71454e-01	-2.96293e-02	-1.26838e-01	
1149	1.100000e-07	-4.36778e-01	-1.96481e-02	-1.17849e-01	
1150	1.100100e-07	-4.34841e-01	-1.77300e-02	-1.16052e-01	
1151	1.100300e-07	-4.31067e-01	-1.40246e-02	-1.12551e-01	
1152	1.100700e-07	-4.24079e-01	-7.35010e-03	-1.06076e-01	
1153	1.101500e-07	-4.12044e-01	3.475925e-03	-9.49504e-02	
1154	1.102500e-07	-3.99962e-01	1.320294e-02	-8.38321e-02	
1155	1.103500e-07	-3.90393e-01	1.976767e-02	-7.50764e-02	
1156	1.104500e-07	-3.82684e-01	2.406045e-02	-6.80636e-02	

Index   time            v(drvc)         v(rac)          v(rbc)          
--------------------------------------------------------------------------------
1157	1.105500e-07	-3.76362e-01	2.672594e-02	-6.23432e-02	
1158	1.106500e-07	-3.71079e-01	2.823090e-02	-5.75881e-02	
1159	1.107500e-07	-3.66583e-01	2.891315e-02	-5.35607e-02	
1160	1.108500e-07	-3.62690e-01	2.901709e-02	-5.00879e-02	
1161	1.109500e-07	-3.59264e-01	2.871929e-02	-4.70434e-02	
1162	1.110500e-07	-3.56205e-01	2.814722e-02	-4.43344e-02	
1163	1.111500e-07	-3.53438e-01	2.739268e-02	-4.18928e-02	
1164	1.112500e-07	-3.50909e-01	2.652161e-02	-3.96681e-02	
1165	1.113500e-07	-3.48576e-01	2.558119e-02	-3.76224e-02	
1166	1.114500e-07	-3.46409e-01	2.460503e-02	-3.57275e-02	
1167	1.115500e-07	-3.44383e-01	2.361684e-02	-3.39618e-02	
1168	1.116500e-07	-3.42480e-01	2.263324e-02	-3.23086e-02	
1169	1.117500e-07	-3.40687e-01	2.166566e-02	-3.07549e-02	
1170	1.118500e-07	-3.38991e-01	2.072183e-02	-2.92905e-02	
1171	1.119500e-07	-3.37384e-01	1.980676e-02	-2.79070e-02	
1172	1.120500e-07	-3.35858e-01	1.892358e-02	-2.65977e-02	
1173	1.121500e-07	-3.34407e-01	1.807401e-02	-2.53568e-02	
1174	1.122500e-07	-3.33026e-01	1.725880e-02	-2.41794e-02	
1175	1.123500e-07	-3.31710e-01	1.647804e-02	-2.30614e-02	
1176	1.124500e-07	-3.30455e-01	1.573130e-02	-2.19991e-02	
1177	1.125500e-07	-3.29257e-01	1.501787e-02	-2.09891e-02	
1178	1.126500e-07	-3.28114e-01	1.433678e-02	-2.00285e-02	
1179	1.127500e-07	-3.27022e-01	1.368695e-02	-1.91145e-02	
1180	1.128500e-07	-3.25979e-01	1.306721e-02	-1.82447e-02	
1181	1.129500e-07	-3.24982e-01	1.247635e-02	-1.74166e-02	
1182	1.130500e-07	-3.24029e-01	1.191316e-02	-1.66282e-02	
1183	1.131500e-07	-3.23118e-01	1.137643e-02	-1.58774e-02	
1184	1.132500e-07	-3.22247e-01	1.086495e-02	-1.51624e-02	
1185	1.133500e-07	-3.21413e-01	1.037758e-02	-1.44812e-02	
1186	1.134500e-07	-3.20616e-01	9.913184e-03	-1.38323e-02	
1187	1.135500e-07	-3.19853e-01	9.470689e-03	-1.32141e-02	
1188	1.136500e-07	-3.19122e-01	9.049053e-03	-1.26250e-02	
1189	1.137500e-07	-3.18423e-01	8.647281e-03	-1.20636e-02	
1190	1.138500e-07	-3.17754e-01	8.264420e-03	-1.15286e-02	
1191	1.139500e-07	-3.17112e-01	7.899560e-03	-1.10186e-02	
1192	1.140500e-07	-3.16499e-01	7.551834e-03	-1.05324e-02	
1193	1.141500e-07	-3.15910e-01	7.220415e-03	-1.00690e-02	
1194	1.142500e-07	-3.15347e-01	6.904516e-03	-9.62712e-03	
1195	1.143500e-07	-3.14807e-01	6.603386e-03	-9.20579e-03	
1196	1.144500e-07	-3.14289e-01	6.316312e-03	-8.80400e-03	
1197	1.145500e-07	-3.13793e-01	6.042615e-03	-8.42081e-03	
1198	1.146500e-07	-3.13318e-01	5.781648e-03	-8.05533e-03	
1199	1.147500e-07	-3.12862e-01	5.532798e-03	-7.70669e-03	
1200	1.148500e-07	-3.12424e-01	5.295480e-03	-7.37409e-03	
1201	1.149500e-07	-3.12004e-01	5.069138e-03	-7.05676e-03	
1202	1.150500e-07	-3.11602e-01	4.853244e-03	-6.75397e-03	
1203	1.151500e-07	-3.11215e-01	4.647295e-03	-6.46502e-03	
1204	1.152500e-07	-3.10845e-01	4.450814e-03	-6.18924e-03	
1205	1.153500e-07	-3.10489e-01	4.263346e-03	-5.92601e-03	
1206	1.154500e-07	-3.10147e-01	4.084460e-03	-5.67473e-03	
1207	1.155500e-07	-3.09818e-01	3.913743e-03	-5.43483e-03	
1208	1.156500e-07	-3.09503e-01	3.750807e-03	-5.20577e-03	
1209	1.157500e-07	-3.09200e-01	3.595279e-03	-4.98704e-03	
1210	1.158500e-07	-3.08909e-01	3.446806e-03	-4.77813e-03	
1211	1.159500e-07	-3.08629e-01	3.305053e-03	-4.57860e-03	
1212	1.160500e-07	-3.08360e-01	3.169699e-03	-4.38799e-03	
1213	1.161500e-07	-3.08102e-01	3.040441e-03	-4.20588e-03	
1214	1.162500e-07	-3.07853e-01	2.916990e-03	-4.03188e-03	

Index   time            v(drvc)         v(rac)          v(rbc)          
--------------------------------------------------------------------------------
1215	1.163500e-07	-3.07614e-01	2.799071e-03	-3.86560e-03	
1216	1.164500e-07	-3.07383e-01	2.686422e-03	-3.70668e-03	
1217	1.165500e-07	-3.07162e-01	2.578795e-03	-3.55477e-03	
1218	1.166500e-07	-3.06949e-01	2.475954e-03	-3.40955e-03	
1219	1.167500e-07	-3.06744e-01	2.377673e-03	-3.27070e-03	
1220	1.168500e-07	-3.06546e-01	2.283738e-03	-3.13793e-03	
1221	1.169500e-07	-3.06356e-01	2.193946e-03	-3.01095e-03	
1222	1.170500e-07	-3.06172e-01	2.108102e-03	-2.88949e-03	
1223	1.171500e-07	-3.05996e-01	2.026022e-03	-2.77331e-03	
1224	1.172500e-07	-3.05825e-01	1.947531e-03	-2.66214e-03	
1225	1.173500e-07	-3.05661e-01	1.872462e-03	-2.55577e-03	
1226	1.174500e-07	-3.05503e-01	1.800655e-03	-2.45397e-03	
1227	1.175500e-07	-3.05350e-01	1.731960e-03	-2.35653e-03	
1228	1.176500e-07	-3.05203e-01	1.666233e-03	-2.26325e-03	
1229	1.177500e-07	-3.05061e-01	1.603336e-03	-2.17394e-03	
1230	1.178500e-07	-3.04924e-01	1.543139e-03	-2.08841e-03	
1231	1.179500e-07	-3.04792e-01	1.485518e-03	-2.00650e-03	
1232	1.180500e-07	-3.04664e-01	1.430354e-03	-1.92805e-03	
1233	1.181500e-07	-3.04541e-01	1.377536e-03	-1.85288e-03	
1234	1.182500e-07	-3.04422e-01	1.326955e-03	-1.78086e-03	
1235	1.183500e-07	-3.04307e-01	1.278511e-03	-1.71185e-03	
1236	1.184500e-07	-3.04196e-01	1.232105e-03	-1.64570e-03	
1237	1.185500e-07	-3.04088e-01	1.187645e-03	-1.58229e-03	
1238	1.186500e-07	-3.03984e-01	1.145044e-03	-1.52149e-03	
1239	1.187500e-07	-3.03884e-01	1.104216e-03	-1.46319e-03	
1240	1.188500e-07	-3.03787e-01	1.065083e-03	-1.40728e-03	
1241	1.189500e-07	-3.03693e-01	1.027567e-03	-1.35365e-03	
1242	1.190500e-07	-3.03602e-01	9.915968e-04	-1.30219e-03	
1243	1.191500e-07	-3.03514e-01	9.571027e-04	-1.25282e-03	
1244	1.192500e-07	-3.03429e-01	9.240189e-04	-1.20544e-03	
1245	1.193500e-07	-3.03346e-01	8.922826e-04	-1.15996e-03	
1246	1.194500e-07	-3.03266e-01	8.618340e-04	-1.11630e-03	
1247	1.195500e-07	-3.03189e-01	8.326160e-04	-1.07438e-03	
1248	1.196500e-07	-3.03114e-01	8.045742e-04	-1.03412e-03	
1249	1.197500e-07	-3.03041e-01	7.776569e-04	-9.95457e-04	
1250	1.198500e-07	-3.02971e-01	7.518146e-04	-9.58311e-04	
1251	1.199500e-07	-3.02902e-01	7.270003e-04	-9.22620e-04	
1252	1.200000e-07	-3.02869e-01	7.149658e-04	-9.05302e-04	
1253	1.200100e-07	-3.02862e-01	7.125928e-04	-9.01887e-04	
1254	1.200300e-07	-3.02849e-01	7.078658e-04	-8.95083e-04	
1255	1.200700e-07	-3.02823e-01	6.985250e-04	-8.81635e-04	
1256	1.201200e-07	-3.02791e-01	6.870672e-04	-8.65135e-04	
1257	1.202000e-07	-3.02740e-01	6.691817e-04	-8.39367e-04	
1258	1.202100e-07	-3.02734e-01	6.669935e-04	-8.36214e-04	
1259	1.202300e-07	-3.02722e-01	6.626344e-04	-8.29931e-04	
1260	1.202699e-07	-3.02697e-01	6.540198e-04	-8.17513e-04	
1261	1.203499e-07	-3.02649e-01	6.371954e-04	-7.93252e-04	
1262	1.204499e-07	-3.02590e-01	6.168855e-04	-7.63947e-04	
1263	1.205499e-07	-3.02533e-01	5.973635e-04	-7.35762e-04	
1264	1.206499e-07	-3.02478e-01	5.785955e-04	-7.08648e-04	
1265	1.207499e-07	-3.02424e-01	5.605494e-04	-6.82560e-04	
1266	1.208499e-07	-3.02372e-01	5.431942e-04	-6.57455e-04	
1267	1.209499e-07	-3.02321e-01	5.265007e-04	-6.33291e-04	
1268	1.210499e-07	-3.02271e-01	5.104408e-04	-6.10030e-04	
1269	1.211499e-07	-3.02223e-01	4.949878e-04	-5.87633e-04	
1270	1.212000e-07	-3.02200e-01	4.874635e-04	-5.76722e-04	
1271	1.212100e-07	-3.02195e-01	4.859824e-04	-5.74574e-04	
1272	1.212300e-07	-3.02186e-01	4.830314e-04	-5.70294e-04	

Index   time            v(drvc)         v(rac)          v(rbc)          
--------------------------------------------------------------------------------
1273	1.212700e-07	-3.02167e-01	4.771964e-04	-5.61828e-04	
1274	1.213500e-07	-3.02131e-01	4.657890e-04	-5.45273e-04	
1275	1.214000e-07	-3.02109e-01	4.588339e-04	-5.35174e-04	
1276	1.214100e-07	-3.02104e-01	4.574613e-04	-5.33181e-04	
1277	1.214300e-07	-3.02095e-01	4.547263e-04	-5.29208e-04	
1278	1.214700e-07	-3.02078e-01	4.493181e-04	-5.21352e-04	
1279	1.215500e-07	-3.02044e-01	4.387428e-04	-5.05984e-04	
1280	1.216500e-07	-3.02002e-01	4.259628e-04	-4.87401e-04	
1281	1.217500e-07	-3.01961e-01	4.136525e-04	-4.69489e-04	
1282	1.218500e-07	-3.01921e-01	4.017926e-04	-4.52222e-04	
1283	1.219500e-07	-3.01883e-01	3.903646e-04	-4.35572e-04	
1284	1.220500e-07	-3.01845e-01	3.793507e-04	-4.19516e-04	
1285	1.221500e-07	-3.01808e-01	3.687341e-04	-4.04028e-04	
1286	1.222500e-07	-3.01772e-01	3.584986e-04	-3.89087e-04	
1287	1.223500e-07	-3.01737e-01	3.486287e-04	-3.74670e-04	
1288	1.224500e-07	-3.01703e-01	3.391096e-04	-3.60757e-04	
1289	1.225500e-07	-3.01670e-01	3.299273e-04	-3.47327e-04	
1290	1.226500e-07	-3.01638e-01	3.210683e-04	-3.34362e-04	
1291	1.227500e-07	-3.01606e-01	3.125195e-04	-3.21843e-04	
1292	1.228500e-07	-3.01575e-01	3.042688e-04	-3.09752e-04	
1293	1.229500e-07	-3.01545e-01	2.963043e-04	-2.98073e-04	
1294	1.230500e-07	-3.01516e-01	2.886146e-04	-2.86791e-04	
1295	1.231500e-07	-3.01487e-01	2.811890e-04	-2.75888e-04	
1296	1.232500e-07	-3.01459e-01	2.740172e-04	-2.65352e-04	
1297	1.233500e-07	-3.01431e-01	2.670891e-04	-2.55167e-04	
1298	1.234500e-07	-3.01404e-01	2.603955e-04	-2.45321e-04	
1299	1.235500e-07	-3.01378e-01	2.539271e-04	-2.35800e-04	
1300	1.236500e-07	-3.01353e-01	2.476753e-04	-2.26592e-04	
1301	1.237500e-07	-3.01328e-01	2.416319e-04	-2.17685e-04	
1302	1.238500e-07	-3.01303e-01	2.357888e-04	-2.09069e-04	
1303	1.239500e-07	-3.01279e-01	2.301384e-04	-2.00731e-04	
1304	1.240500e-07	-3.01256e-01	2.246734e-04	-1.92662e-04	
1305	1.241500e-07	-3.01233e-01	2.193868e-04	-1.84852e-04	
1306	1.242500e-07	-3.01210e-01	2.142720e-04	-1.77291e-04	
1307	1.243500e-07	-3.01188e-01	2.093224e-04	-1.69970e-04	
1308	1.244500e-07	-3.01167e-01	2.045320e-04	-1.62880e-04	
1309	1.245500e-07	-3.01145e-01	1.998948e-04	-1.56012e-04	
1310	1.246500e-07	-3.01125e-01	1.954052e-04	-1.49360e-04	
1311	1.247500e-07	-3.01105e-01	1.910578e-04	-1.42914e-04	
1312	1.248500e-07	-3.01085e-01	1.868473e-04	-1.36667e-04	
1313	1.249500e-07	-3.01065e-01	1.827688e-04	-1.30613e-04	
1314	1.250500e-07	-3.01046e-01	1.788175e-04	-1.24745e-04	
1315	1.251500e-07	-3.01027e-01	1.749888e-04	-1.19055e-04	
1316	1.252500e-07	-3.01009e-01	1.712782e-04	-1.13538e-04	
1317	1.253500e-07	-3.00991e-01	1.676817e-04	-1.08187e-04	
1318	1.254500e-07	-3.00973e-01	1.641950e-04	-1.02997e-04	
1319	1.255500e-07	-3.00956e-01	1.608144e-04	-9.79621e-05	
1320	1.256500e-07	-3.00939e-01	1.575361e-04	-9.30768e-05	
1321	1.257500e-07	-3.00922e-01	1.543564e-04	-8.83360e-05	
1322	1.258500e-07	-3.00906e-01	1.512720e-04	-8.37349e-05	
1323	1.259500e-07	-3.00890e-01	1.482796e-04	-7.92686e-05	
1324	1.260500e-07	-3.00874e-01	1.453759e-04	-7.49325e-05	
1325	1.261500e-07	-3.00858e-01	1.425579e-04	-7.07222e-05	
1326	1.262500e-07	-3.00843e-01	1.398227e-04	-6.66336e-05	
1327	1.263500e-07	-3.00828e-01	1.371675e-04	-6.26625e-05	
1328	1.264500e-07	-3.00813e-01	1.345895e-04	-5.88051e-05	
1329	1.265500e-07	-3.00798e-01	1.320862e-04	-5.50575e-05	
1330	1.266500e-07	-3.00784e-01	1.296550e-04	-5.14162e-05	

Index   time            v(drvc)         v(rac)          v(rbc)          
--------------------------------------------------------------------------------
1331	1.267500e-07	-3.00770e-01	1.272935e-04	-4.78776e-05	
1332	1.268500e-07	-3.00756e-01	1.249995e-04	-4.44385e-05	
1333	1.269500e-07	-3.00743e-01	1.227706e-04	-4.10957e-05	
1334	1.270500e-07	-3.00729e-01	1.206048e-04	-3.78459e-05	
1335	1.271500e-07	-3.00716e-01	1.185000e-04	-3.46862e-05	
1336	1.272500e-07	-3.00703e-01	1.164542e-04	-3.16138e-05	
1337	1.273500e-07	-3.00690e-01	1.144655e-04	-2.86259e-05	
1338	1.274500e-07	-3.00678e-01	1.125321e-04	-2.57198e-05	
1339	1.275500e-07	-3.00665e-01	1.106521e-04	-2.28930e-05	
1340	1.276500e-07	-3.00653e-01	1.088240e-04	-2.01430e-05	
1341	1.277500e-07	-3.00641e-01	1.070460e-04	-1.74673e-05	
1342	1.278500e-07	-3.00629e-01	1.053166e-04	-1.48638e-05	
1343	1.279500e-07	-3.00617e-01	1.036343e-04	-1.23302e-05	
1344	1.280500e-07	-3.00606e-01	1.019976e-04	-9.86435e-06	
1345	1.281500e-07	-3.00594e-01	1.004051e-04	-7.46424e-06	
1346	1.282500e-07	-3.00583e-01	9.885535e-05	-5.12788e-06	
1347	1.283500e-07	-3.00572e-01	9.734717e-05	-2.85336e-06	
1348	1.284500e-07	-3.00561e-01	9.587926e-05	-6.38835e-07	
1349	1.285500e-07	-3.00550e-01	9.445040e-05	1.517455e-06	
1350	1.286500e-07	-3.00540e-01	9.305941e-05	3.617226e-06	
1351	1.287500e-07	-3.00529e-01	9.170517e-05	5.662126e-06	
1352	1.288500e-07	-3.00519e-01	9.038659e-05	7.653746e-06	
1353	1.289500e-07	-3.00508e-01	8.910261e-05	9.593620e-06	
1354	1.290500e-07	-3.00498e-01	8.785223e-05	1.148323e-05	
1355	1.291500e-07	-3.00488e-01	8.663447e-05	1.332400e-05	
1356	1.292500e-07	-3.00478e-01	8.544839e-05	1.511731e-05	
1357	1.293500e-07	-3.00469e-01	8.429307e-05	1.686450e-05	
1358	1.294500e-07	-3.00459e-01	8.316764e-05	1.856684e-05	
1359	1.295500e-07	-3.00450e-01	8.207125e-05	2.022558e-05	
1360	1.296500e-07	-3.00440e-01	8.100309e-05	2.184192e-05	
1361	1.297500e-07	-3.00431e-01	7.996237e-05	2.341700e-05	
1362	1.298500e-07	-3.00422e-01	7.894833e-05	2.495195e-05	
1363	1.299500e-07	-3.00412e-01	7.796022e-05	2.644784e-05	
1364	1.300500e-07	-3.00403e-01	7.699735e-05	2.790572e-05	
1365	1.301500e-07	-3.00395e-01	7.605903e-05	2.932659e-05	
1366	1.302500e-07	-3.00386e-01	7.514459e-05	3.071142e-05	
1367	1.303500e-07	-3.00377e-01	7.425340e-05	3.206114e-05	
1368	1.304500e-07	-3.00368e-01	7.338485e-05	3.337667e-05	
1369	1.305500e-07	-3.00360e-01	7.253833e-05	3.465888e-05	
1370	1.306500e-07	-3.00351e-01	7.171327e-05	3.590861e-05	
1371	1.307500e-07	-3.00343e-01	7.090911e-05	3.712669e-05	
1372	1.308500e-07	-3.00335e-01	7.012532e-05	3.831390e-05	
1373	1.309500e-07	-3.00326e-01	6.936138e-05	3.947101e-05	
1374	1.310500e-07	-3.00318e-01	6.861679e-05	4.059874e-05	
1375	1.311500e-07	-3.00310e-01	6.789106e-05	4.169783e-05	
1376	1.312500e-07	-3.00302e-01	6.718372e-05	4.276894e-05	
1377	1.313500e-07	-3.00294e-01	6.649433e-05	4.381276e-05	
1378	1.314500e-07	-3.00286e-01	6.582245e-05	4.482992e-05	
1379	1.315500e-07	-3.00279e-01	6.516765e-05	4.582104e-05	
1380	1.316500e-07	-3.00271e-01	6.452953e-05	4.678672e-05	
1381	1.317500e-07	-3.00263e-01	6.390769e-05	4.772755e-05	
1382	1.318500e-07	-3.00256e-01	6.330175e-05	4.864408e-05	
1383	1.319500e-07	-3.00248e-01	6.271135e-05	4.953686e-05	
1384	1.320500e-07	-3.00241e-01	6.213612e-05	5.040641e-05	
1385	1.321500e-07	-3.00233e-01	6.157573e-05	5.125323e-05	
1386	1.322500e-07	-3.00226e-01	6.102984e-05	5.207782e-05	
1387	1.323500e-07	-3.00218e-01	6.049814e-05	5.288064e-05	
1388	1.324500e-07	-3.00211e-01	5.998030e-05	5.366215e-05	

Index   time            v(drvc)         v(rac)          v(rbc)          
--------------------------------------------------------------------------------
1389	1.325500e-07	-3.00204e-01	5.947604e-05	5.442279e-05	
1390	1.326500e-07	-3.00197e-01	5.898507e-05	5.516299e-05	
1391	1.327500e-07	-3.00190e-01	5.850709e-05	5.588316e-05	
1392	1.328500e-07	-3.00183e-01	5.804186e-05	5.658368e-05	
1393	1.329500e-07	-3.00176e-01	5.758909e-05	5.726495e-05	
1394	1.330500e-07	-3.00169e-01	5.714855e-05	5.792734e-05	
1395	1.331500e-07	-3.00162e-01	5.671999e-05	5.857119e-05	
1396	1.332500e-07	-3.00155e-01	5.630318e-05	5.919685e-05	
1397	1.333500e-07	-3.00148e-01	5.589789e-05	5.980465e-05	
1398	1.334500e-07	-3.00141e-01	5.550390e-05	6.039492e-05	
1399	1.335500e-07	-3.00134e-01	5.512101e-05	6.096795e-05	
1400	1.336500e-07	-3.00128e-01	5.474900e-05	6.152404e-05	
1401	1.337500e-07	-3.00121e-01	5.438770e-05	6.206347e-05	
1402	1.338500e-07	-3.00114e-01	5.403690e-05	6.258653e-05	
1403	1.339500e-07	-3.00108e-01	5.369642e-05	6.309347e-05	
1404	1.340500e-07	-3.00101e-01	5.336610e-05	6.358454e-05	
1405	1.341500e-07	-3.00094e-01	5.304577e-05	6.405998e-05	
1406	1.342500e-07	-3.00088e-01	5.273526e-05	6.452004e-05	
1407	1.343500e-07	-3.00081e-01	5.243442e-05	6.496493e-05	
1408	1.344500e-07	-3.00075e-01	5.214310e-05	6.539487e-05	
1409	1.345500e-07	-3.00068e-01	5.186116e-05	6.581005e-05	
1410	1.346500e-07	-3.00062e-01	5.158847e-05	6.621068e-05	
1411	1.347500e-07	-3.00056e-01	5.132488e-05	6.659695e-05	
1412	1.348500e-07	-3.00049e-01	5.107028e-05	6.696902e-05	
1413	1.349500e-07	-3.00043e-01	5.082455e-05	6.732707e-05	
1414	1.350500e-07	-3.00036e-01	5.058757e-05	6.767126e-05	
1415	1.351500e-07	-3.00030e-01	5.035923e-05	6.800174e-05	
1416	1.352500e-07	-3.00024e-01	5.013944e-05	6.831866e-05	
1417	1.353500e-07	-3.00018e-01	4.992808e-05	6.862214e-05	
1418	1.354500e-07	-3.00011e-01	4.972508e-05	6.891234e-05	
1419	1.355500e-07	-3.00005e-01	4.953033e-05	6.918935e-05	
1420	1.356500e-07	-2.99999e-01	4.934376e-05	6.945329e-05	
1421	1.357500e-07	-2.99993e-01	4.916528e-05	6.970428e-05	
1422	1.358500e-07	-2.99986e-01	4.899483e-05	6.994240e-05	
1423	1.359500e-07	-2.99980e-01	4.883233e-05	7.016775e-05	
1424	1.360500e-07	-2.99974e-01	4.867773e-05	7.038041e-05	
1425	1.361500e-07	-2.99968e-01	4.853095e-05	7.058046e-05	
1426	1.362500e-07	-2.99962e-01	4.839194e-05	7.076796e-05	
1427	1.363500e-07	-2.99956e-01	4.826066e-05	7.094298e-05	
1428	1.364500e-07	-2.99949e-01	4.813706e-05	7.110556e-05	
1429	1.365500e-07	-2.99943e-01	4.802109e-05	7.125575e-05	
1430	1.366500e-07	-2.99937e-01	4.791271e-05	7.139360e-05	
1431	1.367500e-07	-2.99931e-01	4.781190e-05	7.151913e-05	
1432	1.368500e-07	-2.99925e-01	4.771861e-05	7.163249e-05	
1433	1.369500e-07	-2.99919e-01	4.763263e-05	7.173447e-05	
1434	1.370500e-07	-2.99913e-01	4.755364e-05	7.182630e-05	
1435	1.371500e-07	-2.99907e-01	4.748122e-05	7.190911e-05	
1436	1.372500e-07	-2.99900e-01	4.741492e-05	7.198386e-05	
1437	1.373500e-07	-2.99894e-01	4.735432e-05	7.205138e-05	
1438	1.374500e-07	-2.99888e-01	4.729896e-05	7.211242e-05	
1439	1.375500e-07	-2.99882e-01	4.724844e-05	7.216760e-05	
1440	1.376500e-07	-2.99876e-01	4.720234e-05	7.221751e-05	
1441	1.377500e-07	-2.99870e-01	4.716030e-05	7.226266e-05	
1442	1.378500e-07	-2.99864e-01	4.712197e-05	7.230348e-05	
1443	1.379500e-07	-2.99858e-01	4.708702e-05	7.234040e-05	
1444	1.380500e-07	-2.99852e-01	4.705516e-05	7.237378e-05	
1445	1.381500e-07	-2.99845e-01	4.702611e-05	7.240395e-05	
1446	1.382500e-07	-2.99839e-01	4.699961e-05	7.243120e-05	

Index   time            v(drvc)         v(rac)          v(rbc)          
--------------------------------------------------------------------------------
1447	1.383500e-07	-2.99833e-01	4.697545e-05	7.245580e-05	
1448	1.384500e-07	-2.99827e-01	4.695341e-05	7.247801e-05	
1449	1.385500e-07	-2.99821e-01	4.693330e-05	7.249804e-05	
1450	1.386500e-07	-2.99815e-01	4.691494e-05	7.251608e-05	
1451	1.387500e-07	-2.99809e-01	4.689817e-05	7.253233e-05	
1452	1.388500e-07	-2.99803e-01	4.688286e-05	7.254694e-05	
1453	1.389500e-07	-2.99797e-01	4.686887e-05	7.256007e-05	
1454	1.390500e-07	-2.99791e-01	4.685607e-05	7.257185e-05	
1455	1.391500e-07	-2.99785e-01	4.684436e-05	7.258241e-05	
1456	1.392500e-07	-2.99778e-01	4.683365e-05	7.259185e-05	
1457	1.393500e-07	-2.99772e-01	4.682383e-05	7.260028e-05	
1458	1.394500e-07	-2.99766e-01	4.681483e-05	7.260779e-05	
1459	1.395500e-07	-2.99760e-01	4.680658e-05	7.261447e-05	
1460	1.396500e-07	-2.99754e-01	4.679900e-05	7.262039e-05	
1461	1.397500e-07	-2.99748e-01	4.679203e-05	7.262561e-05	
1462	1.398500e-07	-2.99742e-01	4.678562e-05	7.263022e-05	
1463	1.399500e-07	-2.99736e-01	4.677972e-05	7.263425e-05	
1464	1.400000e-07	-2.99733e-01	4.677695e-05	7.263606e-05	
1465	1.400100e-07	-2.99732e-01	4.677641e-05	7.263640e-05	
1466	1.400300e-07	-2.99731e-01	4.677534e-05	7.263708e-05	
1467	1.400700e-07	-2.99728e-01	4.677326e-05	7.263837e-05	
1468	1.401203e-07	-2.99725e-01	4.677072e-05	7.263989e-05	
1469	1.402000e-07	-2.99721e-01	4.676692e-05	7.264208e-05	
1470	1.402100e-07	-2.99720e-01	4.676646e-05	7.264234e-05	
1471	1.402300e-07	-2.99719e-01	4.676555e-05	7.264284e-05	
1472	1.402700e-07	-2.99716e-01	4.676377e-05	7.264379e-05	
1473	1.403500e-07	-2.99711e-01	4.676037e-05	7.264553e-05	
1474	1.404500e-07	-2.99705e-01	4.675640e-05	7.264738e-05	
1475	1.405500e-07	-2.99699e-01	4.675272e-05	7.264892e-05	
1476	1.406500e-07	-2.99693e-01	4.674929e-05	7.265016e-05	
1477	1.407500e-07	-2.99687e-01	4.674610e-05	7.265115e-05	
1478	1.408500e-07	-2.99681e-01	4.674312e-05	7.265189e-05	
1479	1.409500e-07	-2.99675e-01	4.674034e-05	7.265244e-05	
1480	1.410500e-07	-2.99669e-01	4.673772e-05	7.265280e-05	
1481	1.411500e-07	-2.99663e-01	4.673527e-05	7.265298e-05	
1482	1.412000e-07	-2.99660e-01	4.673410e-05	7.265301e-05	
1483	1.412100e-07	-2.99659e-01	4.673387e-05	7.265300e-05	
1484	1.412300e-07	-2.99658e-01	4.673341e-05	7.265299e-05	
1485	1.412700e-07	-2.99655e-01	4.673252e-05	7.265295e-05	
1486	1.413500e-07	-2.99651e-01	4.673079e-05	7.265280e-05	
1487	1.414000e-07	-2.99647e-01	4.672976e-05	7.265266e-05	
1488	1.414100e-07	-2.99647e-01	4.672955e-05	7.265263e-05	
1489	1.414300e-07	-2.99646e-01	4.672915e-05	7.265257e-05	
1490	1.414700e-07	-2.99643e-01	4.672835e-05	7.265242e-05	
1491	1.415500e-07	-2.99638e-01	4.672681e-05	7.265208e-05	
1492	1.416500e-07	-2.99632e-01	4.672496e-05	7.265157e-05	
1493	1.417500e-07	-2.99626e-01	4.672320e-05	7.265097e-05	
1494	1.418500e-07	-2.99620e-01	4.672153e-05	7.265027e-05	
1495	1.419500e-07	-2.99614e-01	4.671993e-05	7.264948e-05	
1496	1.420500e-07	-2.99608e-01	4.671839e-05	7.264861e-05	
1497	1.421500e-07	-2.99602e-01	4.671692e-05	7.264768e-05	
1498	1.422500e-07	-2.99596e-01	4.671550e-05	7.264668e-05	
1499	1.423500e-07	-2.99590e-01	4.671414e-05	7.264562e-05	
1500	1.424500e-07	-2.99584e-01	4.671282e-05	7.264450e-05	
1501	1.425500e-07	-2.99577e-01	4.671155e-05	7.264334e-05	
1502	1.426500e-07	-2.99571e-01	4.671031e-05	7.264214e-05	
1503	1.427500e-07	-2.99565e-01	4.670911e-05	7.264089e-05	
1504	1.428500e-07	-2.99559e-01	4.670794e-05	7.263961e-05	

Index   time            v(drvc)         v(rac)          v(rbc)          
--------------------------------------------------------------------------------
1505	1.429500e-07	-2.99553e-01	4.670680e-05	7.263830e-05	
1506	1.430500e-07	-2.99547e-01	4.670569e-05	7.263696e-05	
1507	1.431500e-07	-2.99541e-01	4.670460e-05	7.263559e-05	
1508	1.432500e-07	-2.99535e-01	4.670353e-05	7.263419e-05	
1509	1.433500e-07	-2.99529e-01	4.670248e-05	7.263278e-05	
1510	1.434500e-07	-2.99523e-01	4.670145e-05	7.263134e-05	
1511	1.435500e-07	-2.99517e-01	4.670044e-05	7.262989e-05	
1512	1.436500e-07	-2.99511e-01	4.669944e-05	7.262841e-05	
1513	1.437500e-07	-2.99504e-01	4.669845e-05	7.262693e-05	
1514	1.438500e-07	-2.99498e-01	4.669748e-05	7.262543e-05	
1515	1.439500e-07	-2.99492e-01	4.669652e-05	7.262391e-05	
1516	1.440500e-07	-2.99486e-01	4.669557e-05	7.262239e-05	
1517	1.441500e-07	-2.99480e-01	4.669462e-05	7.262085e-05	
1518	1.442500e-07	-2.99474e-01	4.669369e-05	7.261931e-05	
1519	1.443500e-07	-2.99468e-01	4.669276e-05	7.261776e-05	
1520	1.444500e-07	-2.99462e-01	4.669184e-05	7.261619e-05	
1521	1.445500e-07	-2.99456e-01	4.669093e-05	7.261463e-05	
1522	1.446500e-07	-2.99450e-01	4.669002e-05	7.261305e-05	
1523	1.447500e-07	-2.99444e-01	4.668912e-05	7.261147e-05	
1524	1.448500e-07	-2.99437e-01	4.668822e-05	7.260989e-05	
1525	1.449500e-07	-2.99431e-01	4.668733e-05	7.260830e-05	
1526	1.450500e-07	-2.99425e-01	4.668644e-05	7.260670e-05	
1527	1.451500e-07	-2.99419e-01	4.668556e-05	7.260510e-05	
1528	1.452500e-07	-2.99413e-01	4.668467e-05	7.260350e-05	
1529	1.453500e-07	-2.99407e-01	4.668379e-05	7.260190e-05	
1530	1.454500e-07	-2.99401e-01	4.668292e-05	7.260029e-05	
1531	1.455500e-07	-2.99395e-01	4.668204e-05	7.259868e-05	
1532	1.456500e-07	-2.99389e-01	4.668117e-05	7.259707e-05	
1533	1.457500e-07	-2.99383e-01	4.668030e-05	7.259545e-05	
1534	1.458500e-07	-2.99377e-01	4.667943e-05	7.259383e-05	
1535	1.459500e-07	-2.99371e-01	4.667857e-05	7.259221e-05	
1536	1.460500e-07	-2.99364e-01	4.667770e-05	7.259059e-05	
1537	1.461500e-07	-2.99358e-01	4.667684e-05	7.258897e-05	
1538	1.462500e-07	-2.99352e-01	4.667598e-05	7.258735e-05	
1539	1.463500e-07	-2.99346e-01	4.667512e-05	7.258572e-05	
1540	1.464500e-07	-2.99340e-01	4.667426e-05	7.258409e-05	
1541	1.465500e-07	-2.99334e-01	4.667340e-05	7.258247e-05	
1542	1.466500e-07	-2.99328e-01	4.667254e-05	7.258084e-05	
1543	1.467500e-07	-2.99322e-01	4.667168e-05	7.257921e-05	
1544	1.468500e-07	-2.99316e-01	4.667082e-05	7.257758e-05	
1545	1.469500e-07	-2.99310e-01	4.666997e-05	7.257595e-05	
1546	1.470500e-07	-2.99304e-01	4.666911e-05	7.257432e-05	
1547	1.471500e-07	-2.99298e-01	4.666826e-05	7.257269e-05	
1548	1.472500e-07	-2.99291e-01	4.666740e-05	7.257106e-05	
1549	1.473500e-07	-2.99285e-01	4.666655e-05	7.256942e-05	
1550	1.474500e-07	-2.99279e-01	4.666569e-05	7.256779e-05	
1551	1.475500e-07	-2.99273e-01	4.666484e-05	7.256616e-05	
1552	1.476500e-07	-2.99267e-01	4.666399e-05	7.256452e-05	
1553	1.477500e-07	-2.99261e-01	4.666313e-05	7.256289e-05	
1554	1.478500e-07	-2.99255e-01	4.666228e-05	7.256126e-05	
1555	1.479500e-07	-2.99249e-01	4.666143e-05	7.255962e-05	
1556	1.480500e-07	-2.99243e-01	4.666058e-05	7.255799e-05	
1557	1.481500e-07	-2.99237e-01	4.665973e-05	7.255635e-05	
1558	1.482500e-07	-2.99231e-01	4.665887e-05	7.255472e-05	
1559	1.483500e-07	-2.99225e-01	4.665802e-05	7.255308e-05	
1560	1.484500e-07	-2.99219e-01	4.665717e-05	7.255145e-05	
1561	1.485500e-07	-2.99212e-01	4.665632e-05	7.254981e-05	
1562	1.486500e-07	-2.99206e-01	4.665547e-05	7.254818e-05	

Index   time            v(drvc)         v(rac)          v(rbc)          
--------------------------------------------------------------------------------
1563	1.487500e-07	-2.99200e-01	4.665462e-05	7.254654e-05	
1564	1.488500e-07	-2.99194e-01	4.665377e-05	7.254491e-05	
1565	1.489500e-07	-2.99188e-01	4.665292e-05	7.254327e-05	
1566	1.490500e-07	-2.99182e-01	4.665207e-05	7.254163e-05	
1567	1.491500e-07	-2.99176e-01	4.665122e-05	7.254000e-05	
1568	1.492500e-07	-2.99170e-01	4.665037e-05	7.253836e-05	
1569	1.493500e-07	-2.99164e-01	4.664952e-05	7.253673e-05	
1570	1.494500e-07	-2.99158e-01	4.664866e-05	7.253509e-05	
1571	1.495500e-07	-2.99152e-01	4.664781e-05	7.253345e-05	
1572	1.496500e-07	-2.99146e-01	4.664696e-05	7.253182e-05	
1573	1.497500e-07	-2.99139e-01	4.664611e-05	7.253018e-05	
1574	1.498500e-07	-2.99133e-01	4.664526e-05	7.252855e-05	
1575	1.499500e-07	-2.99127e-01	4.664441e-05	7.252691e-05	
1576	1.500500e-07	-2.99121e-01	4.664356e-05	7.252528e-05	
1577	1.501500e-07	-2.99115e-01	4.664271e-05	7.252364e-05	
1578	1.502500e-07	-2.99109e-01	4.664186e-05	7.252200e-05	
1579	1.503500e-07	-2.99103e-01	4.664102e-05	7.252037e-05	
1580	1.504500e-07	-2.99097e-01	4.664017e-05	7.251873e-05	
1581	1.505500e-07	-2.99091e-01	4.663932e-05	7.251710e-05	
1582	1.506500e-07	-2.99085e-01	4.663847e-05	7.251546e-05	
1583	1.507500e-07	-2.99079e-01	4.663762e-05	7.251382e-05	
1584	1.508500e-07	-2.99073e-01	4.663677e-05	7.251219e-05	
1585	1.509500e-07	-2.99067e-01	4.663592e-05	7.251055e-05	
1586	1.510500e-07	-2.99060e-01	4.663507e-05	7.250892e-05	
1587	1.511500e-07	-2.99054e-01	4.663422e-05	7.250728e-05	
1588	1.512500e-07	-2.99048e-01	4.663337e-05	7.250564e-05	
1589	1.513500e-07	-2.99042e-01	4.663252e-05	7.250401e-05	
1590	1.514500e-07	-2.99036e-01	4.663167e-05	7.250237e-05	
1591	1.515500e-07	-2.99030e-01	4.663082e-05	7.250074e-05	
1592	1.516500e-07	-2.99024e-01	4.662997e-05	7.249910e-05	
1593	1.517500e-07	-2.99018e-01	4.662912e-05	7.249747e-05	
1594	1.518500e-07	-2.99012e-01	4.662827e-05	7.249583e-05	
1595	1.519500e-07	-2.99006e-01	4.662742e-05	7.249420e-05	
1596	1.520500e-07	-2.99000e-01	4.662657e-05	7.249256e-05	
1597	1.521500e-07	-2.98994e-01	4.662572e-05	7.249092e-05	
1598	1.522500e-07	-2.98988e-01	4.662487e-05	7.248929e-05	
1599	1.523500e-07	-2.98981e-01	4.662402e-05	7.248765e-05	
1600	1.524500e-07	-2.98975e-01	4.662318e-05	7.248602e-05	
1601	1.525500e-07	-2.98969e-01	4.662233e-05	7.248438e-05	
1602	1.526500e-07	-2.98963e-01	4.662148e-05	7.248275e-05	
1603	1.527500e-07	-2.98957e-01	4.662063e-05	7.248111e-05	
1604	1.528500e-07	-2.98951e-01	4.661978e-05	7.247948e-05	
1605	1.529500e-07	-2.98945e-01	4.661893e-05	7.247784e-05	
1606	1.530500e-07	-2.98939e-01	4.661808e-05	7.247621e-05	
1607	1.531500e-07	-2.98933e-01	4.661723e-05	7.247457e-05	
1608	1.532500e-07	-2.98927e-01	4.661638e-05	7.247294e-05	
1609	1.533500e-07	-2.98921e-01	4.661553e-05	7.247130e-05	
1610	1.534500e-07	-2.98915e-01	4.661468e-05	7.246967e-05	
1611	1.535500e-07	-2.98909e-01	4.661383e-05	7.246803e-05	
1612	1.536500e-07	-2.98902e-01	4.661298e-05	7.246640e-05	
1613	1.537500e-07	-2.98896e-01	4.661214e-05	7.246476e-05	
1614	1.538500e-07	-2.98890e-01	4.661129e-05	7.246313e-05	
1615	1.539500e-07	-2.98884e-01	4.661044e-05	7.246149e-05	
1616	1.540500e-07	-2.98878e-01	4.660959e-05	7.245986e-05	
1617	1.541500e-07	-2.98872e-01	4.660874e-05	7.245822e-05	
1618	1.542500e-07	-2.98866e-01	4.660789e-05	7.245659e-05	
1619	1.543500e-07	-2.98860e-01	4.660704e-05	7.245495e-05	
1620	1.544500e-07	-2.98854e-01	4.660619e-05	7.245332e-05	

Index   time            v(drvc)         v(rac)          v(rbc)          
--------------------------------------------------------------------------------
1621	1.545500e-07	-2.98848e-01	4.660534e-05	7.245168e-05	
1622	1.546500e-07	-2.98842e-01	4.660449e-05	7.245005e-05	
1623	1.547500e-07	-2.98836e-01	4.660364e-05	7.244841e-05	
1624	1.548500e-07	-2.98830e-01	4.660280e-05	7.244678e-05	
1625	1.549500e-07	-2.98824e-01	4.660195e-05	7.244514e-05	
1626	1.550500e-07	-2.98817e-01	4.660110e-05	7.244351e-05	
1627	1.551500e-07	-2.98811e-01	4.660025e-05	7.244188e-05	
1628	1.552500e-07	-2.98805e-01	4.659940e-05	7.244024e-05	
1629	1.553500e-07	-2.98799e-01	4.659855e-05	7.243861e-05	
1630	1.554500e-07	-2.98793e-01	4.659770e-05	7.243697e-05	
1631	1.555500e-07	-2.98787e-01	4.659685e-05	7.243534e-05	
1632	1.556500e-07	-2.98781e-01	4.659600e-05	7.243370e-05	
1633	1.557500e-07	-2.98775e-01	4.659516e-05	7.243207e-05	
1634	1.558500e-07	-2.98769e-01	4.659431e-05	7.243043e-05	
1635	1.559500e-07	-2.98763e-01	4.659346e-05	7.242880e-05	
1636	1.560500e-07	-2.98757e-01	4.659261e-05	7.242717e-05	
1637	1.561500e-07	-2.98751e-01	4.659176e-05	7.242553e-05	
1638	1.562500e-07	-2.98745e-01	4.659091e-05	7.242390e-05	
1639	1.563500e-07	-2.98738e-01	4.659006e-05	7.242226e-05	
1640	1.564500e-07	-2.98732e-01	4.658921e-05	7.242063e-05	
1641	1.565500e-07	-2.98726e-01	4.658836e-05	7.241900e-05	
1642	1.566500e-07	-2.98720e-01	4.658752e-05	7.241736e-05	
1643	1.567500e-07	-2.98714e-01	4.658667e-05	7.241573e-05	
1644	1.568500e-07	-2.98708e-01	4.658582e-05	7.241409e-05	
1645	1.569500e-07	-2.98702e-01	4.658497e-05	7.241246e-05	
1646	1.570500e-07	-2.98696e-01	4.658412e-05	7.241083e-05	
1647	1.571500e-07	-2.98690e-01	4.658327e-05	7.240919e-05	
1648	1.572500e-07	-2.98684e-01	4.658242e-05	7.240756e-05	
1649	1.573500e-07	-2.98678e-01	4.658157e-05	7.240593e-05	
1650	1.574500e-07	-2.98672e-01	4.658073e-05	7.240429e-05	
1651	1.575500e-07	-2.98666e-01	4.657988e-05	7.240266e-05	
1652	1.576500e-07	-2.98660e-01	4.657903e-05	7.240102e-05	
1653	1.577500e-07	-2.98653e-01	4.657818e-05	7.239939e-05	
1654	1.578500e-07	-2.98647e-01	4.657733e-05	7.239776e-05	
1655	1.579500e-07	-2.98641e-01	4.657648e-05	7.239612e-05	
1656	1.580500e-07	-2.98635e-01	4.657563e-05	7.239449e-05	
1657	1.581500e-07	-2.98629e-01	4.657479e-05	7.239286e-05	
1658	1.582500e-07	-2.98623e-01	4.657394e-05	7.239122e-05	
1659	1.583500e-07	-2.98617e-01	4.657309e-05	7.238959e-05	
1660	1.584500e-07	-2.98611e-01	4.657224e-05	7.238796e-05	
1661	1.585500e-07	-2.98605e-01	4.657139e-05	7.238632e-05	
1662	1.586500e-07	-2.98599e-01	4.657054e-05	7.238469e-05	
1663	1.587500e-07	-2.98593e-01	4.656969e-05	7.238306e-05	
1664	1.588500e-07	-2.98587e-01	4.656885e-05	7.238142e-05	
1665	1.589500e-07	-2.98581e-01	4.656800e-05	7.237979e-05	
1666	1.590500e-07	-2.98575e-01	4.656715e-05	7.237816e-05	
1667	1.591500e-07	-2.98569e-01	4.656630e-05	7.237653e-05	
1668	1.592500e-07	-2.98562e-01	4.656545e-05	7.237489e-05	
1669	1.593500e-07	-2.98556e-01	4.656460e-05	7.237326e-05	
1670	1.594500e-07	-2.98550e-01	4.656375e-05	7.237163e-05	
1671	1.595500e-07	-2.98544e-01	4.656291e-05	7.236999e-05	
1672	1.596500e-07	-2.98538e-01	4.656206e-05	7.236836e-05	
1673	1.597500e-07	-2.98532e-01	4.656121e-05	7.236673e-05	
1674	1.598500e-07	-2.98526e-01	4.656036e-05	7.236509e-05	
1675	1.599500e-07	-2.98520e-01	4.655951e-05	7.236346e-05	
1676	1.600000e-07	-2.98517e-01	4.655909e-05	7.236264e-05	
1677	1.600100e-07	-2.98516e-01	4.655900e-05	7.236248e-05	
1678	1.600300e-07	-2.98515e-01	4.655884e-05	7.236214e-05	

Index   time            v(drvc)         v(rac)          v(rbc)          
--------------------------------------------------------------------------------
1679	1.600700e-07	-2.98513e-01	4.655850e-05	7.236147e-05	
1680	1.601209e-07	-2.98510e-01	4.655807e-05	7.236062e-05	
1681	1.602000e-07	-2.98505e-01	4.655741e-05	7.235931e-05	
1682	1.602100e-07	-2.98504e-01	4.655733e-05	7.235914e-05	
1683	1.602300e-07	-2.98503e-01	4.655716e-05	7.235881e-05	
1684	1.602700e-07	-2.98501e-01	4.655682e-05	7.235815e-05	
1685	1.603500e-07	-2.98496e-01	4.655615e-05	7.235682e-05	
1686	1.604500e-07	-2.98490e-01	4.655532e-05	7.235517e-05	
1687	1.605500e-07	-2.98484e-01	4.655448e-05	7.235351e-05	
1688	1.606500e-07	-2.98477e-01	4.655364e-05	7.235186e-05	
1689	1.607500e-07	-2.98471e-01	4.655280e-05	7.235022e-05	
1690	1.608500e-07	-2.98465e-01	4.655197e-05	7.234857e-05	
1691	1.609500e-07	-2.98459e-01	4.655113e-05	7.234693e-05	
1692	1.610500e-07	-2.98453e-01	4.655028e-05	7.234530e-05	
1693	1.611500e-07	-2.98447e-01	4.654943e-05	7.234370e-05	
1694	1.612000e-07	-2.98444e-01	4.654901e-05	7.234289e-05	
1695	1.612100e-07	-2.98444e-01	4.654892e-05	7.234272e-05	
1696	1.612300e-07	-2.98442e-01	4.654876e-05	7.234240e-05	
1697	1.612700e-07	-2.98440e-01	4.654842e-05	7.234174e-05	
1698	1.613500e-07	-2.98435e-01	4.654774e-05	7.234042e-05	
1699	1.614000e-07	-2.98432e-01	4.654732e-05	7.233959e-05	
1700	1.614100e-07	-2.98431e-01	4.654724e-05	7.233943e-05	
1701	1.614300e-07	-2.98430e-01	4.654707e-05	7.233910e-05	
1702	1.614700e-07	-2.98428e-01	4.654673e-05	7.233845e-05	
1703	1.615500e-07	-2.98423e-01	4.654605e-05	7.233714e-05	
1704	1.616500e-07	-2.98417e-01	4.654520e-05	7.233553e-05	
1705	1.617500e-07	-2.98411e-01	4.654435e-05	7.233391e-05	
1706	1.618500e-07	-2.98405e-01	4.654350e-05	7.233230e-05	
1707	1.619500e-07	-2.98399e-01	4.654264e-05	7.233068e-05	
1708	1.620500e-07	-2.98393e-01	4.654179e-05	7.232907e-05	
1709	1.621500e-07	-2.98387e-01	4.654093e-05	7.232745e-05	
1710	1.622500e-07	-2.98380e-01	4.654008e-05	7.232582e-05	
1711	1.623500e-07	-2.98374e-01	4.653922e-05	7.232420e-05	
1712	1.624500e-07	-2.98368e-01	4.653837e-05	7.232258e-05	
1713	1.625500e-07	-2.98362e-01	4.653752e-05	7.232095e-05	
1714	1.626500e-07	-2.98356e-01	4.653666e-05	7.231933e-05	
1715	1.627500e-07	-2.98350e-01	4.653581e-05	7.231770e-05	
1716	1.628500e-07	-2.98344e-01	4.653496e-05	7.231608e-05	
1717	1.629500e-07	-2.98338e-01	4.653411e-05	7.231445e-05	
1718	1.630500e-07	-2.98332e-01	4.653325e-05	7.231282e-05	
1719	1.631500e-07	-2.98326e-01	4.653240e-05	7.231119e-05	
1720	1.632500e-07	-2.98320e-01	4.653155e-05	7.230957e-05	
1721	1.633500e-07	-2.98314e-01	4.653070e-05	7.230794e-05	
1722	1.634500e-07	-2.98308e-01	4.652985e-05	7.230631e-05	
1723	1.635500e-07	-2.98302e-01	4.652900e-05	7.230468e-05	
1724	1.636500e-07	-2.98296e-01	4.652815e-05	7.230305e-05	
1725	1.637500e-07	-2.98289e-01	4.652730e-05	7.230142e-05	
1726	1.638500e-07	-2.98283e-01	4.652645e-05	7.229979e-05	
1727	1.639500e-07	-2.98277e-01	4.652560e-05	7.229816e-05	
1728	1.640500e-07	-2.98271e-01	4.652475e-05	7.229653e-05	
1729	1.641500e-07	-2.98265e-01	4.652390e-05	7.229490e-05	
1730	1.642500e-07	-2.98259e-01	4.652305e-05	7.229327e-05	
1731	1.643500e-07	-2.98253e-01	4.652221e-05	7.229164e-05	
1732	1.644500e-07	-2.98247e-01	4.652136e-05	7.229001e-05	
1733	1.645500e-07	-2.98241e-01	4.652051e-05	7.228838e-05	
1734	1.646500e-07	-2.98235e-01	4.651966e-05	7.228675e-05	
1735	1.647500e-07	-2.98229e-01	4.651881e-05	7.228512e-05	
1736	1.648500e-07	-2.98223e-01	4.651796e-05	7.228349e-05	

Index   time            v(drvc)         v(rac)          v(rbc)          
--------------------------------------------------------------------------------
1737	1.649500e-07	-2.98217e-01	4.651711e-05	7.228186e-05	
1738	1.650500e-07	-2.98211e-01	4.651627e-05	7.228023e-05	
1739	1.651500e-07	-2.98205e-01	4.651542e-05	7.227860e-05	
1740	1.652500e-07	-2.98199e-01	4.651457e-05	7.227697e-05	
1741	1.653500e-07	-2.98192e-01	4.651372e-05	7.227534e-05	
1742	1.654500e-07	-2.98186e-01	4.651287e-05	7.227371e-05	
1743	1.655500e-07	-2.98180e-01	4.651202e-05	7.227208e-05	
1744	1.656500e-07	-2.98174e-01	4.651118e-05	7.227045e-05	
1745	1.657500e-07	-2.98168e-01	4.651033e-05	7.226882e-05	
1746	1.658500e-07	-2.98162e-01	4.650948e-05	7.226719e-05	
1747	1.659500e-07	-2.98156e-01	4.650863e-05	7.226556e-05	
1748	1.660500e-07	-2.98150e-01	4.650778e-05	7.226393e-05	
1749	1.661500e-07	-2.98144e-01	4.650694e-05	7.226230e-05	
1750	1.662500e-07	-2.98138e-01	4.650609e-05	7.226067e-05	
1751	1.663500e-07	-2.98132e-01	4.650524e-05	7.225904e-05	
1752	1.664500e-07	-2.98126e-01	4.650439e-05	7.225741e-05	
1753	1.665500e-07	-2.98120e-01	4.650355e-05	7.225578e-05	
1754	1.666500e-07	-2.98114e-01	4.650270e-05	7.225415e-05	
1755	1.667500e-07	-2.98108e-01	4.650185e-05	7.225252e-05	
1756	1.668500e-07	-2.98102e-01	4.650100e-05	7.225089e-05	
1757	1.669500e-07	-2.98095e-01	4.650015e-05	7.224926e-05	
1758	1.670500e-07	-2.98089e-01	4.649931e-05	7.224763e-05	
1759	1.671500e-07	-2.98083e-01	4.649846e-05	7.224600e-05	
1760	1.672500e-07	-2.98077e-01	4.649761e-05	7.224437e-05	
1761	1.673500e-07	-2.98071e-01	4.649676e-05	7.224274e-05	
1762	1.674500e-07	-2.98065e-01	4.649592e-05	7.224111e-05	
1763	1.675500e-07	-2.98059e-01	4.649507e-05	7.223948e-05	
1764	1.676500e-07	-2.98053e-01	4.649422e-05	7.223785e-05	
1765	1.677500e-07	-2.98047e-01	4.649337e-05	7.223622e-05	
1766	1.678500e-07	-2.98041e-01	4.649253e-05	7.223459e-05	
1767	1.679500e-07	-2.98035e-01	4.649168e-05	7.223296e-05	
1768	1.680500e-07	-2.98029e-01	4.649083e-05	7.223133e-05	
1769	1.681500e-07	-2.98023e-01	4.648998e-05	7.222970e-05	
1770	1.682500e-07	-2.98017e-01	4.648914e-05	7.222807e-05	
1771	1.683500e-07	-2.98011e-01	4.648829e-05	7.222644e-05	
1772	1.684500e-07	-2.98005e-01	4.648744e-05	7.222481e-05	
1773	1.685500e-07	-2.97999e-01	4.648659e-05	7.222318e-05	
1774	1.686500e-07	-2.97992e-01	4.648575e-05	7.222155e-05	
1775	1.687500e-07	-2.97986e-01	4.648490e-05	7.221992e-05	
1776	1.688500e-07	-2.97980e-01	4.648405e-05	7.221829e-05	
1777	1.689500e-07	-2.97974e-01	4.648321e-05	7.221666e-05	
1778	1.690500e-07	-2.97968e-01	4.648236e-05	7.221503e-05	
1779	1.691500e-07	-2.97962e-01	4.648151e-05	7.221340e-05	
1780	1.692500e-07	-2.97956e-01	4.648066e-05	7.221177e-05	
1781	1.693500e-07	-2.97950e-01	4.647982e-05	7.221014e-05	
1782	1.694500e-07	-2.97944e-01	4.647897e-05	7.220851e-05	
1783	1.695500e-07	-2.97938e-01	4.647812e-05	7.220688e-05	
1784	1.696500e-07	-2.97932e-01	4.647727e-05	7.220525e-05	
1785	1.697500e-07	-2.97926e-01	4.647643e-05	7.220362e-05	
1786	1.698500e-07	-2.97920e-01	4.647558e-05	7.220199e-05	
1787	1.699500e-07	-2.97914e-01	4.647473e-05	7.220037e-05	
1788	1.700500e-07	-2.97908e-01	4.647389e-05	7.219874e-05	
1789	1.701500e-07	-2.97902e-01	4.647304e-05	7.219711e-05	
1790	1.702500e-07	-2.97896e-01	4.647219e-05	7.219548e-05	
1791	1.703500e-07	-2.97890e-01	4.647134e-05	7.219385e-05	
1792	1.704500e-07	-2.97883e-01	4.647050e-05	7.219222e-05	
1793	1.705500e-07	-2.97877e-01	4.646965e-05	7.219059e-05	
1794	1.706500e-07	-2.97871e-01	4.646880e-05	7.218896e-05	

Index   time            v(drvc)         v(rac)          v(rbc)          
--------------------------------------------------------------------------------
1795	1.707500e-07	-2.97865e-01	4.646796e-05	7.218733e-05	
1796	1.708500e-07	-2.97859e-01	4.646711e-05	7.218570e-05	
1797	1.709500e-07	-2.97853e-01	4.646626e-05	7.218408e-05	
1798	1.710500e-07	-2.97847e-01	4.646541e-05	7.218245e-05	
1799	1.711500e-07	-2.97841e-01	4.646457e-05	7.218082e-05	
1800	1.712500e-07	-2.97835e-01	4.646372e-05	7.217919e-05	
1801	1.713500e-07	-2.97829e-01	4.646287e-05	7.217756e-05	
1802	1.714500e-07	-2.97823e-01	4.646203e-05	7.217593e-05	
1803	1.715500e-07	-2.97817e-01	4.646118e-05	7.217430e-05	
1804	1.716500e-07	-2.97811e-01	4.646033e-05	7.217267e-05	
1805	1.717500e-07	-2.97805e-01	4.645948e-05	7.217105e-05	
1806	1.718500e-07	-2.97799e-01	4.645864e-05	7.216942e-05	
1807	1.719500e-07	-2.97793e-01	4.645779e-05	7.216779e-05	
1808	1.720500e-07	-2.97787e-01	4.645694e-05	7.216616e-05	
1809	1.721500e-07	-2.97781e-01	4.645610e-05	7.216453e-05	
1810	1.722500e-07	-2.97774e-01	4.645525e-05	7.216290e-05	
1811	1.723500e-07	-2.97768e-01	4.645440e-05	7.216127e-05	
1812	1.724500e-07	-2.97762e-01	4.645356e-05	7.215965e-05	
1813	1.725500e-07	-2.97756e-01	4.645271e-05	7.215802e-05	
1814	1.726500e-07	-2.97750e-01	4.645186e-05	7.215639e-05	
1815	1.727500e-07	-2.97744e-01	4.645102e-05	7.215476e-05	
1816	1.728500e-07	-2.97738e-01	4.645017e-05	7.215313e-05	
1817	1.729500e-07	-2.97732e-01	4.644932e-05	7.215151e-05	
1818	1.730500e-07	-2.97726e-01	4.644847e-05	7.214988e-05	
1819	1.731500e-07	-2.97720e-01	4.644763e-05	7.214825e-05	
1820	1.732500e-07	-2.97714e-01	4.644678e-05	7.214662e-05	
1821	1.733500e-07	-2.97708e-01	4.644593e-05	7.214499e-05	
1822	1.734500e-07	-2.97702e-01	4.644509e-05	7.214337e-05	
1823	1.735500e-07	-2.97696e-01	4.644424e-05	7.214174e-05	
1824	1.736500e-07	-2.97690e-01	4.644339e-05	7.214011e-05	
1825	1.737500e-07	-2.97684e-01	4.644255e-05	7.213848e-05	
1826	1.738500e-07	-2.97678e-01	4.644170e-05	7.213685e-05	
1827	1.739500e-07	-2.97672e-01	4.644085e-05	7.213523e-05	
1828	1.740500e-07	-2.97665e-01	4.644001e-05	7.213360e-05	
1829	1.741500e-07	-2.97659e-01	4.643916e-05	7.213197e-05	
1830	1.742500e-07	-2.97653e-01	4.643831e-05	7.213034e-05	
1831	1.743500e-07	-2.97647e-01	4.643747e-05	7.212872e-05	
1832	1.744500e-07	-2.97641e-01	4.643662e-05	7.212709e-05	
1833	1.745500e-07	-2.97635e-01	4.643577e-05	7.212546e-05	
1834	1.746500e-07	-2.97629e-01	4.643493e-05	7.212383e-05	
1835	1.747500e-07	-2.97623e-01	4.643408e-05	7.212221e-05	
1836	1.748500e-07	-2.97617e-01	4.643323e-05	7.212058e-05	
1837	1.749500e-07	-2.97611e-01	4.643239e-05	7.211895e-05	
1838	1.750500e-07	-2.97605e-01	4.643154e-05	7.211732e-05	
1839	1.751500e-07	-2.97599e-01	4.643069e-05	7.211570e-05	
1840	1.752500e-07	-2.97593e-01	4.642985e-05	7.211407e-05	
1841	1.753500e-07	-2.97587e-01	4.642900e-05	7.211244e-05	
1842	1.754500e-07	-2.97581e-01	4.642815e-05	7.211081e-05	
1843	1.755500e-07	-2.97575e-01	4.642731e-05	7.210919e-05	
1844	1.756500e-07	-2.97569e-01	4.642646e-05	7.210756e-05	
1845	1.757500e-07	-2.97563e-01	4.642561e-05	7.210593e-05	
1846	1.758500e-07	-2.97557e-01	4.642477e-05	7.210431e-05	
1847	1.759500e-07	-2.97551e-01	4.642392e-05	7.210268e-05	
1848	1.760500e-07	-2.97544e-01	4.642308e-05	7.210105e-05	
1849	1.761500e-07	-2.97538e-01	4.642223e-05	7.209942e-05	
1850	1.762500e-07	-2.97532e-01	4.642138e-05	7.209780e-05	
1851	1.763500e-07	-2.97526e-01	4.642054e-05	7.209617e-05	
1852	1.764500e-07	-2.97520e-01	4.641969e-05	7.209454e-05	

Index   time            v(drvc)         v(rac)          v(rbc)          
--------------------------------------------------------------------------------
1853	1.765500e-07	-2.97514e-01	4.641884e-05	7.209292e-05	
1854	1.766500e-07	-2.97508e-01	4.641800e-05	7.209129e-05	
1855	1.767500e-07	-2.97502e-01	4.641715e-05	7.208966e-05	
1856	1.768500e-07	-2.97496e-01	4.641630e-05	7.208804e-05	
1857	1.769500e-07	-2.97490e-01	4.641546e-05	7.208641e-05	
1858	1.770500e-07	-2.97484e-01	4.641461e-05	7.208478e-05	
1859	1.771500e-07	-2.97478e-01	4.641376e-05	7.208316e-05	
1860	1.772500e-07	-2.97472e-01	4.641292e-05	7.208153e-05	
1861	1.773500e-07	-2.97466e-01	4.641207e-05	7.207990e-05	
1862	1.774500e-07	-2.97460e-01	4.641123e-05	7.207828e-05	
1863	1.775500e-07	-2.97454e-01	4.641038e-05	7.207665e-05	
1864	1.776500e-07	-2.97448e-01	4.640953e-05	7.207502e-05	
1865	1.777500e-07	-2.97442e-01	4.640869e-05	7.207340e-05	
1866	1.778500e-07	-2.97436e-01	4.640784e-05	7.207177e-05	
1867	1.779500e-07	-2.97430e-01	4.640699e-05	7.207014e-05	
1868	1.780500e-07	-2.97423e-01	4.640615e-05	7.206852e-05	
1869	1.781500e-07	-2.97417e-01	4.640530e-05	7.206689e-05	
1870	1.782500e-07	-2.97411e-01	4.640446e-05	7.206527e-05	
1871	1.783500e-07	-2.97405e-01	4.640361e-05	7.206364e-05	
1872	1.784500e-07	-2.97399e-01	4.640276e-05	7.206201e-05	
1873	1.785500e-07	-2.97393e-01	4.640192e-05	7.206039e-05	
1874	1.786500e-07	-2.97387e-01	4.640107e-05	7.205876e-05	
1875	1.787500e-07	-2.97381e-01	4.640022e-05	7.205713e-05	
1876	1.788500e-07	-2.97375e-01	4.639938e-05	7.205551e-05	
1877	1.789500e-07	-2.97369e-01	4.639853e-05	7.205388e-05	
1878	1.790500e-07	-2.97363e-01	4.639769e-05	7.205226e-05	
1879	1.791500e-07	-2.97357e-01	4.639684e-05	7.205063e-05	
1880	1.792500e-07	-2.97351e-01	4.639599e-05	7.204900e-05	
1881	1.793500e-07	-2.97345e-01	4.639515e-05	7.204738e-05	
1882	1.794500e-07	-2.97339e-01	4.639430e-05	7.204575e-05	
1883	1.795500e-07	-2.97333e-01	4.639346e-05	7.204413e-05	
1884	1.796500e-07	-2.97327e-01	4.639261e-05	7.204250e-05	
1885	1.797500e-07	-2.97321e-01	4.639176e-05	7.204088e-05	
1886	1.798500e-07	-2.97315e-01	4.639092e-05	7.203925e-05	
1887	1.799500e-07	-2.97309e-01	4.639007e-05	7.203762e-05	
1888	1.800500e-07	-2.97303e-01	4.638923e-05	7.203600e-05	
1889	1.801500e-07	-2.97297e-01	4.638838e-05	7.203437e-05	
1890	1.802500e-07	-2.97290e-01	4.638753e-05	7.203275e-05	
1891	1.803500e-07	-2.97284e-01	4.638669e-05	7.203112e-05	
1892	1.804500e-07	-2.97278e-01	4.638584e-05	7.202950e-05	
1893	1.805500e-07	-2.97272e-01	4.638500e-05	7.202787e-05	
1894	1.806500e-07	-2.97266e-01	4.638415e-05	7.202625e-05	
1895	1.807500e-07	-2.97260e-01	4.638330e-05	7.202462e-05	
1896	1.808500e-07	-2.97254e-01	4.638246e-05	7.202300e-05	
1897	1.809500e-07	-2.97248e-01	4.638161e-05	7.202137e-05	
1898	1.810500e-07	-2.97242e-01	4.638077e-05	7.201974e-05	
1899	1.811500e-07	-2.97236e-01	4.637992e-05	7.201812e-05	
1900	1.812500e-07	-2.97230e-01	4.637907e-05	7.201649e-05	
1901	1.813500e-07	-2.97224e-01	4.637823e-05	7.201487e-05	
1902	1.814500e-07	-2.97218e-01	4.637738e-05	7.201324e-05	
1903	1.815500e-07	-2.97212e-01	4.637654e-05	7.201162e-05	
1904	1.816500e-07	-2.97206e-01	4.637569e-05	7.200999e-05	
1905	1.817500e-07	-2.97200e-01	4.637485e-05	7.200837e-05	
1906	1.818500e-07	-2.97194e-01	4.637400e-05	7.200674e-05	
1907	1.819500e-07	-2.97188e-01	4.637315e-05	7.200512e-05	
1908	1.820500e-07	-2.97182e-01	4.637231e-05	7.200349e-05	
1909	1.821500e-07	-2.97176e-01	4.637146e-05	7.200187e-05	
1910	1.822500e-07	-2.97170e-01	4.637062e-05	7.200024e-05	

Index   time            v(drvc)         v(rac)          v(rbc)          
--------------------------------------------------------------------------------
1911	1.823500e-07	-2.97164e-01	4.636977e-05	7.199862e-05	
1912	1.824500e-07	-2.97157e-01	4.636892e-05	7.199699e-05	
1913	1.825500e-07	-2.97151e-01	4.636808e-05	7.199537e-05	
1914	1.826500e-07	-2.97145e-01	4.636723e-05	7.199375e-05	
1915	1.827500e-07	-2.97139e-01	4.636639e-05	7.199212e-05	
1916	1.828500e-07	-2.97133e-01	4.636554e-05	7.199050e-05	
1917	1.829500e-07	-2.97127e-01	4.636470e-05	7.198887e-05	
1918	1.830500e-07	-2.97121e-01	4.636385e-05	7.198725e-05	
1919	1.831500e-07	-2.97115e-01	4.636301e-05	7.198562e-05	
1920	1.832500e-07	-2.97109e-01	4.636216e-05	7.198400e-05	
1921	1.833500e-07	-2.97103e-01	4.636131e-05	7.198237e-05	
1922	1.834500e-07	-2.97097e-01	4.636047e-05	7.198075e-05	
1923	1.835500e-07	-2.97091e-01	4.635962e-05	7.197912e-05	
1924	1.836500e-07	-2.97085e-01	4.635878e-05	7.197750e-05	
1925	1.837500e-07	-2.97079e-01	4.635793e-05	7.197588e-05	
1926	1.838500e-07	-2.97073e-01	4.635709e-05	7.197425e-05	
1927	1.839500e-07	-2.97067e-01	4.635624e-05	7.197263e-05	
1928	1.840500e-07	-2.97061e-01	4.635540e-05	7.197100e-05	
1929	1.841500e-07	-2.97055e-01	4.635455e-05	7.196938e-05	
1930	1.842500e-07	-2.97049e-01	4.635370e-05	7.196775e-05	
1931	1.843500e-07	-2.97043e-01	4.635286e-05	7.196613e-05	
1932	1.844500e-07	-2.97037e-01	4.635201e-05	7.196451e-05	
1933	1.845500e-07	-2.97031e-01	4.635117e-05	7.196288e-05	
1934	1.846500e-07	-2.97025e-01	4.635032e-05	7.196126e-05	
1935	1.847500e-07	-2.97019e-01	4.634948e-05	7.195963e-05	
1936	1.848500e-07	-2.97012e-01	4.634863e-05	7.195801e-05	
1937	1.849500e-07	-2.97006e-01	4.634779e-05	7.195639e-05	
1938	1.850500e-07	-2.97000e-01	4.634694e-05	7.195476e-05	
1939	1.851500e-07	-2.96994e-01	4.634609e-05	7.195314e-05	
1940	1.852500e-07	-2.96988e-01	4.634525e-05	7.195152e-05	
1941	1.853500e-07	-2.96982e-01	4.634440e-05	7.194989e-05	
1942	1.854500e-07	-2.96976e-01	4.634356e-05	7.194827e-05	
1943	1.855500e-07	-2.96970e-01	4.634271e-05	7.194664e-05	
1944	1.856500e-07	-2.96964e-01	4.634187e-05	7.194502e-05	
1945	1.857500e-07	-2.96958e-01	4.634102e-05	7.194340e-05	
1946	1.858500e-07	-2.96952e-01	4.634018e-05	7.194177e-05	
1947	1.859500e-07	-2.96946e-01	4.633933e-05	7.194015e-05	
1948	1.860500e-07	-2.96940e-01	4.633849e-05	7.193853e-05	
1949	1.861500e-07	-2.96934e-01	4.633764e-05	7.193690e-05	
1950	1.862500e-07	-2.96928e-01	4.633680e-05	7.193528e-05	
1951	1.863500e-07	-2.96922e-01	4.633595e-05	7.193366e-05	
1952	1.864500e-07	-2.96916e-01	4.633511e-05	7.193203e-05	
1953	1.865500e-07	-2.96910e-01	4.633426e-05	7.193041e-05	
1954	1.866500e-07	-2.96904e-01	4.633342e-05	7.192879e-05	
1955	1.867500e-07	-2.96898e-01	4.633257e-05	7.192716e-05	
1956	1.868500e-07	-2.96892e-01	4.633172e-05	7.192554e-05	
1957	1.869500e-07	-2.96886e-01	4.633088e-05	7.192392e-05	
1958	1.870500e-07	-2.96880e-01	4.633003e-05	7.192229e-05	
1959	1.871500e-07	-2.96874e-01	4.632919e-05	7.192067e-05	
1960	1.872500e-07	-2.96868e-01	4.632834e-05	7.191905e-05	
1961	1.873500e-07	-2.96862e-01	4.632750e-05	7.191742e-05	
1962	1.874500e-07	-2.96855e-01	4.632665e-05	7.191580e-05	
1963	1.875500e-07	-2.96849e-01	4.632581e-05	7.191418e-05	
1964	1.876500e-07	-2.96843e-01	4.632496e-05	7.191256e-05	
1965	1.877500e-07	-2.96837e-01	4.632412e-05	7.191093e-05	
1966	1.878500e-07	-2.96831e-01	4.632327e-05	7.190931e-05	
1967	1.879500e-07	-2.96825e-01	4.632243e-05	7.190769e-05	
1968	1.880500e-07	-2.96819e-01	4.632158e-05	7.190606e-05	

Index   time            v(drvc)         v(rac)          v(rbc)          
--------------------------------------------------------------------------------
1969	1.881500e-07	-2.96813e-01	4.632074e-05	7.190444e-05	
1970	1.882500e-07	-2.96807e-01	4.631989e-05	7.190282e-05	
1971	1.883500e-07	-2.96801e-01	4.631905e-05	7.190120e-05	
1972	1.884500e-07	-2.96795e-01	4.631820e-05	7.189957e-05	
1973	1.885500e-07	-2.96789e-01	4.631736e-05	7.189795e-05	
1974	1.886500e-07	-2.96783e-01	4.631651e-05	7.189633e-05	
1975	1.887500e-07	-2.96777e-01	4.631567e-05	7.189471e-05	
1976	1.888500e-07	-2.96771e-01	4.631482e-05	7.189308e-05	
1977	1.889500e-07	-2.96765e-01	4.631398e-05	7.189146e-05	
1978	1.890500e-07	-2.96759e-01	4.631313e-05	7.188984e-05	
1979	1.891500e-07	-2.96753e-01	4.631229e-05	7.188822e-05	
1980	1.892500e-07	-2.96747e-01	4.631144e-05	7.188659e-05	
1981	1.893500e-07	-2.96741e-01	4.631060e-05	7.188497e-05	
1982	1.894500e-07	-2.96735e-01	4.630975e-05	7.188335e-05	
1983	1.895500e-07	-2.96729e-01	4.630891e-05	7.188173e-05	
1984	1.896500e-07	-2.96723e-01	4.630806e-05	7.188010e-05	
1985	1.897500e-07	-2.96717e-01	4.630722e-05	7.187848e-05	
1986	1.898500e-07	-2.96711e-01	4.630637e-05	7.187686e-05	
1987	1.899500e-07	-2.96705e-01	4.630553e-05	7.187524e-05	
1988	1.900500e-07	-2.96699e-01	4.630468e-05	7.187362e-05	
1989	1.901500e-07	-2.96693e-01	4.630384e-05	7.187199e-05	
1990	1.902500e-07	-2.96686e-01	4.630300e-05	7.187037e-05	
1991	1.903500e-07	-2.96680e-01	4.630215e-05	7.186875e-05	
1992	1.904500e-07	-2.96674e-01	4.630131e-05	7.186713e-05	
1993	1.905500e-07	-2.96668e-01	4.630046e-05	7.186551e-05	
1994	1.906500e-07	-2.96662e-01	4.629962e-05	7.186388e-05	
1995	1.907500e-07	-2.96656e-01	4.629877e-05	7.186226e-05	
1996	1.908500e-07	-2.96650e-01	4.629793e-05	7.186064e-05	
1997	1.909500e-07	-2.96644e-01	4.629708e-05	7.185902e-05	
1998	1.910500e-07	-2.96638e-01	4.629624e-05	7.185740e-05	
1999	1.911500e-07	-2.96632e-01	4.629539e-05	7.185578e-05	
2000	1.912500e-07	-2.96626e-01	4.629455e-05	7.185415e-05	
2001	1.913500e-07	-2.96620e-01	4.629370e-05	7.185253e-05	
2002	1.914500e-07	-2.96614e-01	4.629286e-05	7.185091e-05	
2003	1.915500e-07	-2.96608e-01	4.629201e-05	7.184929e-05	
2004	1.916500e-07	-2.96602e-01	4.629117e-05	7.184767e-05	
2005	1.917500e-07	-2.96596e-01	4.629032e-05	7.184605e-05	
2006	1.918500e-07	-2.96590e-01	4.628948e-05	7.184443e-05	
2007	1.919500e-07	-2.96584e-01	4.628864e-05	7.184280e-05	
2008	1.920500e-07	-2.96578e-01	4.628779e-05	7.184118e-05	
2009	1.921500e-07	-2.96572e-01	4.628695e-05	7.183956e-05	
2010	1.922500e-07	-2.96566e-01	4.628610e-05	7.183794e-05	
2011	1.923500e-07	-2.96560e-01	4.628526e-05	7.183632e-05	
2012	1.924500e-07	-2.96554e-01	4.628441e-05	7.183470e-05	
2013	1.925500e-07	-2.96548e-01	4.628357e-05	7.183308e-05	
2014	1.926500e-07	-2.96542e-01	4.628272e-05	7.183146e-05	
2015	1.927500e-07	-2.96536e-01	4.628188e-05	7.182983e-05	
2016	1.928500e-07	-2.96530e-01	4.628103e-05	7.182821e-05	
2017	1.929500e-07	-2.96524e-01	4.628019e-05	7.182659e-05	
2018	1.930500e-07	-2.96518e-01	4.627935e-05	7.182497e-05	
2019	1.931500e-07	-2.96512e-01	4.627850e-05	7.182335e-05	
2020	1.932500e-07	-2.96505e-01	4.627766e-05	7.182173e-05	
2021	1.933500e-07	-2.96499e-01	4.627681e-05	7.182011e-05	
2022	1.934500e-07	-2.96493e-01	4.627597e-05	7.181849e-05	
2023	1.935500e-07	-2.96487e-01	4.627512e-05	7.181687e-05	
2024	1.936500e-07	-2.96481e-01	4.627428e-05	7.181525e-05	
2025	1.937500e-07	-2.96475e-01	4.627343e-05	7.181362e-05	
2026	1.938500e-07	-2.96469e-01	4.627259e-05	7.181200e-05	

Index   time            v(drvc)         v(rac)          v(rbc)          
--------------------------------------------------------------------------------
2027	1.939500e-07	-2.96463e-01	4.627175e-05	7.181038e-05	
2028	1.940500e-07	-2.96457e-01	4.627090e-05	7.180876e-05	
2029	1.941500e-07	-2.96451e-01	4.627006e-05	7.180714e-05	
2030	1.942500e-07	-2.96445e-01	4.626921e-05	7.180552e-05	
2031	1.943500e-07	-2.96439e-01	4.626837e-05	7.180390e-05	
2032	1.944500e-07	-2.96433e-01	4.626752e-05	7.180228e-05	
2033	1.945500e-07	-2.96427e-01	4.626668e-05	7.180066e-05	
2034	1.946500e-07	-2.96421e-01	4.626584e-05	7.179904e-05	
2035	1.947500e-07	-2.96415e-01	4.626499e-05	7.179742e-05	
2036	1.948500e-07	-2.96409e-01	4.626415e-05	7.179580e-05	
2037	1.949500e-07	-2.96403e-01	4.626330e-05	7.179418e-05	
2038	1.950500e-07	-2.96397e-01	4.626246e-05	7.179256e-05	
2039	1.951500e-07	-2.96391e-01	4.626161e-05	7.179094e-05	
2040	1.952500e-07	-2.96385e-01	4.626077e-05	7.178932e-05	
2041	1.953500e-07	-2.96379e-01	4.625993e-05	7.178770e-05	
2042	1.954500e-07	-2.96373e-01	4.625908e-05	7.178608e-05	
2043	1.955500e-07	-2.96367e-01	4.625824e-05	7.178446e-05	
2044	1.956500e-07	-2.96361e-01	4.625739e-05	7.178284e-05	
2045	1.957500e-07	-2.96355e-01	4.625655e-05	7.178122e-05	
2046	1.958500e-07	-2.96349e-01	4.625571e-05	7.177960e-05	
2047	1.959500e-07	-2.96343e-01	4.625486e-05	7.177798e-05	
2048	1.960500e-07	-2.96337e-01	4.625402e-05	7.177636e-05	
2049	1.961500e-07	-2.96331e-01	4.625317e-05	7.177474e-05	
2050	1.962500e-07	-2.96325e-01	4.625233e-05	7.177312e-05	
2051	1.963500e-07	-2.96319e-01	4.625148e-05	7.177150e-05	
2052	1.964500e-07	-2.96313e-01	4.625064e-05	7.176988e-05	
2053	1.965500e-07	-2.96307e-01	4.624980e-05	7.176826e-05	
2054	1.966500e-07	-2.96300e-01	4.624895e-05	7.176664e-05	
2055	1.967500e-07	-2.96294e-01	4.624811e-05	7.176502e-05	
2056	1.968500e-07	-2.96288e-01	4.624726e-05	7.176340e-05	
2057	1.969500e-07	-2.96282e-01	4.624642e-05	7.176178e-05	
2058	1.970500e-07	-2.96276e-01	4.624558e-05	7.176016e-05	
2059	1.971500e-07	-2.96270e-01	4.624473e-05	7.175854e-05	
2060	1.972500e-07	-2.96264e-01	4.624389e-05	7.175692e-05	
2061	1.973500e-07	-2.96258e-01	4.624304e-05	7.175530e-05	
2062	1.974500e-07	-2.96252e-01	4.624220e-05	7.175368e-05	
2063	1.975500e-07	-2.96246e-01	4.624136e-05	7.175206e-05	
2064	1.976500e-07	-2.96240e-01	4.624051e-05	7.175044e-05	
2065	1.977500e-07	-2.96234e-01	4.623967e-05	7.174882e-05	
2066	1.978500e-07	-2.96228e-01	4.623883e-05	7.174720e-05	
2067	1.979500e-07	-2.96222e-01	4.623798e-05	7.174559e-05	
2068	1.980500e-07	-2.96216e-01	4.623714e-05	7.174397e-05	
2069	1.981500e-07	-2.96210e-01	4.623629e-05	7.174235e-05	
2070	1.982500e-07	-2.96204e-01	4.623545e-05	7.174073e-05	
2071	1.983500e-07	-2.96198e-01	4.623461e-05	7.173911e-05	
2072	1.984500e-07	-2.96192e-01	4.623376e-05	7.173749e-05	
2073	1.985500e-07	-2.96186e-01	4.623292e-05	7.173587e-05	
2074	1.986500e-07	-2.96180e-01	4.623207e-05	7.173425e-05	
2075	1.987500e-07	-2.96174e-01	4.623123e-05	7.173263e-05	
2076	1.988500e-07	-2.96168e-01	4.623039e-05	7.173101e-05	
2077	1.989500e-07	-2.96162e-01	4.622954e-05	7.172939e-05	
2078	1.990500e-07	-2.96156e-01	4.622870e-05	7.172778e-05	
2079	1.991500e-07	-2.96150e-01	4.622786e-05	7.172616e-05	
2080	1.992500e-07	-2.96144e-01	4.622701e-05	7.172454e-05	
2081	1.993500e-07	-2.96138e-01	4.622617e-05	7.172292e-05	
2082	1.994500e-07	-2.96132e-01	4.622532e-05	7.172130e-05	
2083	1.995500e-07	-2.96126e-01	4.622448e-05	7.171968e-05	
2084	1.996500e-07	-2.96120e-01	4.622364e-05	7.171806e-05	

Index   time            v(drvc)         v(rac)          v(rbc)          
--------------------------------------------------------------------------------
2085	1.997500e-07	-2.96114e-01	4.622279e-05	7.171644e-05	
2086	1.998500e-07	-2.96108e-01	4.622195e-05	7.171483e-05	
2087	1.999500e-07	-2.96102e-01	4.622111e-05	7.171321e-05	
2088	2.000500e-07	-2.96096e-01	4.622026e-05	7.171159e-05	
2089	2.001500e-07	-2.96090e-01	4.621942e-05	7.170997e-05	
2090	2.002500e-07	-2.96084e-01	4.621858e-05	7.170835e-05	
2091	2.003500e-07	-2.96078e-01	4.621773e-05	7.170673e-05	
2092	2.004500e-07	-2.96072e-01	4.621689e-05	7.170511e-05	
2093	2.005500e-07	-2.96066e-01	4.621604e-05	7.170350e-05	
2094	2.006500e-07	-2.96059e-01	4.621520e-05	7.170188e-05	
2095	2.007500e-07	-2.96053e-01	4.621436e-05	7.170026e-05	
2096	2.008500e-07	-2.96047e-01	4.621351e-05	7.169864e-05	
2097	2.009500e-07	-2.96041e-01	4.621267e-05	7.169702e-05	
2098	2.010500e-07	-2.96035e-01	4.621183e-05	7.169541e-05	
2099	2.011500e-07	-2.96029e-01	4.621098e-05	7.169379e-05	
2100	2.012500e-07	-2.96023e-01	4.621014e-05	7.169217e-05	
2101	2.013500e-07	-2.96017e-01	4.620930e-05	7.169055e-05	
2102	2.014500e-07	-2.96011e-01	4.620845e-05	7.168893e-05	
2103	2.015500e-07	-2.96005e-01	4.620761e-05	7.168731e-05	
2104	2.016500e-07	-2.95999e-01	4.620677e-05	7.168570e-05	
2105	2.017500e-07	-2.95993e-01	4.620592e-05	7.168408e-05	
2106	2.018500e-07	-2.95987e-01	4.620508e-05	7.168246e-05	
2107	2.019500e-07	-2.95981e-01	4.620424e-05	7.168084e-05	
2108	2.020500e-07	-2.95975e-01	4.620339e-05	7.167923e-05	
2109	2.021500e-07	-2.95969e-01	4.620255e-05	7.167761e-05	
2110	2.022500e-07	-2.95963e-01	4.620171e-05	7.167599e-05	
2111	2.023500e-07	-2.95957e-01	4.620086e-05	7.167437e-05	
2112	2.024500e-07	-2.95951e-01	4.620002e-05	7.167275e-05	
2113	2.025500e-07	-2.95945e-01	4.619918e-05	7.167114e-05	
2114	2.026500e-07	-2.95939e-01	4.619833e-05	7.166952e-05	
2115	2.027500e-07	-2.95933e-01	4.619749e-05	7.166790e-05	
2116	2.028500e-07	-2.95927e-01	4.619665e-05	7.166628e-05	
2117	2.029500e-07	-2.95921e-01	4.619580e-05	7.166467e-05	
2118	2.030500e-07	-2.95915e-01	4.619496e-05	7.166305e-05	
2119	2.031500e-07	-2.95909e-01	4.619412e-05	7.166143e-05	
2120	2.032500e-07	-2.95903e-01	4.619327e-05	7.165981e-05	
2121	2.033500e-07	-2.95897e-01	4.619243e-05	7.165820e-05	
2122	2.034500e-07	-2.95891e-01	4.619159e-05	7.165658e-05	
2123	2.035500e-07	-2.95885e-01	4.619074e-05	7.165496e-05	
2124	2.036500e-07	-2.95879e-01	4.618990e-05	7.165335e-05	
2125	2.037500e-07	-2.95873e-01	4.618906e-05	7.165173e-05	
2126	2.038500e-07	-2.95867e-01	4.618821e-05	7.165011e-05	
2127	2.039500e-07	-2.95861e-01	4.618737e-05	7.164849e-05	
2128	2.040500e-07	-2.95855e-01	4.618653e-05	7.164688e-05	
2129	2.041500e-07	-2.95849e-01	4.618568e-05	7.164526e-05	
2130	2.042500e-07	-2.95843e-01	4.618484e-05	7.164364e-05	
2131	2.043500e-07	-2.95837e-01	4.618400e-05	7.164203e-05	
2132	2.044500e-07	-2.95831e-01	4.618315e-05	7.164041e-05	
2133	2.045500e-07	-2.95825e-01	4.618231e-05	7.163879e-05	
2134	2.046500e-07	-2.95819e-01	4.618147e-05	7.163717e-05	
2135	2.047500e-07	-2.95813e-01	4.618063e-05	7.163556e-05	
2136	2.048500e-07	-2.95807e-01	4.617978e-05	7.163394e-05	
2137	2.049500e-07	-2.95801e-01	4.617894e-05	7.163232e-05	
2138	2.050500e-07	-2.95795e-01	4.617810e-05	7.163071e-05	
2139	2.051500e-07	-2.95789e-01	4.617725e-05	7.162909e-05	
2140	2.052500e-07	-2.95783e-01	4.617641e-05	7.162747e-05	
2141	2.053500e-07	-2.95777e-01	4.617557e-05	7.162586e-05	
2142	2.054500e-07	-2.95770e-01	4.617472e-05	7.162424e-05	

Index   time            v(drvc)         v(rac)          v(rbc)          
--------------------------------------------------------------------------------
2143	2.055500e-07	-2.95764e-01	4.617388e-05	7.162262e-05	
2144	2.056500e-07	-2.95758e-01	4.617304e-05	7.162101e-05	
2145	2.057500e-07	-2.95752e-01	4.617219e-05	7.161939e-05	
2146	2.058500e-07	-2.95746e-01	4.617135e-05	7.161777e-05	
2147	2.059500e-07	-2.95740e-01	4.617051e-05	7.161616e-05	
2148	2.060500e-07	-2.95734e-01	4.616967e-05	7.161454e-05	
2149	2.061500e-07	-2.95728e-01	4.616882e-05	7.161293e-05	
2150	2.062500e-07	-2.95722e-01	4.616798e-05	7.161131e-05	
2151	2.063500e-07	-2.95716e-01	4.616714e-05	7.160969e-05	
2152	2.064500e-07	-2.95710e-01	4.616629e-05	7.160808e-05	
2153	2.065500e-07	-2.95704e-01	4.616545e-05	7.160646e-05	
2154	2.066500e-07	-2.95698e-01	4.616461e-05	7.160484e-05	
2155	2.067500e-07	-2.95692e-01	4.616377e-05	7.160323e-05	
2156	2.068500e-07	-2.95686e-01	4.616292e-05	7.160161e-05	
2157	2.069500e-07	-2.95680e-01	4.616208e-05	7.160000e-05	
2158	2.070500e-07	-2.95674e-01	4.616124e-05	7.159838e-05	
2159	2.071500e-07	-2.95668e-01	4.616039e-05	7.159676e-05	
2160	2.072500e-07	-2.95662e-01	4.615955e-05	7.159515e-05	
2161	2.073500e-07	-2.95656e-01	4.615871e-05	7.159353e-05	
2162	2.074500e-07	-2.95650e-01	4.615787e-05	7.159192e-05	
2163	2.075500e-07	-2.95644e-01	4.615702e-05	7.159030e-05	
2164	2.076500e-07	-2.95638e-01	4.615618e-05	7.158868e-05	
2165	2.077500e-07	-2.95632e-01	4.615534e-05	7.158707e-05	
2166	2.078500e-07	-2.95626e-01	4.615450e-05	7.158545e-05	
2167	2.079500e-07	-2.95620e-01	4.615365e-05	7.158384e-05	
2168	2.080500e-07	-2.95614e-01	4.615281e-05	7.158222e-05	
2169	2.081500e-07	-2.95608e-01	4.615197e-05	7.158061e-05	
2170	2.082500e-07	-2.95602e-01	4.615112e-05	7.157899e-05	
2171	2.083500e-07	-2.95596e-01	4.615028e-05	7.157737e-05	
2172	2.084500e-07	-2.95590e-01	4.614944e-05	7.157576e-05	
2173	2.085500e-07	-2.95584e-01	4.614860e-05	7.157414e-05	
2174	2.086500e-07	-2.95578e-01	4.614775e-05	7.157253e-05	
2175	2.087500e-07	-2.95572e-01	4.614691e-05	7.157091e-05	
2176	2.088500e-07	-2.95566e-01	4.614607e-05	7.156930e-05	
2177	2.089500e-07	-2.95560e-01	4.614523e-05	7.156768e-05	
2178	2.090500e-07	-2.95554e-01	4.614438e-05	7.156607e-05	
2179	2.091500e-07	-2.95548e-01	4.614354e-05	7.156445e-05	
2180	2.092500e-07	-2.95542e-01	4.614270e-05	7.156284e-05	
2181	2.093500e-07	-2.95536e-01	4.614186e-05	7.156122e-05	
2182	2.094500e-07	-2.95530e-01	4.614101e-05	7.155960e-05	
2183	2.095500e-07	-2.95524e-01	4.614017e-05	7.155799e-05	
2184	2.096500e-07	-2.95518e-01	4.613933e-05	7.155637e-05	
2185	2.097500e-07	-2.95512e-01	4.613849e-05	7.155476e-05	
2186	2.098500e-07	-2.95506e-01	4.613764e-05	7.155314e-05	
2187	2.099500e-07	-2.95500e-01	4.613680e-05	7.155153e-05	
2188	2.100000e-07	-2.95497e-01	4.613638e-05	7.155072e-05	
2189	2.100100e-07	-2.95496e-01	4.613630e-05	7.155055e-05	
2190	2.100300e-07	-2.95495e-01	4.613613e-05	7.155023e-05	
2191	2.100700e-07	-2.95493e-01	4.613580e-05	7.154957e-05	
2192	2.101500e-07	-2.95488e-01	4.613513e-05	7.154825e-05	
2193	2.102500e-07	-2.95482e-01	4.613430e-05	7.154661e-05	
2194	2.103500e-07	-2.95476e-01	4.613346e-05	7.154497e-05	
2195	2.104500e-07	-2.95470e-01	4.613263e-05	7.154333e-05	
2196	2.105500e-07	-2.95464e-01	4.613180e-05	7.154169e-05	
2197	2.106500e-07	-2.95458e-01	4.613097e-05	7.154006e-05	
2198	2.107500e-07	-2.95452e-01	4.613014e-05	7.153843e-05	
2199	2.108500e-07	-2.95446e-01	4.612931e-05	7.153680e-05	
2200	2.109500e-07	-2.95440e-01	4.612847e-05	7.153518e-05	

Index   time            v(drvc)         v(rac)          v(rbc)          
--------------------------------------------------------------------------------
2201	2.110000e-07	-2.95437e-01	4.612806e-05	7.153436e-05	
2202	2.110100e-07	-2.95436e-01	4.612797e-05	7.153420e-05	
2203	2.110300e-07	-2.95435e-01	4.612781e-05	7.153388e-05	
2204	2.110700e-07	-2.95432e-01	4.612747e-05	7.153323e-05	
2205	2.111500e-07	-2.95428e-01	4.612680e-05	7.153195e-05	
2206	2.112500e-07	-2.95422e-01	4.612596e-05	7.153035e-05	
2207	2.113500e-07	-2.95416e-01	4.612511e-05	7.152875e-05	
2208	2.114500e-07	-2.95410e-01	4.612427e-05	7.152716e-05	
2209	2.115500e-07	-2.95404e-01	4.612342e-05	7.152556e-05	
2210	2.116500e-07	-2.95398e-01	4.612257e-05	7.152396e-05	
2211	2.117500e-07	-2.95392e-01	4.612172e-05	7.152236e-05	
2212	2.118500e-07	-2.95386e-01	4.612087e-05	7.152076e-05	
2213	2.119500e-07	-2.95380e-01	4.612002e-05	7.151915e-05	
2214	2.120500e-07	-2.95374e-01	4.611918e-05	7.151755e-05	
2215	2.121500e-07	-2.95368e-01	4.611833e-05	7.151594e-05	
2216	2.122500e-07	-2.95362e-01	4.611748e-05	7.151433e-05	
2217	2.123500e-07	-2.95356e-01	4.611663e-05	7.151272e-05	
2218	2.124500e-07	-2.95350e-01	4.611579e-05	7.151111e-05	
2219	2.125500e-07	-2.95344e-01	4.611494e-05	7.150950e-05	
2220	2.126500e-07	-2.95338e-01	4.611410e-05	7.150789e-05	
2221	2.127500e-07	-2.95331e-01	4.611325e-05	7.150628e-05	
2222	2.128500e-07	-2.95325e-01	4.611241e-05	7.150467e-05	
2223	2.129500e-07	-2.95319e-01	4.611156e-05	7.150306e-05	
2224	2.130500e-07	-2.95313e-01	4.611072e-05	7.150145e-05	
2225	2.131500e-07	-2.95307e-01	4.610987e-05	7.149984e-05	
2226	2.132500e-07	-2.95301e-01	4.610903e-05	7.149823e-05	
2227	2.133500e-07	-2.95295e-01	4.610818e-05	7.149662e-05	
2228	2.134500e-07	-2.95289e-01	4.610734e-05	7.149501e-05	
2229	2.135500e-07	-2.95283e-01	4.610650e-05	7.149339e-05	
2230	2.136500e-07	-2.95277e-01	4.610565e-05	7.149178e-05	
2231	2.137500e-07	-2.95271e-01	4.610481e-05	7.149017e-05	
2232	2.138500e-07	-2.95265e-01	4.610397e-05	7.148856e-05	
2233	2.139500e-07	-2.95259e-01	4.610312e-05	7.148695e-05	
2234	2.140000e-07	-2.95256e-01	4.610270e-05	7.148614e-05	
2235	2.140100e-07	-2.95256e-01	4.610262e-05	7.148597e-05	
2236	2.140300e-07	-2.95255e-01	4.610245e-05	7.148564e-05	
2237	2.140700e-07	-2.95252e-01	4.610212e-05	7.148499e-05	
2238	2.141500e-07	-2.95247e-01	4.610145e-05	7.148367e-05	
2239	2.142500e-07	-2.95241e-01	4.610062e-05	7.148203e-05	
2240	2.143500e-07	-2.95235e-01	4.609978e-05	7.148039e-05	
2241	2.144500e-07	-2.95229e-01	4.609895e-05	7.147876e-05	
2242	2.145500e-07	-2.95223e-01	4.609812e-05	7.147712e-05	
2243	2.146500e-07	-2.95217e-01	4.609729e-05	7.147549e-05	
2244	2.147500e-07	-2.95211e-01	4.609646e-05	7.147387e-05	
2245	2.148500e-07	-2.95205e-01	4.609563e-05	7.147224e-05	
2246	2.149500e-07	-2.95199e-01	4.609479e-05	7.147061e-05	
2247	2.150000e-07	-2.95196e-01	4.609438e-05	7.146980e-05	
2248	2.150100e-07	-2.95196e-01	4.609429e-05	7.146964e-05	
2249	2.150300e-07	-2.95195e-01	4.609413e-05	7.146932e-05	
2250	2.150700e-07	-2.95192e-01	4.609379e-05	7.146867e-05	
2251	2.151500e-07	-2.95187e-01	4.609312e-05	7.146739e-05	
2252	2.152500e-07	-2.95181e-01	4.609228e-05	7.146579e-05	
2253	2.153500e-07	-2.95175e-01	4.609143e-05	7.146420e-05	
2254	2.154500e-07	-2.95169e-01	4.609059e-05	7.146261e-05	
2255	2.155500e-07	-2.95163e-01	4.608974e-05	7.146101e-05	
2256	2.156500e-07	-2.95157e-01	4.608889e-05	7.145941e-05	
2257	2.157500e-07	-2.95151e-01	4.608804e-05	7.145781e-05	
2258	2.158500e-07	-2.95145e-01	4.608719e-05	7.145621e-05	

Index   time            v(drvc)         v(rac)          v(rbc)          
--------------------------------------------------------------------------------
2259	2.159500e-07	-2.95139e-01	4.608635e-05	7.145461e-05	
2260	2.160500e-07	-2.95133e-01	4.608550e-05	7.145300e-05	
2261	2.161500e-07	-2.95127e-01	4.608465e-05	7.145140e-05	
2262	2.162500e-07	-2.95121e-01	4.608381e-05	7.144979e-05	
2263	2.163500e-07	-2.95115e-01	4.608296e-05	7.144818e-05	
2264	2.164500e-07	-2.95109e-01	4.608211e-05	7.144658e-05	
2265	2.165500e-07	-2.95103e-01	4.608127e-05	7.144497e-05	
2266	2.166500e-07	-2.95097e-01	4.608042e-05	7.144336e-05	
2267	2.167500e-07	-2.95091e-01	4.607958e-05	7.144175e-05	
2268	2.168500e-07	-2.95085e-01	4.607873e-05	7.144014e-05	
2269	2.169500e-07	-2.95079e-01	4.607789e-05	7.143853e-05	
2270	2.170500e-07	-2.95073e-01	4.607704e-05	7.143692e-05	
2271	2.171500e-07	-2.95067e-01	4.607620e-05	7.143531e-05	
2272	2.172500e-07	-2.95061e-01	4.607536e-05	7.143370e-05	
2273	2.173500e-07	-2.95055e-01	4.607451e-05	7.143209e-05	
2274	2.174500e-07	-2.95049e-01	4.607367e-05	7.143048e-05	
2275	2.175500e-07	-2.95043e-01	4.607283e-05	7.142887e-05	
2276	2.176500e-07	-2.95037e-01	4.607198e-05	7.142726e-05	
2277	2.177500e-07	-2.95031e-01	4.607114e-05	7.142565e-05	
2278	2.178500e-07	-2.95025e-01	4.607030e-05	7.142404e-05	
2279	2.179500e-07	-2.95019e-01	4.606945e-05	7.142243e-05	
2280	2.180500e-07	-2.95013e-01	4.606861e-05	7.142082e-05	
2281	2.181500e-07	-2.95007e-01	4.606777e-05	7.141921e-05	
2282	2.182500e-07	-2.95001e-01	4.606693e-05	7.141760e-05	
2283	2.183500e-07	-2.94995e-01	4.606608e-05	7.141598e-05	
2284	2.184500e-07	-2.94989e-01	4.606524e-05	7.141437e-05	
2285	2.185500e-07	-2.94983e-01	4.606440e-05	7.141276e-05	
2286	2.186500e-07	-2.94977e-01	4.606356e-05	7.141115e-05	
2287	2.187500e-07	-2.94971e-01	4.606272e-05	7.140954e-05	
2288	2.188500e-07	-2.94965e-01	4.606187e-05	7.140793e-05	
2289	2.189500e-07	-2.94959e-01	4.606103e-05	7.140632e-05	
2290	2.190500e-07	-2.94953e-01	4.606019e-05	7.140471e-05	
2291	2.191500e-07	-2.94947e-01	4.605935e-05	7.140309e-05	
2292	2.192500e-07	-2.94941e-01	4.605851e-05	7.140148e-05	
2293	2.193500e-07	-2.94935e-01	4.605767e-05	7.139987e-05	
2294	2.194500e-07	-2.94929e-01	4.605682e-05	7.139826e-05	
2295	2.195500e-07	-2.94923e-01	4.605598e-05	7.139665e-05	
2296	2.196500e-07	-2.94917e-01	4.605514e-05	7.139504e-05	
2297	2.197500e-07	-2.94911e-01	4.605430e-05	7.139343e-05	
2298	2.198500e-07	-2.94905e-01	4.605346e-05	7.139181e-05	
2299	2.199500e-07	-2.94899e-01	4.605262e-05	7.139020e-05	
2300	2.200000e-07	-2.94896e-01	4.605220e-05	7.138939e-05	

    * =====================================================================
    Transient Analysis  Fri Aug 28 22:18:30  2026
--------------------------------------------------------------------------------
Index   time            v(drve)         v(rea)          v(drvf)         
--------------------------------------------------------------------------------
0	0.000000e+00	0.000000e+00	0.000000e+00	0.000000e+00	
1	1.000000e-12	0.000000e+00	0.000000e+00	0.000000e+00	
2	2.000000e-12	0.000000e+00	0.000000e+00	0.000000e+00	
3	4.000000e-12	0.000000e+00	0.000000e+00	0.000000e+00	
4	8.000000e-12	0.000000e+00	0.000000e+00	0.000000e+00	
5	1.600000e-11	0.000000e+00	0.000000e+00	0.000000e+00	
6	3.200000e-11	0.000000e+00	0.000000e+00	0.000000e+00	
7	6.400000e-11	0.000000e+00	0.000000e+00	0.000000e+00	
8	1.280000e-10	0.000000e+00	0.000000e+00	0.000000e+00	
9	2.280000e-10	0.000000e+00	0.000000e+00	0.000000e+00	
10	3.280000e-10	0.000000e+00	0.000000e+00	0.000000e+00	
11	4.280000e-10	0.000000e+00	0.000000e+00	0.000000e+00	
12	5.280000e-10	0.000000e+00	0.000000e+00	0.000000e+00	
13	6.280000e-10	0.000000e+00	0.000000e+00	0.000000e+00	
14	7.280000e-10	0.000000e+00	0.000000e+00	0.000000e+00	
15	8.280000e-10	0.000000e+00	0.000000e+00	0.000000e+00	
16	9.280000e-10	0.000000e+00	0.000000e+00	0.000000e+00	
17	1.028000e-09	0.000000e+00	0.000000e+00	0.000000e+00	
18	1.128000e-09	0.000000e+00	0.000000e+00	0.000000e+00	
19	1.228000e-09	0.000000e+00	0.000000e+00	0.000000e+00	
20	1.328000e-09	0.000000e+00	0.000000e+00	0.000000e+00	
21	1.428000e-09	0.000000e+00	0.000000e+00	0.000000e+00	
22	1.528000e-09	0.000000e+00	0.000000e+00	0.000000e+00	
23	1.628000e-09	0.000000e+00	0.000000e+00	0.000000e+00	
24	1.728000e-09	0.000000e+00	0.000000e+00	0.000000e+00	
25	1.828000e-09	0.000000e+00	0.000000e+00	0.000000e+00	
26	1.928000e-09	0.000000e+00	0.000000e+00	0.000000e+00	
27	2.028000e-09	0.000000e+00	0.000000e+00	0.000000e+00	
28	2.128000e-09	0.000000e+00	0.000000e+00	0.000000e+00	
29	2.228000e-09	0.000000e+00	0.000000e+00	0.000000e+00	
30	2.328000e-09	0.000000e+00	0.000000e+00	0.000000e+00	
31	2.428000e-09	0.000000e+00	0.000000e+00	0.000000e+00	
32	2.528000e-09	0.000000e+00	0.000000e+00	0.000000e+00	
33	2.628000e-09	0.000000e+00	0.000000e+00	0.000000e+00	
34	2.728000e-09	0.000000e+00	0.000000e+00	0.000000e+00	
35	2.828000e-09	0.000000e+00	0.000000e+00	0.000000e+00	
36	2.928000e-09	0.000000e+00	0.000000e+00	0.000000e+00	
37	3.028000e-09	0.000000e+00	0.000000e+00	0.000000e+00	
38	3.128000e-09	0.000000e+00	0.000000e+00	0.000000e+00	
39	3.228000e-09	0.000000e+00	0.000000e+00	0.000000e+00	
40	3.328000e-09	0.000000e+00	0.000000e+00	0.000000e+00	
41	3.428000e-09	0.000000e+00	0.000000e+00	0.000000e+00	
42	3.528000e-09	0.000000e+00	0.000000e+00	0.000000e+00	
43	3.628000e-09	0.000000e+00	0.000000e+00	0.000000e+00	
44	3.728000e-09	0.000000e+00	0.000000e+00	0.000000e+00	
45	3.828000e-09	0.000000e+00	0.000000e+00	0.000000e+00	
46	3.928000e-09	0.000000e+00	0.000000e+00	0.000000e+00	
47	4.028000e-09	0.000000e+00	0.000000e+00	0.000000e+00	
48	4.128000e-09	0.000000e+00	0.000000e+00	0.000000e+00	
49	4.228000e-09	0.000000e+00	0.000000e+00	0.000000e+00	
50	4.328000e-09	0.000000e+00	0.000000e+00	0.000000e+00	
51	4.428000e-09	0.000000e+00	0.000000e+00	0.000000e+00	
52	4.528000e-09	0.000000e+00	0.000000e+00	0.000000e+00	
53	4.628000e-09	0.000000e+00	0.000000e+00	0.000000e+00	
54	4.728000e-09	0.000000e+00	0.000000e+00	0.000000e+00	

Index   time            v(drve)         v(rea)          v(drvf)         
--------------------------------------------------------------------------------
55	4.828000e-09	0.000000e+00	0.000000e+00	0.000000e+00	
56	4.928000e-09	0.000000e+00	0.000000e+00	0.000000e+00	
57	5.028000e-09	0.000000e+00	0.000000e+00	0.000000e+00	
58	5.128000e-09	0.000000e+00	0.000000e+00	0.000000e+00	
59	5.228000e-09	0.000000e+00	0.000000e+00	0.000000e+00	
60	5.328000e-09	0.000000e+00	0.000000e+00	0.000000e+00	
61	5.428000e-09	0.000000e+00	0.000000e+00	0.000000e+00	
62	5.528000e-09	0.000000e+00	0.000000e+00	0.000000e+00	
63	5.628000e-09	0.000000e+00	0.000000e+00	0.000000e+00	
64	5.728000e-09	0.000000e+00	0.000000e+00	0.000000e+00	
65	5.828000e-09	0.000000e+00	0.000000e+00	0.000000e+00	
66	5.928000e-09	0.000000e+00	0.000000e+00	0.000000e+00	
67	6.028000e-09	0.000000e+00	0.000000e+00	0.000000e+00	
68	6.128000e-09	0.000000e+00	0.000000e+00	0.000000e+00	
69	6.228000e-09	0.000000e+00	0.000000e+00	0.000000e+00	
70	6.328000e-09	0.000000e+00	0.000000e+00	0.000000e+00	
71	6.428000e-09	0.000000e+00	0.000000e+00	0.000000e+00	
72	6.528000e-09	0.000000e+00	0.000000e+00	0.000000e+00	
73	6.628000e-09	0.000000e+00	0.000000e+00	0.000000e+00	
74	6.728000e-09	0.000000e+00	0.000000e+00	0.000000e+00	
75	6.828000e-09	0.000000e+00	0.000000e+00	0.000000e+00	
76	6.928000e-09	0.000000e+00	0.000000e+00	0.000000e+00	
77	7.028000e-09	0.000000e+00	0.000000e+00	0.000000e+00	
78	7.128000e-09	0.000000e+00	0.000000e+00	0.000000e+00	
79	7.228000e-09	0.000000e+00	0.000000e+00	0.000000e+00	
80	7.328000e-09	0.000000e+00	0.000000e+00	0.000000e+00	
81	7.428000e-09	0.000000e+00	0.000000e+00	0.000000e+00	
82	7.528000e-09	0.000000e+00	0.000000e+00	0.000000e+00	
83	7.628000e-09	0.000000e+00	0.000000e+00	0.000000e+00	
84	7.728000e-09	0.000000e+00	0.000000e+00	0.000000e+00	
85	7.828000e-09	0.000000e+00	0.000000e+00	0.000000e+00	
86	7.928000e-09	0.000000e+00	0.000000e+00	0.000000e+00	
87	8.028000e-09	0.000000e+00	0.000000e+00	0.000000e+00	
88	8.128000e-09	0.000000e+00	0.000000e+00	0.000000e+00	
89	8.228000e-09	0.000000e+00	0.000000e+00	0.000000e+00	
90	8.328000e-09	0.000000e+00	0.000000e+00	0.000000e+00	
91	8.428000e-09	0.000000e+00	0.000000e+00	0.000000e+00	
92	8.528000e-09	0.000000e+00	0.000000e+00	0.000000e+00	
93	8.628000e-09	0.000000e+00	0.000000e+00	0.000000e+00	
94	8.728000e-09	0.000000e+00	0.000000e+00	0.000000e+00	
95	8.828000e-09	0.000000e+00	0.000000e+00	0.000000e+00	
96	8.928000e-09	0.000000e+00	0.000000e+00	0.000000e+00	
97	9.028000e-09	0.000000e+00	0.000000e+00	0.000000e+00	
98	9.128000e-09	0.000000e+00	0.000000e+00	0.000000e+00	
99	9.228000e-09	0.000000e+00	0.000000e+00	0.000000e+00	
100	9.328000e-09	0.000000e+00	0.000000e+00	0.000000e+00	
101	9.428000e-09	0.000000e+00	0.000000e+00	0.000000e+00	
102	9.528000e-09	0.000000e+00	0.000000e+00	0.000000e+00	
103	9.628000e-09	0.000000e+00	0.000000e+00	0.000000e+00	
104	9.728000e-09	0.000000e+00	0.000000e+00	0.000000e+00	
105	9.828000e-09	0.000000e+00	0.000000e+00	0.000000e+00	
106	9.928000e-09	0.000000e+00	0.000000e+00	0.000000e+00	
107	1.000000e-08	0.000000e+00	0.000000e+00	0.000000e+00	
108	1.001000e-08	0.000000e+00	0.000000e+00	0.000000e+00	
109	1.003000e-08	0.000000e+00	0.000000e+00	0.000000e+00	
110	1.007000e-08	0.000000e+00	0.000000e+00	0.000000e+00	
111	1.015000e-08	0.000000e+00	0.000000e+00	0.000000e+00	
112	1.025000e-08	0.000000e+00	0.000000e+00	0.000000e+00	

Index   time            v(drve)         v(rea)          v(drvf)         
--------------------------------------------------------------------------------
113	1.035000e-08	0.000000e+00	0.000000e+00	0.000000e+00	
114	1.045000e-08	0.000000e+00	0.000000e+00	0.000000e+00	
115	1.055000e-08	0.000000e+00	0.000000e+00	0.000000e+00	
116	1.065000e-08	0.000000e+00	0.000000e+00	0.000000e+00	
117	1.075000e-08	0.000000e+00	0.000000e+00	0.000000e+00	
118	1.085000e-08	0.000000e+00	0.000000e+00	0.000000e+00	
119	1.095000e-08	0.000000e+00	0.000000e+00	0.000000e+00	
120	1.100000e-08	0.000000e+00	0.000000e+00	0.000000e+00	
121	1.101000e-08	0.000000e+00	0.000000e+00	0.000000e+00	
122	1.103000e-08	0.000000e+00	0.000000e+00	0.000000e+00	
123	1.107000e-08	0.000000e+00	0.000000e+00	0.000000e+00	
124	1.115000e-08	0.000000e+00	0.000000e+00	0.000000e+00	
125	1.125000e-08	0.000000e+00	0.000000e+00	0.000000e+00	
126	1.135000e-08	0.000000e+00	0.000000e+00	0.000000e+00	
127	1.145000e-08	0.000000e+00	0.000000e+00	0.000000e+00	
128	1.155000e-08	0.000000e+00	0.000000e+00	0.000000e+00	
129	1.165000e-08	0.000000e+00	0.000000e+00	0.000000e+00	
130	1.175000e-08	0.000000e+00	0.000000e+00	0.000000e+00	
131	1.185000e-08	0.000000e+00	0.000000e+00	0.000000e+00	
132	1.195000e-08	0.000000e+00	0.000000e+00	0.000000e+00	
133	1.205000e-08	0.000000e+00	0.000000e+00	0.000000e+00	
134	1.215000e-08	0.000000e+00	0.000000e+00	0.000000e+00	
135	1.225000e-08	0.000000e+00	0.000000e+00	0.000000e+00	
136	1.235000e-08	0.000000e+00	0.000000e+00	0.000000e+00	
137	1.245000e-08	0.000000e+00	0.000000e+00	0.000000e+00	
138	1.255000e-08	0.000000e+00	0.000000e+00	0.000000e+00	
139	1.265000e-08	0.000000e+00	0.000000e+00	0.000000e+00	
140	1.275000e-08	0.000000e+00	0.000000e+00	0.000000e+00	
141	1.285000e-08	0.000000e+00	0.000000e+00	0.000000e+00	
142	1.295000e-08	0.000000e+00	0.000000e+00	0.000000e+00	
143	1.305000e-08	0.000000e+00	0.000000e+00	0.000000e+00	
144	1.315000e-08	0.000000e+00	0.000000e+00	0.000000e+00	
145	1.325000e-08	0.000000e+00	0.000000e+00	0.000000e+00	
146	1.335000e-08	0.000000e+00	0.000000e+00	0.000000e+00	
147	1.345000e-08	0.000000e+00	0.000000e+00	0.000000e+00	
148	1.355000e-08	0.000000e+00	0.000000e+00	0.000000e+00	
149	1.365000e-08	0.000000e+00	0.000000e+00	0.000000e+00	
150	1.375000e-08	0.000000e+00	0.000000e+00	0.000000e+00	
151	1.385000e-08	0.000000e+00	0.000000e+00	0.000000e+00	
152	1.395000e-08	0.000000e+00	0.000000e+00	0.000000e+00	
153	1.400000e-08	0.000000e+00	0.000000e+00	0.000000e+00	
154	1.401000e-08	0.000000e+00	0.000000e+00	0.000000e+00	
155	1.403000e-08	0.000000e+00	0.000000e+00	0.000000e+00	
156	1.407000e-08	0.000000e+00	0.000000e+00	0.000000e+00	
157	1.415000e-08	0.000000e+00	0.000000e+00	0.000000e+00	
158	1.425000e-08	0.000000e+00	0.000000e+00	0.000000e+00	
159	1.435000e-08	0.000000e+00	0.000000e+00	0.000000e+00	
160	1.445000e-08	0.000000e+00	0.000000e+00	0.000000e+00	
161	1.455000e-08	0.000000e+00	0.000000e+00	0.000000e+00	
162	1.465000e-08	0.000000e+00	0.000000e+00	0.000000e+00	
163	1.475000e-08	0.000000e+00	0.000000e+00	0.000000e+00	
164	1.485000e-08	0.000000e+00	0.000000e+00	0.000000e+00	
165	1.495000e-08	0.000000e+00	0.000000e+00	0.000000e+00	
166	1.500000e-08	0.000000e+00	0.000000e+00	0.000000e+00	
167	1.501000e-08	0.000000e+00	0.000000e+00	0.000000e+00	
168	1.503000e-08	0.000000e+00	0.000000e+00	0.000000e+00	
169	1.507000e-08	0.000000e+00	0.000000e+00	0.000000e+00	
170	1.515000e-08	0.000000e+00	0.000000e+00	0.000000e+00	

Index   time            v(drve)         v(rea)          v(drvf)         
--------------------------------------------------------------------------------
171	1.525000e-08	0.000000e+00	0.000000e+00	0.000000e+00	
172	1.535000e-08	0.000000e+00	0.000000e+00	0.000000e+00	
173	1.545000e-08	0.000000e+00	0.000000e+00	0.000000e+00	
174	1.555000e-08	0.000000e+00	0.000000e+00	0.000000e+00	
175	1.565000e-08	0.000000e+00	0.000000e+00	0.000000e+00	
176	1.575000e-08	0.000000e+00	0.000000e+00	0.000000e+00	
177	1.585000e-08	0.000000e+00	0.000000e+00	0.000000e+00	
178	1.595000e-08	0.000000e+00	0.000000e+00	0.000000e+00	
179	1.605000e-08	0.000000e+00	0.000000e+00	0.000000e+00	
180	1.615000e-08	0.000000e+00	0.000000e+00	0.000000e+00	
181	1.625000e-08	0.000000e+00	0.000000e+00	0.000000e+00	
182	1.635000e-08	0.000000e+00	0.000000e+00	0.000000e+00	
183	1.645000e-08	0.000000e+00	0.000000e+00	0.000000e+00	
184	1.655000e-08	0.000000e+00	0.000000e+00	0.000000e+00	
185	1.665000e-08	0.000000e+00	0.000000e+00	0.000000e+00	
186	1.675000e-08	0.000000e+00	0.000000e+00	0.000000e+00	
187	1.685000e-08	0.000000e+00	0.000000e+00	0.000000e+00	
188	1.695000e-08	0.000000e+00	0.000000e+00	0.000000e+00	
189	1.705000e-08	0.000000e+00	0.000000e+00	0.000000e+00	
190	1.715000e-08	0.000000e+00	0.000000e+00	0.000000e+00	
191	1.725000e-08	0.000000e+00	0.000000e+00	0.000000e+00	
192	1.735000e-08	0.000000e+00	0.000000e+00	0.000000e+00	
193	1.745000e-08	0.000000e+00	0.000000e+00	0.000000e+00	
194	1.755000e-08	0.000000e+00	0.000000e+00	0.000000e+00	
195	1.765000e-08	0.000000e+00	0.000000e+00	0.000000e+00	
196	1.775000e-08	0.000000e+00	0.000000e+00	0.000000e+00	
197	1.785000e-08	0.000000e+00	0.000000e+00	0.000000e+00	
198	1.795000e-08	0.000000e+00	0.000000e+00	0.000000e+00	
199	1.805000e-08	0.000000e+00	0.000000e+00	0.000000e+00	
200	1.815000e-08	0.000000e+00	0.000000e+00	0.000000e+00	
201	1.825000e-08	0.000000e+00	0.000000e+00	0.000000e+00	
202	1.835000e-08	0.000000e+00	0.000000e+00	0.000000e+00	
203	1.845000e-08	0.000000e+00	0.000000e+00	0.000000e+00	
204	1.855000e-08	0.000000e+00	0.000000e+00	0.000000e+00	
205	1.865000e-08	0.000000e+00	0.000000e+00	0.000000e+00	
206	1.875000e-08	0.000000e+00	0.000000e+00	0.000000e+00	
207	1.885000e-08	0.000000e+00	0.000000e+00	0.000000e+00	
208	1.895000e-08	0.000000e+00	0.000000e+00	0.000000e+00	
209	1.905000e-08	0.000000e+00	0.000000e+00	0.000000e+00	
210	1.915000e-08	0.000000e+00	0.000000e+00	0.000000e+00	
211	1.925000e-08	0.000000e+00	0.000000e+00	0.000000e+00	
212	1.935000e-08	0.000000e+00	0.000000e+00	0.000000e+00	
213	1.945000e-08	0.000000e+00	0.000000e+00	0.000000e+00	
214	1.955000e-08	0.000000e+00	0.000000e+00	0.000000e+00	
215	1.965000e-08	0.000000e+00	0.000000e+00	0.000000e+00	
216	1.975000e-08	0.000000e+00	0.000000e+00	0.000000e+00	
217	1.985000e-08	0.000000e+00	0.000000e+00	0.000000e+00	
218	1.995000e-08	0.000000e+00	0.000000e+00	0.000000e+00	
219	2.005000e-08	0.000000e+00	0.000000e+00	0.000000e+00	
220	2.015000e-08	0.000000e+00	0.000000e+00	0.000000e+00	
221	2.025000e-08	0.000000e+00	0.000000e+00	0.000000e+00	
222	2.035000e-08	0.000000e+00	0.000000e+00	0.000000e+00	
223	2.045000e-08	0.000000e+00	0.000000e+00	0.000000e+00	
224	2.055000e-08	0.000000e+00	0.000000e+00	0.000000e+00	
225	2.065000e-08	0.000000e+00	0.000000e+00	0.000000e+00	
226	2.075000e-08	0.000000e+00	0.000000e+00	0.000000e+00	
227	2.085000e-08	0.000000e+00	0.000000e+00	0.000000e+00	
228	2.095000e-08	0.000000e+00	0.000000e+00	0.000000e+00	

Index   time            v(drve)         v(rea)          v(drvf)         
--------------------------------------------------------------------------------
229	2.105000e-08	0.000000e+00	0.000000e+00	0.000000e+00	
230	2.115000e-08	0.000000e+00	0.000000e+00	0.000000e+00	
231	2.125000e-08	0.000000e+00	0.000000e+00	0.000000e+00	
232	2.135000e-08	0.000000e+00	0.000000e+00	0.000000e+00	
233	2.145000e-08	0.000000e+00	0.000000e+00	0.000000e+00	
234	2.155000e-08	0.000000e+00	0.000000e+00	0.000000e+00	
235	2.165000e-08	0.000000e+00	0.000000e+00	0.000000e+00	
236	2.175000e-08	0.000000e+00	0.000000e+00	0.000000e+00	
237	2.185000e-08	0.000000e+00	0.000000e+00	0.000000e+00	
238	2.195000e-08	0.000000e+00	0.000000e+00	0.000000e+00	
239	2.205000e-08	0.000000e+00	0.000000e+00	0.000000e+00	
240	2.215000e-08	0.000000e+00	0.000000e+00	0.000000e+00	
241	2.225000e-08	0.000000e+00	0.000000e+00	0.000000e+00	
242	2.235000e-08	0.000000e+00	0.000000e+00	0.000000e+00	
243	2.245000e-08	0.000000e+00	0.000000e+00	0.000000e+00	
244	2.255000e-08	0.000000e+00	0.000000e+00	0.000000e+00	
245	2.265000e-08	0.000000e+00	0.000000e+00	0.000000e+00	
246	2.275000e-08	0.000000e+00	0.000000e+00	0.000000e+00	
247	2.285000e-08	0.000000e+00	0.000000e+00	0.000000e+00	
248	2.295000e-08	0.000000e+00	0.000000e+00	0.000000e+00	
249	2.305000e-08	0.000000e+00	0.000000e+00	0.000000e+00	
250	2.315000e-08	0.000000e+00	0.000000e+00	0.000000e+00	
251	2.325000e-08	0.000000e+00	0.000000e+00	0.000000e+00	
252	2.335000e-08	0.000000e+00	0.000000e+00	0.000000e+00	
253	2.345000e-08	0.000000e+00	0.000000e+00	0.000000e+00	
254	2.355000e-08	0.000000e+00	0.000000e+00	0.000000e+00	
255	2.365000e-08	0.000000e+00	0.000000e+00	0.000000e+00	
256	2.375000e-08	0.000000e+00	0.000000e+00	0.000000e+00	
257	2.385000e-08	0.000000e+00	0.000000e+00	0.000000e+00	
258	2.395000e-08	0.000000e+00	0.000000e+00	0.000000e+00	
259	2.405000e-08	0.000000e+00	0.000000e+00	0.000000e+00	
260	2.415000e-08	0.000000e+00	0.000000e+00	0.000000e+00	
261	2.425000e-08	0.000000e+00	0.000000e+00	0.000000e+00	
262	2.435000e-08	0.000000e+00	0.000000e+00	0.000000e+00	
263	2.445000e-08	0.000000e+00	0.000000e+00	0.000000e+00	
264	2.455000e-08	0.000000e+00	0.000000e+00	0.000000e+00	
265	2.465000e-08	0.000000e+00	0.000000e+00	0.000000e+00	
266	2.475000e-08	0.000000e+00	0.000000e+00	0.000000e+00	
267	2.485000e-08	0.000000e+00	0.000000e+00	0.000000e+00	
268	2.495000e-08	0.000000e+00	0.000000e+00	0.000000e+00	
269	2.505000e-08	0.000000e+00	0.000000e+00	0.000000e+00	
270	2.515000e-08	0.000000e+00	0.000000e+00	0.000000e+00	
271	2.525000e-08	0.000000e+00	0.000000e+00	0.000000e+00	
272	2.535000e-08	0.000000e+00	0.000000e+00	0.000000e+00	
273	2.545000e-08	0.000000e+00	0.000000e+00	0.000000e+00	
274	2.555000e-08	0.000000e+00	0.000000e+00	0.000000e+00	
275	2.565000e-08	0.000000e+00	0.000000e+00	0.000000e+00	
276	2.575000e-08	0.000000e+00	0.000000e+00	0.000000e+00	
277	2.585000e-08	0.000000e+00	0.000000e+00	0.000000e+00	
278	2.595000e-08	0.000000e+00	0.000000e+00	0.000000e+00	
279	2.605000e-08	0.000000e+00	0.000000e+00	0.000000e+00	
280	2.615000e-08	0.000000e+00	0.000000e+00	0.000000e+00	
281	2.625000e-08	0.000000e+00	0.000000e+00	0.000000e+00	
282	2.635000e-08	0.000000e+00	0.000000e+00	0.000000e+00	
283	2.645000e-08	0.000000e+00	0.000000e+00	0.000000e+00	
284	2.655000e-08	0.000000e+00	0.000000e+00	0.000000e+00	
285	2.665000e-08	0.000000e+00	0.000000e+00	0.000000e+00	
286	2.675000e-08	0.000000e+00	0.000000e+00	0.000000e+00	

Index   time            v(drve)         v(rea)          v(drvf)         
--------------------------------------------------------------------------------
287	2.685000e-08	0.000000e+00	0.000000e+00	0.000000e+00	
288	2.695000e-08	0.000000e+00	0.000000e+00	0.000000e+00	
289	2.705000e-08	0.000000e+00	0.000000e+00	0.000000e+00	
290	2.715000e-08	0.000000e+00	0.000000e+00	0.000000e+00	
291	2.725000e-08	0.000000e+00	0.000000e+00	0.000000e+00	
292	2.735000e-08	0.000000e+00	0.000000e+00	0.000000e+00	
293	2.745000e-08	0.000000e+00	0.000000e+00	0.000000e+00	
294	2.755000e-08	0.000000e+00	0.000000e+00	0.000000e+00	
295	2.765000e-08	0.000000e+00	0.000000e+00	0.000000e+00	
296	2.775000e-08	0.000000e+00	0.000000e+00	0.000000e+00	
297	2.785000e-08	0.000000e+00	0.000000e+00	0.000000e+00	
298	2.795000e-08	0.000000e+00	0.000000e+00	0.000000e+00	
299	2.805000e-08	0.000000e+00	0.000000e+00	0.000000e+00	
300	2.815000e-08	0.000000e+00	0.000000e+00	0.000000e+00	
301	2.825000e-08	0.000000e+00	0.000000e+00	0.000000e+00	
302	2.835000e-08	0.000000e+00	0.000000e+00	0.000000e+00	
303	2.845000e-08	0.000000e+00	0.000000e+00	0.000000e+00	
304	2.855000e-08	0.000000e+00	0.000000e+00	0.000000e+00	
305	2.865000e-08	0.000000e+00	0.000000e+00	0.000000e+00	
306	2.875000e-08	0.000000e+00	0.000000e+00	0.000000e+00	
307	2.885000e-08	0.000000e+00	0.000000e+00	0.000000e+00	
308	2.895000e-08	0.000000e+00	0.000000e+00	0.000000e+00	
309	2.905000e-08	0.000000e+00	0.000000e+00	0.000000e+00	
310	2.915000e-08	0.000000e+00	0.000000e+00	0.000000e+00	
311	2.925000e-08	0.000000e+00	0.000000e+00	0.000000e+00	
312	2.935000e-08	0.000000e+00	0.000000e+00	0.000000e+00	
313	2.945000e-08	0.000000e+00	0.000000e+00	0.000000e+00	
314	2.955000e-08	0.000000e+00	0.000000e+00	0.000000e+00	
315	2.965000e-08	0.000000e+00	0.000000e+00	0.000000e+00	
316	2.975000e-08	0.000000e+00	0.000000e+00	0.000000e+00	
317	2.985000e-08	0.000000e+00	0.000000e+00	0.000000e+00	
318	2.995000e-08	0.000000e+00	0.000000e+00	0.000000e+00	
319	3.005000e-08	0.000000e+00	0.000000e+00	0.000000e+00	
320	3.015000e-08	0.000000e+00	0.000000e+00	0.000000e+00	
321	3.025000e-08	0.000000e+00	0.000000e+00	0.000000e+00	
322	3.035000e-08	0.000000e+00	0.000000e+00	0.000000e+00	
323	3.045000e-08	0.000000e+00	0.000000e+00	0.000000e+00	
324	3.055000e-08	0.000000e+00	0.000000e+00	0.000000e+00	
325	3.065000e-08	0.000000e+00	0.000000e+00	0.000000e+00	
326	3.075000e-08	0.000000e+00	0.000000e+00	0.000000e+00	
327	3.085000e-08	0.000000e+00	0.000000e+00	0.000000e+00	
328	3.095000e-08	0.000000e+00	0.000000e+00	0.000000e+00	
329	3.105000e-08	0.000000e+00	0.000000e+00	0.000000e+00	
330	3.115000e-08	0.000000e+00	0.000000e+00	0.000000e+00	
331	3.125000e-08	0.000000e+00	0.000000e+00	0.000000e+00	
332	3.135000e-08	0.000000e+00	0.000000e+00	0.000000e+00	
333	3.145000e-08	0.000000e+00	0.000000e+00	0.000000e+00	
334	3.155000e-08	0.000000e+00	0.000000e+00	0.000000e+00	
335	3.165000e-08	0.000000e+00	0.000000e+00	0.000000e+00	
336	3.175000e-08	0.000000e+00	0.000000e+00	0.000000e+00	
337	3.185000e-08	0.000000e+00	0.000000e+00	0.000000e+00	
338	3.195000e-08	0.000000e+00	0.000000e+00	0.000000e+00	
339	3.205000e-08	0.000000e+00	0.000000e+00	0.000000e+00	
340	3.215000e-08	0.000000e+00	0.000000e+00	0.000000e+00	
341	3.225000e-08	0.000000e+00	0.000000e+00	0.000000e+00	
342	3.235000e-08	0.000000e+00	0.000000e+00	0.000000e+00	
343	3.245000e-08	0.000000e+00	0.000000e+00	0.000000e+00	
344	3.255000e-08	0.000000e+00	0.000000e+00	0.000000e+00	

Index   time            v(drve)         v(rea)          v(drvf)         
--------------------------------------------------------------------------------
345	3.265000e-08	0.000000e+00	0.000000e+00	0.000000e+00	
346	3.275000e-08	0.000000e+00	0.000000e+00	0.000000e+00	
347	3.285000e-08	0.000000e+00	0.000000e+00	0.000000e+00	
348	3.295000e-08	0.000000e+00	0.000000e+00	0.000000e+00	
349	3.305000e-08	0.000000e+00	0.000000e+00	0.000000e+00	
350	3.315000e-08	0.000000e+00	0.000000e+00	0.000000e+00	
351	3.325000e-08	0.000000e+00	0.000000e+00	0.000000e+00	
352	3.335000e-08	0.000000e+00	0.000000e+00	0.000000e+00	
353	3.345000e-08	0.000000e+00	0.000000e+00	0.000000e+00	
354	3.355000e-08	0.000000e+00	0.000000e+00	0.000000e+00	
355	3.365000e-08	0.000000e+00	0.000000e+00	0.000000e+00	
356	3.375000e-08	0.000000e+00	0.000000e+00	0.000000e+00	
357	3.385000e-08	0.000000e+00	0.000000e+00	0.000000e+00	
358	3.395000e-08	0.000000e+00	0.000000e+00	0.000000e+00	
359	3.405000e-08	0.000000e+00	0.000000e+00	0.000000e+00	
360	3.415000e-08	0.000000e+00	0.000000e+00	0.000000e+00	
361	3.425000e-08	0.000000e+00	0.000000e+00	0.000000e+00	
362	3.435000e-08	0.000000e+00	0.000000e+00	0.000000e+00	
363	3.445000e-08	0.000000e+00	0.000000e+00	0.000000e+00	
364	3.455000e-08	0.000000e+00	0.000000e+00	0.000000e+00	
365	3.465000e-08	0.000000e+00	0.000000e+00	0.000000e+00	
366	3.475000e-08	0.000000e+00	0.000000e+00	0.000000e+00	
367	3.485000e-08	0.000000e+00	0.000000e+00	0.000000e+00	
368	3.495000e-08	0.000000e+00	0.000000e+00	0.000000e+00	
369	3.505000e-08	0.000000e+00	0.000000e+00	0.000000e+00	
370	3.515000e-08	0.000000e+00	0.000000e+00	0.000000e+00	
371	3.525000e-08	0.000000e+00	0.000000e+00	0.000000e+00	
372	3.535000e-08	0.000000e+00	0.000000e+00	0.000000e+00	
373	3.545000e-08	0.000000e+00	0.000000e+00	0.000000e+00	
374	3.555000e-08	0.000000e+00	0.000000e+00	0.000000e+00	
375	3.565000e-08	0.000000e+00	0.000000e+00	0.000000e+00	
376	3.575000e-08	0.000000e+00	0.000000e+00	0.000000e+00	
377	3.585000e-08	0.000000e+00	0.000000e+00	0.000000e+00	
378	3.595000e-08	0.000000e+00	0.000000e+00	0.000000e+00	
379	3.605000e-08	0.000000e+00	0.000000e+00	0.000000e+00	
380	3.615000e-08	0.000000e+00	0.000000e+00	0.000000e+00	
381	3.625000e-08	0.000000e+00	0.000000e+00	0.000000e+00	
382	3.635000e-08	0.000000e+00	0.000000e+00	0.000000e+00	
383	3.645000e-08	0.000000e+00	0.000000e+00	0.000000e+00	
384	3.655000e-08	0.000000e+00	0.000000e+00	0.000000e+00	
385	3.665000e-08	0.000000e+00	0.000000e+00	0.000000e+00	
386	3.675000e-08	0.000000e+00	0.000000e+00	0.000000e+00	
387	3.685000e-08	0.000000e+00	0.000000e+00	0.000000e+00	
388	3.695000e-08	0.000000e+00	0.000000e+00	0.000000e+00	
389	3.705000e-08	0.000000e+00	0.000000e+00	0.000000e+00	
390	3.715000e-08	0.000000e+00	0.000000e+00	0.000000e+00	
391	3.725000e-08	0.000000e+00	0.000000e+00	0.000000e+00	
392	3.735000e-08	0.000000e+00	0.000000e+00	0.000000e+00	
393	3.745000e-08	0.000000e+00	0.000000e+00	0.000000e+00	
394	3.755000e-08	0.000000e+00	0.000000e+00	0.000000e+00	
395	3.765000e-08	0.000000e+00	0.000000e+00	0.000000e+00	
396	3.775000e-08	0.000000e+00	0.000000e+00	0.000000e+00	
397	3.785000e-08	0.000000e+00	0.000000e+00	0.000000e+00	
398	3.795000e-08	0.000000e+00	0.000000e+00	0.000000e+00	
399	3.805000e-08	0.000000e+00	0.000000e+00	0.000000e+00	
400	3.815000e-08	0.000000e+00	0.000000e+00	0.000000e+00	
401	3.825000e-08	0.000000e+00	0.000000e+00	0.000000e+00	
402	3.835000e-08	0.000000e+00	0.000000e+00	0.000000e+00	

Index   time            v(drve)         v(rea)          v(drvf)         
--------------------------------------------------------------------------------
403	3.845000e-08	0.000000e+00	0.000000e+00	0.000000e+00	
404	3.855000e-08	0.000000e+00	0.000000e+00	0.000000e+00	
405	3.865000e-08	0.000000e+00	0.000000e+00	0.000000e+00	
406	3.875000e-08	0.000000e+00	0.000000e+00	0.000000e+00	
407	3.885000e-08	0.000000e+00	0.000000e+00	0.000000e+00	
408	3.895000e-08	0.000000e+00	0.000000e+00	0.000000e+00	
409	3.905000e-08	0.000000e+00	0.000000e+00	0.000000e+00	
410	3.915000e-08	0.000000e+00	0.000000e+00	0.000000e+00	
411	3.925000e-08	0.000000e+00	0.000000e+00	0.000000e+00	
412	3.935000e-08	0.000000e+00	0.000000e+00	0.000000e+00	
413	3.945000e-08	0.000000e+00	0.000000e+00	0.000000e+00	
414	3.955000e-08	0.000000e+00	0.000000e+00	0.000000e+00	
415	3.965000e-08	0.000000e+00	0.000000e+00	0.000000e+00	
416	3.975000e-08	0.000000e+00	0.000000e+00	0.000000e+00	
417	3.985000e-08	0.000000e+00	0.000000e+00	0.000000e+00	
418	3.995000e-08	0.000000e+00	0.000000e+00	0.000000e+00	
419	4.000000e-08	0.000000e+00	0.000000e+00	0.000000e+00	
420	4.001000e-08	0.000000e+00	0.000000e+00	0.000000e+00	
421	4.003000e-08	0.000000e+00	0.000000e+00	0.000000e+00	
422	4.007000e-08	0.000000e+00	0.000000e+00	0.000000e+00	
423	4.015000e-08	0.000000e+00	0.000000e+00	0.000000e+00	
424	4.025000e-08	0.000000e+00	0.000000e+00	0.000000e+00	
425	4.035000e-08	0.000000e+00	0.000000e+00	0.000000e+00	
426	4.045000e-08	0.000000e+00	0.000000e+00	0.000000e+00	
427	4.055000e-08	0.000000e+00	0.000000e+00	0.000000e+00	
428	4.065000e-08	0.000000e+00	0.000000e+00	0.000000e+00	
429	4.075000e-08	0.000000e+00	0.000000e+00	0.000000e+00	
430	4.085000e-08	0.000000e+00	0.000000e+00	0.000000e+00	
431	4.095000e-08	0.000000e+00	0.000000e+00	0.000000e+00	
432	4.100000e-08	0.000000e+00	0.000000e+00	0.000000e+00	
433	4.101000e-08	0.000000e+00	0.000000e+00	0.000000e+00	
434	4.103000e-08	0.000000e+00	0.000000e+00	0.000000e+00	
435	4.107000e-08	0.000000e+00	0.000000e+00	0.000000e+00	
436	4.115000e-08	0.000000e+00	0.000000e+00	0.000000e+00	
437	4.125000e-08	0.000000e+00	0.000000e+00	0.000000e+00	
438	4.135000e-08	0.000000e+00	0.000000e+00	0.000000e+00	
439	4.145000e-08	0.000000e+00	0.000000e+00	0.000000e+00	
440	4.155000e-08	0.000000e+00	0.000000e+00	0.000000e+00	
441	4.165000e-08	0.000000e+00	0.000000e+00	0.000000e+00	
442	4.175000e-08	0.000000e+00	0.000000e+00	0.000000e+00	
443	4.185000e-08	0.000000e+00	0.000000e+00	0.000000e+00	
444	4.195000e-08	0.000000e+00	0.000000e+00	0.000000e+00	
445	4.205000e-08	0.000000e+00	0.000000e+00	0.000000e+00	
446	4.215000e-08	0.000000e+00	0.000000e+00	0.000000e+00	
447	4.225000e-08	0.000000e+00	0.000000e+00	0.000000e+00	
448	4.235000e-08	0.000000e+00	0.000000e+00	0.000000e+00	
449	4.245000e-08	0.000000e+00	0.000000e+00	0.000000e+00	
450	4.255000e-08	0.000000e+00	0.000000e+00	0.000000e+00	
451	4.265000e-08	0.000000e+00	0.000000e+00	0.000000e+00	
452	4.275000e-08	0.000000e+00	0.000000e+00	0.000000e+00	
453	4.285000e-08	0.000000e+00	0.000000e+00	0.000000e+00	
454	4.295000e-08	0.000000e+00	0.000000e+00	0.000000e+00	
455	4.305000e-08	0.000000e+00	0.000000e+00	0.000000e+00	
456	4.315000e-08	0.000000e+00	0.000000e+00	0.000000e+00	
457	4.325000e-08	0.000000e+00	0.000000e+00	0.000000e+00	
458	4.335000e-08	0.000000e+00	0.000000e+00	0.000000e+00	
459	4.345000e-08	0.000000e+00	0.000000e+00	0.000000e+00	
460	4.355000e-08	0.000000e+00	0.000000e+00	0.000000e+00	

Index   time            v(drve)         v(rea)          v(drvf)         
--------------------------------------------------------------------------------
461	4.365000e-08	0.000000e+00	0.000000e+00	0.000000e+00	
462	4.375000e-08	0.000000e+00	0.000000e+00	0.000000e+00	
463	4.385000e-08	0.000000e+00	0.000000e+00	0.000000e+00	
464	4.395000e-08	0.000000e+00	0.000000e+00	0.000000e+00	
465	4.400000e-08	0.000000e+00	0.000000e+00	0.000000e+00	
466	4.401000e-08	0.000000e+00	0.000000e+00	0.000000e+00	
467	4.403000e-08	0.000000e+00	0.000000e+00	0.000000e+00	
468	4.407000e-08	0.000000e+00	0.000000e+00	0.000000e+00	
469	4.415000e-08	0.000000e+00	0.000000e+00	0.000000e+00	
470	4.425000e-08	0.000000e+00	0.000000e+00	0.000000e+00	
471	4.435000e-08	0.000000e+00	0.000000e+00	0.000000e+00	
472	4.445000e-08	0.000000e+00	0.000000e+00	0.000000e+00	
473	4.455000e-08	0.000000e+00	0.000000e+00	0.000000e+00	
474	4.465000e-08	0.000000e+00	0.000000e+00	0.000000e+00	
475	4.475000e-08	0.000000e+00	0.000000e+00	0.000000e+00	
476	4.485000e-08	0.000000e+00	0.000000e+00	0.000000e+00	
477	4.495000e-08	0.000000e+00	0.000000e+00	0.000000e+00	
478	4.500000e-08	0.000000e+00	0.000000e+00	0.000000e+00	
479	4.501000e-08	0.000000e+00	0.000000e+00	0.000000e+00	
480	4.503000e-08	0.000000e+00	0.000000e+00	0.000000e+00	
481	4.507000e-08	0.000000e+00	0.000000e+00	0.000000e+00	
482	4.515000e-08	0.000000e+00	0.000000e+00	0.000000e+00	
483	4.525000e-08	0.000000e+00	0.000000e+00	0.000000e+00	
484	4.535000e-08	0.000000e+00	0.000000e+00	0.000000e+00	
485	4.545000e-08	0.000000e+00	0.000000e+00	0.000000e+00	
486	4.555000e-08	0.000000e+00	0.000000e+00	0.000000e+00	
487	4.565000e-08	0.000000e+00	0.000000e+00	0.000000e+00	
488	4.575000e-08	0.000000e+00	0.000000e+00	0.000000e+00	
489	4.585000e-08	0.000000e+00	0.000000e+00	0.000000e+00	
490	4.595000e-08	0.000000e+00	0.000000e+00	0.000000e+00	
491	4.605000e-08	0.000000e+00	0.000000e+00	0.000000e+00	
492	4.615000e-08	0.000000e+00	0.000000e+00	0.000000e+00	
493	4.625000e-08	0.000000e+00	0.000000e+00	0.000000e+00	
494	4.635000e-08	0.000000e+00	0.000000e+00	0.000000e+00	
495	4.645000e-08	0.000000e+00	0.000000e+00	0.000000e+00	
496	4.655000e-08	0.000000e+00	0.000000e+00	0.000000e+00	
497	4.665000e-08	0.000000e+00	0.000000e+00	0.000000e+00	
498	4.675000e-08	0.000000e+00	0.000000e+00	0.000000e+00	
499	4.685000e-08	0.000000e+00	0.000000e+00	0.000000e+00	
500	4.695000e-08	0.000000e+00	0.000000e+00	0.000000e+00	
501	4.705000e-08	0.000000e+00	0.000000e+00	0.000000e+00	
502	4.715000e-08	0.000000e+00	0.000000e+00	0.000000e+00	
503	4.725000e-08	0.000000e+00	0.000000e+00	0.000000e+00	
504	4.735000e-08	0.000000e+00	0.000000e+00	0.000000e+00	
505	4.745000e-08	0.000000e+00	0.000000e+00	0.000000e+00	
506	4.755000e-08	0.000000e+00	0.000000e+00	0.000000e+00	
507	4.765000e-08	0.000000e+00	0.000000e+00	0.000000e+00	
508	4.775000e-08	0.000000e+00	0.000000e+00	0.000000e+00	
509	4.785000e-08	0.000000e+00	0.000000e+00	0.000000e+00	
510	4.795000e-08	0.000000e+00	0.000000e+00	0.000000e+00	
511	4.805000e-08	0.000000e+00	0.000000e+00	0.000000e+00	
512	4.815000e-08	0.000000e+00	0.000000e+00	0.000000e+00	
513	4.825000e-08	0.000000e+00	0.000000e+00	0.000000e+00	
514	4.835000e-08	0.000000e+00	0.000000e+00	0.000000e+00	
515	4.845000e-08	0.000000e+00	0.000000e+00	0.000000e+00	
516	4.855000e-08	0.000000e+00	0.000000e+00	0.000000e+00	
517	4.865000e-08	0.000000e+00	0.000000e+00	0.000000e+00	
518	4.875000e-08	0.000000e+00	0.000000e+00	0.000000e+00	

Index   time            v(drve)         v(rea)          v(drvf)         
--------------------------------------------------------------------------------
519	4.885000e-08	0.000000e+00	0.000000e+00	0.000000e+00	
520	4.895000e-08	0.000000e+00	0.000000e+00	0.000000e+00	
521	4.905000e-08	0.000000e+00	0.000000e+00	0.000000e+00	
522	4.915000e-08	0.000000e+00	0.000000e+00	0.000000e+00	
523	4.925000e-08	0.000000e+00	0.000000e+00	0.000000e+00	
524	4.935000e-08	0.000000e+00	0.000000e+00	0.000000e+00	
525	4.945000e-08	0.000000e+00	0.000000e+00	0.000000e+00	
526	4.955000e-08	0.000000e+00	0.000000e+00	0.000000e+00	
527	4.965000e-08	0.000000e+00	0.000000e+00	0.000000e+00	
528	4.975000e-08	0.000000e+00	0.000000e+00	0.000000e+00	
529	4.985000e-08	0.000000e+00	0.000000e+00	0.000000e+00	
530	4.995000e-08	0.000000e+00	0.000000e+00	0.000000e+00	
531	5.005000e-08	0.000000e+00	0.000000e+00	0.000000e+00	
532	5.015000e-08	0.000000e+00	0.000000e+00	0.000000e+00	
533	5.025000e-08	0.000000e+00	0.000000e+00	0.000000e+00	
534	5.035000e-08	0.000000e+00	0.000000e+00	0.000000e+00	
535	5.045000e-08	0.000000e+00	0.000000e+00	0.000000e+00	
536	5.055000e-08	0.000000e+00	0.000000e+00	0.000000e+00	
537	5.065000e-08	0.000000e+00	0.000000e+00	0.000000e+00	
538	5.075000e-08	0.000000e+00	0.000000e+00	0.000000e+00	
539	5.085000e-08	0.000000e+00	0.000000e+00	0.000000e+00	
540	5.095000e-08	0.000000e+00	0.000000e+00	0.000000e+00	
541	5.105000e-08	0.000000e+00	0.000000e+00	0.000000e+00	
542	5.115000e-08	0.000000e+00	0.000000e+00	0.000000e+00	
543	5.125000e-08	0.000000e+00	0.000000e+00	0.000000e+00	
544	5.135000e-08	0.000000e+00	0.000000e+00	0.000000e+00	
545	5.145000e-08	0.000000e+00	0.000000e+00	0.000000e+00	
546	5.155000e-08	0.000000e+00	0.000000e+00	0.000000e+00	
547	5.165000e-08	0.000000e+00	0.000000e+00	0.000000e+00	
548	5.175000e-08	0.000000e+00	0.000000e+00	0.000000e+00	
549	5.185000e-08	0.000000e+00	0.000000e+00	0.000000e+00	
550	5.195000e-08	0.000000e+00	0.000000e+00	0.000000e+00	
551	5.205000e-08	0.000000e+00	0.000000e+00	0.000000e+00	
552	5.215000e-08	0.000000e+00	0.000000e+00	0.000000e+00	
553	5.225000e-08	0.000000e+00	0.000000e+00	0.000000e+00	
554	5.235000e-08	0.000000e+00	0.000000e+00	0.000000e+00	
555	5.245000e-08	0.000000e+00	0.000000e+00	0.000000e+00	
556	5.255000e-08	0.000000e+00	0.000000e+00	0.000000e+00	
557	5.265000e-08	0.000000e+00	0.000000e+00	0.000000e+00	
558	5.275000e-08	0.000000e+00	0.000000e+00	0.000000e+00	
559	5.285000e-08	0.000000e+00	0.000000e+00	0.000000e+00	
560	5.295000e-08	0.000000e+00	0.000000e+00	0.000000e+00	
561	5.305000e-08	0.000000e+00	0.000000e+00	0.000000e+00	
562	5.315000e-08	0.000000e+00	0.000000e+00	0.000000e+00	
563	5.325000e-08	0.000000e+00	0.000000e+00	0.000000e+00	
564	5.335000e-08	0.000000e+00	0.000000e+00	0.000000e+00	
565	5.345000e-08	0.000000e+00	0.000000e+00	0.000000e+00	
566	5.355000e-08	0.000000e+00	0.000000e+00	0.000000e+00	
567	5.365000e-08	0.000000e+00	0.000000e+00	0.000000e+00	
568	5.375000e-08	0.000000e+00	0.000000e+00	0.000000e+00	
569	5.385000e-08	0.000000e+00	0.000000e+00	0.000000e+00	
570	5.395000e-08	0.000000e+00	0.000000e+00	0.000000e+00	
571	5.405000e-08	0.000000e+00	0.000000e+00	0.000000e+00	
572	5.415000e-08	0.000000e+00	0.000000e+00	0.000000e+00	
573	5.425000e-08	0.000000e+00	0.000000e+00	0.000000e+00	
574	5.435000e-08	0.000000e+00	0.000000e+00	0.000000e+00	
575	5.445000e-08	0.000000e+00	0.000000e+00	0.000000e+00	
576	5.455000e-08	0.000000e+00	0.000000e+00	0.000000e+00	

Index   time            v(drve)         v(rea)          v(drvf)         
--------------------------------------------------------------------------------
577	5.465000e-08	0.000000e+00	0.000000e+00	0.000000e+00	
578	5.475000e-08	0.000000e+00	0.000000e+00	0.000000e+00	
579	5.485000e-08	0.000000e+00	0.000000e+00	0.000000e+00	
580	5.495000e-08	0.000000e+00	0.000000e+00	0.000000e+00	
581	5.505000e-08	0.000000e+00	0.000000e+00	0.000000e+00	
582	5.515000e-08	0.000000e+00	0.000000e+00	0.000000e+00	
583	5.525000e-08	0.000000e+00	0.000000e+00	0.000000e+00	
584	5.535000e-08	0.000000e+00	0.000000e+00	0.000000e+00	
585	5.545000e-08	0.000000e+00	0.000000e+00	0.000000e+00	
586	5.555000e-08	0.000000e+00	0.000000e+00	0.000000e+00	
587	5.565000e-08	0.000000e+00	0.000000e+00	0.000000e+00	
588	5.575000e-08	0.000000e+00	0.000000e+00	0.000000e+00	
589	5.585000e-08	0.000000e+00	0.000000e+00	0.000000e+00	
590	5.595000e-08	0.000000e+00	0.000000e+00	0.000000e+00	
591	5.605000e-08	0.000000e+00	0.000000e+00	0.000000e+00	
592	5.615000e-08	0.000000e+00	0.000000e+00	0.000000e+00	
593	5.625000e-08	0.000000e+00	0.000000e+00	0.000000e+00	
594	5.635000e-08	0.000000e+00	0.000000e+00	0.000000e+00	
595	5.645000e-08	0.000000e+00	0.000000e+00	0.000000e+00	
596	5.655000e-08	0.000000e+00	0.000000e+00	0.000000e+00	
597	5.665000e-08	0.000000e+00	0.000000e+00	0.000000e+00	
598	5.675000e-08	0.000000e+00	0.000000e+00	0.000000e+00	
599	5.685000e-08	0.000000e+00	0.000000e+00	0.000000e+00	
600	5.695000e-08	0.000000e+00	0.000000e+00	0.000000e+00	
601	5.705000e-08	0.000000e+00	0.000000e+00	0.000000e+00	
602	5.715000e-08	0.000000e+00	0.000000e+00	0.000000e+00	
603	5.725000e-08	0.000000e+00	0.000000e+00	0.000000e+00	
604	5.735000e-08	0.000000e+00	0.000000e+00	0.000000e+00	
605	5.745000e-08	0.000000e+00	0.000000e+00	0.000000e+00	
606	5.755000e-08	0.000000e+00	0.000000e+00	0.000000e+00	
607	5.765000e-08	0.000000e+00	0.000000e+00	0.000000e+00	
608	5.775000e-08	0.000000e+00	0.000000e+00	0.000000e+00	
609	5.785000e-08	0.000000e+00	0.000000e+00	0.000000e+00	
610	5.795000e-08	0.000000e+00	0.000000e+00	0.000000e+00	
611	5.805000e-08	0.000000e+00	0.000000e+00	0.000000e+00	
612	5.815000e-08	0.000000e+00	0.000000e+00	0.000000e+00	
613	5.825000e-08	0.000000e+00	0.000000e+00	0.000000e+00	
614	5.835000e-08	0.000000e+00	0.000000e+00	0.000000e+00	
615	5.845000e-08	0.000000e+00	0.000000e+00	0.000000e+00	
616	5.855000e-08	0.000000e+00	0.000000e+00	0.000000e+00	
617	5.865000e-08	0.000000e+00	0.000000e+00	0.000000e+00	
618	5.875000e-08	0.000000e+00	0.000000e+00	0.000000e+00	
619	5.885000e-08	0.000000e+00	0.000000e+00	0.000000e+00	
620	5.895000e-08	0.000000e+00	0.000000e+00	0.000000e+00	
621	5.905000e-08	0.000000e+00	0.000000e+00	0.000000e+00	
622	5.915000e-08	0.000000e+00	0.000000e+00	0.000000e+00	
623	5.925000e-08	0.000000e+00	0.000000e+00	0.000000e+00	
624	5.935000e-08	0.000000e+00	0.000000e+00	0.000000e+00	
625	5.945000e-08	0.000000e+00	0.000000e+00	0.000000e+00	
626	5.955000e-08	0.000000e+00	0.000000e+00	0.000000e+00	
627	5.965000e-08	0.000000e+00	0.000000e+00	0.000000e+00	
628	5.975000e-08	0.000000e+00	0.000000e+00	0.000000e+00	
629	5.985000e-08	0.000000e+00	0.000000e+00	0.000000e+00	
630	5.995000e-08	0.000000e+00	0.000000e+00	0.000000e+00	
631	6.005000e-08	0.000000e+00	0.000000e+00	0.000000e+00	
632	6.015000e-08	0.000000e+00	0.000000e+00	0.000000e+00	
633	6.025000e-08	0.000000e+00	0.000000e+00	0.000000e+00	
634	6.035000e-08	0.000000e+00	0.000000e+00	0.000000e+00	

Index   time            v(drve)         v(rea)          v(drvf)         
--------------------------------------------------------------------------------
635	6.045000e-08	0.000000e+00	0.000000e+00	0.000000e+00	
636	6.055000e-08	0.000000e+00	0.000000e+00	0.000000e+00	
637	6.065000e-08	0.000000e+00	0.000000e+00	0.000000e+00	
638	6.075000e-08	0.000000e+00	0.000000e+00	0.000000e+00	
639	6.085000e-08	0.000000e+00	0.000000e+00	0.000000e+00	
640	6.095000e-08	0.000000e+00	0.000000e+00	0.000000e+00	
641	6.105000e-08	0.000000e+00	0.000000e+00	0.000000e+00	
642	6.115000e-08	0.000000e+00	0.000000e+00	0.000000e+00	
643	6.125000e-08	0.000000e+00	0.000000e+00	0.000000e+00	
644	6.135000e-08	0.000000e+00	0.000000e+00	0.000000e+00	
645	6.145000e-08	0.000000e+00	0.000000e+00	0.000000e+00	
646	6.155000e-08	0.000000e+00	0.000000e+00	0.000000e+00	
647	6.165000e-08	0.000000e+00	0.000000e+00	0.000000e+00	
648	6.175000e-08	0.000000e+00	0.000000e+00	0.000000e+00	
649	6.185000e-08	0.000000e+00	0.000000e+00	0.000000e+00	
650	6.195000e-08	0.000000e+00	0.000000e+00	0.000000e+00	
651	6.205000e-08	0.000000e+00	0.000000e+00	0.000000e+00	
652	6.215000e-08	0.000000e+00	0.000000e+00	0.000000e+00	
653	6.225000e-08	0.000000e+00	0.000000e+00	0.000000e+00	
654	6.235000e-08	0.000000e+00	0.000000e+00	0.000000e+00	
655	6.245000e-08	0.000000e+00	0.000000e+00	0.000000e+00	
656	6.255000e-08	0.000000e+00	0.000000e+00	0.000000e+00	
657	6.265000e-08	0.000000e+00	0.000000e+00	0.000000e+00	
658	6.275000e-08	0.000000e+00	0.000000e+00	0.000000e+00	
659	6.285000e-08	0.000000e+00	0.000000e+00	0.000000e+00	
660	6.295000e-08	0.000000e+00	0.000000e+00	0.000000e+00	
661	6.305000e-08	0.000000e+00	0.000000e+00	0.000000e+00	
662	6.315000e-08	0.000000e+00	0.000000e+00	0.000000e+00	
663	6.325000e-08	0.000000e+00	0.000000e+00	0.000000e+00	
664	6.335000e-08	0.000000e+00	0.000000e+00	0.000000e+00	
665	6.345000e-08	0.000000e+00	0.000000e+00	0.000000e+00	
666	6.355000e-08	0.000000e+00	0.000000e+00	0.000000e+00	
667	6.365000e-08	0.000000e+00	0.000000e+00	0.000000e+00	
668	6.375000e-08	0.000000e+00	0.000000e+00	0.000000e+00	
669	6.385000e-08	0.000000e+00	0.000000e+00	0.000000e+00	
670	6.395000e-08	0.000000e+00	0.000000e+00	0.000000e+00	
671	6.405000e-08	0.000000e+00	0.000000e+00	0.000000e+00	
672	6.415000e-08	0.000000e+00	0.000000e+00	0.000000e+00	
673	6.425000e-08	0.000000e+00	0.000000e+00	0.000000e+00	
674	6.435000e-08	0.000000e+00	0.000000e+00	0.000000e+00	
675	6.445000e-08	0.000000e+00	0.000000e+00	0.000000e+00	
676	6.455000e-08	0.000000e+00	0.000000e+00	0.000000e+00	
677	6.465000e-08	0.000000e+00	0.000000e+00	0.000000e+00	
678	6.475000e-08	0.000000e+00	0.000000e+00	0.000000e+00	
679	6.485000e-08	0.000000e+00	0.000000e+00	0.000000e+00	
680	6.495000e-08	0.000000e+00	0.000000e+00	0.000000e+00	
681	6.505000e-08	0.000000e+00	0.000000e+00	0.000000e+00	
682	6.515000e-08	0.000000e+00	0.000000e+00	0.000000e+00	
683	6.525000e-08	0.000000e+00	0.000000e+00	0.000000e+00	
684	6.535000e-08	0.000000e+00	0.000000e+00	0.000000e+00	
685	6.545000e-08	0.000000e+00	0.000000e+00	0.000000e+00	
686	6.555000e-08	0.000000e+00	0.000000e+00	0.000000e+00	
687	6.565000e-08	0.000000e+00	0.000000e+00	0.000000e+00	
688	6.575000e-08	0.000000e+00	0.000000e+00	0.000000e+00	
689	6.585000e-08	0.000000e+00	0.000000e+00	0.000000e+00	
690	6.595000e-08	0.000000e+00	0.000000e+00	0.000000e+00	
691	6.605000e-08	0.000000e+00	0.000000e+00	0.000000e+00	
692	6.615000e-08	0.000000e+00	0.000000e+00	0.000000e+00	

Index   time            v(drve)         v(rea)          v(drvf)         
--------------------------------------------------------------------------------
693	6.625000e-08	0.000000e+00	0.000000e+00	0.000000e+00	
694	6.635000e-08	0.000000e+00	0.000000e+00	0.000000e+00	
695	6.645000e-08	0.000000e+00	0.000000e+00	0.000000e+00	
696	6.655000e-08	0.000000e+00	0.000000e+00	0.000000e+00	
697	6.665000e-08	0.000000e+00	0.000000e+00	0.000000e+00	
698	6.675000e-08	0.000000e+00	0.000000e+00	0.000000e+00	
699	6.685000e-08	0.000000e+00	0.000000e+00	0.000000e+00	
700	6.695000e-08	0.000000e+00	0.000000e+00	0.000000e+00	
701	6.705000e-08	0.000000e+00	0.000000e+00	0.000000e+00	
702	6.715000e-08	0.000000e+00	0.000000e+00	0.000000e+00	
703	6.725000e-08	0.000000e+00	0.000000e+00	0.000000e+00	
704	6.735000e-08	0.000000e+00	0.000000e+00	0.000000e+00	
705	6.745000e-08	0.000000e+00	0.000000e+00	0.000000e+00	
706	6.755000e-08	0.000000e+00	0.000000e+00	0.000000e+00	
707	6.765000e-08	0.000000e+00	0.000000e+00	0.000000e+00	
708	6.775000e-08	0.000000e+00	0.000000e+00	0.000000e+00	
709	6.785000e-08	0.000000e+00	0.000000e+00	0.000000e+00	
710	6.795000e-08	0.000000e+00	0.000000e+00	0.000000e+00	
711	6.805000e-08	0.000000e+00	0.000000e+00	0.000000e+00	
712	6.815000e-08	0.000000e+00	0.000000e+00	0.000000e+00	
713	6.825000e-08	0.000000e+00	0.000000e+00	0.000000e+00	
714	6.835000e-08	0.000000e+00	0.000000e+00	0.000000e+00	
715	6.845000e-08	0.000000e+00	0.000000e+00	0.000000e+00	
716	6.855000e-08	0.000000e+00	0.000000e+00	0.000000e+00	
717	6.865000e-08	0.000000e+00	0.000000e+00	0.000000e+00	
718	6.875000e-08	0.000000e+00	0.000000e+00	0.000000e+00	
719	6.885000e-08	0.000000e+00	0.000000e+00	0.000000e+00	
720	6.895000e-08	0.000000e+00	0.000000e+00	0.000000e+00	
721	6.905000e-08	0.000000e+00	0.000000e+00	0.000000e+00	
722	6.915000e-08	0.000000e+00	0.000000e+00	0.000000e+00	
723	6.925000e-08	0.000000e+00	0.000000e+00	0.000000e+00	
724	6.935000e-08	0.000000e+00	0.000000e+00	0.000000e+00	
725	6.945000e-08	0.000000e+00	0.000000e+00	0.000000e+00	
726	6.955000e-08	0.000000e+00	0.000000e+00	0.000000e+00	
727	6.965000e-08	0.000000e+00	0.000000e+00	0.000000e+00	
728	6.975000e-08	0.000000e+00	0.000000e+00	0.000000e+00	
729	6.985000e-08	0.000000e+00	0.000000e+00	0.000000e+00	
730	6.995000e-08	0.000000e+00	0.000000e+00	0.000000e+00	
731	7.005000e-08	0.000000e+00	0.000000e+00	0.000000e+00	
732	7.015000e-08	0.000000e+00	0.000000e+00	0.000000e+00	
733	7.025000e-08	0.000000e+00	0.000000e+00	0.000000e+00	
734	7.035000e-08	0.000000e+00	0.000000e+00	0.000000e+00	
735	7.045000e-08	0.000000e+00	0.000000e+00	0.000000e+00	
736	7.055000e-08	0.000000e+00	0.000000e+00	0.000000e+00	
737	7.065000e-08	0.000000e+00	0.000000e+00	0.000000e+00	
738	7.075000e-08	0.000000e+00	0.000000e+00	0.000000e+00	
739	7.085000e-08	0.000000e+00	0.000000e+00	0.000000e+00	
740	7.095000e-08	0.000000e+00	0.000000e+00	0.000000e+00	
741	7.105000e-08	0.000000e+00	0.000000e+00	0.000000e+00	
742	7.115000e-08	0.000000e+00	0.000000e+00	0.000000e+00	
743	7.125000e-08	0.000000e+00	0.000000e+00	0.000000e+00	
744	7.135000e-08	0.000000e+00	0.000000e+00	0.000000e+00	
745	7.145000e-08	0.000000e+00	0.000000e+00	0.000000e+00	
746	7.155000e-08	0.000000e+00	0.000000e+00	0.000000e+00	
747	7.165000e-08	0.000000e+00	0.000000e+00	0.000000e+00	
748	7.175000e-08	0.000000e+00	0.000000e+00	0.000000e+00	
749	7.185000e-08	0.000000e+00	0.000000e+00	0.000000e+00	
750	7.195000e-08	0.000000e+00	0.000000e+00	0.000000e+00	

Index   time            v(drve)         v(rea)          v(drvf)         
--------------------------------------------------------------------------------
751	7.205000e-08	0.000000e+00	0.000000e+00	0.000000e+00	
752	7.215000e-08	0.000000e+00	0.000000e+00	0.000000e+00	
753	7.225000e-08	0.000000e+00	0.000000e+00	0.000000e+00	
754	7.235000e-08	0.000000e+00	0.000000e+00	0.000000e+00	
755	7.245000e-08	0.000000e+00	0.000000e+00	0.000000e+00	
756	7.255000e-08	0.000000e+00	0.000000e+00	0.000000e+00	
757	7.265000e-08	0.000000e+00	0.000000e+00	0.000000e+00	
758	7.275000e-08	0.000000e+00	0.000000e+00	0.000000e+00	
759	7.285000e-08	0.000000e+00	0.000000e+00	0.000000e+00	
760	7.295000e-08	0.000000e+00	0.000000e+00	0.000000e+00	
761	7.305000e-08	0.000000e+00	0.000000e+00	0.000000e+00	
762	7.315000e-08	0.000000e+00	0.000000e+00	0.000000e+00	
763	7.325000e-08	0.000000e+00	0.000000e+00	0.000000e+00	
764	7.335000e-08	0.000000e+00	0.000000e+00	0.000000e+00	
765	7.345000e-08	0.000000e+00	0.000000e+00	0.000000e+00	
766	7.355000e-08	0.000000e+00	0.000000e+00	0.000000e+00	
767	7.365000e-08	0.000000e+00	0.000000e+00	0.000000e+00	
768	7.375000e-08	0.000000e+00	0.000000e+00	0.000000e+00	
769	7.385000e-08	0.000000e+00	0.000000e+00	0.000000e+00	
770	7.395000e-08	0.000000e+00	0.000000e+00	0.000000e+00	
771	7.405000e-08	0.000000e+00	0.000000e+00	0.000000e+00	
772	7.415000e-08	0.000000e+00	0.000000e+00	0.000000e+00	
773	7.425000e-08	0.000000e+00	0.000000e+00	0.000000e+00	
774	7.435000e-08	0.000000e+00	0.000000e+00	0.000000e+00	
775	7.445000e-08	0.000000e+00	0.000000e+00	0.000000e+00	
776	7.455000e-08	0.000000e+00	0.000000e+00	0.000000e+00	
777	7.465000e-08	0.000000e+00	0.000000e+00	0.000000e+00	
778	7.475000e-08	0.000000e+00	0.000000e+00	0.000000e+00	
779	7.485000e-08	0.000000e+00	0.000000e+00	0.000000e+00	
780	7.495000e-08	0.000000e+00	0.000000e+00	0.000000e+00	
781	7.505000e-08	0.000000e+00	0.000000e+00	0.000000e+00	
782	7.515000e-08	0.000000e+00	0.000000e+00	0.000000e+00	
783	7.525000e-08	0.000000e+00	0.000000e+00	0.000000e+00	
784	7.535000e-08	0.000000e+00	0.000000e+00	0.000000e+00	
785	7.545000e-08	0.000000e+00	0.000000e+00	0.000000e+00	
786	7.555000e-08	0.000000e+00	0.000000e+00	0.000000e+00	
787	7.565000e-08	0.000000e+00	0.000000e+00	0.000000e+00	
788	7.575000e-08	0.000000e+00	0.000000e+00	0.000000e+00	
789	7.585000e-08	0.000000e+00	0.000000e+00	0.000000e+00	
790	7.595000e-08	0.000000e+00	0.000000e+00	0.000000e+00	
791	7.605000e-08	0.000000e+00	0.000000e+00	0.000000e+00	
792	7.615000e-08	0.000000e+00	0.000000e+00	0.000000e+00	
793	7.625000e-08	0.000000e+00	0.000000e+00	0.000000e+00	
794	7.635000e-08	0.000000e+00	0.000000e+00	0.000000e+00	
795	7.645000e-08	0.000000e+00	0.000000e+00	0.000000e+00	
796	7.655000e-08	0.000000e+00	0.000000e+00	0.000000e+00	
797	7.665000e-08	0.000000e+00	0.000000e+00	0.000000e+00	
798	7.675000e-08	0.000000e+00	0.000000e+00	0.000000e+00	
799	7.685000e-08	0.000000e+00	0.000000e+00	0.000000e+00	
800	7.695000e-08	0.000000e+00	0.000000e+00	0.000000e+00	
801	7.705000e-08	0.000000e+00	0.000000e+00	0.000000e+00	
802	7.715000e-08	0.000000e+00	0.000000e+00	0.000000e+00	
803	7.725000e-08	0.000000e+00	0.000000e+00	0.000000e+00	
804	7.735000e-08	0.000000e+00	0.000000e+00	0.000000e+00	
805	7.745000e-08	0.000000e+00	0.000000e+00	0.000000e+00	
806	7.755000e-08	0.000000e+00	0.000000e+00	0.000000e+00	
807	7.765000e-08	0.000000e+00	0.000000e+00	0.000000e+00	
808	7.775000e-08	0.000000e+00	0.000000e+00	0.000000e+00	

Index   time            v(drve)         v(rea)          v(drvf)         
--------------------------------------------------------------------------------
809	7.785000e-08	0.000000e+00	0.000000e+00	0.000000e+00	
810	7.795000e-08	0.000000e+00	0.000000e+00	0.000000e+00	
811	7.805000e-08	0.000000e+00	0.000000e+00	0.000000e+00	
812	7.815000e-08	0.000000e+00	0.000000e+00	0.000000e+00	
813	7.825000e-08	0.000000e+00	0.000000e+00	0.000000e+00	
814	7.835000e-08	0.000000e+00	0.000000e+00	0.000000e+00	
815	7.845000e-08	0.000000e+00	0.000000e+00	0.000000e+00	
816	7.855000e-08	0.000000e+00	0.000000e+00	0.000000e+00	
817	7.865000e-08	0.000000e+00	0.000000e+00	0.000000e+00	
818	7.875000e-08	0.000000e+00	0.000000e+00	0.000000e+00	
819	7.885000e-08	0.000000e+00	0.000000e+00	0.000000e+00	
820	7.895000e-08	0.000000e+00	0.000000e+00	0.000000e+00	
821	7.905000e-08	0.000000e+00	0.000000e+00	0.000000e+00	
822	7.915000e-08	0.000000e+00	0.000000e+00	0.000000e+00	
823	7.925000e-08	0.000000e+00	0.000000e+00	0.000000e+00	
824	7.935000e-08	0.000000e+00	0.000000e+00	0.000000e+00	
825	7.945000e-08	0.000000e+00	0.000000e+00	0.000000e+00	
826	7.955000e-08	0.000000e+00	0.000000e+00	0.000000e+00	
827	7.965000e-08	0.000000e+00	0.000000e+00	0.000000e+00	
828	7.975000e-08	0.000000e+00	0.000000e+00	0.000000e+00	
829	7.985000e-08	0.000000e+00	0.000000e+00	0.000000e+00	
830	7.995000e-08	0.000000e+00	0.000000e+00	0.000000e+00	
831	8.005000e-08	0.000000e+00	0.000000e+00	0.000000e+00	
832	8.015000e-08	0.000000e+00	0.000000e+00	0.000000e+00	
833	8.025000e-08	0.000000e+00	0.000000e+00	0.000000e+00	
834	8.035000e-08	0.000000e+00	0.000000e+00	0.000000e+00	
835	8.045000e-08	0.000000e+00	0.000000e+00	0.000000e+00	
836	8.055000e-08	0.000000e+00	0.000000e+00	0.000000e+00	
837	8.065000e-08	0.000000e+00	0.000000e+00	0.000000e+00	
838	8.075000e-08	0.000000e+00	0.000000e+00	0.000000e+00	
839	8.085000e-08	0.000000e+00	0.000000e+00	0.000000e+00	
840	8.095000e-08	0.000000e+00	0.000000e+00	0.000000e+00	
841	8.105000e-08	0.000000e+00	0.000000e+00	0.000000e+00	
842	8.115000e-08	0.000000e+00	0.000000e+00	0.000000e+00	
843	8.125000e-08	0.000000e+00	0.000000e+00	0.000000e+00	
844	8.135000e-08	0.000000e+00	0.000000e+00	0.000000e+00	
845	8.145000e-08	0.000000e+00	0.000000e+00	0.000000e+00	
846	8.155000e-08	0.000000e+00	0.000000e+00	0.000000e+00	
847	8.165000e-08	0.000000e+00	0.000000e+00	0.000000e+00	
848	8.175000e-08	0.000000e+00	0.000000e+00	0.000000e+00	
849	8.185000e-08	0.000000e+00	0.000000e+00	0.000000e+00	
850	8.195000e-08	0.000000e+00	0.000000e+00	0.000000e+00	
851	8.205000e-08	0.000000e+00	0.000000e+00	0.000000e+00	
852	8.215000e-08	0.000000e+00	0.000000e+00	0.000000e+00	
853	8.225000e-08	0.000000e+00	0.000000e+00	0.000000e+00	
854	8.235000e-08	0.000000e+00	0.000000e+00	0.000000e+00	
855	8.245000e-08	0.000000e+00	0.000000e+00	0.000000e+00	
856	8.255000e-08	0.000000e+00	0.000000e+00	0.000000e+00	
857	8.265000e-08	0.000000e+00	0.000000e+00	0.000000e+00	
858	8.275000e-08	0.000000e+00	0.000000e+00	0.000000e+00	
859	8.285000e-08	0.000000e+00	0.000000e+00	0.000000e+00	
860	8.295000e-08	0.000000e+00	0.000000e+00	0.000000e+00	
861	8.305000e-08	0.000000e+00	0.000000e+00	0.000000e+00	
862	8.315000e-08	0.000000e+00	0.000000e+00	0.000000e+00	
863	8.325000e-08	0.000000e+00	0.000000e+00	0.000000e+00	
864	8.335000e-08	0.000000e+00	0.000000e+00	0.000000e+00	
865	8.345000e-08	0.000000e+00	0.000000e+00	0.000000e+00	
866	8.355000e-08	0.000000e+00	0.000000e+00	0.000000e+00	

Index   time            v(drve)         v(rea)          v(drvf)         
--------------------------------------------------------------------------------
867	8.365000e-08	0.000000e+00	0.000000e+00	0.000000e+00	
868	8.375000e-08	0.000000e+00	0.000000e+00	0.000000e+00	
869	8.385000e-08	0.000000e+00	0.000000e+00	0.000000e+00	
870	8.395000e-08	0.000000e+00	0.000000e+00	0.000000e+00	
871	8.405000e-08	0.000000e+00	0.000000e+00	0.000000e+00	
872	8.415000e-08	0.000000e+00	0.000000e+00	0.000000e+00	
873	8.425000e-08	0.000000e+00	0.000000e+00	0.000000e+00	
874	8.435000e-08	0.000000e+00	0.000000e+00	0.000000e+00	
875	8.445000e-08	0.000000e+00	0.000000e+00	0.000000e+00	
876	8.455000e-08	0.000000e+00	0.000000e+00	0.000000e+00	
877	8.465000e-08	0.000000e+00	0.000000e+00	0.000000e+00	
878	8.475000e-08	0.000000e+00	0.000000e+00	0.000000e+00	
879	8.485000e-08	0.000000e+00	0.000000e+00	0.000000e+00	
880	8.495000e-08	0.000000e+00	0.000000e+00	0.000000e+00	
881	8.505000e-08	0.000000e+00	0.000000e+00	0.000000e+00	
882	8.515000e-08	0.000000e+00	0.000000e+00	0.000000e+00	
883	8.525000e-08	0.000000e+00	0.000000e+00	0.000000e+00	
884	8.535000e-08	0.000000e+00	0.000000e+00	0.000000e+00	
885	8.545000e-08	0.000000e+00	0.000000e+00	0.000000e+00	
886	8.555000e-08	0.000000e+00	0.000000e+00	0.000000e+00	
887	8.565000e-08	0.000000e+00	0.000000e+00	0.000000e+00	
888	8.575000e-08	0.000000e+00	0.000000e+00	0.000000e+00	
889	8.585000e-08	0.000000e+00	0.000000e+00	0.000000e+00	
890	8.595000e-08	0.000000e+00	0.000000e+00	0.000000e+00	
891	8.605000e-08	0.000000e+00	0.000000e+00	0.000000e+00	
892	8.615000e-08	0.000000e+00	0.000000e+00	0.000000e+00	
893	8.625000e-08	0.000000e+00	0.000000e+00	0.000000e+00	
894	8.635000e-08	0.000000e+00	0.000000e+00	0.000000e+00	
895	8.645000e-08	0.000000e+00	0.000000e+00	0.000000e+00	
896	8.655000e-08	0.000000e+00	0.000000e+00	0.000000e+00	
897	8.665000e-08	0.000000e+00	0.000000e+00	0.000000e+00	
898	8.675000e-08	0.000000e+00	0.000000e+00	0.000000e+00	
899	8.685000e-08	0.000000e+00	0.000000e+00	0.000000e+00	
900	8.695000e-08	0.000000e+00	0.000000e+00	0.000000e+00	
901	8.705000e-08	0.000000e+00	0.000000e+00	0.000000e+00	
902	8.715000e-08	0.000000e+00	0.000000e+00	0.000000e+00	
903	8.725000e-08	0.000000e+00	0.000000e+00	0.000000e+00	
904	8.735000e-08	0.000000e+00	0.000000e+00	0.000000e+00	
905	8.745000e-08	0.000000e+00	0.000000e+00	0.000000e+00	
906	8.755000e-08	0.000000e+00	0.000000e+00	0.000000e+00	
907	8.765000e-08	0.000000e+00	0.000000e+00	0.000000e+00	
908	8.775000e-08	0.000000e+00	0.000000e+00	0.000000e+00	
909	8.785000e-08	0.000000e+00	0.000000e+00	0.000000e+00	
910	8.795000e-08	0.000000e+00	0.000000e+00	0.000000e+00	
911	8.805000e-08	0.000000e+00	0.000000e+00	0.000000e+00	
912	8.815000e-08	0.000000e+00	0.000000e+00	0.000000e+00	
913	8.825000e-08	0.000000e+00	0.000000e+00	0.000000e+00	
914	8.835000e-08	0.000000e+00	0.000000e+00	0.000000e+00	
915	8.845000e-08	0.000000e+00	0.000000e+00	0.000000e+00	
916	8.855000e-08	0.000000e+00	0.000000e+00	0.000000e+00	
917	8.865000e-08	0.000000e+00	0.000000e+00	0.000000e+00	
918	8.875000e-08	0.000000e+00	0.000000e+00	0.000000e+00	
919	8.885000e-08	0.000000e+00	0.000000e+00	0.000000e+00	
920	8.895000e-08	0.000000e+00	0.000000e+00	0.000000e+00	
921	8.905000e-08	0.000000e+00	0.000000e+00	0.000000e+00	
922	8.915000e-08	0.000000e+00	0.000000e+00	0.000000e+00	
923	8.925000e-08	0.000000e+00	0.000000e+00	0.000000e+00	
924	8.935000e-08	0.000000e+00	0.000000e+00	0.000000e+00	

Index   time            v(drve)         v(rea)          v(drvf)         
--------------------------------------------------------------------------------
925	8.945000e-08	0.000000e+00	0.000000e+00	0.000000e+00	
926	8.955000e-08	0.000000e+00	0.000000e+00	0.000000e+00	
927	8.965000e-08	0.000000e+00	0.000000e+00	0.000000e+00	
928	8.975000e-08	0.000000e+00	0.000000e+00	0.000000e+00	
929	8.985000e-08	0.000000e+00	0.000000e+00	0.000000e+00	
930	8.995000e-08	0.000000e+00	0.000000e+00	0.000000e+00	
931	9.005000e-08	0.000000e+00	0.000000e+00	0.000000e+00	
932	9.015000e-08	0.000000e+00	0.000000e+00	0.000000e+00	
933	9.025000e-08	0.000000e+00	0.000000e+00	0.000000e+00	
934	9.035000e-08	0.000000e+00	0.000000e+00	0.000000e+00	
935	9.045000e-08	0.000000e+00	0.000000e+00	0.000000e+00	
936	9.055000e-08	0.000000e+00	0.000000e+00	0.000000e+00	
937	9.065000e-08	0.000000e+00	0.000000e+00	0.000000e+00	
938	9.075000e-08	0.000000e+00	0.000000e+00	0.000000e+00	
939	9.085000e-08	0.000000e+00	0.000000e+00	0.000000e+00	
940	9.095000e-08	0.000000e+00	0.000000e+00	0.000000e+00	
941	9.105000e-08	0.000000e+00	0.000000e+00	0.000000e+00	
942	9.115000e-08	0.000000e+00	0.000000e+00	0.000000e+00	
943	9.125000e-08	0.000000e+00	0.000000e+00	0.000000e+00	
944	9.135000e-08	0.000000e+00	0.000000e+00	0.000000e+00	
945	9.145000e-08	0.000000e+00	0.000000e+00	0.000000e+00	
946	9.155000e-08	0.000000e+00	0.000000e+00	0.000000e+00	
947	9.165000e-08	0.000000e+00	0.000000e+00	0.000000e+00	
948	9.175000e-08	0.000000e+00	0.000000e+00	0.000000e+00	
949	9.185000e-08	0.000000e+00	0.000000e+00	0.000000e+00	
950	9.195000e-08	0.000000e+00	0.000000e+00	0.000000e+00	
951	9.205000e-08	0.000000e+00	0.000000e+00	0.000000e+00	
952	9.215000e-08	0.000000e+00	0.000000e+00	0.000000e+00	
953	9.225000e-08	0.000000e+00	0.000000e+00	0.000000e+00	
954	9.235000e-08	0.000000e+00	0.000000e+00	0.000000e+00	
955	9.245000e-08	0.000000e+00	0.000000e+00	0.000000e+00	
956	9.255000e-08	0.000000e+00	0.000000e+00	0.000000e+00	
957	9.265000e-08	0.000000e+00	0.000000e+00	0.000000e+00	
958	9.275000e-08	0.000000e+00	0.000000e+00	0.000000e+00	
959	9.285000e-08	0.000000e+00	0.000000e+00	0.000000e+00	
960	9.295000e-08	0.000000e+00	0.000000e+00	0.000000e+00	
961	9.305000e-08	0.000000e+00	0.000000e+00	0.000000e+00	
962	9.315000e-08	0.000000e+00	0.000000e+00	0.000000e+00	
963	9.325000e-08	0.000000e+00	0.000000e+00	0.000000e+00	
964	9.335000e-08	0.000000e+00	0.000000e+00	0.000000e+00	
965	9.345000e-08	0.000000e+00	0.000000e+00	0.000000e+00	
966	9.355000e-08	0.000000e+00	0.000000e+00	0.000000e+00	
967	9.365000e-08	0.000000e+00	0.000000e+00	0.000000e+00	
968	9.375000e-08	0.000000e+00	0.000000e+00	0.000000e+00	
969	9.385000e-08	0.000000e+00	0.000000e+00	0.000000e+00	
970	9.395000e-08	0.000000e+00	0.000000e+00	0.000000e+00	
971	9.405000e-08	0.000000e+00	0.000000e+00	0.000000e+00	
972	9.415000e-08	0.000000e+00	0.000000e+00	0.000000e+00	
973	9.425000e-08	0.000000e+00	0.000000e+00	0.000000e+00	
974	9.435000e-08	0.000000e+00	0.000000e+00	0.000000e+00	
975	9.445000e-08	0.000000e+00	0.000000e+00	0.000000e+00	
976	9.455000e-08	0.000000e+00	0.000000e+00	0.000000e+00	
977	9.465000e-08	0.000000e+00	0.000000e+00	0.000000e+00	
978	9.475000e-08	0.000000e+00	0.000000e+00	0.000000e+00	
979	9.485000e-08	0.000000e+00	0.000000e+00	0.000000e+00	
980	9.495000e-08	0.000000e+00	0.000000e+00	0.000000e+00	
981	9.505000e-08	0.000000e+00	0.000000e+00	0.000000e+00	
982	9.515000e-08	0.000000e+00	0.000000e+00	0.000000e+00	

Index   time            v(drve)         v(rea)          v(drvf)         
--------------------------------------------------------------------------------
983	9.525000e-08	0.000000e+00	0.000000e+00	0.000000e+00	
984	9.535000e-08	0.000000e+00	0.000000e+00	0.000000e+00	
985	9.545000e-08	0.000000e+00	0.000000e+00	0.000000e+00	
986	9.555000e-08	0.000000e+00	0.000000e+00	0.000000e+00	
987	9.565000e-08	0.000000e+00	0.000000e+00	0.000000e+00	
988	9.575000e-08	0.000000e+00	0.000000e+00	0.000000e+00	
989	9.585000e-08	0.000000e+00	0.000000e+00	0.000000e+00	
990	9.595000e-08	0.000000e+00	0.000000e+00	0.000000e+00	
991	9.605000e-08	0.000000e+00	0.000000e+00	0.000000e+00	
992	9.615000e-08	0.000000e+00	0.000000e+00	0.000000e+00	
993	9.625000e-08	0.000000e+00	0.000000e+00	0.000000e+00	
994	9.635000e-08	0.000000e+00	0.000000e+00	0.000000e+00	
995	9.645000e-08	0.000000e+00	0.000000e+00	0.000000e+00	
996	9.655000e-08	0.000000e+00	0.000000e+00	0.000000e+00	
997	9.665000e-08	0.000000e+00	0.000000e+00	0.000000e+00	
998	9.675000e-08	0.000000e+00	0.000000e+00	0.000000e+00	
999	9.685000e-08	0.000000e+00	0.000000e+00	0.000000e+00	
1000	9.695000e-08	0.000000e+00	0.000000e+00	0.000000e+00	
1001	9.705000e-08	0.000000e+00	0.000000e+00	0.000000e+00	
1002	9.715000e-08	0.000000e+00	0.000000e+00	0.000000e+00	
1003	9.725000e-08	0.000000e+00	0.000000e+00	0.000000e+00	
1004	9.735000e-08	0.000000e+00	0.000000e+00	0.000000e+00	
1005	9.745000e-08	0.000000e+00	0.000000e+00	0.000000e+00	
1006	9.755000e-08	0.000000e+00	0.000000e+00	0.000000e+00	
1007	9.765000e-08	0.000000e+00	0.000000e+00	0.000000e+00	
1008	9.775000e-08	0.000000e+00	0.000000e+00	0.000000e+00	
1009	9.785000e-08	0.000000e+00	0.000000e+00	0.000000e+00	
1010	9.795000e-08	0.000000e+00	0.000000e+00	0.000000e+00	
1011	9.805000e-08	0.000000e+00	0.000000e+00	0.000000e+00	
1012	9.815000e-08	0.000000e+00	0.000000e+00	0.000000e+00	
1013	9.825000e-08	0.000000e+00	0.000000e+00	0.000000e+00	
1014	9.835000e-08	0.000000e+00	0.000000e+00	0.000000e+00	
1015	9.845000e-08	0.000000e+00	0.000000e+00	0.000000e+00	
1016	9.855000e-08	0.000000e+00	0.000000e+00	0.000000e+00	
1017	9.865000e-08	0.000000e+00	0.000000e+00	0.000000e+00	
1018	9.875000e-08	0.000000e+00	0.000000e+00	0.000000e+00	
1019	9.885000e-08	0.000000e+00	0.000000e+00	0.000000e+00	
1020	9.895000e-08	0.000000e+00	0.000000e+00	0.000000e+00	
1021	9.905000e-08	0.000000e+00	0.000000e+00	0.000000e+00	
1022	9.915000e-08	0.000000e+00	0.000000e+00	0.000000e+00	
1023	9.925000e-08	0.000000e+00	0.000000e+00	0.000000e+00	
1024	9.935000e-08	0.000000e+00	0.000000e+00	0.000000e+00	
1025	9.945000e-08	0.000000e+00	0.000000e+00	0.000000e+00	
1026	9.955000e-08	0.000000e+00	0.000000e+00	0.000000e+00	
1027	9.965000e-08	0.000000e+00	0.000000e+00	0.000000e+00	
1028	9.975000e-08	0.000000e+00	0.000000e+00	0.000000e+00	
1029	9.985000e-08	0.000000e+00	0.000000e+00	0.000000e+00	
1030	9.995000e-08	0.000000e+00	0.000000e+00	0.000000e+00	
1031	1.000000e-07	0.000000e+00	0.000000e+00	0.000000e+00	
1032	1.000100e-07	0.000000e+00	0.000000e+00	0.000000e+00	
1033	1.000300e-07	0.000000e+00	0.000000e+00	0.000000e+00	
1034	1.000700e-07	0.000000e+00	0.000000e+00	0.000000e+00	
1035	1.001500e-07	0.000000e+00	0.000000e+00	0.000000e+00	
1036	1.002500e-07	0.000000e+00	0.000000e+00	0.000000e+00	
1037	1.003500e-07	0.000000e+00	0.000000e+00	0.000000e+00	
1038	1.004500e-07	0.000000e+00	0.000000e+00	0.000000e+00	
1039	1.005500e-07	0.000000e+00	0.000000e+00	0.000000e+00	
1040	1.006500e-07	0.000000e+00	0.000000e+00	0.000000e+00	

Index   time            v(drve)         v(rea)          v(drvf)         
--------------------------------------------------------------------------------
1041	1.007500e-07	0.000000e+00	0.000000e+00	0.000000e+00	
1042	1.008500e-07	0.000000e+00	0.000000e+00	0.000000e+00	
1043	1.009500e-07	0.000000e+00	0.000000e+00	0.000000e+00	
1044	1.010000e-07	0.000000e+00	0.000000e+00	0.000000e+00	
1045	1.010100e-07	0.000000e+00	0.000000e+00	0.000000e+00	
1046	1.010300e-07	0.000000e+00	0.000000e+00	0.000000e+00	
1047	1.010700e-07	0.000000e+00	0.000000e+00	0.000000e+00	
1048	1.011500e-07	0.000000e+00	0.000000e+00	0.000000e+00	
1049	1.012500e-07	0.000000e+00	0.000000e+00	0.000000e+00	
1050	1.013500e-07	0.000000e+00	0.000000e+00	0.000000e+00	
1051	1.014500e-07	0.000000e+00	0.000000e+00	0.000000e+00	
1052	1.015500e-07	0.000000e+00	0.000000e+00	0.000000e+00	
1053	1.016500e-07	0.000000e+00	0.000000e+00	0.000000e+00	
1054	1.017500e-07	0.000000e+00	0.000000e+00	0.000000e+00	
1055	1.018500e-07	0.000000e+00	0.000000e+00	0.000000e+00	
1056	1.019500e-07	0.000000e+00	0.000000e+00	0.000000e+00	
1057	1.020500e-07	0.000000e+00	0.000000e+00	0.000000e+00	
1058	1.021500e-07	0.000000e+00	0.000000e+00	0.000000e+00	
1059	1.022500e-07	0.000000e+00	0.000000e+00	0.000000e+00	
1060	1.023500e-07	0.000000e+00	0.000000e+00	0.000000e+00	
1061	1.024500e-07	0.000000e+00	0.000000e+00	0.000000e+00	
1062	1.025500e-07	0.000000e+00	0.000000e+00	0.000000e+00	
1063	1.026500e-07	0.000000e+00	0.000000e+00	0.000000e+00	
1064	1.027500e-07	0.000000e+00	0.000000e+00	0.000000e+00	
1065	1.028500e-07	0.000000e+00	0.000000e+00	0.000000e+00	
1066	1.029500e-07	0.000000e+00	0.000000e+00	0.000000e+00	
1067	1.030500e-07	0.000000e+00	0.000000e+00	0.000000e+00	
1068	1.031500e-07	0.000000e+00	0.000000e+00	0.000000e+00	
1069	1.032500e-07	0.000000e+00	0.000000e+00	0.000000e+00	
1070	1.033500e-07	0.000000e+00	0.000000e+00	0.000000e+00	
1071	1.034500e-07	0.000000e+00	0.000000e+00	0.000000e+00	
1072	1.035500e-07	0.000000e+00	0.000000e+00	0.000000e+00	
1073	1.036500e-07	0.000000e+00	0.000000e+00	0.000000e+00	
1074	1.037500e-07	0.000000e+00	0.000000e+00	0.000000e+00	
1075	1.038500e-07	0.000000e+00	0.000000e+00	0.000000e+00	
1076	1.039500e-07	0.000000e+00	0.000000e+00	0.000000e+00	
1077	1.040000e-07	0.000000e+00	0.000000e+00	0.000000e+00	
1078	1.040100e-07	0.000000e+00	0.000000e+00	0.000000e+00	
1079	1.040300e-07	0.000000e+00	0.000000e+00	0.000000e+00	
1080	1.040700e-07	0.000000e+00	0.000000e+00	0.000000e+00	
1081	1.041500e-07	0.000000e+00	0.000000e+00	0.000000e+00	
1082	1.042500e-07	0.000000e+00	0.000000e+00	0.000000e+00	
1083	1.043500e-07	0.000000e+00	0.000000e+00	0.000000e+00	
1084	1.044500e-07	0.000000e+00	0.000000e+00	0.000000e+00	
1085	1.045500e-07	0.000000e+00	0.000000e+00	0.000000e+00	
1086	1.046500e-07	0.000000e+00	0.000000e+00	0.000000e+00	
1087	1.047500e-07	0.000000e+00	0.000000e+00	0.000000e+00	
1088	1.048500e-07	0.000000e+00	0.000000e+00	0.000000e+00	
1089	1.049500e-07	0.000000e+00	0.000000e+00	0.000000e+00	
1090	1.050000e-07	0.000000e+00	0.000000e+00	0.000000e+00	
1091	1.050100e-07	0.000000e+00	0.000000e+00	0.000000e+00	
1092	1.050300e-07	0.000000e+00	0.000000e+00	0.000000e+00	
1093	1.050700e-07	0.000000e+00	0.000000e+00	0.000000e+00	
1094	1.051500e-07	0.000000e+00	0.000000e+00	0.000000e+00	
1095	1.052500e-07	0.000000e+00	0.000000e+00	0.000000e+00	
1096	1.053500e-07	0.000000e+00	0.000000e+00	0.000000e+00	
1097	1.054500e-07	0.000000e+00	0.000000e+00	0.000000e+00	
1098	1.055500e-07	0.000000e+00	0.000000e+00	0.000000e+00	

Index   time            v(drve)         v(rea)          v(drvf)         
--------------------------------------------------------------------------------
1099	1.056500e-07	0.000000e+00	0.000000e+00	0.000000e+00	
1100	1.057500e-07	0.000000e+00	0.000000e+00	0.000000e+00	
1101	1.058500e-07	0.000000e+00	0.000000e+00	0.000000e+00	
1102	1.059500e-07	0.000000e+00	0.000000e+00	0.000000e+00	
1103	1.060000e-07	0.000000e+00	0.000000e+00	0.000000e+00	
1104	1.060100e-07	0.000000e+00	0.000000e+00	0.000000e+00	
1105	1.060300e-07	0.000000e+00	0.000000e+00	0.000000e+00	
1106	1.060700e-07	0.000000e+00	0.000000e+00	0.000000e+00	
1107	1.061500e-07	0.000000e+00	0.000000e+00	0.000000e+00	
1108	1.062500e-07	0.000000e+00	0.000000e+00	0.000000e+00	
1109	1.063500e-07	0.000000e+00	0.000000e+00	0.000000e+00	
1110	1.064500e-07	0.000000e+00	0.000000e+00	0.000000e+00	
1111	1.065500e-07	0.000000e+00	0.000000e+00	0.000000e+00	
1112	1.066500e-07	0.000000e+00	0.000000e+00	0.000000e+00	
1113	1.067500e-07	0.000000e+00	0.000000e+00	0.000000e+00	
1114	1.068500e-07	0.000000e+00	0.000000e+00	0.000000e+00	
1115	1.069500e-07	0.000000e+00	0.000000e+00	0.000000e+00	
1116	1.070500e-07	0.000000e+00	0.000000e+00	0.000000e+00	
1117	1.071500e-07	0.000000e+00	0.000000e+00	0.000000e+00	
1118	1.072500e-07	0.000000e+00	0.000000e+00	0.000000e+00	
1119	1.073500e-07	0.000000e+00	0.000000e+00	0.000000e+00	
1120	1.074500e-07	0.000000e+00	0.000000e+00	0.000000e+00	
1121	1.075500e-07	0.000000e+00	0.000000e+00	0.000000e+00	
1122	1.076500e-07	0.000000e+00	0.000000e+00	0.000000e+00	
1123	1.077500e-07	0.000000e+00	0.000000e+00	0.000000e+00	
1124	1.078500e-07	0.000000e+00	0.000000e+00	0.000000e+00	
1125	1.079500e-07	0.000000e+00	0.000000e+00	0.000000e+00	
1126	1.080500e-07	0.000000e+00	0.000000e+00	0.000000e+00	
1127	1.081500e-07	0.000000e+00	0.000000e+00	0.000000e+00	
1128	1.082500e-07	0.000000e+00	0.000000e+00	0.000000e+00	
1129	1.083500e-07	0.000000e+00	0.000000e+00	0.000000e+00	
1130	1.084500e-07	0.000000e+00	0.000000e+00	0.000000e+00	
1131	1.085500e-07	0.000000e+00	0.000000e+00	0.000000e+00	
1132	1.086500e-07	0.000000e+00	0.000000e+00	0.000000e+00	
1133	1.087500e-07	0.000000e+00	0.000000e+00	0.000000e+00	
1134	1.088500e-07	0.000000e+00	0.000000e+00	0.000000e+00	
1135	1.089500e-07	0.000000e+00	0.000000e+00	0.000000e+00	
1136	1.090000e-07	0.000000e+00	0.000000e+00	0.000000e+00	
1137	1.090100e-07	0.000000e+00	0.000000e+00	0.000000e+00	
1138	1.090300e-07	0.000000e+00	0.000000e+00	0.000000e+00	
1139	1.090700e-07	0.000000e+00	0.000000e+00	0.000000e+00	
1140	1.091500e-07	0.000000e+00	0.000000e+00	0.000000e+00	
1141	1.092500e-07	0.000000e+00	0.000000e+00	0.000000e+00	
1142	1.093500e-07	0.000000e+00	0.000000e+00	0.000000e+00	
1143	1.094500e-07	0.000000e+00	0.000000e+00	0.000000e+00	
1144	1.095500e-07	0.000000e+00	0.000000e+00	0.000000e+00	
1145	1.096500e-07	0.000000e+00	0.000000e+00	0.000000e+00	
1146	1.097500e-07	0.000000e+00	0.000000e+00	0.000000e+00	
1147	1.098500e-07	0.000000e+00	0.000000e+00	0.000000e+00	
1148	1.099500e-07	0.000000e+00	0.000000e+00	0.000000e+00	
1149	1.100000e-07	0.000000e+00	0.000000e+00	0.000000e+00	
1150	1.100100e-07	0.000000e+00	0.000000e+00	0.000000e+00	
1151	1.100300e-07	0.000000e+00	0.000000e+00	0.000000e+00	
1152	1.100700e-07	0.000000e+00	0.000000e+00	0.000000e+00	
1153	1.101500e-07	0.000000e+00	0.000000e+00	0.000000e+00	
1154	1.102500e-07	0.000000e+00	0.000000e+00	0.000000e+00	
1155	1.103500e-07	0.000000e+00	0.000000e+00	0.000000e+00	
1156	1.104500e-07	0.000000e+00	0.000000e+00	0.000000e+00	

Index   time            v(drve)         v(rea)          v(drvf)         
--------------------------------------------------------------------------------
1157	1.105500e-07	0.000000e+00	0.000000e+00	0.000000e+00	
1158	1.106500e-07	0.000000e+00	0.000000e+00	0.000000e+00	
1159	1.107500e-07	0.000000e+00	0.000000e+00	0.000000e+00	
1160	1.108500e-07	0.000000e+00	0.000000e+00	0.000000e+00	
1161	1.109500e-07	0.000000e+00	0.000000e+00	0.000000e+00	
1162	1.110500e-07	0.000000e+00	0.000000e+00	0.000000e+00	
1163	1.111500e-07	0.000000e+00	0.000000e+00	0.000000e+00	
1164	1.112500e-07	0.000000e+00	0.000000e+00	0.000000e+00	
1165	1.113500e-07	0.000000e+00	0.000000e+00	0.000000e+00	
1166	1.114500e-07	0.000000e+00	0.000000e+00	0.000000e+00	
1167	1.115500e-07	0.000000e+00	0.000000e+00	0.000000e+00	
1168	1.116500e-07	0.000000e+00	0.000000e+00	0.000000e+00	
1169	1.117500e-07	0.000000e+00	0.000000e+00	0.000000e+00	
1170	1.118500e-07	0.000000e+00	0.000000e+00	0.000000e+00	
1171	1.119500e-07	0.000000e+00	0.000000e+00	0.000000e+00	
1172	1.120500e-07	0.000000e+00	0.000000e+00	0.000000e+00	
1173	1.121500e-07	0.000000e+00	0.000000e+00	0.000000e+00	
1174	1.122500e-07	0.000000e+00	0.000000e+00	0.000000e+00	
1175	1.123500e-07	0.000000e+00	0.000000e+00	0.000000e+00	
1176	1.124500e-07	0.000000e+00	0.000000e+00	0.000000e+00	
1177	1.125500e-07	0.000000e+00	0.000000e+00	0.000000e+00	
1178	1.126500e-07	0.000000e+00	0.000000e+00	0.000000e+00	
1179	1.127500e-07	0.000000e+00	0.000000e+00	0.000000e+00	
1180	1.128500e-07	0.000000e+00	0.000000e+00	0.000000e+00	
1181	1.129500e-07	0.000000e+00	0.000000e+00	0.000000e+00	
1182	1.130500e-07	0.000000e+00	0.000000e+00	0.000000e+00	
1183	1.131500e-07	0.000000e+00	0.000000e+00	0.000000e+00	
1184	1.132500e-07	0.000000e+00	0.000000e+00	0.000000e+00	
1185	1.133500e-07	0.000000e+00	0.000000e+00	0.000000e+00	
1186	1.134500e-07	0.000000e+00	0.000000e+00	0.000000e+00	
1187	1.135500e-07	0.000000e+00	0.000000e+00	0.000000e+00	
1188	1.136500e-07	0.000000e+00	0.000000e+00	0.000000e+00	
1189	1.137500e-07	0.000000e+00	0.000000e+00	0.000000e+00	
1190	1.138500e-07	0.000000e+00	0.000000e+00	0.000000e+00	
1191	1.139500e-07	0.000000e+00	0.000000e+00	0.000000e+00	
1192	1.140500e-07	0.000000e+00	0.000000e+00	0.000000e+00	
1193	1.141500e-07	0.000000e+00	0.000000e+00	0.000000e+00	
1194	1.142500e-07	0.000000e+00	0.000000e+00	0.000000e+00	
1195	1.143500e-07	0.000000e+00	0.000000e+00	0.000000e+00	
1196	1.144500e-07	0.000000e+00	0.000000e+00	0.000000e+00	
1197	1.145500e-07	0.000000e+00	0.000000e+00	0.000000e+00	
1198	1.146500e-07	0.000000e+00	0.000000e+00	0.000000e+00	
1199	1.147500e-07	0.000000e+00	0.000000e+00	0.000000e+00	
1200	1.148500e-07	0.000000e+00	0.000000e+00	0.000000e+00	
1201	1.149500e-07	0.000000e+00	0.000000e+00	0.000000e+00	
1202	1.150500e-07	0.000000e+00	0.000000e+00	0.000000e+00	
1203	1.151500e-07	0.000000e+00	0.000000e+00	0.000000e+00	
1204	1.152500e-07	0.000000e+00	0.000000e+00	0.000000e+00	
1205	1.153500e-07	0.000000e+00	0.000000e+00	0.000000e+00	
1206	1.154500e-07	0.000000e+00	0.000000e+00	0.000000e+00	
1207	1.155500e-07	0.000000e+00	0.000000e+00	0.000000e+00	
1208	1.156500e-07	0.000000e+00	0.000000e+00	0.000000e+00	
1209	1.157500e-07	0.000000e+00	0.000000e+00	0.000000e+00	
1210	1.158500e-07	0.000000e+00	0.000000e+00	0.000000e+00	
1211	1.159500e-07	0.000000e+00	0.000000e+00	0.000000e+00	
1212	1.160500e-07	0.000000e+00	0.000000e+00	0.000000e+00	
1213	1.161500e-07	0.000000e+00	0.000000e+00	0.000000e+00	
1214	1.162500e-07	0.000000e+00	0.000000e+00	0.000000e+00	

Index   time            v(drve)         v(rea)          v(drvf)         
--------------------------------------------------------------------------------
1215	1.163500e-07	0.000000e+00	0.000000e+00	0.000000e+00	
1216	1.164500e-07	0.000000e+00	0.000000e+00	0.000000e+00	
1217	1.165500e-07	0.000000e+00	0.000000e+00	0.000000e+00	
1218	1.166500e-07	0.000000e+00	0.000000e+00	0.000000e+00	
1219	1.167500e-07	0.000000e+00	0.000000e+00	0.000000e+00	
1220	1.168500e-07	0.000000e+00	0.000000e+00	0.000000e+00	
1221	1.169500e-07	0.000000e+00	0.000000e+00	0.000000e+00	
1222	1.170500e-07	0.000000e+00	0.000000e+00	0.000000e+00	
1223	1.171500e-07	0.000000e+00	0.000000e+00	0.000000e+00	
1224	1.172500e-07	0.000000e+00	0.000000e+00	0.000000e+00	
1225	1.173500e-07	0.000000e+00	0.000000e+00	0.000000e+00	
1226	1.174500e-07	0.000000e+00	0.000000e+00	0.000000e+00	
1227	1.175500e-07	0.000000e+00	0.000000e+00	0.000000e+00	
1228	1.176500e-07	0.000000e+00	0.000000e+00	0.000000e+00	
1229	1.177500e-07	0.000000e+00	0.000000e+00	0.000000e+00	
1230	1.178500e-07	0.000000e+00	0.000000e+00	0.000000e+00	
1231	1.179500e-07	0.000000e+00	0.000000e+00	0.000000e+00	
1232	1.180500e-07	0.000000e+00	0.000000e+00	0.000000e+00	
1233	1.181500e-07	0.000000e+00	0.000000e+00	0.000000e+00	
1234	1.182500e-07	0.000000e+00	0.000000e+00	0.000000e+00	
1235	1.183500e-07	0.000000e+00	0.000000e+00	0.000000e+00	
1236	1.184500e-07	0.000000e+00	0.000000e+00	0.000000e+00	
1237	1.185500e-07	0.000000e+00	0.000000e+00	0.000000e+00	
1238	1.186500e-07	0.000000e+00	0.000000e+00	0.000000e+00	
1239	1.187500e-07	0.000000e+00	0.000000e+00	0.000000e+00	
1240	1.188500e-07	0.000000e+00	0.000000e+00	0.000000e+00	
1241	1.189500e-07	0.000000e+00	0.000000e+00	0.000000e+00	
1242	1.190500e-07	0.000000e+00	0.000000e+00	0.000000e+00	
1243	1.191500e-07	0.000000e+00	0.000000e+00	0.000000e+00	
1244	1.192500e-07	0.000000e+00	0.000000e+00	0.000000e+00	
1245	1.193500e-07	0.000000e+00	0.000000e+00	0.000000e+00	
1246	1.194500e-07	0.000000e+00	0.000000e+00	0.000000e+00	
1247	1.195500e-07	0.000000e+00	0.000000e+00	0.000000e+00	
1248	1.196500e-07	0.000000e+00	0.000000e+00	0.000000e+00	
1249	1.197500e-07	0.000000e+00	0.000000e+00	0.000000e+00	
1250	1.198500e-07	0.000000e+00	0.000000e+00	0.000000e+00	
1251	1.199500e-07	0.000000e+00	0.000000e+00	0.000000e+00	
1252	1.200000e-07	0.000000e+00	0.000000e+00	0.000000e+00	
1253	1.200100e-07	5.445833e-03	1.230966e-04	0.000000e+00	
1254	1.200300e-07	1.722673e-02	5.992802e-04	0.000000e+00	
1255	1.200700e-07	4.609869e-02	2.769814e-03	0.000000e+00	
1256	1.201200e-07	9.206805e-02	7.403526e-03	0.000000e+00	
1257	1.202000e-07	1.884694e-01	1.812544e-02	0.000000e+00	
1258	1.202100e-07	1.972264e-01	1.958934e-02	0.000000e+00	
1259	1.202300e-07	2.147067e-01	2.236187e-02	0.000000e+00	
1260	1.202699e-07	2.494971e-01	2.702729e-02	0.000000e+00	
1261	1.203499e-07	3.185250e-01	3.385803e-02	0.000000e+00	
1262	1.204499e-07	4.040674e-01	3.950058e-02	0.000000e+00	
1263	1.205499e-07	4.875162e-01	4.840441e-02	0.000000e+00	
1264	1.206499e-07	5.633463e-01	7.811335e-02	0.000000e+00	
1265	1.207499e-07	6.287432e-01	1.249308e-01	0.000000e+00	
1266	1.208499e-07	6.859266e-01	1.698090e-01	0.000000e+00	
1267	1.209499e-07	7.360485e-01	2.100099e-01	0.000000e+00	
1268	1.210499e-07	7.798989e-01	2.458530e-01	0.000000e+00	
1269	1.211499e-07	8.182530e-01	2.774844e-01	0.000000e+00	
1270	1.212000e-07	8.355967e-01	2.918991e-01	0.000000e+00	
1271	1.212100e-07	8.334643e-01	2.944415e-01	0.000000e+00	
1272	1.212300e-07	8.282715e-01	2.989789e-01	0.000000e+00	

Index   time            v(drve)         v(rea)          v(drvf)         
--------------------------------------------------------------------------------
1273	1.212700e-07	8.125411e-01	3.043762e-01	0.000000e+00	
1274	1.213500e-07	7.613910e-01	2.996123e-01	0.000000e+00	
1275	1.214000e-07	7.169335e-01	2.864626e-01	0.000000e+00	
1276	1.214100e-07	7.122183e-01	2.830221e-01	0.000000e+00	
1277	1.214300e-07	7.029450e-01	2.760604e-01	0.000000e+00	
1278	1.214700e-07	6.852467e-01	2.621090e-01	0.000000e+00	
1279	1.215500e-07	6.527097e-01	2.358786e-01	0.000000e+00	
1280	1.216500e-07	6.166487e-01	2.069812e-01	0.000000e+00	
1281	1.217500e-07	5.849897e-01	1.819872e-01	0.000000e+00	
1282	1.218500e-07	5.571139e-01	1.602843e-01	0.000000e+00	
1283	1.219500e-07	5.325095e-01	1.414082e-01	0.000000e+00	
1284	1.220500e-07	5.107481e-01	1.249641e-01	0.000000e+00	
1285	1.221500e-07	4.914645e-01	1.106185e-01	0.000000e+00	
1286	1.222500e-07	4.743451e-01	9.808686e-02	0.000000e+00	
1287	1.223500e-07	4.591195e-01	8.712550e-02	0.000000e+00	
1288	1.224500e-07	4.455535e-01	7.752495e-02	0.000000e+00	
1289	1.225500e-07	4.334442e-01	6.910494e-02	0.000000e+00	
1290	1.226500e-07	4.226153e-01	6.171015e-02	0.000000e+00	
1291	1.227500e-07	4.129134e-01	5.520662e-02	0.000000e+00	
1292	1.228500e-07	4.042050e-01	4.947870e-02	0.000000e+00	
1293	1.229500e-07	3.963738e-01	4.442650e-02	0.000000e+00	
1294	1.230500e-07	3.893182e-01	3.996363e-02	0.000000e+00	
1295	1.231500e-07	3.829494e-01	3.601535e-02	0.000000e+00	
1296	1.232500e-07	3.771898e-01	3.251693e-02	0.000000e+00	
1297	1.233500e-07	3.719714e-01	2.941226e-02	0.000000e+00	
1298	1.234500e-07	3.672345e-01	2.665267e-02	0.000000e+00	
1299	1.235500e-07	3.629268e-01	2.419587e-02	0.000000e+00	
1300	1.236500e-07	3.590021e-01	2.200513e-02	0.000000e+00	
1301	1.237500e-07	3.554199e-01	2.004846e-02	0.000000e+00	
1302	1.238500e-07	3.521444e-01	1.829802e-02	0.000000e+00	
1303	1.239500e-07	3.491440e-01	1.672952e-02	0.000000e+00	
1304	1.240500e-07	3.463907e-01	1.532175e-02	0.000000e+00	
1305	1.241500e-07	3.438599e-01	1.405618e-02	0.000000e+00	
1306	1.242500e-07	3.415296e-01	1.291661e-02	0.000000e+00	
1307	1.243500e-07	3.393804e-01	1.188882e-02	0.000000e+00	
1308	1.244500e-07	3.373948e-01	1.096037e-02	0.000000e+00	
1309	1.245500e-07	3.355574e-01	1.012030e-02	0.000000e+00	
1310	1.246500e-07	3.338546e-01	9.358994e-03	0.000000e+00	
1311	1.247500e-07	3.322739e-01	8.667988e-03	0.000000e+00	
1312	1.248500e-07	3.308045e-01	8.039811e-03	0.000000e+00	
1313	1.249500e-07	3.294364e-01	7.467872e-03	0.000000e+00	
1314	1.250500e-07	3.281607e-01	6.946343e-03	0.000000e+00	
1315	1.251500e-07	3.269696e-01	6.470068e-03	0.000000e+00	
1316	1.252500e-07	3.258559e-01	6.034477e-03	0.000000e+00	
1317	1.253500e-07	3.248132e-01	5.635513e-03	0.000000e+00	
1318	1.254500e-07	3.238356e-01	5.269573e-03	0.000000e+00	
1319	1.255500e-07	3.229178e-01	4.933449e-03	0.000000e+00	
1320	1.256500e-07	3.220552e-01	4.624282e-03	0.000000e+00	
1321	1.257500e-07	3.212435e-01	4.339525e-03	0.000000e+00	
1322	1.258500e-07	3.204786e-01	4.076897e-03	0.000000e+00	
1323	1.259500e-07	3.197570e-01	3.834361e-03	0.000000e+00	
1324	1.260500e-07	3.190756e-01	3.610092e-03	0.000000e+00	
1325	1.261500e-07	3.184314e-01	3.402451e-03	0.000000e+00	
1326	1.262500e-07	3.178217e-01	3.209968e-03	0.000000e+00	
1327	1.263500e-07	3.172439e-01	3.031320e-03	0.000000e+00	
1328	1.264500e-07	3.166960e-01	2.865315e-03	0.000000e+00	
1329	1.265500e-07	3.161758e-01	2.710878e-03	0.000000e+00	
1330	1.266500e-07	3.156815e-01	2.567041e-03	0.000000e+00	

Index   time            v(drve)         v(rea)          v(drvf)         
--------------------------------------------------------------------------------
1331	1.267500e-07	3.152112e-01	2.432927e-03	0.000000e+00	
1332	1.268500e-07	3.147635e-01	2.307741e-03	0.000000e+00	
1333	1.269500e-07	3.143369e-01	2.190766e-03	0.000000e+00	
1334	1.270500e-07	3.139300e-01	2.081348e-03	0.000000e+00	
1335	1.271500e-07	3.135415e-01	1.978894e-03	0.000000e+00	
1336	1.272500e-07	3.131704e-01	1.882867e-03	0.000000e+00	
1337	1.273500e-07	3.128155e-01	1.792775e-03	0.000000e+00	
1338	1.274500e-07	3.124759e-01	1.708171e-03	0.000000e+00	
1339	1.275500e-07	3.121507e-01	1.628646e-03	0.000000e+00	
1340	1.276500e-07	3.118390e-01	1.553828e-03	0.000000e+00	
1341	1.277500e-07	3.115400e-01	1.483375e-03	0.000000e+00	
1342	1.278500e-07	3.112531e-01	1.416975e-03	0.000000e+00	
1343	1.279500e-07	3.109775e-01	1.354342e-03	0.000000e+00	
1344	1.280500e-07	3.107126e-01	1.295213e-03	0.000000e+00	
1345	1.281500e-07	3.104579e-01	1.239347e-03	0.000000e+00	
1346	1.282500e-07	3.102127e-01	1.186521e-03	0.000000e+00	
1347	1.283500e-07	3.099766e-01	1.136532e-03	0.000000e+00	
1348	1.284500e-07	3.097492e-01	1.089191e-03	0.000000e+00	
1349	1.285500e-07	3.095298e-01	1.044325e-03	0.000000e+00	
1350	1.286500e-07	3.093182e-01	1.001774e-03	0.000000e+00	
1351	1.287500e-07	3.091139e-01	9.613898e-04	0.000000e+00	
1352	1.288500e-07	3.089166e-01	9.230356e-04	0.000000e+00	
1353	1.289500e-07	3.087260e-01	8.865847e-04	0.000000e+00	
1354	1.290500e-07	3.085416e-01	8.519198e-04	0.000000e+00	
1355	1.291500e-07	3.083633e-01	8.189321e-04	0.000000e+00	
1356	1.292500e-07	3.081907e-01	7.875207e-04	0.000000e+00	
1357	1.293500e-07	3.080235e-01	7.575917e-04	0.000000e+00	
1358	1.294500e-07	3.078615e-01	7.290580e-04	0.000000e+00	
1359	1.295500e-07	3.077045e-01	7.018385e-04	0.000000e+00	
1360	1.296500e-07	3.075523e-01	6.758577e-04	0.000000e+00	
1361	1.297500e-07	3.074045e-01	6.510452e-04	0.000000e+00	
1362	1.298500e-07	3.072611e-01	6.273354e-04	0.000000e+00	
1363	1.299500e-07	3.071219e-01	6.046670e-04	0.000000e+00	
1364	1.300500e-07	3.069866e-01	5.829829e-04	0.000000e+00	
1365	1.301500e-07	3.068551e-01	5.622296e-04	0.000000e+00	
1366	1.302500e-07	3.067272e-01	5.423571e-04	0.000000e+00	
1367	1.303500e-07	3.066028e-01	5.233187e-04	0.000000e+00	
1368	1.304500e-07	3.064818e-01	5.050704e-04	0.000000e+00	
1369	1.305500e-07	3.063639e-01	4.875713e-04	0.000000e+00	
1370	1.306500e-07	3.062492e-01	4.707827e-04	0.000000e+00	
1371	1.307500e-07	3.061373e-01	4.546685e-04	0.000000e+00	
1372	1.308500e-07	3.060284e-01	4.391949e-04	0.000000e+00	
1373	1.309500e-07	3.059221e-01	4.243298e-04	0.000000e+00	
1374	1.310500e-07	3.058185e-01	4.100432e-04	0.000000e+00	
1375	1.311500e-07	3.057173e-01	3.963070e-04	0.000000e+00	
1376	1.312500e-07	3.056186e-01	3.830946e-04	0.000000e+00	
1377	1.313500e-07	3.055223e-01	3.703809e-04	0.000000e+00	
1378	1.314500e-07	3.054281e-01	3.581423e-04	0.000000e+00	
1379	1.315500e-07	3.053362e-01	3.463566e-04	0.000000e+00	
1380	1.316500e-07	3.052463e-01	3.350028e-04	0.000000e+00	
1381	1.317500e-07	3.051584e-01	3.240610e-04	0.000000e+00	
1382	1.318500e-07	3.050725e-01	3.135125e-04	0.000000e+00	
1383	1.319500e-07	3.049885e-01	3.033397e-04	0.000000e+00	
1384	1.320500e-07	3.049062e-01	2.935257e-04	0.000000e+00	
1385	1.321500e-07	3.048257e-01	2.840548e-04	0.000000e+00	
1386	1.322500e-07	3.047469e-01	2.749120e-04	0.000000e+00	
1387	1.323500e-07	3.046697e-01	2.660830e-04	0.000000e+00	
1388	1.324500e-07	3.045940e-01	2.575544e-04	0.000000e+00	

Index   time            v(drve)         v(rea)          v(drvf)         
--------------------------------------------------------------------------------
1389	1.325500e-07	3.045199e-01	2.493134e-04	0.000000e+00	
1390	1.326500e-07	3.044472e-01	2.413480e-04	0.000000e+00	
1391	1.327500e-07	3.043760e-01	2.336466e-04	0.000000e+00	
1392	1.328500e-07	3.043061e-01	2.261984e-04	0.000000e+00	
1393	1.329500e-07	3.042376e-01	2.189930e-04	0.000000e+00	
1394	1.330500e-07	3.041703e-01	2.120205e-04	0.000000e+00	
1395	1.331500e-07	3.041043e-01	2.052717e-04	0.000000e+00	
1396	1.332500e-07	3.040395e-01	1.987376e-04	0.000000e+00	
1397	1.333500e-07	3.039759e-01	1.924098e-04	0.000000e+00	
1398	1.334500e-07	3.039134e-01	1.862802e-04	0.000000e+00	
1399	1.335500e-07	3.038519e-01	1.803411e-04	0.000000e+00	
1400	1.336500e-07	3.037916e-01	1.745852e-04	0.000000e+00	
1401	1.337500e-07	3.037323e-01	1.690056e-04	0.000000e+00	
1402	1.338500e-07	3.036739e-01	1.635957e-04	0.000000e+00	
1403	1.339500e-07	3.036166e-01	1.583490e-04	0.000000e+00	
1404	1.340500e-07	3.035602e-01	1.532596e-04	0.000000e+00	
1405	1.341500e-07	3.035047e-01	1.483217e-04	0.000000e+00	
1406	1.342500e-07	3.034500e-01	1.435298e-04	0.000000e+00	
1407	1.343500e-07	3.033963e-01	1.388786e-04	0.000000e+00	
1408	1.344500e-07	3.033433e-01	1.343631e-04	0.000000e+00	
1409	1.345500e-07	3.032912e-01	1.299786e-04	0.000000e+00	
1410	1.346500e-07	3.032399e-01	1.257204e-04	0.000000e+00	
1411	1.347500e-07	3.031893e-01	1.215841e-04	0.000000e+00	
1412	1.348500e-07	3.031395e-01	1.175655e-04	0.000000e+00	
1413	1.349500e-07	3.030904e-01	1.136606e-04	0.000000e+00	
1414	1.350500e-07	3.030420e-01	1.098656e-04	0.000000e+00	
1415	1.351500e-07	3.029943e-01	1.061768e-04	0.000000e+00	
1416	1.352500e-07	3.029472e-01	1.025906e-04	0.000000e+00	
1417	1.353500e-07	3.029008e-01	9.910373e-05	0.000000e+00	
1418	1.354500e-07	3.028550e-01	9.571284e-05	0.000000e+00	
1419	1.355500e-07	3.028099e-01	9.241487e-05	0.000000e+00	
1420	1.356500e-07	3.027653e-01	8.920683e-05	0.000000e+00	
1421	1.357500e-07	3.027213e-01	8.608587e-05	0.000000e+00	
1422	1.358500e-07	3.026778e-01	8.304923e-05	0.000000e+00	
1423	1.359500e-07	3.026350e-01	8.009429e-05	0.000000e+00	
1424	1.360500e-07	3.025926e-01	7.721851e-05	0.000000e+00	
1425	1.361500e-07	3.025508e-01	7.441947e-05	0.000000e+00	
1426	1.362500e-07	3.025094e-01	7.169483e-05	0.000000e+00	
1427	1.363500e-07	3.024686e-01	6.904236e-05	0.000000e+00	
1428	1.364500e-07	3.024282e-01	6.645990e-05	0.000000e+00	
1429	1.365500e-07	3.023883e-01	6.394537e-05	0.000000e+00	
1430	1.366500e-07	3.023489e-01	6.149680e-05	0.000000e+00	
1431	1.367500e-07	3.023099e-01	5.911226e-05	0.000000e+00	
1432	1.368500e-07	3.022713e-01	5.678991e-05	0.000000e+00	
1433	1.369500e-07	3.022332e-01	5.452798e-05	0.000000e+00	
1434	1.370500e-07	3.021954e-01	5.232477e-05	0.000000e+00	
1435	1.371500e-07	3.021581e-01	5.017864e-05	0.000000e+00	
1436	1.372500e-07	3.021211e-01	4.808800e-05	0.000000e+00	
1437	1.373500e-07	3.020845e-01	4.605135e-05	0.000000e+00	
1438	1.374500e-07	3.020483e-01	4.406720e-05	0.000000e+00	
1439	1.375500e-07	3.020125e-01	4.213417e-05	0.000000e+00	
1440	1.376500e-07	3.019770e-01	4.025087e-05	0.000000e+00	
1441	1.377500e-07	3.019418e-01	3.841602e-05	0.000000e+00	
1442	1.378500e-07	3.019070e-01	3.662834e-05	0.000000e+00	
1443	1.379500e-07	3.018725e-01	3.488662e-05	0.000000e+00	
1444	1.380500e-07	3.018383e-01	3.318969e-05	0.000000e+00	
1445	1.381500e-07	3.018044e-01	3.153643e-05	0.000000e+00	
1446	1.382500e-07	3.017709e-01	2.992573e-05	0.000000e+00	

Index   time            v(drve)         v(rea)          v(drvf)         
--------------------------------------------------------------------------------
1447	1.383500e-07	3.017376e-01	2.835656e-05	0.000000e+00	
1448	1.384500e-07	3.017046e-01	2.682791e-05	0.000000e+00	
1449	1.385500e-07	3.016718e-01	2.533879e-05	0.000000e+00	
1450	1.386500e-07	3.016394e-01	2.388826e-05	0.000000e+00	
1451	1.387500e-07	3.016072e-01	2.247543e-05	0.000000e+00	
1452	1.388500e-07	3.015753e-01	2.109940e-05	0.000000e+00	
1453	1.389500e-07	3.015436e-01	1.975935e-05	0.000000e+00	
1454	1.390500e-07	3.015121e-01	1.845445e-05	0.000000e+00	
1455	1.391500e-07	3.014809e-01	1.718391e-05	0.000000e+00	
1456	1.392500e-07	3.014499e-01	1.594699e-05	0.000000e+00	
1457	1.393500e-07	3.014192e-01	1.474295e-05	0.000000e+00	
1458	1.394500e-07	3.013886e-01	1.357108e-05	0.000000e+00	
1459	1.395500e-07	3.013583e-01	1.243071e-05	0.000000e+00	
1460	1.396500e-07	3.013282e-01	1.132117e-05	0.000000e+00	
1461	1.397500e-07	3.012983e-01	1.024184e-05	0.000000e+00	
1462	1.398500e-07	3.012686e-01	9.192108e-06	0.000000e+00	
1463	1.399500e-07	3.012390e-01	8.171379e-06	0.000000e+00	
1464	1.400000e-07	3.012244e-01	7.671729e-06	0.000000e+00	
1465	1.400100e-07	3.012214e-01	7.572780e-06	5.420023e-03	
1466	1.400300e-07	3.012156e-01	7.375444e-06	1.709482e-02	
1467	1.400700e-07	3.012039e-01	6.984128e-06	4.539647e-02	
1468	1.401203e-07	3.011892e-01	6.498017e-06	9.024283e-02	
1469	1.402000e-07	3.011660e-01	5.742884e-06	1.818447e-01	
1470	1.402100e-07	3.011631e-01	5.649447e-06	1.898874e-01	
1471	1.402300e-07	3.011573e-01	5.463115e-06	2.059056e-01	
1472	1.402700e-07	3.011458e-01	5.093683e-06	2.375875e-01	
1473	1.403500e-07	3.011227e-01	4.367633e-06	2.998123e-01	
1474	1.404500e-07	3.010941e-01	3.483782e-06	3.759792e-01	
1475	1.405500e-07	3.010656e-01	2.625843e-06	4.508575e-01	
1476	1.406500e-07	3.010372e-01	1.793352e-06	5.226528e-01	
1477	1.407500e-07	3.010091e-01	9.858679e-07	5.864683e-01	
1478	1.408500e-07	3.009810e-01	2.029666e-07	6.411932e-01	
1479	1.409500e-07	3.009531e-01	-5.55758e-07	6.891459e-01	
1480	1.410500e-07	3.009254e-01	-1.29070e-06	7.312028e-01	
1481	1.411500e-07	3.008977e-01	-2.00222e-06	7.680694e-01	
1482	1.412000e-07	3.008840e-01	-2.34931e-06	7.847417e-01	
1483	1.412100e-07	3.008812e-01	-2.41793e-06	7.825151e-01	
1484	1.412300e-07	3.008757e-01	-2.55472e-06	7.771801e-01	
1485	1.412700e-07	3.008647e-01	-2.82556e-06	7.614272e-01	
1486	1.413500e-07	3.008429e-01	-3.35640e-06	7.112345e-01	
1487	1.414000e-07	3.008292e-01	-3.68088e-06	6.680581e-01	
1488	1.414100e-07	3.008265e-01	-3.74500e-06	6.636515e-01	
1489	1.414300e-07	3.008210e-01	-3.87280e-06	6.549961e-01	
1490	1.414700e-07	3.008102e-01	-4.12575e-06	6.385477e-01	
1491	1.415500e-07	3.007885e-01	-4.62111e-06	6.085640e-01	
1492	1.416500e-07	3.007614e-01	-5.22074e-06	5.756769e-01	
1493	1.417500e-07	3.007345e-01	-5.79889e-06	5.470291e-01	
1494	1.418500e-07	3.007077e-01	-6.35586e-06	5.219230e-01	
1495	1.419500e-07	3.006810e-01	-6.89191e-06	4.998264e-01	
1496	1.420500e-07	3.006544e-01	-7.40731e-06	4.803185e-01	
1497	1.421500e-07	3.006278e-01	-7.90230e-06	4.630544e-01	
1498	1.422500e-07	3.006014e-01	-8.37711e-06	4.477453e-01	
1499	1.423500e-07	3.005751e-01	-8.83197e-06	4.341458e-01	
1500	1.424500e-07	3.005488e-01	-9.26707e-06	4.220449e-01	
1501	1.425500e-07	3.005226e-01	-9.68263e-06	4.112604e-01	
1502	1.426500e-07	3.004965e-01	-1.00788e-05	4.016340e-01	
1503	1.427500e-07	3.004704e-01	-1.04558e-05	3.930280e-01	
1504	1.428500e-07	3.004445e-01	-1.08138e-05	3.853221e-01	

Index   time            v(drve)         v(rea)          v(drvf)         
--------------------------------------------------------------------------------
1505	1.429500e-07	3.004186e-01	-1.11530e-05	3.784113e-01	
1506	1.430500e-07	3.003927e-01	-1.14734e-05	3.722037e-01	
1507	1.431500e-07	3.003669e-01	-1.17753e-05	3.666188e-01	
1508	1.432500e-07	3.003412e-01	-1.20587e-05	3.615858e-01	
1509	1.433500e-07	3.003155e-01	-1.23238e-05	3.570430e-01	
1510	1.434500e-07	3.002898e-01	-1.25706e-05	3.529358e-01	
1511	1.435500e-07	3.002642e-01	-1.27994e-05	3.492163e-01	
1512	1.436500e-07	3.002387e-01	-1.30101e-05	3.458423e-01	
1513	1.437500e-07	3.002131e-01	-1.32029e-05	3.427766e-01	
1514	1.438500e-07	3.001876e-01	-1.33777e-05	3.399865e-01	
1515	1.439500e-07	3.001622e-01	-1.35348e-05	3.374430e-01	
1516	1.440500e-07	3.001367e-01	-1.36741e-05	3.351204e-01	
1517	1.441500e-07	3.001113e-01	-1.37957e-05	3.329962e-01	
1518	1.442500e-07	3.000859e-01	-1.38996e-05	3.310501e-01	
1519	1.443500e-07	3.000606e-01	-1.39858e-05	3.292643e-01	
1520	1.444500e-07	3.000352e-01	-1.40544e-05	3.276231e-01	
1521	1.445500e-07	3.000098e-01	-1.41054e-05	3.261123e-01	
1522	1.446500e-07	2.999845e-01	-1.41387e-05	3.247194e-01	
1523	1.447500e-07	2.999592e-01	-1.41568e-05	3.234331e-01	
1524	1.448500e-07	2.999338e-01	-1.41653e-05	3.222436e-01	
1525	1.449500e-07	2.999085e-01	-1.41689e-05	3.211418e-01	
1526	1.450500e-07	2.998832e-01	-1.41700e-05	3.201198e-01	
1527	1.451500e-07	2.998578e-01	-1.41698e-05	3.191704e-01	
1528	1.452500e-07	2.998325e-01	-1.41690e-05	3.182871e-01	
1529	1.453500e-07	2.998072e-01	-1.41679e-05	3.174643e-01	
1530	1.454500e-07	2.997818e-01	-1.41667e-05	3.166967e-01	
1531	1.455500e-07	2.997565e-01	-1.41653e-05	3.159796e-01	
1532	1.456500e-07	2.997312e-01	-1.41639e-05	3.153089e-01	
1533	1.457500e-07	2.997059e-01	-1.41625e-05	3.146807e-01	
1534	1.458500e-07	2.996806e-01	-1.41611e-05	3.140915e-01	
1535	1.459500e-07	2.996553e-01	-1.41597e-05	3.135382e-01	
1536	1.460500e-07	2.996299e-01	-1.41583e-05	3.130181e-01	
1537	1.461500e-07	2.996046e-01	-1.41568e-05	3.125285e-01	
1538	1.462500e-07	2.995793e-01	-1.41554e-05	3.120671e-01	
1539	1.463500e-07	2.995540e-01	-1.41540e-05	3.116318e-01	
1540	1.464500e-07	2.995287e-01	-1.41526e-05	3.112206e-01	
1541	1.465500e-07	2.995034e-01	-1.41511e-05	3.108319e-01	
1542	1.466500e-07	2.994781e-01	-1.41497e-05	3.104639e-01	
1543	1.467500e-07	2.994528e-01	-1.41483e-05	3.101152e-01	
1544	1.468500e-07	2.994275e-01	-1.41468e-05	3.097844e-01	
1545	1.469500e-07	2.994022e-01	-1.41454e-05	3.094704e-01	
1546	1.470500e-07	2.993769e-01	-1.41440e-05	3.091719e-01	
1547	1.471500e-07	2.993516e-01	-1.41426e-05	3.088880e-01	
1548	1.472500e-07	2.993264e-01	-1.41411e-05	3.086177e-01	
1549	1.473500e-07	2.993011e-01	-1.41397e-05	3.083601e-01	
1550	1.474500e-07	2.992758e-01	-1.41383e-05	3.081143e-01	
1551	1.475500e-07	2.992505e-01	-1.41369e-05	3.078797e-01	
1552	1.476500e-07	2.992252e-01	-1.41354e-05	3.076555e-01	
1553	1.477500e-07	2.992000e-01	-1.41340e-05	3.074411e-01	
1554	1.478500e-07	2.991747e-01	-1.41326e-05	3.072359e-01	
1555	1.479500e-07	2.991494e-01	-1.41312e-05	3.070394e-01	
1556	1.480500e-07	2.991241e-01	-1.41297e-05	3.068510e-01	
1557	1.481500e-07	2.990989e-01	-1.41283e-05	3.066703e-01	
1558	1.482500e-07	2.990736e-01	-1.41269e-05	3.064969e-01	
1559	1.483500e-07	2.990483e-01	-1.41255e-05	3.063302e-01	
1560	1.484500e-07	2.990231e-01	-1.41240e-05	3.061700e-01	
1561	1.485500e-07	2.989978e-01	-1.41226e-05	3.060159e-01	
1562	1.486500e-07	2.989726e-01	-1.41212e-05	3.058676e-01	

Index   time            v(drve)         v(rea)          v(drvf)         
--------------------------------------------------------------------------------
1563	1.487500e-07	2.989473e-01	-1.41198e-05	3.057247e-01	
1564	1.488500e-07	2.989220e-01	-1.41183e-05	3.055869e-01	
1565	1.489500e-07	2.988968e-01	-1.41169e-05	3.054541e-01	
1566	1.490500e-07	2.988715e-01	-1.41155e-05	3.053259e-01	
1567	1.491500e-07	2.988463e-01	-1.41141e-05	3.052021e-01	
1568	1.492500e-07	2.988211e-01	-1.41127e-05	3.050825e-01	
1569	1.493500e-07	2.987958e-01	-1.41112e-05	3.049669e-01	
1570	1.494500e-07	2.987706e-01	-1.41098e-05	3.048551e-01	
1571	1.495500e-07	2.987453e-01	-1.41084e-05	3.047468e-01	
1572	1.496500e-07	2.987201e-01	-1.41070e-05	3.046420e-01	
1573	1.497500e-07	2.986949e-01	-1.41055e-05	3.045404e-01	
1574	1.498500e-07	2.986696e-01	-1.41041e-05	3.044420e-01	
1575	1.499500e-07	2.986444e-01	-1.41027e-05	3.043465e-01	
1576	1.500500e-07	2.986192e-01	-1.41013e-05	3.042539e-01	
1577	1.501500e-07	2.985939e-01	-1.40999e-05	3.041639e-01	
1578	1.502500e-07	2.985687e-01	-1.40984e-05	3.040766e-01	
1579	1.503500e-07	2.985435e-01	-1.40970e-05	3.039917e-01	
1580	1.504500e-07	2.985183e-01	-1.40956e-05	3.039092e-01	
1581	1.505500e-07	2.984931e-01	-1.40942e-05	3.038289e-01	
1582	1.506500e-07	2.984678e-01	-1.40927e-05	3.037508e-01	
1583	1.507500e-07	2.984426e-01	-1.40913e-05	3.036748e-01	
1584	1.508500e-07	2.984174e-01	-1.40899e-05	3.036008e-01	
1585	1.509500e-07	2.983922e-01	-1.40885e-05	3.035286e-01	
1586	1.510500e-07	2.983670e-01	-1.40871e-05	3.034583e-01	
1587	1.511500e-07	2.983418e-01	-1.40856e-05	3.033898e-01	
1588	1.512500e-07	2.983166e-01	-1.40842e-05	3.033229e-01	
1589	1.513500e-07	2.982914e-01	-1.40828e-05	3.032576e-01	
1590	1.514500e-07	2.982662e-01	-1.40814e-05	3.031939e-01	
1591	1.515500e-07	2.982410e-01	-1.40800e-05	3.031317e-01	
1592	1.516500e-07	2.982158e-01	-1.40785e-05	3.030710e-01	
1593	1.517500e-07	2.981906e-01	-1.40771e-05	3.030116e-01	
1594	1.518500e-07	2.981654e-01	-1.40757e-05	3.029535e-01	
1595	1.519500e-07	2.981402e-01	-1.40743e-05	3.028967e-01	
1596	1.520500e-07	2.981150e-01	-1.40729e-05	3.028411e-01	
1597	1.521500e-07	2.980899e-01	-1.40715e-05	3.027867e-01	
1598	1.522500e-07	2.980647e-01	-1.40700e-05	3.027335e-01	
1599	1.523500e-07	2.980395e-01	-1.40686e-05	3.026814e-01	
1600	1.524500e-07	2.980143e-01	-1.40672e-05	3.026303e-01	
1601	1.525500e-07	2.979891e-01	-1.40658e-05	3.025802e-01	
1602	1.526500e-07	2.979640e-01	-1.40644e-05	3.025312e-01	
1603	1.527500e-07	2.979388e-01	-1.40629e-05	3.024830e-01	
1604	1.528500e-07	2.979136e-01	-1.40615e-05	3.024358e-01	
1605	1.529500e-07	2.978884e-01	-1.40601e-05	3.023895e-01	
1606	1.530500e-07	2.978633e-01	-1.40587e-05	3.023441e-01	
1607	1.531500e-07	2.978381e-01	-1.40573e-05	3.022995e-01	
1608	1.532500e-07	2.978130e-01	-1.40559e-05	3.022556e-01	
1609	1.533500e-07	2.977878e-01	-1.40544e-05	3.022126e-01	
1610	1.534500e-07	2.977626e-01	-1.40530e-05	3.021703e-01	
1611	1.535500e-07	2.977375e-01	-1.40516e-05	3.021287e-01	
1612	1.536500e-07	2.977123e-01	-1.40502e-05	3.020878e-01	
1613	1.537500e-07	2.976872e-01	-1.40488e-05	3.020476e-01	
1614	1.538500e-07	2.976620e-01	-1.40474e-05	3.020080e-01	
1615	1.539500e-07	2.976369e-01	-1.40459e-05	3.019691e-01	
1616	1.540500e-07	2.976117e-01	-1.40445e-05	3.019308e-01	
1617	1.541500e-07	2.975866e-01	-1.40431e-05	3.018930e-01	
1618	1.542500e-07	2.975615e-01	-1.40417e-05	3.018559e-01	
1619	1.543500e-07	2.975363e-01	-1.40403e-05	3.018193e-01	
1620	1.544500e-07	2.975112e-01	-1.40389e-05	3.017832e-01	

Index   time            v(drve)         v(rea)          v(drvf)         
--------------------------------------------------------------------------------
1621	1.545500e-07	2.974860e-01	-1.40375e-05	3.017477e-01	
1622	1.546500e-07	2.974609e-01	-1.40360e-05	3.017127e-01	
1623	1.547500e-07	2.974358e-01	-1.40346e-05	3.016781e-01	
1624	1.548500e-07	2.974107e-01	-1.40332e-05	3.016440e-01	
1625	1.549500e-07	2.973855e-01	-1.40318e-05	3.016104e-01	
1626	1.550500e-07	2.973604e-01	-1.40304e-05	3.015773e-01	
1627	1.551500e-07	2.973353e-01	-1.40290e-05	3.015445e-01	
1628	1.552500e-07	2.973102e-01	-1.40276e-05	3.015122e-01	
1629	1.553500e-07	2.972850e-01	-1.40261e-05	3.014803e-01	
1630	1.554500e-07	2.972599e-01	-1.40247e-05	3.014488e-01	
1631	1.555500e-07	2.972348e-01	-1.40233e-05	3.014176e-01	
1632	1.556500e-07	2.972097e-01	-1.40219e-05	3.013868e-01	
1633	1.557500e-07	2.971846e-01	-1.40205e-05	3.013564e-01	
1634	1.558500e-07	2.971595e-01	-1.40191e-05	3.013264e-01	
1635	1.559500e-07	2.971344e-01	-1.40177e-05	3.012966e-01	
1636	1.560500e-07	2.971093e-01	-1.40163e-05	3.012672e-01	
1637	1.561500e-07	2.970842e-01	-1.40148e-05	3.012381e-01	
1638	1.562500e-07	2.970591e-01	-1.40134e-05	3.012093e-01	
1639	1.563500e-07	2.970340e-01	-1.40120e-05	3.011808e-01	
1640	1.564500e-07	2.970089e-01	-1.40106e-05	3.011526e-01	
1641	1.565500e-07	2.969838e-01	-1.40092e-05	3.011247e-01	
1642	1.566500e-07	2.969587e-01	-1.40078e-05	3.010971e-01	
1643	1.567500e-07	2.969336e-01	-1.40064e-05	3.010697e-01	
1644	1.568500e-07	2.969085e-01	-1.40050e-05	3.010425e-01	
1645	1.569500e-07	2.968834e-01	-1.40035e-05	3.010156e-01	
1646	1.570500e-07	2.968584e-01	-1.40021e-05	3.009890e-01	
1647	1.571500e-07	2.968333e-01	-1.40007e-05	3.009625e-01	
1648	1.572500e-07	2.968082e-01	-1.39993e-05	3.009363e-01	
1649	1.573500e-07	2.967831e-01	-1.39979e-05	3.009103e-01	
1650	1.574500e-07	2.967580e-01	-1.39965e-05	3.008846e-01	
1651	1.575500e-07	2.967330e-01	-1.39951e-05	3.008590e-01	
1652	1.576500e-07	2.967079e-01	-1.39937e-05	3.008336e-01	
1653	1.577500e-07	2.966828e-01	-1.39923e-05	3.008084e-01	
1654	1.578500e-07	2.966578e-01	-1.39909e-05	3.007834e-01	
1655	1.579500e-07	2.966327e-01	-1.39894e-05	3.007585e-01	
1656	1.580500e-07	2.966076e-01	-1.39880e-05	3.007339e-01	
1657	1.581500e-07	2.965826e-01	-1.39866e-05	3.007093e-01	
1658	1.582500e-07	2.965575e-01	-1.39852e-05	3.006850e-01	
1659	1.583500e-07	2.965325e-01	-1.39838e-05	3.006608e-01	
1660	1.584500e-07	2.965074e-01	-1.39824e-05	3.006367e-01	
1661	1.585500e-07	2.964824e-01	-1.39810e-05	3.006128e-01	
1662	1.586500e-07	2.964573e-01	-1.39796e-05	3.005891e-01	
1663	1.587500e-07	2.964323e-01	-1.39782e-05	3.005654e-01	
1664	1.588500e-07	2.964072e-01	-1.39768e-05	3.005419e-01	
1665	1.589500e-07	2.963822e-01	-1.39754e-05	3.005185e-01	
1666	1.590500e-07	2.963571e-01	-1.39740e-05	3.004952e-01	
1667	1.591500e-07	2.963321e-01	-1.39725e-05	3.004720e-01	
1668	1.592500e-07	2.963071e-01	-1.39711e-05	3.004489e-01	
1669	1.593500e-07	2.962820e-01	-1.39697e-05	3.004259e-01	
1670	1.594500e-07	2.962570e-01	-1.39683e-05	3.004031e-01	
1671	1.595500e-07	2.962320e-01	-1.39669e-05	3.003803e-01	
1672	1.596500e-07	2.962069e-01	-1.39655e-05	3.003576e-01	
1673	1.597500e-07	2.961819e-01	-1.39641e-05	3.003349e-01	
1674	1.598500e-07	2.961569e-01	-1.39627e-05	3.003124e-01	
1675	1.599500e-07	2.961319e-01	-1.39613e-05	3.002899e-01	
1676	1.600000e-07	2.961193e-01	-1.39606e-05	3.002787e-01	
1677	1.600100e-07	2.961168e-01	-1.39604e-05	3.002764e-01	
1678	1.600300e-07	2.961118e-01	-1.39601e-05	3.002720e-01	

Index   time            v(drve)         v(rea)          v(drvf)         
--------------------------------------------------------------------------------
1679	1.600700e-07	2.961018e-01	-1.39594e-05	3.002630e-01	
1680	1.601209e-07	2.960891e-01	-1.39586e-05	3.002516e-01	
1681	1.602000e-07	2.960693e-01	-1.39574e-05	3.002340e-01	
1682	1.602100e-07	2.960668e-01	-1.39573e-05	3.002317e-01	
1683	1.602300e-07	2.960618e-01	-1.39570e-05	3.002273e-01	
1684	1.602700e-07	2.960518e-01	-1.39564e-05	3.002184e-01	
1685	1.603500e-07	2.960318e-01	-1.39553e-05	3.002006e-01	
1686	1.604500e-07	2.960068e-01	-1.39538e-05	3.001784e-01	
1687	1.605500e-07	2.959818e-01	-1.39524e-05	3.001562e-01	
1688	1.606500e-07	2.959568e-01	-1.39510e-05	3.001341e-01	
1689	1.607500e-07	2.959317e-01	-1.39496e-05	3.001121e-01	
1690	1.608500e-07	2.959067e-01	-1.39482e-05	3.000900e-01	
1691	1.609500e-07	2.958817e-01	-1.39468e-05	3.000680e-01	
1692	1.610500e-07	2.958567e-01	-1.39455e-05	3.000460e-01	
1693	1.611500e-07	2.958317e-01	-1.39443e-05	3.000240e-01	
1694	1.612000e-07	2.958192e-01	-1.39436e-05	3.000131e-01	
1695	1.612100e-07	2.958167e-01	-1.39434e-05	3.000109e-01	
1696	1.612300e-07	2.958117e-01	-1.39431e-05	3.000065e-01	
1697	1.612700e-07	2.958018e-01	-1.39425e-05	2.999977e-01	
1698	1.613500e-07	2.957818e-01	-1.39413e-05	2.999801e-01	
1699	1.614000e-07	2.957693e-01	-1.39405e-05	2.999692e-01	
1700	1.614100e-07	2.957668e-01	-1.39404e-05	2.999670e-01	
1701	1.614300e-07	2.957618e-01	-1.39401e-05	2.999626e-01	
1702	1.614700e-07	2.957518e-01	-1.39396e-05	2.999538e-01	
1703	1.615500e-07	2.957318e-01	-1.39385e-05	2.999363e-01	
1704	1.616500e-07	2.957068e-01	-1.39372e-05	2.999143e-01	
1705	1.617500e-07	2.956818e-01	-1.39359e-05	2.998924e-01	
1706	1.618500e-07	2.956568e-01	-1.39345e-05	2.998705e-01	
1707	1.619500e-07	2.956318e-01	-1.39332e-05	2.998485e-01	
1708	1.620500e-07	2.956069e-01	-1.39318e-05	2.998266e-01	
1709	1.621500e-07	2.955819e-01	-1.39304e-05	2.998047e-01	
1710	1.622500e-07	2.955569e-01	-1.39290e-05	2.997828e-01	
1711	1.623500e-07	2.955319e-01	-1.39276e-05	2.997609e-01	
1712	1.624500e-07	2.955070e-01	-1.39262e-05	2.997389e-01	
1713	1.625500e-07	2.954820e-01	-1.39248e-05	2.997170e-01	
1714	1.626500e-07	2.954570e-01	-1.39234e-05	2.996951e-01	
1715	1.627500e-07	2.954321e-01	-1.39220e-05	2.996732e-01	
1716	1.628500e-07	2.954071e-01	-1.39206e-05	2.996513e-01	
1717	1.629500e-07	2.953821e-01	-1.39192e-05	2.996294e-01	
1718	1.630500e-07	2.953572e-01	-1.39178e-05	2.996075e-01	
1719	1.631500e-07	2.953322e-01	-1.39164e-05	2.995856e-01	
1720	1.632500e-07	2.953073e-01	-1.39150e-05	2.995637e-01	
1721	1.633500e-07	2.952823e-01	-1.39136e-05	2.995418e-01	
1722	1.634500e-07	2.952574e-01	-1.39122e-05	2.995198e-01	
1723	1.635500e-07	2.952324e-01	-1.39108e-05	2.994979e-01	
1724	1.636500e-07	2.952075e-01	-1.39094e-05	2.994760e-01	
1725	1.637500e-07	2.951825e-01	-1.39080e-05	2.994542e-01	
1726	1.638500e-07	2.951576e-01	-1.39066e-05	2.994323e-01	
1727	1.639500e-07	2.951326e-01	-1.39052e-05	2.994104e-01	
1728	1.640500e-07	2.951077e-01	-1.39038e-05	2.993885e-01	
1729	1.641500e-07	2.950828e-01	-1.39024e-05	2.993666e-01	
1730	1.642500e-07	2.950578e-01	-1.39010e-05	2.993447e-01	
1731	1.643500e-07	2.950329e-01	-1.38996e-05	2.993228e-01	
1732	1.644500e-07	2.950080e-01	-1.38982e-05	2.993009e-01	
1733	1.645500e-07	2.949831e-01	-1.38968e-05	2.992790e-01	
1734	1.646500e-07	2.949581e-01	-1.38954e-05	2.992571e-01	
1735	1.647500e-07	2.949332e-01	-1.38940e-05	2.992353e-01	
1736	1.648500e-07	2.949083e-01	-1.38926e-05	2.992134e-01	

Index   time            v(drve)         v(rea)          v(drvf)         
--------------------------------------------------------------------------------
1737	1.649500e-07	2.948834e-01	-1.38912e-05	2.991915e-01	
1738	1.650500e-07	2.948584e-01	-1.38898e-05	2.991696e-01	
1739	1.651500e-07	2.948335e-01	-1.38884e-05	2.991477e-01	
1740	1.652500e-07	2.948086e-01	-1.38870e-05	2.991259e-01	
1741	1.653500e-07	2.947837e-01	-1.38856e-05	2.991040e-01	
1742	1.654500e-07	2.947588e-01	-1.38842e-05	2.990821e-01	
1743	1.655500e-07	2.947339e-01	-1.38828e-05	2.990603e-01	
1744	1.656500e-07	2.947090e-01	-1.38814e-05	2.990384e-01	
1745	1.657500e-07	2.946841e-01	-1.38800e-05	2.990165e-01	
1746	1.658500e-07	2.946592e-01	-1.38786e-05	2.989947e-01	
1747	1.659500e-07	2.946343e-01	-1.38772e-05	2.989728e-01	
1748	1.660500e-07	2.946094e-01	-1.38758e-05	2.989509e-01	
1749	1.661500e-07	2.945845e-01	-1.38744e-05	2.989291e-01	
1750	1.662500e-07	2.945596e-01	-1.38730e-05	2.989072e-01	
1751	1.663500e-07	2.945347e-01	-1.38716e-05	2.988854e-01	
1752	1.664500e-07	2.945098e-01	-1.38702e-05	2.988635e-01	
1753	1.665500e-07	2.944849e-01	-1.38688e-05	2.988416e-01	
1754	1.666500e-07	2.944601e-01	-1.38674e-05	2.988198e-01	
1755	1.667500e-07	2.944352e-01	-1.38660e-05	2.987979e-01	
1756	1.668500e-07	2.944103e-01	-1.38646e-05	2.987761e-01	
1757	1.669500e-07	2.943854e-01	-1.38632e-05	2.987542e-01	
1758	1.670500e-07	2.943605e-01	-1.38618e-05	2.987324e-01	
1759	1.671500e-07	2.943357e-01	-1.38604e-05	2.987105e-01	
1760	1.672500e-07	2.943108e-01	-1.38590e-05	2.986887e-01	
1761	1.673500e-07	2.942859e-01	-1.38576e-05	2.986669e-01	
1762	1.674500e-07	2.942611e-01	-1.38562e-05	2.986450e-01	
1763	1.675500e-07	2.942362e-01	-1.38548e-05	2.986232e-01	
1764	1.676500e-07	2.942113e-01	-1.38535e-05	2.986013e-01	
1765	1.677500e-07	2.941865e-01	-1.38521e-05	2.985795e-01	
1766	1.678500e-07	2.941616e-01	-1.38507e-05	2.985577e-01	
1767	1.679500e-07	2.941367e-01	-1.38493e-05	2.985358e-01	
1768	1.680500e-07	2.941119e-01	-1.38479e-05	2.985140e-01	
1769	1.681500e-07	2.940870e-01	-1.38465e-05	2.984922e-01	
1770	1.682500e-07	2.940622e-01	-1.38451e-05	2.984704e-01	
1771	1.683500e-07	2.940373e-01	-1.38437e-05	2.984485e-01	
1772	1.684500e-07	2.940125e-01	-1.38423e-05	2.984267e-01	
1773	1.685500e-07	2.939876e-01	-1.38409e-05	2.984049e-01	
1774	1.686500e-07	2.939628e-01	-1.38395e-05	2.983831e-01	
1775	1.687500e-07	2.939380e-01	-1.38381e-05	2.983612e-01	
1776	1.688500e-07	2.939131e-01	-1.38367e-05	2.983394e-01	
1777	1.689500e-07	2.938883e-01	-1.38353e-05	2.983176e-01	
1778	1.690500e-07	2.938635e-01	-1.38339e-05	2.982958e-01	
1779	1.691500e-07	2.938386e-01	-1.38326e-05	2.982740e-01	
1780	1.692500e-07	2.938138e-01	-1.38312e-05	2.982522e-01	
1781	1.693500e-07	2.937890e-01	-1.38298e-05	2.982303e-01	
1782	1.694500e-07	2.937641e-01	-1.38284e-05	2.982085e-01	
1783	1.695500e-07	2.937393e-01	-1.38270e-05	2.981867e-01	
1784	1.696500e-07	2.937145e-01	-1.38256e-05	2.981649e-01	
1785	1.697500e-07	2.936897e-01	-1.38242e-05	2.981431e-01	
1786	1.698500e-07	2.936648e-01	-1.38228e-05	2.981213e-01	
1787	1.699500e-07	2.936400e-01	-1.38214e-05	2.980995e-01	
1788	1.700500e-07	2.936152e-01	-1.38200e-05	2.980777e-01	
1789	1.701500e-07	2.935904e-01	-1.38186e-05	2.980559e-01	
1790	1.702500e-07	2.935656e-01	-1.38172e-05	2.980341e-01	
1791	1.703500e-07	2.935408e-01	-1.38159e-05	2.980123e-01	
1792	1.704500e-07	2.935160e-01	-1.38145e-05	2.979905e-01	
1793	1.705500e-07	2.934912e-01	-1.38131e-05	2.979687e-01	
1794	1.706500e-07	2.934664e-01	-1.38117e-05	2.979469e-01	

Index   time            v(drve)         v(rea)          v(drvf)         
--------------------------------------------------------------------------------
1795	1.707500e-07	2.934416e-01	-1.38103e-05	2.979251e-01	
1796	1.708500e-07	2.934168e-01	-1.38089e-05	2.979034e-01	
1797	1.709500e-07	2.933920e-01	-1.38075e-05	2.978816e-01	
1798	1.710500e-07	2.933672e-01	-1.38061e-05	2.978598e-01	
1799	1.711500e-07	2.933424e-01	-1.38047e-05	2.978380e-01	
1800	1.712500e-07	2.933176e-01	-1.38033e-05	2.978162e-01	
1801	1.713500e-07	2.932928e-01	-1.38020e-05	2.977944e-01	
1802	1.714500e-07	2.932680e-01	-1.38006e-05	2.977727e-01	
1803	1.715500e-07	2.932433e-01	-1.37992e-05	2.977509e-01	
1804	1.716500e-07	2.932185e-01	-1.37978e-05	2.977291e-01	
1805	1.717500e-07	2.931937e-01	-1.37964e-05	2.977073e-01	
1806	1.718500e-07	2.931689e-01	-1.37950e-05	2.976856e-01	
1807	1.719500e-07	2.931441e-01	-1.37936e-05	2.976638e-01	
1808	1.720500e-07	2.931194e-01	-1.37922e-05	2.976420e-01	
1809	1.721500e-07	2.930946e-01	-1.37909e-05	2.976202e-01	
1810	1.722500e-07	2.930698e-01	-1.37895e-05	2.975985e-01	
1811	1.723500e-07	2.930451e-01	-1.37881e-05	2.975767e-01	
1812	1.724500e-07	2.930203e-01	-1.37867e-05	2.975550e-01	
1813	1.725500e-07	2.929955e-01	-1.37853e-05	2.975332e-01	
1814	1.726500e-07	2.929708e-01	-1.37839e-05	2.975114e-01	
1815	1.727500e-07	2.929460e-01	-1.37825e-05	2.974897e-01	
1816	1.728500e-07	2.929213e-01	-1.37811e-05	2.974679e-01	
1817	1.729500e-07	2.928965e-01	-1.37798e-05	2.974462e-01	
1818	1.730500e-07	2.928718e-01	-1.37784e-05	2.974244e-01	
1819	1.731500e-07	2.928470e-01	-1.37770e-05	2.974026e-01	
1820	1.732500e-07	2.928223e-01	-1.37756e-05	2.973809e-01	
1821	1.733500e-07	2.927975e-01	-1.37742e-05	2.973591e-01	
1822	1.734500e-07	2.927728e-01	-1.37728e-05	2.973374e-01	
1823	1.735500e-07	2.927480e-01	-1.37714e-05	2.973157e-01	
1824	1.736500e-07	2.927233e-01	-1.37701e-05	2.972939e-01	
1825	1.737500e-07	2.926985e-01	-1.37687e-05	2.972722e-01	
1826	1.738500e-07	2.926738e-01	-1.37673e-05	2.972504e-01	
1827	1.739500e-07	2.926491e-01	-1.37659e-05	2.972287e-01	
1828	1.740500e-07	2.926243e-01	-1.37645e-05	2.972069e-01	
1829	1.741500e-07	2.925996e-01	-1.37631e-05	2.971852e-01	
1830	1.742500e-07	2.925749e-01	-1.37617e-05	2.971635e-01	
1831	1.743500e-07	2.925502e-01	-1.37604e-05	2.971417e-01	
1832	1.744500e-07	2.925254e-01	-1.37590e-05	2.971200e-01	
1833	1.745500e-07	2.925007e-01	-1.37576e-05	2.970983e-01	
1834	1.746500e-07	2.924760e-01	-1.37562e-05	2.970765e-01	
1835	1.747500e-07	2.924513e-01	-1.37548e-05	2.970548e-01	
1836	1.748500e-07	2.924266e-01	-1.37534e-05	2.970331e-01	
1837	1.749500e-07	2.924018e-01	-1.37521e-05	2.970114e-01	
1838	1.750500e-07	2.923771e-01	-1.37507e-05	2.969896e-01	
1839	1.751500e-07	2.923524e-01	-1.37493e-05	2.969679e-01	
1840	1.752500e-07	2.923277e-01	-1.37479e-05	2.969462e-01	
1841	1.753500e-07	2.923030e-01	-1.37465e-05	2.969245e-01	
1842	1.754500e-07	2.922783e-01	-1.37451e-05	2.969028e-01	
1843	1.755500e-07	2.922536e-01	-1.37438e-05	2.968810e-01	
1844	1.756500e-07	2.922289e-01	-1.37424e-05	2.968593e-01	
1845	1.757500e-07	2.922042e-01	-1.37410e-05	2.968376e-01	
1846	1.758500e-07	2.921795e-01	-1.37396e-05	2.968159e-01	
1847	1.759500e-07	2.921548e-01	-1.37382e-05	2.967942e-01	
1848	1.760500e-07	2.921301e-01	-1.37368e-05	2.967725e-01	
1849	1.761500e-07	2.921054e-01	-1.37355e-05	2.967508e-01	
1850	1.762500e-07	2.920808e-01	-1.37341e-05	2.967291e-01	
1851	1.763500e-07	2.920561e-01	-1.37327e-05	2.967074e-01	
1852	1.764500e-07	2.920314e-01	-1.37313e-05	2.966857e-01	

Index   time            v(drve)         v(rea)          v(drvf)         
--------------------------------------------------------------------------------
1853	1.765500e-07	2.920067e-01	-1.37299e-05	2.966640e-01	
1854	1.766500e-07	2.919820e-01	-1.37286e-05	2.966423e-01	
1855	1.767500e-07	2.919573e-01	-1.37272e-05	2.966206e-01	
1856	1.768500e-07	2.919327e-01	-1.37258e-05	2.965989e-01	
1857	1.769500e-07	2.919080e-01	-1.37244e-05	2.965772e-01	
1858	1.770500e-07	2.918833e-01	-1.37230e-05	2.965555e-01	
1859	1.771500e-07	2.918587e-01	-1.37217e-05	2.965338e-01	
1860	1.772500e-07	2.918340e-01	-1.37203e-05	2.965121e-01	
1861	1.773500e-07	2.918093e-01	-1.37189e-05	2.964904e-01	
1862	1.774500e-07	2.917847e-01	-1.37175e-05	2.964687e-01	
1863	1.775500e-07	2.917600e-01	-1.37161e-05	2.964470e-01	
1864	1.776500e-07	2.917353e-01	-1.37148e-05	2.964254e-01	
1865	1.777500e-07	2.917107e-01	-1.37134e-05	2.964037e-01	
1866	1.778500e-07	2.916860e-01	-1.37120e-05	2.963820e-01	
1867	1.779500e-07	2.916614e-01	-1.37106e-05	2.963603e-01	
1868	1.780500e-07	2.916367e-01	-1.37092e-05	2.963386e-01	
1869	1.781500e-07	2.916121e-01	-1.37079e-05	2.963170e-01	
1870	1.782500e-07	2.915874e-01	-1.37065e-05	2.962953e-01	
1871	1.783500e-07	2.915628e-01	-1.37051e-05	2.962736e-01	
1872	1.784500e-07	2.915382e-01	-1.37037e-05	2.962519e-01	
1873	1.785500e-07	2.915135e-01	-1.37024e-05	2.962303e-01	
1874	1.786500e-07	2.914889e-01	-1.37010e-05	2.962086e-01	
1875	1.787500e-07	2.914642e-01	-1.36996e-05	2.961869e-01	
1876	1.788500e-07	2.914396e-01	-1.36982e-05	2.961653e-01	
1877	1.789500e-07	2.914150e-01	-1.36968e-05	2.961436e-01	
1878	1.790500e-07	2.913903e-01	-1.36955e-05	2.961219e-01	
1879	1.791500e-07	2.913657e-01	-1.36941e-05	2.961003e-01	
1880	1.792500e-07	2.913411e-01	-1.36927e-05	2.960786e-01	
1881	1.793500e-07	2.913165e-01	-1.36913e-05	2.960570e-01	
1882	1.794500e-07	2.912918e-01	-1.36900e-05	2.960353e-01	
1883	1.795500e-07	2.912672e-01	-1.36886e-05	2.960136e-01	
1884	1.796500e-07	2.912426e-01	-1.36872e-05	2.959920e-01	
1885	1.797500e-07	2.912180e-01	-1.36858e-05	2.959703e-01	
1886	1.798500e-07	2.911934e-01	-1.36844e-05	2.959487e-01	
1887	1.799500e-07	2.911688e-01	-1.36831e-05	2.959270e-01	
1888	1.800500e-07	2.911442e-01	-1.36817e-05	2.959054e-01	
1889	1.801500e-07	2.911196e-01	-1.36803e-05	2.958838e-01	
1890	1.802500e-07	2.910949e-01	-1.36789e-05	2.958621e-01	
1891	1.803500e-07	2.910703e-01	-1.36776e-05	2.958405e-01	
1892	1.804500e-07	2.910457e-01	-1.36762e-05	2.958188e-01	
1893	1.805500e-07	2.910211e-01	-1.36748e-05	2.957972e-01	
1894	1.806500e-07	2.909965e-01	-1.36734e-05	2.957755e-01	
1895	1.807500e-07	2.909719e-01	-1.36721e-05	2.957539e-01	
1896	1.808500e-07	2.909474e-01	-1.36707e-05	2.957323e-01	
1897	1.809500e-07	2.909228e-01	-1.36693e-05	2.957106e-01	
1898	1.810500e-07	2.908982e-01	-1.36679e-05	2.956890e-01	
1899	1.811500e-07	2.908736e-01	-1.36666e-05	2.956674e-01	
1900	1.812500e-07	2.908490e-01	-1.36652e-05	2.956457e-01	
1901	1.813500e-07	2.908244e-01	-1.36638e-05	2.956241e-01	
1902	1.814500e-07	2.907998e-01	-1.36625e-05	2.956025e-01	
1903	1.815500e-07	2.907753e-01	-1.36611e-05	2.955809e-01	
1904	1.816500e-07	2.907507e-01	-1.36597e-05	2.955592e-01	
1905	1.817500e-07	2.907261e-01	-1.36583e-05	2.955376e-01	
1906	1.818500e-07	2.907015e-01	-1.36570e-05	2.955160e-01	
1907	1.819500e-07	2.906770e-01	-1.36556e-05	2.954944e-01	
1908	1.820500e-07	2.906524e-01	-1.36542e-05	2.954728e-01	
1909	1.821500e-07	2.906278e-01	-1.36528e-05	2.954512e-01	
1910	1.822500e-07	2.906033e-01	-1.36515e-05	2.954295e-01	

Index   time            v(drve)         v(rea)          v(drvf)         
--------------------------------------------------------------------------------
1911	1.823500e-07	2.905787e-01	-1.36501e-05	2.954079e-01	
1912	1.824500e-07	2.905541e-01	-1.36487e-05	2.953863e-01	
1913	1.825500e-07	2.905296e-01	-1.36474e-05	2.953647e-01	
1914	1.826500e-07	2.905050e-01	-1.36460e-05	2.953431e-01	
1915	1.827500e-07	2.904805e-01	-1.36446e-05	2.953215e-01	
1916	1.828500e-07	2.904559e-01	-1.36432e-05	2.952999e-01	
1917	1.829500e-07	2.904314e-01	-1.36419e-05	2.952783e-01	
1918	1.830500e-07	2.904068e-01	-1.36405e-05	2.952567e-01	
1919	1.831500e-07	2.903823e-01	-1.36391e-05	2.952351e-01	
1920	1.832500e-07	2.903577e-01	-1.36378e-05	2.952135e-01	
1921	1.833500e-07	2.903332e-01	-1.36364e-05	2.951919e-01	
1922	1.834500e-07	2.903086e-01	-1.36350e-05	2.951703e-01	
1923	1.835500e-07	2.902841e-01	-1.36336e-05	2.951487e-01	
1924	1.836500e-07	2.902596e-01	-1.36323e-05	2.951271e-01	
1925	1.837500e-07	2.902350e-01	-1.36309e-05	2.951055e-01	
1926	1.838500e-07	2.902105e-01	-1.36295e-05	2.950839e-01	
1927	1.839500e-07	2.901860e-01	-1.36282e-05	2.950623e-01	
1928	1.840500e-07	2.901615e-01	-1.36268e-05	2.950408e-01	
1929	1.841500e-07	2.901369e-01	-1.36254e-05	2.950192e-01	
1930	1.842500e-07	2.901124e-01	-1.36240e-05	2.949976e-01	
1931	1.843500e-07	2.900879e-01	-1.36227e-05	2.949760e-01	
1932	1.844500e-07	2.900634e-01	-1.36213e-05	2.949544e-01	
1933	1.845500e-07	2.900388e-01	-1.36199e-05	2.949329e-01	
1934	1.846500e-07	2.900143e-01	-1.36186e-05	2.949113e-01	
1935	1.847500e-07	2.899898e-01	-1.36172e-05	2.948897e-01	
1936	1.848500e-07	2.899653e-01	-1.36158e-05	2.948681e-01	
1937	1.849500e-07	2.899408e-01	-1.36145e-05	2.948466e-01	
1938	1.850500e-07	2.899163e-01	-1.36131e-05	2.948250e-01	
1939	1.851500e-07	2.898918e-01	-1.36117e-05	2.948034e-01	
1940	1.852500e-07	2.898673e-01	-1.36104e-05	2.947818e-01	
1941	1.853500e-07	2.898428e-01	-1.36090e-05	2.947603e-01	
1942	1.854500e-07	2.898183e-01	-1.36076e-05	2.947387e-01	
1943	1.855500e-07	2.897938e-01	-1.36063e-05	2.947172e-01	
1944	1.856500e-07	2.897693e-01	-1.36049e-05	2.946956e-01	
1945	1.857500e-07	2.897448e-01	-1.36035e-05	2.946740e-01	
1946	1.858500e-07	2.897203e-01	-1.36022e-05	2.946525e-01	
1947	1.859500e-07	2.896958e-01	-1.36008e-05	2.946309e-01	
1948	1.860500e-07	2.896713e-01	-1.35994e-05	2.946094e-01	
1949	1.861500e-07	2.896468e-01	-1.35981e-05	2.945878e-01	
1950	1.862500e-07	2.896223e-01	-1.35967e-05	2.945662e-01	
1951	1.863500e-07	2.895979e-01	-1.35953e-05	2.945447e-01	
1952	1.864500e-07	2.895734e-01	-1.35940e-05	2.945231e-01	
1953	1.865500e-07	2.895489e-01	-1.35926e-05	2.945016e-01	
1954	1.866500e-07	2.895244e-01	-1.35912e-05	2.944801e-01	
1955	1.867500e-07	2.895000e-01	-1.35899e-05	2.944585e-01	
1956	1.868500e-07	2.894755e-01	-1.35885e-05	2.944370e-01	
1957	1.869500e-07	2.894510e-01	-1.35871e-05	2.944154e-01	
1958	1.870500e-07	2.894266e-01	-1.35858e-05	2.943939e-01	
1959	1.871500e-07	2.894021e-01	-1.35844e-05	2.943723e-01	
1960	1.872500e-07	2.893776e-01	-1.35830e-05	2.943508e-01	
1961	1.873500e-07	2.893532e-01	-1.35817e-05	2.943293e-01	
1962	1.874500e-07	2.893287e-01	-1.35803e-05	2.943077e-01	
1963	1.875500e-07	2.893043e-01	-1.35789e-05	2.942862e-01	
1964	1.876500e-07	2.892798e-01	-1.35776e-05	2.942647e-01	
1965	1.877500e-07	2.892553e-01	-1.35762e-05	2.942431e-01	
1966	1.878500e-07	2.892309e-01	-1.35748e-05	2.942216e-01	
1967	1.879500e-07	2.892064e-01	-1.35735e-05	2.942001e-01	
1968	1.880500e-07	2.891820e-01	-1.35721e-05	2.941786e-01	

Index   time            v(drve)         v(rea)          v(drvf)         
--------------------------------------------------------------------------------
1969	1.881500e-07	2.891576e-01	-1.35708e-05	2.941570e-01	
1970	1.882500e-07	2.891331e-01	-1.35694e-05	2.941355e-01	
1971	1.883500e-07	2.891087e-01	-1.35680e-05	2.941140e-01	
1972	1.884500e-07	2.890842e-01	-1.35667e-05	2.940925e-01	
1973	1.885500e-07	2.890598e-01	-1.35653e-05	2.940710e-01	
1974	1.886500e-07	2.890354e-01	-1.35639e-05	2.940494e-01	
1975	1.887500e-07	2.890109e-01	-1.35626e-05	2.940279e-01	
1976	1.888500e-07	2.889865e-01	-1.35612e-05	2.940064e-01	
1977	1.889500e-07	2.889621e-01	-1.35598e-05	2.939849e-01	
1978	1.890500e-07	2.889376e-01	-1.35585e-05	2.939634e-01	
1979	1.891500e-07	2.889132e-01	-1.35571e-05	2.939419e-01	
1980	1.892500e-07	2.888888e-01	-1.35558e-05	2.939204e-01	
1981	1.893500e-07	2.888644e-01	-1.35544e-05	2.938989e-01	
1982	1.894500e-07	2.888400e-01	-1.35530e-05	2.938774e-01	
1983	1.895500e-07	2.888155e-01	-1.35517e-05	2.938559e-01	
1984	1.896500e-07	2.887911e-01	-1.35503e-05	2.938344e-01	
1985	1.897500e-07	2.887667e-01	-1.35490e-05	2.938129e-01	
1986	1.898500e-07	2.887423e-01	-1.35476e-05	2.937914e-01	
1987	1.899500e-07	2.887179e-01	-1.35462e-05	2.937699e-01	
1988	1.900500e-07	2.886935e-01	-1.35449e-05	2.937484e-01	
1989	1.901500e-07	2.886691e-01	-1.35435e-05	2.937269e-01	
1990	1.902500e-07	2.886447e-01	-1.35421e-05	2.937054e-01	
1991	1.903500e-07	2.886203e-01	-1.35408e-05	2.936839e-01	
1992	1.904500e-07	2.885959e-01	-1.35394e-05	2.936624e-01	
1993	1.905500e-07	2.885715e-01	-1.35381e-05	2.936409e-01	
1994	1.906500e-07	2.885471e-01	-1.35367e-05	2.936194e-01	
1995	1.907500e-07	2.885227e-01	-1.35353e-05	2.935980e-01	
1996	1.908500e-07	2.884983e-01	-1.35340e-05	2.935765e-01	
1997	1.909500e-07	2.884739e-01	-1.35326e-05	2.935550e-01	
1998	1.910500e-07	2.884495e-01	-1.35313e-05	2.935335e-01	
1999	1.911500e-07	2.884252e-01	-1.35299e-05	2.935120e-01	
2000	1.912500e-07	2.884008e-01	-1.35286e-05	2.934906e-01	
2001	1.913500e-07	2.883764e-01	-1.35272e-05	2.934691e-01	
2002	1.914500e-07	2.883520e-01	-1.35258e-05	2.934476e-01	
2003	1.915500e-07	2.883276e-01	-1.35245e-05	2.934261e-01	
2004	1.916500e-07	2.883033e-01	-1.35231e-05	2.934047e-01	
2005	1.917500e-07	2.882789e-01	-1.35218e-05	2.933832e-01	
2006	1.918500e-07	2.882545e-01	-1.35204e-05	2.933617e-01	
2007	1.919500e-07	2.882302e-01	-1.35190e-05	2.933403e-01	
2008	1.920500e-07	2.882058e-01	-1.35177e-05	2.933188e-01	
2009	1.921500e-07	2.881814e-01	-1.35163e-05	2.932973e-01	
2010	1.922500e-07	2.881571e-01	-1.35150e-05	2.932759e-01	
2011	1.923500e-07	2.881327e-01	-1.35136e-05	2.932544e-01	
2012	1.924500e-07	2.881083e-01	-1.35123e-05	2.932330e-01	
2013	1.925500e-07	2.880840e-01	-1.35109e-05	2.932115e-01	
2014	1.926500e-07	2.880596e-01	-1.35095e-05	2.931900e-01	
2015	1.927500e-07	2.880353e-01	-1.35082e-05	2.931686e-01	
2016	1.928500e-07	2.880109e-01	-1.35068e-05	2.931471e-01	
2017	1.929500e-07	2.879866e-01	-1.35055e-05	2.931257e-01	
2018	1.930500e-07	2.879622e-01	-1.35041e-05	2.931042e-01	
2019	1.931500e-07	2.879379e-01	-1.35028e-05	2.930828e-01	
2020	1.932500e-07	2.879136e-01	-1.35014e-05	2.930613e-01	
2021	1.933500e-07	2.878892e-01	-1.35000e-05	2.930399e-01	
2022	1.934500e-07	2.878649e-01	-1.34987e-05	2.930185e-01	
2023	1.935500e-07	2.878405e-01	-1.34973e-05	2.929970e-01	
2024	1.936500e-07	2.878162e-01	-1.34960e-05	2.929756e-01	
2025	1.937500e-07	2.877919e-01	-1.34946e-05	2.929541e-01	
2026	1.938500e-07	2.877675e-01	-1.34933e-05	2.929327e-01	

Index   time            v(drve)         v(rea)          v(drvf)         
--------------------------------------------------------------------------------
2027	1.939500e-07	2.877432e-01	-1.34919e-05	2.929113e-01	
2028	1.940500e-07	2.877189e-01	-1.34906e-05	2.928898e-01	
2029	1.941500e-07	2.876946e-01	-1.34892e-05	2.928684e-01	
2030	1.942500e-07	2.876702e-01	-1.34878e-05	2.928470e-01	
2031	1.943500e-07	2.876459e-01	-1.34865e-05	2.928255e-01	
2032	1.944500e-07	2.876216e-01	-1.34851e-05	2.928041e-01	
2033	1.945500e-07	2.875973e-01	-1.34838e-05	2.927827e-01	
2034	1.946500e-07	2.875730e-01	-1.34824e-05	2.927613e-01	
2035	1.947500e-07	2.875487e-01	-1.34811e-05	2.927398e-01	
2036	1.948500e-07	2.875244e-01	-1.34797e-05	2.927184e-01	
2037	1.949500e-07	2.875001e-01	-1.34784e-05	2.926970e-01	
2038	1.950500e-07	2.874757e-01	-1.34770e-05	2.926756e-01	
2039	1.951500e-07	2.874514e-01	-1.34757e-05	2.926542e-01	
2040	1.952500e-07	2.874271e-01	-1.34743e-05	2.926327e-01	
2041	1.953500e-07	2.874028e-01	-1.34730e-05	2.926113e-01	
2042	1.954500e-07	2.873785e-01	-1.34716e-05	2.925899e-01	
2043	1.955500e-07	2.873543e-01	-1.34702e-05	2.925685e-01	
2044	1.956500e-07	2.873300e-01	-1.34689e-05	2.925471e-01	
2045	1.957500e-07	2.873057e-01	-1.34675e-05	2.925257e-01	
2046	1.958500e-07	2.872814e-01	-1.34662e-05	2.925043e-01	
2047	1.959500e-07	2.872571e-01	-1.34648e-05	2.924829e-01	
2048	1.960500e-07	2.872328e-01	-1.34635e-05	2.924615e-01	
2049	1.961500e-07	2.872085e-01	-1.34621e-05	2.924401e-01	
2050	1.962500e-07	2.871842e-01	-1.34608e-05	2.924187e-01	
2051	1.963500e-07	2.871600e-01	-1.34594e-05	2.923973e-01	
2052	1.964500e-07	2.871357e-01	-1.34581e-05	2.923759e-01	
2053	1.965500e-07	2.871114e-01	-1.34567e-05	2.923545e-01	
2054	1.966500e-07	2.870871e-01	-1.34554e-05	2.923331e-01	
2055	1.967500e-07	2.870629e-01	-1.34540e-05	2.923117e-01	
2056	1.968500e-07	2.870386e-01	-1.34527e-05	2.922903e-01	
2057	1.969500e-07	2.870143e-01	-1.34513e-05	2.922689e-01	
2058	1.970500e-07	2.869901e-01	-1.34500e-05	2.922475e-01	
2059	1.971500e-07	2.869658e-01	-1.34486e-05	2.922261e-01	
2060	1.972500e-07	2.869415e-01	-1.34473e-05	2.922047e-01	
2061	1.973500e-07	2.869173e-01	-1.34459e-05	2.921833e-01	
2062	1.974500e-07	2.868930e-01	-1.34446e-05	2.921620e-01	
2063	1.975500e-07	2.868688e-01	-1.34432e-05	2.921406e-01	
2064	1.976500e-07	2.868445e-01	-1.34419e-05	2.921192e-01	
2065	1.977500e-07	2.868203e-01	-1.34405e-05	2.920978e-01	
2066	1.978500e-07	2.867960e-01	-1.34392e-05	2.920764e-01	
2067	1.979500e-07	2.867718e-01	-1.34378e-05	2.920551e-01	
2068	1.980500e-07	2.867475e-01	-1.34365e-05	2.920337e-01	
2069	1.981500e-07	2.867233e-01	-1.34351e-05	2.920123e-01	
2070	1.982500e-07	2.866990e-01	-1.34338e-05	2.919910e-01	
2071	1.983500e-07	2.866748e-01	-1.34324e-05	2.919696e-01	
2072	1.984500e-07	2.866506e-01	-1.34311e-05	2.919482e-01	
2073	1.985500e-07	2.866263e-01	-1.34297e-05	2.919269e-01	
2074	1.986500e-07	2.866021e-01	-1.34284e-05	2.919055e-01	
2075	1.987500e-07	2.865779e-01	-1.34270e-05	2.918841e-01	
2076	1.988500e-07	2.865536e-01	-1.34257e-05	2.918628e-01	
2077	1.989500e-07	2.865294e-01	-1.34243e-05	2.918414e-01	
2078	1.990500e-07	2.865052e-01	-1.34230e-05	2.918200e-01	
2079	1.991500e-07	2.864810e-01	-1.34216e-05	2.917987e-01	
2080	1.992500e-07	2.864567e-01	-1.34203e-05	2.917773e-01	
2081	1.993500e-07	2.864325e-01	-1.34190e-05	2.917560e-01	
2082	1.994500e-07	2.864083e-01	-1.34176e-05	2.917346e-01	
2083	1.995500e-07	2.863841e-01	-1.34163e-05	2.917133e-01	
2084	1.996500e-07	2.863599e-01	-1.34149e-05	2.916919e-01	

Index   time            v(drve)         v(rea)          v(drvf)         
--------------------------------------------------------------------------------
2085	1.997500e-07	2.863357e-01	-1.34136e-05	2.916706e-01	
2086	1.998500e-07	2.863115e-01	-1.34122e-05	2.916492e-01	
2087	1.999500e-07	2.862872e-01	-1.34109e-05	2.916279e-01	
2088	2.000500e-07	2.862630e-01	-1.34095e-05	2.916065e-01	
2089	2.001500e-07	2.862388e-01	-1.34082e-05	2.915852e-01	
2090	2.002500e-07	2.862146e-01	-1.34068e-05	2.915639e-01	
2091	2.003500e-07	2.861904e-01	-1.34055e-05	2.915425e-01	
2092	2.004500e-07	2.861662e-01	-1.34041e-05	2.915212e-01	
2093	2.005500e-07	2.861421e-01	-1.34028e-05	2.914998e-01	
2094	2.006500e-07	2.861179e-01	-1.34015e-05	2.914785e-01	
2095	2.007500e-07	2.860937e-01	-1.34001e-05	2.914572e-01	
2096	2.008500e-07	2.860695e-01	-1.33988e-05	2.914358e-01	
2097	2.009500e-07	2.860453e-01	-1.33974e-05	2.914145e-01	
2098	2.010500e-07	2.860211e-01	-1.33961e-05	2.913932e-01	
2099	2.011500e-07	2.859969e-01	-1.33947e-05	2.913719e-01	
2100	2.012500e-07	2.859727e-01	-1.33934e-05	2.913505e-01	
2101	2.013500e-07	2.859486e-01	-1.33920e-05	2.913292e-01	
2102	2.014500e-07	2.859244e-01	-1.33907e-05	2.913079e-01	
2103	2.015500e-07	2.859002e-01	-1.33894e-05	2.912866e-01	
2104	2.016500e-07	2.858760e-01	-1.33880e-05	2.912653e-01	
2105	2.017500e-07	2.858519e-01	-1.33867e-05	2.912439e-01	
2106	2.018500e-07	2.858277e-01	-1.33853e-05	2.912226e-01	
2107	2.019500e-07	2.858035e-01	-1.33840e-05	2.912013e-01	
2108	2.020500e-07	2.857794e-01	-1.33826e-05	2.911800e-01	
2109	2.021500e-07	2.857552e-01	-1.33813e-05	2.911587e-01	
2110	2.022500e-07	2.857310e-01	-1.33800e-05	2.911374e-01	
2111	2.023500e-07	2.857069e-01	-1.33786e-05	2.911161e-01	
2112	2.024500e-07	2.856827e-01	-1.33773e-05	2.910948e-01	
2113	2.025500e-07	2.856586e-01	-1.33759e-05	2.910734e-01	
2114	2.026500e-07	2.856344e-01	-1.33746e-05	2.910521e-01	
2115	2.027500e-07	2.856103e-01	-1.33732e-05	2.910308e-01	
2116	2.028500e-07	2.855861e-01	-1.33719e-05	2.910095e-01	
2117	2.029500e-07	2.855620e-01	-1.33706e-05	2.909882e-01	
2118	2.030500e-07	2.855378e-01	-1.33692e-05	2.909669e-01	
2119	2.031500e-07	2.855137e-01	-1.33679e-05	2.909456e-01	
2120	2.032500e-07	2.854895e-01	-1.33665e-05	2.909243e-01	
2121	2.033500e-07	2.854654e-01	-1.33652e-05	2.909031e-01	
2122	2.034500e-07	2.854413e-01	-1.33638e-05	2.908818e-01	
2123	2.035500e-07	2.854171e-01	-1.33625e-05	2.908605e-01	
2124	2.036500e-07	2.853930e-01	-1.33612e-05	2.908392e-01	
2125	2.037500e-07	2.853689e-01	-1.33598e-05	2.908179e-01	
2126	2.038500e-07	2.853447e-01	-1.33585e-05	2.907966e-01	
2127	2.039500e-07	2.853206e-01	-1.33571e-05	2.907753e-01	
2128	2.040500e-07	2.852965e-01	-1.33558e-05	2.907540e-01	
2129	2.041500e-07	2.852724e-01	-1.33545e-05	2.907328e-01	
2130	2.042500e-07	2.852483e-01	-1.33531e-05	2.907115e-01	
2131	2.043500e-07	2.852241e-01	-1.33518e-05	2.906902e-01	
2132	2.044500e-07	2.852000e-01	-1.33504e-05	2.906689e-01	
2133	2.045500e-07	2.851759e-01	-1.33491e-05	2.906476e-01	
2134	2.046500e-07	2.851518e-01	-1.33478e-05	2.906264e-01	
2135	2.047500e-07	2.851277e-01	-1.33464e-05	2.906051e-01	
2136	2.048500e-07	2.851036e-01	-1.33451e-05	2.905838e-01	
2137	2.049500e-07	2.850795e-01	-1.33437e-05	2.905626e-01	
2138	2.050500e-07	2.850554e-01	-1.33424e-05	2.905413e-01	
2139	2.051500e-07	2.850313e-01	-1.33411e-05	2.905200e-01	
2140	2.052500e-07	2.850072e-01	-1.33397e-05	2.904988e-01	
2141	2.053500e-07	2.849831e-01	-1.33384e-05	2.904775e-01	
2142	2.054500e-07	2.849590e-01	-1.33371e-05	2.904562e-01	

Index   time            v(drve)         v(rea)          v(drvf)         
--------------------------------------------------------------------------------
2143	2.055500e-07	2.849349e-01	-1.33357e-05	2.904350e-01	
2144	2.056500e-07	2.849108e-01	-1.33344e-05	2.904137e-01	
2145	2.057500e-07	2.848867e-01	-1.33330e-05	2.903925e-01	
2146	2.058500e-07	2.848626e-01	-1.33317e-05	2.903712e-01	
2147	2.059500e-07	2.848385e-01	-1.33304e-05	2.903499e-01	
2148	2.060500e-07	2.848144e-01	-1.33290e-05	2.903287e-01	
2149	2.061500e-07	2.847903e-01	-1.33277e-05	2.903074e-01	
2150	2.062500e-07	2.847663e-01	-1.33264e-05	2.902862e-01	
2151	2.063500e-07	2.847422e-01	-1.33250e-05	2.902649e-01	
2152	2.064500e-07	2.847181e-01	-1.33237e-05	2.902437e-01	
2153	2.065500e-07	2.846940e-01	-1.33223e-05	2.902224e-01	
2154	2.066500e-07	2.846700e-01	-1.33210e-05	2.902012e-01	
2155	2.067500e-07	2.846459e-01	-1.33197e-05	2.901800e-01	
2156	2.068500e-07	2.846218e-01	-1.33183e-05	2.901587e-01	
2157	2.069500e-07	2.845978e-01	-1.33170e-05	2.901375e-01	
2158	2.070500e-07	2.845737e-01	-1.33157e-05	2.901162e-01	
2159	2.071500e-07	2.845496e-01	-1.33143e-05	2.900950e-01	
2160	2.072500e-07	2.845256e-01	-1.33130e-05	2.900738e-01	
2161	2.073500e-07	2.845015e-01	-1.33117e-05	2.900525e-01	
2162	2.074500e-07	2.844774e-01	-1.33103e-05	2.900313e-01	
2163	2.075500e-07	2.844534e-01	-1.33090e-05	2.900101e-01	
2164	2.076500e-07	2.844293e-01	-1.33077e-05	2.899888e-01	
2165	2.077500e-07	2.844053e-01	-1.33063e-05	2.899676e-01	
2166	2.078500e-07	2.843812e-01	-1.33050e-05	2.899464e-01	
2167	2.079500e-07	2.843572e-01	-1.33036e-05	2.899252e-01	
2168	2.080500e-07	2.843331e-01	-1.33023e-05	2.899039e-01	
2169	2.081500e-07	2.843091e-01	-1.33010e-05	2.898827e-01	
2170	2.082500e-07	2.842851e-01	-1.32996e-05	2.898615e-01	
2171	2.083500e-07	2.842610e-01	-1.32983e-05	2.898403e-01	
2172	2.084500e-07	2.842370e-01	-1.32970e-05	2.898191e-01	
2173	2.085500e-07	2.842130e-01	-1.32956e-05	2.897979e-01	
2174	2.086500e-07	2.841889e-01	-1.32943e-05	2.897766e-01	
2175	2.087500e-07	2.841649e-01	-1.32930e-05	2.897554e-01	
2176	2.088500e-07	2.841409e-01	-1.32916e-05	2.897342e-01	
2177	2.089500e-07	2.841168e-01	-1.32903e-05	2.897130e-01	
2178	2.090500e-07	2.840928e-01	-1.32890e-05	2.896918e-01	
2179	2.091500e-07	2.840688e-01	-1.32876e-05	2.896706e-01	
2180	2.092500e-07	2.840448e-01	-1.32863e-05	2.896494e-01	
2181	2.093500e-07	2.840207e-01	-1.32850e-05	2.896282e-01	
2182	2.094500e-07	2.839967e-01	-1.32836e-05	2.896070e-01	
2183	2.095500e-07	2.839727e-01	-1.32823e-05	2.895858e-01	
2184	2.096500e-07	2.839487e-01	-1.32810e-05	2.895646e-01	
2185	2.097500e-07	2.839247e-01	-1.32796e-05	2.895434e-01	
2186	2.098500e-07	2.839007e-01	-1.32783e-05	2.895222e-01	
2187	2.099500e-07	2.838767e-01	-1.32770e-05	2.895010e-01	
2188	2.100000e-07	2.838647e-01	-1.32763e-05	2.894904e-01	
2189	2.100100e-07	2.838623e-01	-1.32762e-05	2.894883e-01	
2190	2.100300e-07	2.838575e-01	-1.32758e-05	2.894840e-01	
2191	2.100700e-07	2.838479e-01	-1.32753e-05	2.894756e-01	
2192	2.101500e-07	2.838287e-01	-1.32741e-05	2.894586e-01	
2193	2.102500e-07	2.838047e-01	-1.32727e-05	2.894374e-01	
2194	2.103500e-07	2.837807e-01	-1.32713e-05	2.894162e-01	
2195	2.104500e-07	2.837567e-01	-1.32699e-05	2.893950e-01	
2196	2.105500e-07	2.837327e-01	-1.32686e-05	2.893739e-01	
2197	2.106500e-07	2.837087e-01	-1.32673e-05	2.893527e-01	
2198	2.107500e-07	2.836847e-01	-1.32659e-05	2.893315e-01	
2199	2.108500e-07	2.836607e-01	-1.32646e-05	2.893103e-01	
2200	2.109500e-07	2.836367e-01	-1.32633e-05	2.892891e-01	

Index   time            v(drve)         v(rea)          v(drvf)         
--------------------------------------------------------------------------------
2201	2.110000e-07	2.836247e-01	-1.32626e-05	2.892785e-01	
2202	2.110100e-07	2.836223e-01	-1.32625e-05	2.892764e-01	
2203	2.110300e-07	2.836175e-01	-1.32622e-05	2.892722e-01	
2204	2.110700e-07	2.836079e-01	-1.32617e-05	2.892637e-01	
2205	2.111500e-07	2.835887e-01	-1.32607e-05	2.892468e-01	
2206	2.112500e-07	2.835648e-01	-1.32595e-05	2.892256e-01	
2207	2.113500e-07	2.835408e-01	-1.32582e-05	2.892044e-01	
2208	2.114500e-07	2.835168e-01	-1.32570e-05	2.891833e-01	
2209	2.115500e-07	2.834928e-01	-1.32557e-05	2.891621e-01	
2210	2.116500e-07	2.834689e-01	-1.32544e-05	2.891409e-01	
2211	2.117500e-07	2.834449e-01	-1.32530e-05	2.891197e-01	
2212	2.118500e-07	2.834209e-01	-1.32517e-05	2.890986e-01	
2213	2.119500e-07	2.833970e-01	-1.32504e-05	2.890774e-01	
2214	2.120500e-07	2.833730e-01	-1.32491e-05	2.890562e-01	
2215	2.121500e-07	2.833490e-01	-1.32477e-05	2.890351e-01	
2216	2.122500e-07	2.833251e-01	-1.32464e-05	2.890139e-01	
2217	2.123500e-07	2.833011e-01	-1.32451e-05	2.889928e-01	
2218	2.124500e-07	2.832771e-01	-1.32437e-05	2.889716e-01	
2219	2.125500e-07	2.832532e-01	-1.32424e-05	2.889505e-01	
2220	2.126500e-07	2.832292e-01	-1.32411e-05	2.889293e-01	
2221	2.127500e-07	2.832053e-01	-1.32398e-05	2.889081e-01	
2222	2.128500e-07	2.831813e-01	-1.32384e-05	2.888870e-01	
2223	2.129500e-07	2.831574e-01	-1.32371e-05	2.888658e-01	
2224	2.130500e-07	2.831334e-01	-1.32358e-05	2.888447e-01	
2225	2.131500e-07	2.831095e-01	-1.32344e-05	2.888236e-01	
2226	2.132500e-07	2.830856e-01	-1.32331e-05	2.888024e-01	
2227	2.133500e-07	2.830616e-01	-1.32318e-05	2.887813e-01	
2228	2.134500e-07	2.830377e-01	-1.32305e-05	2.887601e-01	
2229	2.135500e-07	2.830138e-01	-1.32291e-05	2.887390e-01	
2230	2.136500e-07	2.829898e-01	-1.32278e-05	2.887178e-01	
2231	2.137500e-07	2.829659e-01	-1.32265e-05	2.886967e-01	
2232	2.138500e-07	2.829420e-01	-1.32252e-05	2.886756e-01	
2233	2.139500e-07	2.829180e-01	-1.32238e-05	2.886544e-01	
2234	2.140000e-07	2.829061e-01	-1.32232e-05	2.886439e-01	
2235	2.140100e-07	2.829037e-01	-1.32230e-05	2.886418e-01	
2236	2.140300e-07	2.828989e-01	-1.32227e-05	2.886375e-01	
2237	2.140700e-07	2.828893e-01	-1.32221e-05	2.886291e-01	
2238	2.141500e-07	2.828702e-01	-1.32210e-05	2.886122e-01	
2239	2.142500e-07	2.828463e-01	-1.32195e-05	2.885910e-01	
2240	2.143500e-07	2.828223e-01	-1.32182e-05	2.885699e-01	
2241	2.144500e-07	2.827984e-01	-1.32168e-05	2.885488e-01	
2242	2.145500e-07	2.827745e-01	-1.32155e-05	2.885277e-01	
2243	2.146500e-07	2.827506e-01	-1.32142e-05	2.885065e-01	
2244	2.147500e-07	2.827267e-01	-1.32128e-05	2.884854e-01	
2245	2.148500e-07	2.827028e-01	-1.32115e-05	2.884643e-01	
2246	2.149500e-07	2.826789e-01	-1.32102e-05	2.884432e-01	
2247	2.150000e-07	2.826669e-01	-1.32095e-05	2.884326e-01	
2248	2.150100e-07	2.826645e-01	-1.32094e-05	2.884305e-01	
2249	2.150300e-07	2.826597e-01	-1.32091e-05	2.884263e-01	
2250	2.150700e-07	2.826502e-01	-1.32086e-05	2.884178e-01	
2251	2.151500e-07	2.826311e-01	-1.32076e-05	2.884009e-01	
2252	2.152500e-07	2.826072e-01	-1.32064e-05	2.883798e-01	
2253	2.153500e-07	2.825833e-01	-1.32052e-05	2.883587e-01	
2254	2.154500e-07	2.825594e-01	-1.32039e-05	2.883376e-01	
2255	2.155500e-07	2.825355e-01	-1.32026e-05	2.883165e-01	
2256	2.156500e-07	2.825116e-01	-1.32013e-05	2.882954e-01	
2257	2.157500e-07	2.824877e-01	-1.32000e-05	2.882743e-01	
2258	2.158500e-07	2.824638e-01	-1.31987e-05	2.882532e-01	

Index   time            v(drve)         v(rea)          v(drvf)         
--------------------------------------------------------------------------------
2259	2.159500e-07	2.824399e-01	-1.31973e-05	2.882321e-01	
2260	2.160500e-07	2.824160e-01	-1.31960e-05	2.882109e-01	
2261	2.161500e-07	2.823921e-01	-1.31947e-05	2.881898e-01	
2262	2.162500e-07	2.823682e-01	-1.31934e-05	2.881687e-01	
2263	2.163500e-07	2.823444e-01	-1.31921e-05	2.881476e-01	
2264	2.164500e-07	2.823205e-01	-1.31907e-05	2.881266e-01	
2265	2.165500e-07	2.822966e-01	-1.31894e-05	2.881055e-01	
2266	2.166500e-07	2.822727e-01	-1.31881e-05	2.880844e-01	
2267	2.167500e-07	2.822489e-01	-1.31868e-05	2.880633e-01	
2268	2.168500e-07	2.822250e-01	-1.31854e-05	2.880422e-01	
2269	2.169500e-07	2.822011e-01	-1.31841e-05	2.880211e-01	
2270	2.170500e-07	2.821773e-01	-1.31828e-05	2.880000e-01	
2271	2.171500e-07	2.821534e-01	-1.31815e-05	2.879789e-01	
2272	2.172500e-07	2.821295e-01	-1.31802e-05	2.879578e-01	
2273	2.173500e-07	2.821057e-01	-1.31788e-05	2.879367e-01	
2274	2.174500e-07	2.820818e-01	-1.31775e-05	2.879157e-01	
2275	2.175500e-07	2.820580e-01	-1.31762e-05	2.878946e-01	
2276	2.176500e-07	2.820341e-01	-1.31749e-05	2.878735e-01	
2277	2.177500e-07	2.820103e-01	-1.31736e-05	2.878524e-01	
2278	2.178500e-07	2.819864e-01	-1.31722e-05	2.878313e-01	
2279	2.179500e-07	2.819626e-01	-1.31709e-05	2.878103e-01	
2280	2.180500e-07	2.819387e-01	-1.31696e-05	2.877892e-01	
2281	2.181500e-07	2.819149e-01	-1.31683e-05	2.877681e-01	
2282	2.182500e-07	2.818910e-01	-1.31670e-05	2.877471e-01	
2283	2.183500e-07	2.818672e-01	-1.31656e-05	2.877260e-01	
2284	2.184500e-07	2.818433e-01	-1.31643e-05	2.877049e-01	
2285	2.185500e-07	2.818195e-01	-1.31630e-05	2.876839e-01	
2286	2.186500e-07	2.817957e-01	-1.31617e-05	2.876628e-01	
2287	2.187500e-07	2.817718e-01	-1.31604e-05	2.876417e-01	
2288	2.188500e-07	2.817480e-01	-1.31590e-05	2.876207e-01	
2289	2.189500e-07	2.817242e-01	-1.31577e-05	2.875996e-01	
2290	2.190500e-07	2.817004e-01	-1.31564e-05	2.875785e-01	
2291	2.191500e-07	2.816765e-01	-1.31551e-05	2.875575e-01	
2292	2.192500e-07	2.816527e-01	-1.31538e-05	2.875364e-01	
2293	2.193500e-07	2.816289e-01	-1.31525e-05	2.875154e-01	
2294	2.194500e-07	2.816051e-01	-1.31511e-05	2.874943e-01	
2295	2.195500e-07	2.815813e-01	-1.31498e-05	2.874733e-01	
2296	2.196500e-07	2.815574e-01	-1.31485e-05	2.874522e-01	
2297	2.197500e-07	2.815336e-01	-1.31472e-05	2.874312e-01	
2298	2.198500e-07	2.815098e-01	-1.31459e-05	2.874101e-01	
2299	2.199500e-07	2.814860e-01	-1.31445e-05	2.873891e-01	
2300	2.200000e-07	2.814741e-01	-1.31439e-05	2.873786e-01	

    * =====================================================================
    Transient Analysis  Fri Aug 28 22:18:30  2026
--------------------------------------------------------------------------------
Index   time            v(rfa)          v(drvg)         v(rga)          
--------------------------------------------------------------------------------
0	0.000000e+00	0.000000e+00	0.000000e+00	0.000000e+00	
1	1.000000e-12	0.000000e+00	0.000000e+00	0.000000e+00	
2	2.000000e-12	0.000000e+00	0.000000e+00	0.000000e+00	
3	4.000000e-12	0.000000e+00	0.000000e+00	0.000000e+00	
4	8.000000e-12	0.000000e+00	0.000000e+00	0.000000e+00	
5	1.600000e-11	0.000000e+00	0.000000e+00	0.000000e+00	
6	3.200000e-11	0.000000e+00	0.000000e+00	0.000000e+00	
7	6.400000e-11	0.000000e+00	0.000000e+00	0.000000e+00	
8	1.280000e-10	0.000000e+00	0.000000e+00	0.000000e+00	
9	2.280000e-10	0.000000e+00	0.000000e+00	0.000000e+00	
10	3.280000e-10	0.000000e+00	0.000000e+00	0.000000e+00	
11	4.280000e-10	0.000000e+00	0.000000e+00	0.000000e+00	
12	5.280000e-10	0.000000e+00	0.000000e+00	0.000000e+00	
13	6.280000e-10	0.000000e+00	0.000000e+00	0.000000e+00	
14	7.280000e-10	0.000000e+00	0.000000e+00	0.000000e+00	
15	8.280000e-10	0.000000e+00	0.000000e+00	0.000000e+00	
16	9.280000e-10	0.000000e+00	0.000000e+00	0.000000e+00	
17	1.028000e-09	0.000000e+00	0.000000e+00	0.000000e+00	
18	1.128000e-09	0.000000e+00	0.000000e+00	0.000000e+00	
19	1.228000e-09	0.000000e+00	0.000000e+00	0.000000e+00	
20	1.328000e-09	0.000000e+00	0.000000e+00	0.000000e+00	
21	1.428000e-09	0.000000e+00	0.000000e+00	0.000000e+00	
22	1.528000e-09	0.000000e+00	0.000000e+00	0.000000e+00	
23	1.628000e-09	0.000000e+00	0.000000e+00	0.000000e+00	
24	1.728000e-09	0.000000e+00	0.000000e+00	0.000000e+00	
25	1.828000e-09	0.000000e+00	0.000000e+00	0.000000e+00	
26	1.928000e-09	0.000000e+00	0.000000e+00	0.000000e+00	
27	2.028000e-09	0.000000e+00	0.000000e+00	0.000000e+00	
28	2.128000e-09	0.000000e+00	0.000000e+00	0.000000e+00	
29	2.228000e-09	0.000000e+00	0.000000e+00	0.000000e+00	
30	2.328000e-09	0.000000e+00	0.000000e+00	0.000000e+00	
31	2.428000e-09	0.000000e+00	0.000000e+00	0.000000e+00	
32	2.528000e-09	0.000000e+00	0.000000e+00	0.000000e+00	
33	2.628000e-09	0.000000e+00	0.000000e+00	0.000000e+00	
34	2.728000e-09	0.000000e+00	0.000000e+00	0.000000e+00	
35	2.828000e-09	0.000000e+00	0.000000e+00	0.000000e+00	
36	2.928000e-09	0.000000e+00	0.000000e+00	0.000000e+00	
37	3.028000e-09	0.000000e+00	0.000000e+00	0.000000e+00	
38	3.128000e-09	0.000000e+00	0.000000e+00	0.000000e+00	
39	3.228000e-09	0.000000e+00	0.000000e+00	0.000000e+00	
40	3.328000e-09	0.000000e+00	0.000000e+00	0.000000e+00	
41	3.428000e-09	0.000000e+00	0.000000e+00	0.000000e+00	
42	3.528000e-09	0.000000e+00	0.000000e+00	0.000000e+00	
43	3.628000e-09	0.000000e+00	0.000000e+00	0.000000e+00	
44	3.728000e-09	0.000000e+00	0.000000e+00	0.000000e+00	
45	3.828000e-09	0.000000e+00	0.000000e+00	0.000000e+00	
46	3.928000e-09	0.000000e+00	0.000000e+00	0.000000e+00	
47	4.028000e-09	0.000000e+00	0.000000e+00	0.000000e+00	
48	4.128000e-09	0.000000e+00	0.000000e+00	0.000000e+00	
49	4.228000e-09	0.000000e+00	0.000000e+00	0.000000e+00	
50	4.328000e-09	0.000000e+00	0.000000e+00	0.000000e+00	
51	4.428000e-09	0.000000e+00	0.000000e+00	0.000000e+00	
52	4.528000e-09	0.000000e+00	0.000000e+00	0.000000e+00	
53	4.628000e-09	0.000000e+00	0.000000e+00	0.000000e+00	
54	4.728000e-09	0.000000e+00	0.000000e+00	0.000000e+00	

Index   time            v(rfa)          v(drvg)         v(rga)          
--------------------------------------------------------------------------------
55	4.828000e-09	0.000000e+00	0.000000e+00	0.000000e+00	
56	4.928000e-09	0.000000e+00	0.000000e+00	0.000000e+00	
57	5.028000e-09	0.000000e+00	0.000000e+00	0.000000e+00	
58	5.128000e-09	0.000000e+00	0.000000e+00	0.000000e+00	
59	5.228000e-09	0.000000e+00	0.000000e+00	0.000000e+00	
60	5.328000e-09	0.000000e+00	0.000000e+00	0.000000e+00	
61	5.428000e-09	0.000000e+00	0.000000e+00	0.000000e+00	
62	5.528000e-09	0.000000e+00	0.000000e+00	0.000000e+00	
63	5.628000e-09	0.000000e+00	0.000000e+00	0.000000e+00	
64	5.728000e-09	0.000000e+00	0.000000e+00	0.000000e+00	
65	5.828000e-09	0.000000e+00	0.000000e+00	0.000000e+00	
66	5.928000e-09	0.000000e+00	0.000000e+00	0.000000e+00	
67	6.028000e-09	0.000000e+00	0.000000e+00	0.000000e+00	
68	6.128000e-09	0.000000e+00	0.000000e+00	0.000000e+00	
69	6.228000e-09	0.000000e+00	0.000000e+00	0.000000e+00	
70	6.328000e-09	0.000000e+00	0.000000e+00	0.000000e+00	
71	6.428000e-09	0.000000e+00	0.000000e+00	0.000000e+00	
72	6.528000e-09	0.000000e+00	0.000000e+00	0.000000e+00	
73	6.628000e-09	0.000000e+00	0.000000e+00	0.000000e+00	
74	6.728000e-09	0.000000e+00	0.000000e+00	0.000000e+00	
75	6.828000e-09	0.000000e+00	0.000000e+00	0.000000e+00	
76	6.928000e-09	0.000000e+00	0.000000e+00	0.000000e+00	
77	7.028000e-09	0.000000e+00	0.000000e+00	0.000000e+00	
78	7.128000e-09	0.000000e+00	0.000000e+00	0.000000e+00	
79	7.228000e-09	0.000000e+00	0.000000e+00	0.000000e+00	
80	7.328000e-09	0.000000e+00	0.000000e+00	0.000000e+00	
81	7.428000e-09	0.000000e+00	0.000000e+00	0.000000e+00	
82	7.528000e-09	0.000000e+00	0.000000e+00	0.000000e+00	
83	7.628000e-09	0.000000e+00	0.000000e+00	0.000000e+00	
84	7.728000e-09	0.000000e+00	0.000000e+00	0.000000e+00	
85	7.828000e-09	0.000000e+00	0.000000e+00	0.000000e+00	
86	7.928000e-09	0.000000e+00	0.000000e+00	0.000000e+00	
87	8.028000e-09	0.000000e+00	0.000000e+00	0.000000e+00	
88	8.128000e-09	0.000000e+00	0.000000e+00	0.000000e+00	
89	8.228000e-09	0.000000e+00	0.000000e+00	0.000000e+00	
90	8.328000e-09	0.000000e+00	0.000000e+00	0.000000e+00	
91	8.428000e-09	0.000000e+00	0.000000e+00	0.000000e+00	
92	8.528000e-09	0.000000e+00	0.000000e+00	0.000000e+00	
93	8.628000e-09	0.000000e+00	0.000000e+00	0.000000e+00	
94	8.728000e-09	0.000000e+00	0.000000e+00	0.000000e+00	
95	8.828000e-09	0.000000e+00	0.000000e+00	0.000000e+00	
96	8.928000e-09	0.000000e+00	0.000000e+00	0.000000e+00	
97	9.028000e-09	0.000000e+00	0.000000e+00	0.000000e+00	
98	9.128000e-09	0.000000e+00	0.000000e+00	0.000000e+00	
99	9.228000e-09	0.000000e+00	0.000000e+00	0.000000e+00	
100	9.328000e-09	0.000000e+00	0.000000e+00	0.000000e+00	
101	9.428000e-09	0.000000e+00	0.000000e+00	0.000000e+00	
102	9.528000e-09	0.000000e+00	0.000000e+00	0.000000e+00	
103	9.628000e-09	0.000000e+00	0.000000e+00	0.000000e+00	
104	9.728000e-09	0.000000e+00	0.000000e+00	0.000000e+00	
105	9.828000e-09	0.000000e+00	0.000000e+00	0.000000e+00	
106	9.928000e-09	0.000000e+00	0.000000e+00	0.000000e+00	
107	1.000000e-08	0.000000e+00	0.000000e+00	0.000000e+00	
108	1.001000e-08	0.000000e+00	0.000000e+00	0.000000e+00	
109	1.003000e-08	0.000000e+00	0.000000e+00	0.000000e+00	
110	1.007000e-08	0.000000e+00	0.000000e+00	0.000000e+00	
111	1.015000e-08	0.000000e+00	0.000000e+00	0.000000e+00	
112	1.025000e-08	0.000000e+00	0.000000e+00	0.000000e+00	

Index   time            v(rfa)          v(drvg)         v(rga)          
--------------------------------------------------------------------------------
113	1.035000e-08	0.000000e+00	0.000000e+00	0.000000e+00	
114	1.045000e-08	0.000000e+00	0.000000e+00	0.000000e+00	
115	1.055000e-08	0.000000e+00	0.000000e+00	0.000000e+00	
116	1.065000e-08	0.000000e+00	0.000000e+00	0.000000e+00	
117	1.075000e-08	0.000000e+00	0.000000e+00	0.000000e+00	
118	1.085000e-08	0.000000e+00	0.000000e+00	0.000000e+00	
119	1.095000e-08	0.000000e+00	0.000000e+00	0.000000e+00	
120	1.100000e-08	0.000000e+00	0.000000e+00	0.000000e+00	
121	1.101000e-08	0.000000e+00	0.000000e+00	0.000000e+00	
122	1.103000e-08	0.000000e+00	0.000000e+00	0.000000e+00	
123	1.107000e-08	0.000000e+00	0.000000e+00	0.000000e+00	
124	1.115000e-08	0.000000e+00	0.000000e+00	0.000000e+00	
125	1.125000e-08	0.000000e+00	0.000000e+00	0.000000e+00	
126	1.135000e-08	0.000000e+00	0.000000e+00	0.000000e+00	
127	1.145000e-08	0.000000e+00	0.000000e+00	0.000000e+00	
128	1.155000e-08	0.000000e+00	0.000000e+00	0.000000e+00	
129	1.165000e-08	0.000000e+00	0.000000e+00	0.000000e+00	
130	1.175000e-08	0.000000e+00	0.000000e+00	0.000000e+00	
131	1.185000e-08	0.000000e+00	0.000000e+00	0.000000e+00	
132	1.195000e-08	0.000000e+00	0.000000e+00	0.000000e+00	
133	1.205000e-08	0.000000e+00	0.000000e+00	0.000000e+00	
134	1.215000e-08	0.000000e+00	0.000000e+00	0.000000e+00	
135	1.225000e-08	0.000000e+00	0.000000e+00	0.000000e+00	
136	1.235000e-08	0.000000e+00	0.000000e+00	0.000000e+00	
137	1.245000e-08	0.000000e+00	0.000000e+00	0.000000e+00	
138	1.255000e-08	0.000000e+00	0.000000e+00	0.000000e+00	
139	1.265000e-08	0.000000e+00	0.000000e+00	0.000000e+00	
140	1.275000e-08	0.000000e+00	0.000000e+00	0.000000e+00	
141	1.285000e-08	0.000000e+00	0.000000e+00	0.000000e+00	
142	1.295000e-08	0.000000e+00	0.000000e+00	0.000000e+00	
143	1.305000e-08	0.000000e+00	0.000000e+00	0.000000e+00	
144	1.315000e-08	0.000000e+00	0.000000e+00	0.000000e+00	
145	1.325000e-08	0.000000e+00	0.000000e+00	0.000000e+00	
146	1.335000e-08	0.000000e+00	0.000000e+00	0.000000e+00	
147	1.345000e-08	0.000000e+00	0.000000e+00	0.000000e+00	
148	1.355000e-08	0.000000e+00	0.000000e+00	0.000000e+00	
149	1.365000e-08	0.000000e+00	0.000000e+00	0.000000e+00	
150	1.375000e-08	0.000000e+00	0.000000e+00	0.000000e+00	
151	1.385000e-08	0.000000e+00	0.000000e+00	0.000000e+00	
152	1.395000e-08	0.000000e+00	0.000000e+00	0.000000e+00	
153	1.400000e-08	0.000000e+00	0.000000e+00	0.000000e+00	
154	1.401000e-08	0.000000e+00	0.000000e+00	0.000000e+00	
155	1.403000e-08	0.000000e+00	0.000000e+00	0.000000e+00	
156	1.407000e-08	0.000000e+00	0.000000e+00	0.000000e+00	
157	1.415000e-08	0.000000e+00	0.000000e+00	0.000000e+00	
158	1.425000e-08	0.000000e+00	0.000000e+00	0.000000e+00	
159	1.435000e-08	0.000000e+00	0.000000e+00	0.000000e+00	
160	1.445000e-08	0.000000e+00	0.000000e+00	0.000000e+00	
161	1.455000e-08	0.000000e+00	0.000000e+00	0.000000e+00	
162	1.465000e-08	0.000000e+00	0.000000e+00	0.000000e+00	
163	1.475000e-08	0.000000e+00	0.000000e+00	0.000000e+00	
164	1.485000e-08	0.000000e+00	0.000000e+00	0.000000e+00	
165	1.495000e-08	0.000000e+00	0.000000e+00	0.000000e+00	
166	1.500000e-08	0.000000e+00	0.000000e+00	0.000000e+00	
167	1.501000e-08	0.000000e+00	0.000000e+00	0.000000e+00	
168	1.503000e-08	0.000000e+00	0.000000e+00	0.000000e+00	
169	1.507000e-08	0.000000e+00	0.000000e+00	0.000000e+00	
170	1.515000e-08	0.000000e+00	0.000000e+00	0.000000e+00	

Index   time            v(rfa)          v(drvg)         v(rga)          
--------------------------------------------------------------------------------
171	1.525000e-08	0.000000e+00	0.000000e+00	0.000000e+00	
172	1.535000e-08	0.000000e+00	0.000000e+00	0.000000e+00	
173	1.545000e-08	0.000000e+00	0.000000e+00	0.000000e+00	
174	1.555000e-08	0.000000e+00	0.000000e+00	0.000000e+00	
175	1.565000e-08	0.000000e+00	0.000000e+00	0.000000e+00	
176	1.575000e-08	0.000000e+00	0.000000e+00	0.000000e+00	
177	1.585000e-08	0.000000e+00	0.000000e+00	0.000000e+00	
178	1.595000e-08	0.000000e+00	0.000000e+00	0.000000e+00	
179	1.605000e-08	0.000000e+00	0.000000e+00	0.000000e+00	
180	1.615000e-08	0.000000e+00	0.000000e+00	0.000000e+00	
181	1.625000e-08	0.000000e+00	0.000000e+00	0.000000e+00	
182	1.635000e-08	0.000000e+00	0.000000e+00	0.000000e+00	
183	1.645000e-08	0.000000e+00	0.000000e+00	0.000000e+00	
184	1.655000e-08	0.000000e+00	0.000000e+00	0.000000e+00	
185	1.665000e-08	0.000000e+00	0.000000e+00	0.000000e+00	
186	1.675000e-08	0.000000e+00	0.000000e+00	0.000000e+00	
187	1.685000e-08	0.000000e+00	0.000000e+00	0.000000e+00	
188	1.695000e-08	0.000000e+00	0.000000e+00	0.000000e+00	
189	1.705000e-08	0.000000e+00	0.000000e+00	0.000000e+00	
190	1.715000e-08	0.000000e+00	0.000000e+00	0.000000e+00	
191	1.725000e-08	0.000000e+00	0.000000e+00	0.000000e+00	
192	1.735000e-08	0.000000e+00	0.000000e+00	0.000000e+00	
193	1.745000e-08	0.000000e+00	0.000000e+00	0.000000e+00	
194	1.755000e-08	0.000000e+00	0.000000e+00	0.000000e+00	
195	1.765000e-08	0.000000e+00	0.000000e+00	0.000000e+00	
196	1.775000e-08	0.000000e+00	0.000000e+00	0.000000e+00	
197	1.785000e-08	0.000000e+00	0.000000e+00	0.000000e+00	
198	1.795000e-08	0.000000e+00	0.000000e+00	0.000000e+00	
199	1.805000e-08	0.000000e+00	0.000000e+00	0.000000e+00	
200	1.815000e-08	0.000000e+00	0.000000e+00	0.000000e+00	
201	1.825000e-08	0.000000e+00	0.000000e+00	0.000000e+00	
202	1.835000e-08	0.000000e+00	0.000000e+00	0.000000e+00	
203	1.845000e-08	0.000000e+00	0.000000e+00	0.000000e+00	
204	1.855000e-08	0.000000e+00	0.000000e+00	0.000000e+00	
205	1.865000e-08	0.000000e+00	0.000000e+00	0.000000e+00	
206	1.875000e-08	0.000000e+00	0.000000e+00	0.000000e+00	
207	1.885000e-08	0.000000e+00	0.000000e+00	0.000000e+00	
208	1.895000e-08	0.000000e+00	0.000000e+00	0.000000e+00	
209	1.905000e-08	0.000000e+00	0.000000e+00	0.000000e+00	
210	1.915000e-08	0.000000e+00	0.000000e+00	0.000000e+00	
211	1.925000e-08	0.000000e+00	0.000000e+00	0.000000e+00	
212	1.935000e-08	0.000000e+00	0.000000e+00	0.000000e+00	
213	1.945000e-08	0.000000e+00	0.000000e+00	0.000000e+00	
214	1.955000e-08	0.000000e+00	0.000000e+00	0.000000e+00	
215	1.965000e-08	0.000000e+00	0.000000e+00	0.000000e+00	
216	1.975000e-08	0.000000e+00	0.000000e+00	0.000000e+00	
217	1.985000e-08	0.000000e+00	0.000000e+00	0.000000e+00	
218	1.995000e-08	0.000000e+00	0.000000e+00	0.000000e+00	
219	2.005000e-08	0.000000e+00	0.000000e+00	0.000000e+00	
220	2.015000e-08	0.000000e+00	0.000000e+00	0.000000e+00	
221	2.025000e-08	0.000000e+00	0.000000e+00	0.000000e+00	
222	2.035000e-08	0.000000e+00	0.000000e+00	0.000000e+00	
223	2.045000e-08	0.000000e+00	0.000000e+00	0.000000e+00	
224	2.055000e-08	0.000000e+00	0.000000e+00	0.000000e+00	
225	2.065000e-08	0.000000e+00	0.000000e+00	0.000000e+00	
226	2.075000e-08	0.000000e+00	0.000000e+00	0.000000e+00	
227	2.085000e-08	0.000000e+00	0.000000e+00	0.000000e+00	
228	2.095000e-08	0.000000e+00	0.000000e+00	0.000000e+00	

Index   time            v(rfa)          v(drvg)         v(rga)          
--------------------------------------------------------------------------------
229	2.105000e-08	0.000000e+00	0.000000e+00	0.000000e+00	
230	2.115000e-08	0.000000e+00	0.000000e+00	0.000000e+00	
231	2.125000e-08	0.000000e+00	0.000000e+00	0.000000e+00	
232	2.135000e-08	0.000000e+00	0.000000e+00	0.000000e+00	
233	2.145000e-08	0.000000e+00	0.000000e+00	0.000000e+00	
234	2.155000e-08	0.000000e+00	0.000000e+00	0.000000e+00	
235	2.165000e-08	0.000000e+00	0.000000e+00	0.000000e+00	
236	2.175000e-08	0.000000e+00	0.000000e+00	0.000000e+00	
237	2.185000e-08	0.000000e+00	0.000000e+00	0.000000e+00	
238	2.195000e-08	0.000000e+00	0.000000e+00	0.000000e+00	
239	2.205000e-08	0.000000e+00	0.000000e+00	0.000000e+00	
240	2.215000e-08	0.000000e+00	0.000000e+00	0.000000e+00	
241	2.225000e-08	0.000000e+00	0.000000e+00	0.000000e+00	
242	2.235000e-08	0.000000e+00	0.000000e+00	0.000000e+00	
243	2.245000e-08	0.000000e+00	0.000000e+00	0.000000e+00	
244	2.255000e-08	0.000000e+00	0.000000e+00	0.000000e+00	
245	2.265000e-08	0.000000e+00	0.000000e+00	0.000000e+00	
246	2.275000e-08	0.000000e+00	0.000000e+00	0.000000e+00	
247	2.285000e-08	0.000000e+00	0.000000e+00	0.000000e+00	
248	2.295000e-08	0.000000e+00	0.000000e+00	0.000000e+00	
249	2.305000e-08	0.000000e+00	0.000000e+00	0.000000e+00	
250	2.315000e-08	0.000000e+00	0.000000e+00	0.000000e+00	
251	2.325000e-08	0.000000e+00	0.000000e+00	0.000000e+00	
252	2.335000e-08	0.000000e+00	0.000000e+00	0.000000e+00	
253	2.345000e-08	0.000000e+00	0.000000e+00	0.000000e+00	
254	2.355000e-08	0.000000e+00	0.000000e+00	0.000000e+00	
255	2.365000e-08	0.000000e+00	0.000000e+00	0.000000e+00	
256	2.375000e-08	0.000000e+00	0.000000e+00	0.000000e+00	
257	2.385000e-08	0.000000e+00	0.000000e+00	0.000000e+00	
258	2.395000e-08	0.000000e+00	0.000000e+00	0.000000e+00	
259	2.405000e-08	0.000000e+00	0.000000e+00	0.000000e+00	
260	2.415000e-08	0.000000e+00	0.000000e+00	0.000000e+00	
261	2.425000e-08	0.000000e+00	0.000000e+00	0.000000e+00	
262	2.435000e-08	0.000000e+00	0.000000e+00	0.000000e+00	
263	2.445000e-08	0.000000e+00	0.000000e+00	0.000000e+00	
264	2.455000e-08	0.000000e+00	0.000000e+00	0.000000e+00	
265	2.465000e-08	0.000000e+00	0.000000e+00	0.000000e+00	
266	2.475000e-08	0.000000e+00	0.000000e+00	0.000000e+00	
267	2.485000e-08	0.000000e+00	0.000000e+00	0.000000e+00	
268	2.495000e-08	0.000000e+00	0.000000e+00	0.000000e+00	
269	2.505000e-08	0.000000e+00	0.000000e+00	0.000000e+00	
270	2.515000e-08	0.000000e+00	0.000000e+00	0.000000e+00	
271	2.525000e-08	0.000000e+00	0.000000e+00	0.000000e+00	
272	2.535000e-08	0.000000e+00	0.000000e+00	0.000000e+00	
273	2.545000e-08	0.000000e+00	0.000000e+00	0.000000e+00	
274	2.555000e-08	0.000000e+00	0.000000e+00	0.000000e+00	
275	2.565000e-08	0.000000e+00	0.000000e+00	0.000000e+00	
276	2.575000e-08	0.000000e+00	0.000000e+00	0.000000e+00	
277	2.585000e-08	0.000000e+00	0.000000e+00	0.000000e+00	
278	2.595000e-08	0.000000e+00	0.000000e+00	0.000000e+00	
279	2.605000e-08	0.000000e+00	0.000000e+00	0.000000e+00	
280	2.615000e-08	0.000000e+00	0.000000e+00	0.000000e+00	
281	2.625000e-08	0.000000e+00	0.000000e+00	0.000000e+00	
282	2.635000e-08	0.000000e+00	0.000000e+00	0.000000e+00	
283	2.645000e-08	0.000000e+00	0.000000e+00	0.000000e+00	
284	2.655000e-08	0.000000e+00	0.000000e+00	0.000000e+00	
285	2.665000e-08	0.000000e+00	0.000000e+00	0.000000e+00	
286	2.675000e-08	0.000000e+00	0.000000e+00	0.000000e+00	

Index   time            v(rfa)          v(drvg)         v(rga)          
--------------------------------------------------------------------------------
287	2.685000e-08	0.000000e+00	0.000000e+00	0.000000e+00	
288	2.695000e-08	0.000000e+00	0.000000e+00	0.000000e+00	
289	2.705000e-08	0.000000e+00	0.000000e+00	0.000000e+00	
290	2.715000e-08	0.000000e+00	0.000000e+00	0.000000e+00	
291	2.725000e-08	0.000000e+00	0.000000e+00	0.000000e+00	
292	2.735000e-08	0.000000e+00	0.000000e+00	0.000000e+00	
293	2.745000e-08	0.000000e+00	0.000000e+00	0.000000e+00	
294	2.755000e-08	0.000000e+00	0.000000e+00	0.000000e+00	
295	2.765000e-08	0.000000e+00	0.000000e+00	0.000000e+00	
296	2.775000e-08	0.000000e+00	0.000000e+00	0.000000e+00	
297	2.785000e-08	0.000000e+00	0.000000e+00	0.000000e+00	
298	2.795000e-08	0.000000e+00	0.000000e+00	0.000000e+00	
299	2.805000e-08	0.000000e+00	0.000000e+00	0.000000e+00	
300	2.815000e-08	0.000000e+00	0.000000e+00	0.000000e+00	
301	2.825000e-08	0.000000e+00	0.000000e+00	0.000000e+00	
302	2.835000e-08	0.000000e+00	0.000000e+00	0.000000e+00	
303	2.845000e-08	0.000000e+00	0.000000e+00	0.000000e+00	
304	2.855000e-08	0.000000e+00	0.000000e+00	0.000000e+00	
305	2.865000e-08	0.000000e+00	0.000000e+00	0.000000e+00	
306	2.875000e-08	0.000000e+00	0.000000e+00	0.000000e+00	
307	2.885000e-08	0.000000e+00	0.000000e+00	0.000000e+00	
308	2.895000e-08	0.000000e+00	0.000000e+00	0.000000e+00	
309	2.905000e-08	0.000000e+00	0.000000e+00	0.000000e+00	
310	2.915000e-08	0.000000e+00	0.000000e+00	0.000000e+00	
311	2.925000e-08	0.000000e+00	0.000000e+00	0.000000e+00	
312	2.935000e-08	0.000000e+00	0.000000e+00	0.000000e+00	
313	2.945000e-08	0.000000e+00	0.000000e+00	0.000000e+00	
314	2.955000e-08	0.000000e+00	0.000000e+00	0.000000e+00	
315	2.965000e-08	0.000000e+00	0.000000e+00	0.000000e+00	
316	2.975000e-08	0.000000e+00	0.000000e+00	0.000000e+00	
317	2.985000e-08	0.000000e+00	0.000000e+00	0.000000e+00	
318	2.995000e-08	0.000000e+00	0.000000e+00	0.000000e+00	
319	3.005000e-08	0.000000e+00	0.000000e+00	0.000000e+00	
320	3.015000e-08	0.000000e+00	0.000000e+00	0.000000e+00	
321	3.025000e-08	0.000000e+00	0.000000e+00	0.000000e+00	
322	3.035000e-08	0.000000e+00	0.000000e+00	0.000000e+00	
323	3.045000e-08	0.000000e+00	0.000000e+00	0.000000e+00	
324	3.055000e-08	0.000000e+00	0.000000e+00	0.000000e+00	
325	3.065000e-08	0.000000e+00	0.000000e+00	0.000000e+00	
326	3.075000e-08	0.000000e+00	0.000000e+00	0.000000e+00	
327	3.085000e-08	0.000000e+00	0.000000e+00	0.000000e+00	
328	3.095000e-08	0.000000e+00	0.000000e+00	0.000000e+00	
329	3.105000e-08	0.000000e+00	0.000000e+00	0.000000e+00	
330	3.115000e-08	0.000000e+00	0.000000e+00	0.000000e+00	
331	3.125000e-08	0.000000e+00	0.000000e+00	0.000000e+00	
332	3.135000e-08	0.000000e+00	0.000000e+00	0.000000e+00	
333	3.145000e-08	0.000000e+00	0.000000e+00	0.000000e+00	
334	3.155000e-08	0.000000e+00	0.000000e+00	0.000000e+00	
335	3.165000e-08	0.000000e+00	0.000000e+00	0.000000e+00	
336	3.175000e-08	0.000000e+00	0.000000e+00	0.000000e+00	
337	3.185000e-08	0.000000e+00	0.000000e+00	0.000000e+00	
338	3.195000e-08	0.000000e+00	0.000000e+00	0.000000e+00	
339	3.205000e-08	0.000000e+00	0.000000e+00	0.000000e+00	
340	3.215000e-08	0.000000e+00	0.000000e+00	0.000000e+00	
341	3.225000e-08	0.000000e+00	0.000000e+00	0.000000e+00	
342	3.235000e-08	0.000000e+00	0.000000e+00	0.000000e+00	
343	3.245000e-08	0.000000e+00	0.000000e+00	0.000000e+00	
344	3.255000e-08	0.000000e+00	0.000000e+00	0.000000e+00	

Index   time            v(rfa)          v(drvg)         v(rga)          
--------------------------------------------------------------------------------
345	3.265000e-08	0.000000e+00	0.000000e+00	0.000000e+00	
346	3.275000e-08	0.000000e+00	0.000000e+00	0.000000e+00	
347	3.285000e-08	0.000000e+00	0.000000e+00	0.000000e+00	
348	3.295000e-08	0.000000e+00	0.000000e+00	0.000000e+00	
349	3.305000e-08	0.000000e+00	0.000000e+00	0.000000e+00	
350	3.315000e-08	0.000000e+00	0.000000e+00	0.000000e+00	
351	3.325000e-08	0.000000e+00	0.000000e+00	0.000000e+00	
352	3.335000e-08	0.000000e+00	0.000000e+00	0.000000e+00	
353	3.345000e-08	0.000000e+00	0.000000e+00	0.000000e+00	
354	3.355000e-08	0.000000e+00	0.000000e+00	0.000000e+00	
355	3.365000e-08	0.000000e+00	0.000000e+00	0.000000e+00	
356	3.375000e-08	0.000000e+00	0.000000e+00	0.000000e+00	
357	3.385000e-08	0.000000e+00	0.000000e+00	0.000000e+00	
358	3.395000e-08	0.000000e+00	0.000000e+00	0.000000e+00	
359	3.405000e-08	0.000000e+00	0.000000e+00	0.000000e+00	
360	3.415000e-08	0.000000e+00	0.000000e+00	0.000000e+00	
361	3.425000e-08	0.000000e+00	0.000000e+00	0.000000e+00	
362	3.435000e-08	0.000000e+00	0.000000e+00	0.000000e+00	
363	3.445000e-08	0.000000e+00	0.000000e+00	0.000000e+00	
364	3.455000e-08	0.000000e+00	0.000000e+00	0.000000e+00	
365	3.465000e-08	0.000000e+00	0.000000e+00	0.000000e+00	
366	3.475000e-08	0.000000e+00	0.000000e+00	0.000000e+00	
367	3.485000e-08	0.000000e+00	0.000000e+00	0.000000e+00	
368	3.495000e-08	0.000000e+00	0.000000e+00	0.000000e+00	
369	3.505000e-08	0.000000e+00	0.000000e+00	0.000000e+00	
370	3.515000e-08	0.000000e+00	0.000000e+00	0.000000e+00	
371	3.525000e-08	0.000000e+00	0.000000e+00	0.000000e+00	
372	3.535000e-08	0.000000e+00	0.000000e+00	0.000000e+00	
373	3.545000e-08	0.000000e+00	0.000000e+00	0.000000e+00	
374	3.555000e-08	0.000000e+00	0.000000e+00	0.000000e+00	
375	3.565000e-08	0.000000e+00	0.000000e+00	0.000000e+00	
376	3.575000e-08	0.000000e+00	0.000000e+00	0.000000e+00	
377	3.585000e-08	0.000000e+00	0.000000e+00	0.000000e+00	
378	3.595000e-08	0.000000e+00	0.000000e+00	0.000000e+00	
379	3.605000e-08	0.000000e+00	0.000000e+00	0.000000e+00	
380	3.615000e-08	0.000000e+00	0.000000e+00	0.000000e+00	
381	3.625000e-08	0.000000e+00	0.000000e+00	0.000000e+00	
382	3.635000e-08	0.000000e+00	0.000000e+00	0.000000e+00	
383	3.645000e-08	0.000000e+00	0.000000e+00	0.000000e+00	
384	3.655000e-08	0.000000e+00	0.000000e+00	0.000000e+00	
385	3.665000e-08	0.000000e+00	0.000000e+00	0.000000e+00	
386	3.675000e-08	0.000000e+00	0.000000e+00	0.000000e+00	
387	3.685000e-08	0.000000e+00	0.000000e+00	0.000000e+00	
388	3.695000e-08	0.000000e+00	0.000000e+00	0.000000e+00	
389	3.705000e-08	0.000000e+00	0.000000e+00	0.000000e+00	
390	3.715000e-08	0.000000e+00	0.000000e+00	0.000000e+00	
391	3.725000e-08	0.000000e+00	0.000000e+00	0.000000e+00	
392	3.735000e-08	0.000000e+00	0.000000e+00	0.000000e+00	
393	3.745000e-08	0.000000e+00	0.000000e+00	0.000000e+00	
394	3.755000e-08	0.000000e+00	0.000000e+00	0.000000e+00	
395	3.765000e-08	0.000000e+00	0.000000e+00	0.000000e+00	
396	3.775000e-08	0.000000e+00	0.000000e+00	0.000000e+00	
397	3.785000e-08	0.000000e+00	0.000000e+00	0.000000e+00	
398	3.795000e-08	0.000000e+00	0.000000e+00	0.000000e+00	
399	3.805000e-08	0.000000e+00	0.000000e+00	0.000000e+00	
400	3.815000e-08	0.000000e+00	0.000000e+00	0.000000e+00	
401	3.825000e-08	0.000000e+00	0.000000e+00	0.000000e+00	
402	3.835000e-08	0.000000e+00	0.000000e+00	0.000000e+00	

Index   time            v(rfa)          v(drvg)         v(rga)          
--------------------------------------------------------------------------------
403	3.845000e-08	0.000000e+00	0.000000e+00	0.000000e+00	
404	3.855000e-08	0.000000e+00	0.000000e+00	0.000000e+00	
405	3.865000e-08	0.000000e+00	0.000000e+00	0.000000e+00	
406	3.875000e-08	0.000000e+00	0.000000e+00	0.000000e+00	
407	3.885000e-08	0.000000e+00	0.000000e+00	0.000000e+00	
408	3.895000e-08	0.000000e+00	0.000000e+00	0.000000e+00	
409	3.905000e-08	0.000000e+00	0.000000e+00	0.000000e+00	
410	3.915000e-08	0.000000e+00	0.000000e+00	0.000000e+00	
411	3.925000e-08	0.000000e+00	0.000000e+00	0.000000e+00	
412	3.935000e-08	0.000000e+00	0.000000e+00	0.000000e+00	
413	3.945000e-08	0.000000e+00	0.000000e+00	0.000000e+00	
414	3.955000e-08	0.000000e+00	0.000000e+00	0.000000e+00	
415	3.965000e-08	0.000000e+00	0.000000e+00	0.000000e+00	
416	3.975000e-08	0.000000e+00	0.000000e+00	0.000000e+00	
417	3.985000e-08	0.000000e+00	0.000000e+00	0.000000e+00	
418	3.995000e-08	0.000000e+00	0.000000e+00	0.000000e+00	
419	4.000000e-08	0.000000e+00	0.000000e+00	0.000000e+00	
420	4.001000e-08	0.000000e+00	0.000000e+00	0.000000e+00	
421	4.003000e-08	0.000000e+00	0.000000e+00	0.000000e+00	
422	4.007000e-08	0.000000e+00	0.000000e+00	0.000000e+00	
423	4.015000e-08	0.000000e+00	0.000000e+00	0.000000e+00	
424	4.025000e-08	0.000000e+00	0.000000e+00	0.000000e+00	
425	4.035000e-08	0.000000e+00	0.000000e+00	0.000000e+00	
426	4.045000e-08	0.000000e+00	0.000000e+00	0.000000e+00	
427	4.055000e-08	0.000000e+00	0.000000e+00	0.000000e+00	
428	4.065000e-08	0.000000e+00	0.000000e+00	0.000000e+00	
429	4.075000e-08	0.000000e+00	0.000000e+00	0.000000e+00	
430	4.085000e-08	0.000000e+00	0.000000e+00	0.000000e+00	
431	4.095000e-08	0.000000e+00	0.000000e+00	0.000000e+00	
432	4.100000e-08	0.000000e+00	0.000000e+00	0.000000e+00	
433	4.101000e-08	0.000000e+00	0.000000e+00	0.000000e+00	
434	4.103000e-08	0.000000e+00	0.000000e+00	0.000000e+00	
435	4.107000e-08	0.000000e+00	0.000000e+00	0.000000e+00	
436	4.115000e-08	0.000000e+00	0.000000e+00	0.000000e+00	
437	4.125000e-08	0.000000e+00	0.000000e+00	0.000000e+00	
438	4.135000e-08	0.000000e+00	0.000000e+00	0.000000e+00	
439	4.145000e-08	0.000000e+00	0.000000e+00	0.000000e+00	
440	4.155000e-08	0.000000e+00	0.000000e+00	0.000000e+00	
441	4.165000e-08	0.000000e+00	0.000000e+00	0.000000e+00	
442	4.175000e-08	0.000000e+00	0.000000e+00	0.000000e+00	
443	4.185000e-08	0.000000e+00	0.000000e+00	0.000000e+00	
444	4.195000e-08	0.000000e+00	0.000000e+00	0.000000e+00	
445	4.205000e-08	0.000000e+00	0.000000e+00	0.000000e+00	
446	4.215000e-08	0.000000e+00	0.000000e+00	0.000000e+00	
447	4.225000e-08	0.000000e+00	0.000000e+00	0.000000e+00	
448	4.235000e-08	0.000000e+00	0.000000e+00	0.000000e+00	
449	4.245000e-08	0.000000e+00	0.000000e+00	0.000000e+00	
450	4.255000e-08	0.000000e+00	0.000000e+00	0.000000e+00	
451	4.265000e-08	0.000000e+00	0.000000e+00	0.000000e+00	
452	4.275000e-08	0.000000e+00	0.000000e+00	0.000000e+00	
453	4.285000e-08	0.000000e+00	0.000000e+00	0.000000e+00	
454	4.295000e-08	0.000000e+00	0.000000e+00	0.000000e+00	
455	4.305000e-08	0.000000e+00	0.000000e+00	0.000000e+00	
456	4.315000e-08	0.000000e+00	0.000000e+00	0.000000e+00	
457	4.325000e-08	0.000000e+00	0.000000e+00	0.000000e+00	
458	4.335000e-08	0.000000e+00	0.000000e+00	0.000000e+00	
459	4.345000e-08	0.000000e+00	0.000000e+00	0.000000e+00	
460	4.355000e-08	0.000000e+00	0.000000e+00	0.000000e+00	

Index   time            v(rfa)          v(drvg)         v(rga)          
--------------------------------------------------------------------------------
461	4.365000e-08	0.000000e+00	0.000000e+00	0.000000e+00	
462	4.375000e-08	0.000000e+00	0.000000e+00	0.000000e+00	
463	4.385000e-08	0.000000e+00	0.000000e+00	0.000000e+00	
464	4.395000e-08	0.000000e+00	0.000000e+00	0.000000e+00	
465	4.400000e-08	0.000000e+00	0.000000e+00	0.000000e+00	
466	4.401000e-08	0.000000e+00	0.000000e+00	0.000000e+00	
467	4.403000e-08	0.000000e+00	0.000000e+00	0.000000e+00	
468	4.407000e-08	0.000000e+00	0.000000e+00	0.000000e+00	
469	4.415000e-08	0.000000e+00	0.000000e+00	0.000000e+00	
470	4.425000e-08	0.000000e+00	0.000000e+00	0.000000e+00	
471	4.435000e-08	0.000000e+00	0.000000e+00	0.000000e+00	
472	4.445000e-08	0.000000e+00	0.000000e+00	0.000000e+00	
473	4.455000e-08	0.000000e+00	0.000000e+00	0.000000e+00	
474	4.465000e-08	0.000000e+00	0.000000e+00	0.000000e+00	
475	4.475000e-08	0.000000e+00	0.000000e+00	0.000000e+00	
476	4.485000e-08	0.000000e+00	0.000000e+00	0.000000e+00	
477	4.495000e-08	0.000000e+00	0.000000e+00	0.000000e+00	
478	4.500000e-08	0.000000e+00	0.000000e+00	0.000000e+00	
479	4.501000e-08	0.000000e+00	0.000000e+00	0.000000e+00	
480	4.503000e-08	0.000000e+00	0.000000e+00	0.000000e+00	
481	4.507000e-08	0.000000e+00	0.000000e+00	0.000000e+00	
482	4.515000e-08	0.000000e+00	0.000000e+00	0.000000e+00	
483	4.525000e-08	0.000000e+00	0.000000e+00	0.000000e+00	
484	4.535000e-08	0.000000e+00	0.000000e+00	0.000000e+00	
485	4.545000e-08	0.000000e+00	0.000000e+00	0.000000e+00	
486	4.555000e-08	0.000000e+00	0.000000e+00	0.000000e+00	
487	4.565000e-08	0.000000e+00	0.000000e+00	0.000000e+00	
488	4.575000e-08	0.000000e+00	0.000000e+00	0.000000e+00	
489	4.585000e-08	0.000000e+00	0.000000e+00	0.000000e+00	
490	4.595000e-08	0.000000e+00	0.000000e+00	0.000000e+00	
491	4.605000e-08	0.000000e+00	0.000000e+00	0.000000e+00	
492	4.615000e-08	0.000000e+00	0.000000e+00	0.000000e+00	
493	4.625000e-08	0.000000e+00	0.000000e+00	0.000000e+00	
494	4.635000e-08	0.000000e+00	0.000000e+00	0.000000e+00	
495	4.645000e-08	0.000000e+00	0.000000e+00	0.000000e+00	
496	4.655000e-08	0.000000e+00	0.000000e+00	0.000000e+00	
497	4.665000e-08	0.000000e+00	0.000000e+00	0.000000e+00	
498	4.675000e-08	0.000000e+00	0.000000e+00	0.000000e+00	
499	4.685000e-08	0.000000e+00	0.000000e+00	0.000000e+00	
500	4.695000e-08	0.000000e+00	0.000000e+00	0.000000e+00	
501	4.705000e-08	0.000000e+00	0.000000e+00	0.000000e+00	
502	4.715000e-08	0.000000e+00	0.000000e+00	0.000000e+00	
503	4.725000e-08	0.000000e+00	0.000000e+00	0.000000e+00	
504	4.735000e-08	0.000000e+00	0.000000e+00	0.000000e+00	
505	4.745000e-08	0.000000e+00	0.000000e+00	0.000000e+00	
506	4.755000e-08	0.000000e+00	0.000000e+00	0.000000e+00	
507	4.765000e-08	0.000000e+00	0.000000e+00	0.000000e+00	
508	4.775000e-08	0.000000e+00	0.000000e+00	0.000000e+00	
509	4.785000e-08	0.000000e+00	0.000000e+00	0.000000e+00	
510	4.795000e-08	0.000000e+00	0.000000e+00	0.000000e+00	
511	4.805000e-08	0.000000e+00	0.000000e+00	0.000000e+00	
512	4.815000e-08	0.000000e+00	0.000000e+00	0.000000e+00	
513	4.825000e-08	0.000000e+00	0.000000e+00	0.000000e+00	
514	4.835000e-08	0.000000e+00	0.000000e+00	0.000000e+00	
515	4.845000e-08	0.000000e+00	0.000000e+00	0.000000e+00	
516	4.855000e-08	0.000000e+00	0.000000e+00	0.000000e+00	
517	4.865000e-08	0.000000e+00	0.000000e+00	0.000000e+00	
518	4.875000e-08	0.000000e+00	0.000000e+00	0.000000e+00	

Index   time            v(rfa)          v(drvg)         v(rga)          
--------------------------------------------------------------------------------
519	4.885000e-08	0.000000e+00	0.000000e+00	0.000000e+00	
520	4.895000e-08	0.000000e+00	0.000000e+00	0.000000e+00	
521	4.905000e-08	0.000000e+00	0.000000e+00	0.000000e+00	
522	4.915000e-08	0.000000e+00	0.000000e+00	0.000000e+00	
523	4.925000e-08	0.000000e+00	0.000000e+00	0.000000e+00	
524	4.935000e-08	0.000000e+00	0.000000e+00	0.000000e+00	
525	4.945000e-08	0.000000e+00	0.000000e+00	0.000000e+00	
526	4.955000e-08	0.000000e+00	0.000000e+00	0.000000e+00	
527	4.965000e-08	0.000000e+00	0.000000e+00	0.000000e+00	
528	4.975000e-08	0.000000e+00	0.000000e+00	0.000000e+00	
529	4.985000e-08	0.000000e+00	0.000000e+00	0.000000e+00	
530	4.995000e-08	0.000000e+00	0.000000e+00	0.000000e+00	
531	5.005000e-08	0.000000e+00	0.000000e+00	0.000000e+00	
532	5.015000e-08	0.000000e+00	0.000000e+00	0.000000e+00	
533	5.025000e-08	0.000000e+00	0.000000e+00	0.000000e+00	
534	5.035000e-08	0.000000e+00	0.000000e+00	0.000000e+00	
535	5.045000e-08	0.000000e+00	0.000000e+00	0.000000e+00	
536	5.055000e-08	0.000000e+00	0.000000e+00	0.000000e+00	
537	5.065000e-08	0.000000e+00	0.000000e+00	0.000000e+00	
538	5.075000e-08	0.000000e+00	0.000000e+00	0.000000e+00	
539	5.085000e-08	0.000000e+00	0.000000e+00	0.000000e+00	
540	5.095000e-08	0.000000e+00	0.000000e+00	0.000000e+00	
541	5.105000e-08	0.000000e+00	0.000000e+00	0.000000e+00	
542	5.115000e-08	0.000000e+00	0.000000e+00	0.000000e+00	
543	5.125000e-08	0.000000e+00	0.000000e+00	0.000000e+00	
544	5.135000e-08	0.000000e+00	0.000000e+00	0.000000e+00	
545	5.145000e-08	0.000000e+00	0.000000e+00	0.000000e+00	
546	5.155000e-08	0.000000e+00	0.000000e+00	0.000000e+00	
547	5.165000e-08	0.000000e+00	0.000000e+00	0.000000e+00	
548	5.175000e-08	0.000000e+00	0.000000e+00	0.000000e+00	
549	5.185000e-08	0.000000e+00	0.000000e+00	0.000000e+00	
550	5.195000e-08	0.000000e+00	0.000000e+00	0.000000e+00	
551	5.205000e-08	0.000000e+00	0.000000e+00	0.000000e+00	
552	5.215000e-08	0.000000e+00	0.000000e+00	0.000000e+00	
553	5.225000e-08	0.000000e+00	0.000000e+00	0.000000e+00	
554	5.235000e-08	0.000000e+00	0.000000e+00	0.000000e+00	
555	5.245000e-08	0.000000e+00	0.000000e+00	0.000000e+00	
556	5.255000e-08	0.000000e+00	0.000000e+00	0.000000e+00	
557	5.265000e-08	0.000000e+00	0.000000e+00	0.000000e+00	
558	5.275000e-08	0.000000e+00	0.000000e+00	0.000000e+00	
559	5.285000e-08	0.000000e+00	0.000000e+00	0.000000e+00	
560	5.295000e-08	0.000000e+00	0.000000e+00	0.000000e+00	
561	5.305000e-08	0.000000e+00	0.000000e+00	0.000000e+00	
562	5.315000e-08	0.000000e+00	0.000000e+00	0.000000e+00	
563	5.325000e-08	0.000000e+00	0.000000e+00	0.000000e+00	
564	5.335000e-08	0.000000e+00	0.000000e+00	0.000000e+00	
565	5.345000e-08	0.000000e+00	0.000000e+00	0.000000e+00	
566	5.355000e-08	0.000000e+00	0.000000e+00	0.000000e+00	
567	5.365000e-08	0.000000e+00	0.000000e+00	0.000000e+00	
568	5.375000e-08	0.000000e+00	0.000000e+00	0.000000e+00	
569	5.385000e-08	0.000000e+00	0.000000e+00	0.000000e+00	
570	5.395000e-08	0.000000e+00	0.000000e+00	0.000000e+00	
571	5.405000e-08	0.000000e+00	0.000000e+00	0.000000e+00	
572	5.415000e-08	0.000000e+00	0.000000e+00	0.000000e+00	
573	5.425000e-08	0.000000e+00	0.000000e+00	0.000000e+00	
574	5.435000e-08	0.000000e+00	0.000000e+00	0.000000e+00	
575	5.445000e-08	0.000000e+00	0.000000e+00	0.000000e+00	
576	5.455000e-08	0.000000e+00	0.000000e+00	0.000000e+00	

Index   time            v(rfa)          v(drvg)         v(rga)          
--------------------------------------------------------------------------------
577	5.465000e-08	0.000000e+00	0.000000e+00	0.000000e+00	
578	5.475000e-08	0.000000e+00	0.000000e+00	0.000000e+00	
579	5.485000e-08	0.000000e+00	0.000000e+00	0.000000e+00	
580	5.495000e-08	0.000000e+00	0.000000e+00	0.000000e+00	
581	5.505000e-08	0.000000e+00	0.000000e+00	0.000000e+00	
582	5.515000e-08	0.000000e+00	0.000000e+00	0.000000e+00	
583	5.525000e-08	0.000000e+00	0.000000e+00	0.000000e+00	
584	5.535000e-08	0.000000e+00	0.000000e+00	0.000000e+00	
585	5.545000e-08	0.000000e+00	0.000000e+00	0.000000e+00	
586	5.555000e-08	0.000000e+00	0.000000e+00	0.000000e+00	
587	5.565000e-08	0.000000e+00	0.000000e+00	0.000000e+00	
588	5.575000e-08	0.000000e+00	0.000000e+00	0.000000e+00	
589	5.585000e-08	0.000000e+00	0.000000e+00	0.000000e+00	
590	5.595000e-08	0.000000e+00	0.000000e+00	0.000000e+00	
591	5.605000e-08	0.000000e+00	0.000000e+00	0.000000e+00	
592	5.615000e-08	0.000000e+00	0.000000e+00	0.000000e+00	
593	5.625000e-08	0.000000e+00	0.000000e+00	0.000000e+00	
594	5.635000e-08	0.000000e+00	0.000000e+00	0.000000e+00	
595	5.645000e-08	0.000000e+00	0.000000e+00	0.000000e+00	
596	5.655000e-08	0.000000e+00	0.000000e+00	0.000000e+00	
597	5.665000e-08	0.000000e+00	0.000000e+00	0.000000e+00	
598	5.675000e-08	0.000000e+00	0.000000e+00	0.000000e+00	
599	5.685000e-08	0.000000e+00	0.000000e+00	0.000000e+00	
600	5.695000e-08	0.000000e+00	0.000000e+00	0.000000e+00	
601	5.705000e-08	0.000000e+00	0.000000e+00	0.000000e+00	
602	5.715000e-08	0.000000e+00	0.000000e+00	0.000000e+00	
603	5.725000e-08	0.000000e+00	0.000000e+00	0.000000e+00	
604	5.735000e-08	0.000000e+00	0.000000e+00	0.000000e+00	
605	5.745000e-08	0.000000e+00	0.000000e+00	0.000000e+00	
606	5.755000e-08	0.000000e+00	0.000000e+00	0.000000e+00	
607	5.765000e-08	0.000000e+00	0.000000e+00	0.000000e+00	
608	5.775000e-08	0.000000e+00	0.000000e+00	0.000000e+00	
609	5.785000e-08	0.000000e+00	0.000000e+00	0.000000e+00	
610	5.795000e-08	0.000000e+00	0.000000e+00	0.000000e+00	
611	5.805000e-08	0.000000e+00	0.000000e+00	0.000000e+00	
612	5.815000e-08	0.000000e+00	0.000000e+00	0.000000e+00	
613	5.825000e-08	0.000000e+00	0.000000e+00	0.000000e+00	
614	5.835000e-08	0.000000e+00	0.000000e+00	0.000000e+00	
615	5.845000e-08	0.000000e+00	0.000000e+00	0.000000e+00	
616	5.855000e-08	0.000000e+00	0.000000e+00	0.000000e+00	
617	5.865000e-08	0.000000e+00	0.000000e+00	0.000000e+00	
618	5.875000e-08	0.000000e+00	0.000000e+00	0.000000e+00	
619	5.885000e-08	0.000000e+00	0.000000e+00	0.000000e+00	
620	5.895000e-08	0.000000e+00	0.000000e+00	0.000000e+00	
621	5.905000e-08	0.000000e+00	0.000000e+00	0.000000e+00	
622	5.915000e-08	0.000000e+00	0.000000e+00	0.000000e+00	
623	5.925000e-08	0.000000e+00	0.000000e+00	0.000000e+00	
624	5.935000e-08	0.000000e+00	0.000000e+00	0.000000e+00	
625	5.945000e-08	0.000000e+00	0.000000e+00	0.000000e+00	
626	5.955000e-08	0.000000e+00	0.000000e+00	0.000000e+00	
627	5.965000e-08	0.000000e+00	0.000000e+00	0.000000e+00	
628	5.975000e-08	0.000000e+00	0.000000e+00	0.000000e+00	
629	5.985000e-08	0.000000e+00	0.000000e+00	0.000000e+00	
630	5.995000e-08	0.000000e+00	0.000000e+00	0.000000e+00	
631	6.005000e-08	0.000000e+00	0.000000e+00	0.000000e+00	
632	6.015000e-08	0.000000e+00	0.000000e+00	0.000000e+00	
633	6.025000e-08	0.000000e+00	0.000000e+00	0.000000e+00	
634	6.035000e-08	0.000000e+00	0.000000e+00	0.000000e+00	

Index   time            v(rfa)          v(drvg)         v(rga)          
--------------------------------------------------------------------------------
635	6.045000e-08	0.000000e+00	0.000000e+00	0.000000e+00	
636	6.055000e-08	0.000000e+00	0.000000e+00	0.000000e+00	
637	6.065000e-08	0.000000e+00	0.000000e+00	0.000000e+00	
638	6.075000e-08	0.000000e+00	0.000000e+00	0.000000e+00	
639	6.085000e-08	0.000000e+00	0.000000e+00	0.000000e+00	
640	6.095000e-08	0.000000e+00	0.000000e+00	0.000000e+00	
641	6.105000e-08	0.000000e+00	0.000000e+00	0.000000e+00	
642	6.115000e-08	0.000000e+00	0.000000e+00	0.000000e+00	
643	6.125000e-08	0.000000e+00	0.000000e+00	0.000000e+00	
644	6.135000e-08	0.000000e+00	0.000000e+00	0.000000e+00	
645	6.145000e-08	0.000000e+00	0.000000e+00	0.000000e+00	
646	6.155000e-08	0.000000e+00	0.000000e+00	0.000000e+00	
647	6.165000e-08	0.000000e+00	0.000000e+00	0.000000e+00	
648	6.175000e-08	0.000000e+00	0.000000e+00	0.000000e+00	
649	6.185000e-08	0.000000e+00	0.000000e+00	0.000000e+00	
650	6.195000e-08	0.000000e+00	0.000000e+00	0.000000e+00	
651	6.205000e-08	0.000000e+00	0.000000e+00	0.000000e+00	
652	6.215000e-08	0.000000e+00	0.000000e+00	0.000000e+00	
653	6.225000e-08	0.000000e+00	0.000000e+00	0.000000e+00	
654	6.235000e-08	0.000000e+00	0.000000e+00	0.000000e+00	
655	6.245000e-08	0.000000e+00	0.000000e+00	0.000000e+00	
656	6.255000e-08	0.000000e+00	0.000000e+00	0.000000e+00	
657	6.265000e-08	0.000000e+00	0.000000e+00	0.000000e+00	
658	6.275000e-08	0.000000e+00	0.000000e+00	0.000000e+00	
659	6.285000e-08	0.000000e+00	0.000000e+00	0.000000e+00	
660	6.295000e-08	0.000000e+00	0.000000e+00	0.000000e+00	
661	6.305000e-08	0.000000e+00	0.000000e+00	0.000000e+00	
662	6.315000e-08	0.000000e+00	0.000000e+00	0.000000e+00	
663	6.325000e-08	0.000000e+00	0.000000e+00	0.000000e+00	
664	6.335000e-08	0.000000e+00	0.000000e+00	0.000000e+00	
665	6.345000e-08	0.000000e+00	0.000000e+00	0.000000e+00	
666	6.355000e-08	0.000000e+00	0.000000e+00	0.000000e+00	
667	6.365000e-08	0.000000e+00	0.000000e+00	0.000000e+00	
668	6.375000e-08	0.000000e+00	0.000000e+00	0.000000e+00	
669	6.385000e-08	0.000000e+00	0.000000e+00	0.000000e+00	
670	6.395000e-08	0.000000e+00	0.000000e+00	0.000000e+00	
671	6.405000e-08	0.000000e+00	0.000000e+00	0.000000e+00	
672	6.415000e-08	0.000000e+00	0.000000e+00	0.000000e+00	
673	6.425000e-08	0.000000e+00	0.000000e+00	0.000000e+00	
674	6.435000e-08	0.000000e+00	0.000000e+00	0.000000e+00	
675	6.445000e-08	0.000000e+00	0.000000e+00	0.000000e+00	
676	6.455000e-08	0.000000e+00	0.000000e+00	0.000000e+00	
677	6.465000e-08	0.000000e+00	0.000000e+00	0.000000e+00	
678	6.475000e-08	0.000000e+00	0.000000e+00	0.000000e+00	
679	6.485000e-08	0.000000e+00	0.000000e+00	0.000000e+00	
680	6.495000e-08	0.000000e+00	0.000000e+00	0.000000e+00	
681	6.505000e-08	0.000000e+00	0.000000e+00	0.000000e+00	
682	6.515000e-08	0.000000e+00	0.000000e+00	0.000000e+00	
683	6.525000e-08	0.000000e+00	0.000000e+00	0.000000e+00	
684	6.535000e-08	0.000000e+00	0.000000e+00	0.000000e+00	
685	6.545000e-08	0.000000e+00	0.000000e+00	0.000000e+00	
686	6.555000e-08	0.000000e+00	0.000000e+00	0.000000e+00	
687	6.565000e-08	0.000000e+00	0.000000e+00	0.000000e+00	
688	6.575000e-08	0.000000e+00	0.000000e+00	0.000000e+00	
689	6.585000e-08	0.000000e+00	0.000000e+00	0.000000e+00	
690	6.595000e-08	0.000000e+00	0.000000e+00	0.000000e+00	
691	6.605000e-08	0.000000e+00	0.000000e+00	0.000000e+00	
692	6.615000e-08	0.000000e+00	0.000000e+00	0.000000e+00	

Index   time            v(rfa)          v(drvg)         v(rga)          
--------------------------------------------------------------------------------
693	6.625000e-08	0.000000e+00	0.000000e+00	0.000000e+00	
694	6.635000e-08	0.000000e+00	0.000000e+00	0.000000e+00	
695	6.645000e-08	0.000000e+00	0.000000e+00	0.000000e+00	
696	6.655000e-08	0.000000e+00	0.000000e+00	0.000000e+00	
697	6.665000e-08	0.000000e+00	0.000000e+00	0.000000e+00	
698	6.675000e-08	0.000000e+00	0.000000e+00	0.000000e+00	
699	6.685000e-08	0.000000e+00	0.000000e+00	0.000000e+00	
700	6.695000e-08	0.000000e+00	0.000000e+00	0.000000e+00	
701	6.705000e-08	0.000000e+00	0.000000e+00	0.000000e+00	
702	6.715000e-08	0.000000e+00	0.000000e+00	0.000000e+00	
703	6.725000e-08	0.000000e+00	0.000000e+00	0.000000e+00	
704	6.735000e-08	0.000000e+00	0.000000e+00	0.000000e+00	
705	6.745000e-08	0.000000e+00	0.000000e+00	0.000000e+00	
706	6.755000e-08	0.000000e+00	0.000000e+00	0.000000e+00	
707	6.765000e-08	0.000000e+00	0.000000e+00	0.000000e+00	
708	6.775000e-08	0.000000e+00	0.000000e+00	0.000000e+00	
709	6.785000e-08	0.000000e+00	0.000000e+00	0.000000e+00	
710	6.795000e-08	0.000000e+00	0.000000e+00	0.000000e+00	
711	6.805000e-08	0.000000e+00	0.000000e+00	0.000000e+00	
712	6.815000e-08	0.000000e+00	0.000000e+00	0.000000e+00	
713	6.825000e-08	0.000000e+00	0.000000e+00	0.000000e+00	
714	6.835000e-08	0.000000e+00	0.000000e+00	0.000000e+00	
715	6.845000e-08	0.000000e+00	0.000000e+00	0.000000e+00	
716	6.855000e-08	0.000000e+00	0.000000e+00	0.000000e+00	
717	6.865000e-08	0.000000e+00	0.000000e+00	0.000000e+00	
718	6.875000e-08	0.000000e+00	0.000000e+00	0.000000e+00	
719	6.885000e-08	0.000000e+00	0.000000e+00	0.000000e+00	
720	6.895000e-08	0.000000e+00	0.000000e+00	0.000000e+00	
721	6.905000e-08	0.000000e+00	0.000000e+00	0.000000e+00	
722	6.915000e-08	0.000000e+00	0.000000e+00	0.000000e+00	
723	6.925000e-08	0.000000e+00	0.000000e+00	0.000000e+00	
724	6.935000e-08	0.000000e+00	0.000000e+00	0.000000e+00	
725	6.945000e-08	0.000000e+00	0.000000e+00	0.000000e+00	
726	6.955000e-08	0.000000e+00	0.000000e+00	0.000000e+00	
727	6.965000e-08	0.000000e+00	0.000000e+00	0.000000e+00	
728	6.975000e-08	0.000000e+00	0.000000e+00	0.000000e+00	
729	6.985000e-08	0.000000e+00	0.000000e+00	0.000000e+00	
730	6.995000e-08	0.000000e+00	0.000000e+00	0.000000e+00	
731	7.005000e-08	0.000000e+00	0.000000e+00	0.000000e+00	
732	7.015000e-08	0.000000e+00	0.000000e+00	0.000000e+00	
733	7.025000e-08	0.000000e+00	0.000000e+00	0.000000e+00	
734	7.035000e-08	0.000000e+00	0.000000e+00	0.000000e+00	
735	7.045000e-08	0.000000e+00	0.000000e+00	0.000000e+00	
736	7.055000e-08	0.000000e+00	0.000000e+00	0.000000e+00	
737	7.065000e-08	0.000000e+00	0.000000e+00	0.000000e+00	
738	7.075000e-08	0.000000e+00	0.000000e+00	0.000000e+00	
739	7.085000e-08	0.000000e+00	0.000000e+00	0.000000e+00	
740	7.095000e-08	0.000000e+00	0.000000e+00	0.000000e+00	
741	7.105000e-08	0.000000e+00	0.000000e+00	0.000000e+00	
742	7.115000e-08	0.000000e+00	0.000000e+00	0.000000e+00	
743	7.125000e-08	0.000000e+00	0.000000e+00	0.000000e+00	
744	7.135000e-08	0.000000e+00	0.000000e+00	0.000000e+00	
745	7.145000e-08	0.000000e+00	0.000000e+00	0.000000e+00	
746	7.155000e-08	0.000000e+00	0.000000e+00	0.000000e+00	
747	7.165000e-08	0.000000e+00	0.000000e+00	0.000000e+00	
748	7.175000e-08	0.000000e+00	0.000000e+00	0.000000e+00	
749	7.185000e-08	0.000000e+00	0.000000e+00	0.000000e+00	
750	7.195000e-08	0.000000e+00	0.000000e+00	0.000000e+00	

Index   time            v(rfa)          v(drvg)         v(rga)          
--------------------------------------------------------------------------------
751	7.205000e-08	0.000000e+00	0.000000e+00	0.000000e+00	
752	7.215000e-08	0.000000e+00	0.000000e+00	0.000000e+00	
753	7.225000e-08	0.000000e+00	0.000000e+00	0.000000e+00	
754	7.235000e-08	0.000000e+00	0.000000e+00	0.000000e+00	
755	7.245000e-08	0.000000e+00	0.000000e+00	0.000000e+00	
756	7.255000e-08	0.000000e+00	0.000000e+00	0.000000e+00	
757	7.265000e-08	0.000000e+00	0.000000e+00	0.000000e+00	
758	7.275000e-08	0.000000e+00	0.000000e+00	0.000000e+00	
759	7.285000e-08	0.000000e+00	0.000000e+00	0.000000e+00	
760	7.295000e-08	0.000000e+00	0.000000e+00	0.000000e+00	
761	7.305000e-08	0.000000e+00	0.000000e+00	0.000000e+00	
762	7.315000e-08	0.000000e+00	0.000000e+00	0.000000e+00	
763	7.325000e-08	0.000000e+00	0.000000e+00	0.000000e+00	
764	7.335000e-08	0.000000e+00	0.000000e+00	0.000000e+00	
765	7.345000e-08	0.000000e+00	0.000000e+00	0.000000e+00	
766	7.355000e-08	0.000000e+00	0.000000e+00	0.000000e+00	
767	7.365000e-08	0.000000e+00	0.000000e+00	0.000000e+00	
768	7.375000e-08	0.000000e+00	0.000000e+00	0.000000e+00	
769	7.385000e-08	0.000000e+00	0.000000e+00	0.000000e+00	
770	7.395000e-08	0.000000e+00	0.000000e+00	0.000000e+00	
771	7.405000e-08	0.000000e+00	0.000000e+00	0.000000e+00	
772	7.415000e-08	0.000000e+00	0.000000e+00	0.000000e+00	
773	7.425000e-08	0.000000e+00	0.000000e+00	0.000000e+00	
774	7.435000e-08	0.000000e+00	0.000000e+00	0.000000e+00	
775	7.445000e-08	0.000000e+00	0.000000e+00	0.000000e+00	
776	7.455000e-08	0.000000e+00	0.000000e+00	0.000000e+00	
777	7.465000e-08	0.000000e+00	0.000000e+00	0.000000e+00	
778	7.475000e-08	0.000000e+00	0.000000e+00	0.000000e+00	
779	7.485000e-08	0.000000e+00	0.000000e+00	0.000000e+00	
780	7.495000e-08	0.000000e+00	0.000000e+00	0.000000e+00	
781	7.505000e-08	0.000000e+00	0.000000e+00	0.000000e+00	
782	7.515000e-08	0.000000e+00	0.000000e+00	0.000000e+00	
783	7.525000e-08	0.000000e+00	0.000000e+00	0.000000e+00	
784	7.535000e-08	0.000000e+00	0.000000e+00	0.000000e+00	
785	7.545000e-08	0.000000e+00	0.000000e+00	0.000000e+00	
786	7.555000e-08	0.000000e+00	0.000000e+00	0.000000e+00	
787	7.565000e-08	0.000000e+00	0.000000e+00	0.000000e+00	
788	7.575000e-08	0.000000e+00	0.000000e+00	0.000000e+00	
789	7.585000e-08	0.000000e+00	0.000000e+00	0.000000e+00	
790	7.595000e-08	0.000000e+00	0.000000e+00	0.000000e+00	
791	7.605000e-08	0.000000e+00	0.000000e+00	0.000000e+00	
792	7.615000e-08	0.000000e+00	0.000000e+00	0.000000e+00	
793	7.625000e-08	0.000000e+00	0.000000e+00	0.000000e+00	
794	7.635000e-08	0.000000e+00	0.000000e+00	0.000000e+00	
795	7.645000e-08	0.000000e+00	0.000000e+00	0.000000e+00	
796	7.655000e-08	0.000000e+00	0.000000e+00	0.000000e+00	
797	7.665000e-08	0.000000e+00	0.000000e+00	0.000000e+00	
798	7.675000e-08	0.000000e+00	0.000000e+00	0.000000e+00	
799	7.685000e-08	0.000000e+00	0.000000e+00	0.000000e+00	
800	7.695000e-08	0.000000e+00	0.000000e+00	0.000000e+00	
801	7.705000e-08	0.000000e+00	0.000000e+00	0.000000e+00	
802	7.715000e-08	0.000000e+00	0.000000e+00	0.000000e+00	
803	7.725000e-08	0.000000e+00	0.000000e+00	0.000000e+00	
804	7.735000e-08	0.000000e+00	0.000000e+00	0.000000e+00	
805	7.745000e-08	0.000000e+00	0.000000e+00	0.000000e+00	
806	7.755000e-08	0.000000e+00	0.000000e+00	0.000000e+00	
807	7.765000e-08	0.000000e+00	0.000000e+00	0.000000e+00	
808	7.775000e-08	0.000000e+00	0.000000e+00	0.000000e+00	

Index   time            v(rfa)          v(drvg)         v(rga)          
--------------------------------------------------------------------------------
809	7.785000e-08	0.000000e+00	0.000000e+00	0.000000e+00	
810	7.795000e-08	0.000000e+00	0.000000e+00	0.000000e+00	
811	7.805000e-08	0.000000e+00	0.000000e+00	0.000000e+00	
812	7.815000e-08	0.000000e+00	0.000000e+00	0.000000e+00	
813	7.825000e-08	0.000000e+00	0.000000e+00	0.000000e+00	
814	7.835000e-08	0.000000e+00	0.000000e+00	0.000000e+00	
815	7.845000e-08	0.000000e+00	0.000000e+00	0.000000e+00	
816	7.855000e-08	0.000000e+00	0.000000e+00	0.000000e+00	
817	7.865000e-08	0.000000e+00	0.000000e+00	0.000000e+00	
818	7.875000e-08	0.000000e+00	0.000000e+00	0.000000e+00	
819	7.885000e-08	0.000000e+00	0.000000e+00	0.000000e+00	
820	7.895000e-08	0.000000e+00	0.000000e+00	0.000000e+00	
821	7.905000e-08	0.000000e+00	0.000000e+00	0.000000e+00	
822	7.915000e-08	0.000000e+00	0.000000e+00	0.000000e+00	
823	7.925000e-08	0.000000e+00	0.000000e+00	0.000000e+00	
824	7.935000e-08	0.000000e+00	0.000000e+00	0.000000e+00	
825	7.945000e-08	0.000000e+00	0.000000e+00	0.000000e+00	
826	7.955000e-08	0.000000e+00	0.000000e+00	0.000000e+00	
827	7.965000e-08	0.000000e+00	0.000000e+00	0.000000e+00	
828	7.975000e-08	0.000000e+00	0.000000e+00	0.000000e+00	
829	7.985000e-08	0.000000e+00	0.000000e+00	0.000000e+00	
830	7.995000e-08	0.000000e+00	0.000000e+00	0.000000e+00	
831	8.005000e-08	0.000000e+00	0.000000e+00	0.000000e+00	
832	8.015000e-08	0.000000e+00	0.000000e+00	0.000000e+00	
833	8.025000e-08	0.000000e+00	0.000000e+00	0.000000e+00	
834	8.035000e-08	0.000000e+00	0.000000e+00	0.000000e+00	
835	8.045000e-08	0.000000e+00	0.000000e+00	0.000000e+00	
836	8.055000e-08	0.000000e+00	0.000000e+00	0.000000e+00	
837	8.065000e-08	0.000000e+00	0.000000e+00	0.000000e+00	
838	8.075000e-08	0.000000e+00	0.000000e+00	0.000000e+00	
839	8.085000e-08	0.000000e+00	0.000000e+00	0.000000e+00	
840	8.095000e-08	0.000000e+00	0.000000e+00	0.000000e+00	
841	8.105000e-08	0.000000e+00	0.000000e+00	0.000000e+00	
842	8.115000e-08	0.000000e+00	0.000000e+00	0.000000e+00	
843	8.125000e-08	0.000000e+00	0.000000e+00	0.000000e+00	
844	8.135000e-08	0.000000e+00	0.000000e+00	0.000000e+00	
845	8.145000e-08	0.000000e+00	0.000000e+00	0.000000e+00	
846	8.155000e-08	0.000000e+00	0.000000e+00	0.000000e+00	
847	8.165000e-08	0.000000e+00	0.000000e+00	0.000000e+00	
848	8.175000e-08	0.000000e+00	0.000000e+00	0.000000e+00	
849	8.185000e-08	0.000000e+00	0.000000e+00	0.000000e+00	
850	8.195000e-08	0.000000e+00	0.000000e+00	0.000000e+00	
851	8.205000e-08	0.000000e+00	0.000000e+00	0.000000e+00	
852	8.215000e-08	0.000000e+00	0.000000e+00	0.000000e+00	
853	8.225000e-08	0.000000e+00	0.000000e+00	0.000000e+00	
854	8.235000e-08	0.000000e+00	0.000000e+00	0.000000e+00	
855	8.245000e-08	0.000000e+00	0.000000e+00	0.000000e+00	
856	8.255000e-08	0.000000e+00	0.000000e+00	0.000000e+00	
857	8.265000e-08	0.000000e+00	0.000000e+00	0.000000e+00	
858	8.275000e-08	0.000000e+00	0.000000e+00	0.000000e+00	
859	8.285000e-08	0.000000e+00	0.000000e+00	0.000000e+00	
860	8.295000e-08	0.000000e+00	0.000000e+00	0.000000e+00	
861	8.305000e-08	0.000000e+00	0.000000e+00	0.000000e+00	
862	8.315000e-08	0.000000e+00	0.000000e+00	0.000000e+00	
863	8.325000e-08	0.000000e+00	0.000000e+00	0.000000e+00	
864	8.335000e-08	0.000000e+00	0.000000e+00	0.000000e+00	
865	8.345000e-08	0.000000e+00	0.000000e+00	0.000000e+00	
866	8.355000e-08	0.000000e+00	0.000000e+00	0.000000e+00	

Index   time            v(rfa)          v(drvg)         v(rga)          
--------------------------------------------------------------------------------
867	8.365000e-08	0.000000e+00	0.000000e+00	0.000000e+00	
868	8.375000e-08	0.000000e+00	0.000000e+00	0.000000e+00	
869	8.385000e-08	0.000000e+00	0.000000e+00	0.000000e+00	
870	8.395000e-08	0.000000e+00	0.000000e+00	0.000000e+00	
871	8.405000e-08	0.000000e+00	0.000000e+00	0.000000e+00	
872	8.415000e-08	0.000000e+00	0.000000e+00	0.000000e+00	
873	8.425000e-08	0.000000e+00	0.000000e+00	0.000000e+00	
874	8.435000e-08	0.000000e+00	0.000000e+00	0.000000e+00	
875	8.445000e-08	0.000000e+00	0.000000e+00	0.000000e+00	
876	8.455000e-08	0.000000e+00	0.000000e+00	0.000000e+00	
877	8.465000e-08	0.000000e+00	0.000000e+00	0.000000e+00	
878	8.475000e-08	0.000000e+00	0.000000e+00	0.000000e+00	
879	8.485000e-08	0.000000e+00	0.000000e+00	0.000000e+00	
880	8.495000e-08	0.000000e+00	0.000000e+00	0.000000e+00	
881	8.505000e-08	0.000000e+00	0.000000e+00	0.000000e+00	
882	8.515000e-08	0.000000e+00	0.000000e+00	0.000000e+00	
883	8.525000e-08	0.000000e+00	0.000000e+00	0.000000e+00	
884	8.535000e-08	0.000000e+00	0.000000e+00	0.000000e+00	
885	8.545000e-08	0.000000e+00	0.000000e+00	0.000000e+00	
886	8.555000e-08	0.000000e+00	0.000000e+00	0.000000e+00	
887	8.565000e-08	0.000000e+00	0.000000e+00	0.000000e+00	
888	8.575000e-08	0.000000e+00	0.000000e+00	0.000000e+00	
889	8.585000e-08	0.000000e+00	0.000000e+00	0.000000e+00	
890	8.595000e-08	0.000000e+00	0.000000e+00	0.000000e+00	
891	8.605000e-08	0.000000e+00	0.000000e+00	0.000000e+00	
892	8.615000e-08	0.000000e+00	0.000000e+00	0.000000e+00	
893	8.625000e-08	0.000000e+00	0.000000e+00	0.000000e+00	
894	8.635000e-08	0.000000e+00	0.000000e+00	0.000000e+00	
895	8.645000e-08	0.000000e+00	0.000000e+00	0.000000e+00	
896	8.655000e-08	0.000000e+00	0.000000e+00	0.000000e+00	
897	8.665000e-08	0.000000e+00	0.000000e+00	0.000000e+00	
898	8.675000e-08	0.000000e+00	0.000000e+00	0.000000e+00	
899	8.685000e-08	0.000000e+00	0.000000e+00	0.000000e+00	
900	8.695000e-08	0.000000e+00	0.000000e+00	0.000000e+00	
901	8.705000e-08	0.000000e+00	0.000000e+00	0.000000e+00	
902	8.715000e-08	0.000000e+00	0.000000e+00	0.000000e+00	
903	8.725000e-08	0.000000e+00	0.000000e+00	0.000000e+00	
904	8.735000e-08	0.000000e+00	0.000000e+00	0.000000e+00	
905	8.745000e-08	0.000000e+00	0.000000e+00	0.000000e+00	
906	8.755000e-08	0.000000e+00	0.000000e+00	0.000000e+00	
907	8.765000e-08	0.000000e+00	0.000000e+00	0.000000e+00	
908	8.775000e-08	0.000000e+00	0.000000e+00	0.000000e+00	
909	8.785000e-08	0.000000e+00	0.000000e+00	0.000000e+00	
910	8.795000e-08	0.000000e+00	0.000000e+00	0.000000e+00	
911	8.805000e-08	0.000000e+00	0.000000e+00	0.000000e+00	
912	8.815000e-08	0.000000e+00	0.000000e+00	0.000000e+00	
913	8.825000e-08	0.000000e+00	0.000000e+00	0.000000e+00	
914	8.835000e-08	0.000000e+00	0.000000e+00	0.000000e+00	
915	8.845000e-08	0.000000e+00	0.000000e+00	0.000000e+00	
916	8.855000e-08	0.000000e+00	0.000000e+00	0.000000e+00	
917	8.865000e-08	0.000000e+00	0.000000e+00	0.000000e+00	
918	8.875000e-08	0.000000e+00	0.000000e+00	0.000000e+00	
919	8.885000e-08	0.000000e+00	0.000000e+00	0.000000e+00	
920	8.895000e-08	0.000000e+00	0.000000e+00	0.000000e+00	
921	8.905000e-08	0.000000e+00	0.000000e+00	0.000000e+00	
922	8.915000e-08	0.000000e+00	0.000000e+00	0.000000e+00	
923	8.925000e-08	0.000000e+00	0.000000e+00	0.000000e+00	
924	8.935000e-08	0.000000e+00	0.000000e+00	0.000000e+00	

Index   time            v(rfa)          v(drvg)         v(rga)          
--------------------------------------------------------------------------------
925	8.945000e-08	0.000000e+00	0.000000e+00	0.000000e+00	
926	8.955000e-08	0.000000e+00	0.000000e+00	0.000000e+00	
927	8.965000e-08	0.000000e+00	0.000000e+00	0.000000e+00	
928	8.975000e-08	0.000000e+00	0.000000e+00	0.000000e+00	
929	8.985000e-08	0.000000e+00	0.000000e+00	0.000000e+00	
930	8.995000e-08	0.000000e+00	0.000000e+00	0.000000e+00	
931	9.005000e-08	0.000000e+00	0.000000e+00	0.000000e+00	
932	9.015000e-08	0.000000e+00	0.000000e+00	0.000000e+00	
933	9.025000e-08	0.000000e+00	0.000000e+00	0.000000e+00	
934	9.035000e-08	0.000000e+00	0.000000e+00	0.000000e+00	
935	9.045000e-08	0.000000e+00	0.000000e+00	0.000000e+00	
936	9.055000e-08	0.000000e+00	0.000000e+00	0.000000e+00	
937	9.065000e-08	0.000000e+00	0.000000e+00	0.000000e+00	
938	9.075000e-08	0.000000e+00	0.000000e+00	0.000000e+00	
939	9.085000e-08	0.000000e+00	0.000000e+00	0.000000e+00	
940	9.095000e-08	0.000000e+00	0.000000e+00	0.000000e+00	
941	9.105000e-08	0.000000e+00	0.000000e+00	0.000000e+00	
942	9.115000e-08	0.000000e+00	0.000000e+00	0.000000e+00	
943	9.125000e-08	0.000000e+00	0.000000e+00	0.000000e+00	
944	9.135000e-08	0.000000e+00	0.000000e+00	0.000000e+00	
945	9.145000e-08	0.000000e+00	0.000000e+00	0.000000e+00	
946	9.155000e-08	0.000000e+00	0.000000e+00	0.000000e+00	
947	9.165000e-08	0.000000e+00	0.000000e+00	0.000000e+00	
948	9.175000e-08	0.000000e+00	0.000000e+00	0.000000e+00	
949	9.185000e-08	0.000000e+00	0.000000e+00	0.000000e+00	
950	9.195000e-08	0.000000e+00	0.000000e+00	0.000000e+00	
951	9.205000e-08	0.000000e+00	0.000000e+00	0.000000e+00	
952	9.215000e-08	0.000000e+00	0.000000e+00	0.000000e+00	
953	9.225000e-08	0.000000e+00	0.000000e+00	0.000000e+00	
954	9.235000e-08	0.000000e+00	0.000000e+00	0.000000e+00	
955	9.245000e-08	0.000000e+00	0.000000e+00	0.000000e+00	
956	9.255000e-08	0.000000e+00	0.000000e+00	0.000000e+00	
957	9.265000e-08	0.000000e+00	0.000000e+00	0.000000e+00	
958	9.275000e-08	0.000000e+00	0.000000e+00	0.000000e+00	
959	9.285000e-08	0.000000e+00	0.000000e+00	0.000000e+00	
960	9.295000e-08	0.000000e+00	0.000000e+00	0.000000e+00	
961	9.305000e-08	0.000000e+00	0.000000e+00	0.000000e+00	
962	9.315000e-08	0.000000e+00	0.000000e+00	0.000000e+00	
963	9.325000e-08	0.000000e+00	0.000000e+00	0.000000e+00	
964	9.335000e-08	0.000000e+00	0.000000e+00	0.000000e+00	
965	9.345000e-08	0.000000e+00	0.000000e+00	0.000000e+00	
966	9.355000e-08	0.000000e+00	0.000000e+00	0.000000e+00	
967	9.365000e-08	0.000000e+00	0.000000e+00	0.000000e+00	
968	9.375000e-08	0.000000e+00	0.000000e+00	0.000000e+00	
969	9.385000e-08	0.000000e+00	0.000000e+00	0.000000e+00	
970	9.395000e-08	0.000000e+00	0.000000e+00	0.000000e+00	
971	9.405000e-08	0.000000e+00	0.000000e+00	0.000000e+00	
972	9.415000e-08	0.000000e+00	0.000000e+00	0.000000e+00	
973	9.425000e-08	0.000000e+00	0.000000e+00	0.000000e+00	
974	9.435000e-08	0.000000e+00	0.000000e+00	0.000000e+00	
975	9.445000e-08	0.000000e+00	0.000000e+00	0.000000e+00	
976	9.455000e-08	0.000000e+00	0.000000e+00	0.000000e+00	
977	9.465000e-08	0.000000e+00	0.000000e+00	0.000000e+00	
978	9.475000e-08	0.000000e+00	0.000000e+00	0.000000e+00	
979	9.485000e-08	0.000000e+00	0.000000e+00	0.000000e+00	
980	9.495000e-08	0.000000e+00	0.000000e+00	0.000000e+00	
981	9.505000e-08	0.000000e+00	0.000000e+00	0.000000e+00	
982	9.515000e-08	0.000000e+00	0.000000e+00	0.000000e+00	

Index   time            v(rfa)          v(drvg)         v(rga)          
--------------------------------------------------------------------------------
983	9.525000e-08	0.000000e+00	0.000000e+00	0.000000e+00	
984	9.535000e-08	0.000000e+00	0.000000e+00	0.000000e+00	
985	9.545000e-08	0.000000e+00	0.000000e+00	0.000000e+00	
986	9.555000e-08	0.000000e+00	0.000000e+00	0.000000e+00	
987	9.565000e-08	0.000000e+00	0.000000e+00	0.000000e+00	
988	9.575000e-08	0.000000e+00	0.000000e+00	0.000000e+00	
989	9.585000e-08	0.000000e+00	0.000000e+00	0.000000e+00	
990	9.595000e-08	0.000000e+00	0.000000e+00	0.000000e+00	
991	9.605000e-08	0.000000e+00	0.000000e+00	0.000000e+00	
992	9.615000e-08	0.000000e+00	0.000000e+00	0.000000e+00	
993	9.625000e-08	0.000000e+00	0.000000e+00	0.000000e+00	
994	9.635000e-08	0.000000e+00	0.000000e+00	0.000000e+00	
995	9.645000e-08	0.000000e+00	0.000000e+00	0.000000e+00	
996	9.655000e-08	0.000000e+00	0.000000e+00	0.000000e+00	
997	9.665000e-08	0.000000e+00	0.000000e+00	0.000000e+00	
998	9.675000e-08	0.000000e+00	0.000000e+00	0.000000e+00	
999	9.685000e-08	0.000000e+00	0.000000e+00	0.000000e+00	
1000	9.695000e-08	0.000000e+00	0.000000e+00	0.000000e+00	
1001	9.705000e-08	0.000000e+00	0.000000e+00	0.000000e+00	
1002	9.715000e-08	0.000000e+00	0.000000e+00	0.000000e+00	
1003	9.725000e-08	0.000000e+00	0.000000e+00	0.000000e+00	
1004	9.735000e-08	0.000000e+00	0.000000e+00	0.000000e+00	
1005	9.745000e-08	0.000000e+00	0.000000e+00	0.000000e+00	
1006	9.755000e-08	0.000000e+00	0.000000e+00	0.000000e+00	
1007	9.765000e-08	0.000000e+00	0.000000e+00	0.000000e+00	
1008	9.775000e-08	0.000000e+00	0.000000e+00	0.000000e+00	
1009	9.785000e-08	0.000000e+00	0.000000e+00	0.000000e+00	
1010	9.795000e-08	0.000000e+00	0.000000e+00	0.000000e+00	
1011	9.805000e-08	0.000000e+00	0.000000e+00	0.000000e+00	
1012	9.815000e-08	0.000000e+00	0.000000e+00	0.000000e+00	
1013	9.825000e-08	0.000000e+00	0.000000e+00	0.000000e+00	
1014	9.835000e-08	0.000000e+00	0.000000e+00	0.000000e+00	
1015	9.845000e-08	0.000000e+00	0.000000e+00	0.000000e+00	
1016	9.855000e-08	0.000000e+00	0.000000e+00	0.000000e+00	
1017	9.865000e-08	0.000000e+00	0.000000e+00	0.000000e+00	
1018	9.875000e-08	0.000000e+00	0.000000e+00	0.000000e+00	
1019	9.885000e-08	0.000000e+00	0.000000e+00	0.000000e+00	
1020	9.895000e-08	0.000000e+00	0.000000e+00	0.000000e+00	
1021	9.905000e-08	0.000000e+00	0.000000e+00	0.000000e+00	
1022	9.915000e-08	0.000000e+00	0.000000e+00	0.000000e+00	
1023	9.925000e-08	0.000000e+00	0.000000e+00	0.000000e+00	
1024	9.935000e-08	0.000000e+00	0.000000e+00	0.000000e+00	
1025	9.945000e-08	0.000000e+00	0.000000e+00	0.000000e+00	
1026	9.955000e-08	0.000000e+00	0.000000e+00	0.000000e+00	
1027	9.965000e-08	0.000000e+00	0.000000e+00	0.000000e+00	
1028	9.975000e-08	0.000000e+00	0.000000e+00	0.000000e+00	
1029	9.985000e-08	0.000000e+00	0.000000e+00	0.000000e+00	
1030	9.995000e-08	0.000000e+00	0.000000e+00	0.000000e+00	
1031	1.000000e-07	0.000000e+00	0.000000e+00	0.000000e+00	
1032	1.000100e-07	0.000000e+00	0.000000e+00	0.000000e+00	
1033	1.000300e-07	0.000000e+00	0.000000e+00	0.000000e+00	
1034	1.000700e-07	0.000000e+00	0.000000e+00	0.000000e+00	
1035	1.001500e-07	0.000000e+00	0.000000e+00	0.000000e+00	
1036	1.002500e-07	0.000000e+00	0.000000e+00	0.000000e+00	
1037	1.003500e-07	0.000000e+00	0.000000e+00	0.000000e+00	
1038	1.004500e-07	0.000000e+00	0.000000e+00	0.000000e+00	
1039	1.005500e-07	0.000000e+00	0.000000e+00	0.000000e+00	
1040	1.006500e-07	0.000000e+00	0.000000e+00	0.000000e+00	

Index   time            v(rfa)          v(drvg)         v(rga)          
--------------------------------------------------------------------------------
1041	1.007500e-07	0.000000e+00	0.000000e+00	0.000000e+00	
1042	1.008500e-07	0.000000e+00	0.000000e+00	0.000000e+00	
1043	1.009500e-07	0.000000e+00	0.000000e+00	0.000000e+00	
1044	1.010000e-07	0.000000e+00	0.000000e+00	0.000000e+00	
1045	1.010100e-07	0.000000e+00	0.000000e+00	0.000000e+00	
1046	1.010300e-07	0.000000e+00	0.000000e+00	0.000000e+00	
1047	1.010700e-07	0.000000e+00	0.000000e+00	0.000000e+00	
1048	1.011500e-07	0.000000e+00	0.000000e+00	0.000000e+00	
1049	1.012500e-07	0.000000e+00	0.000000e+00	0.000000e+00	
1050	1.013500e-07	0.000000e+00	0.000000e+00	0.000000e+00	
1051	1.014500e-07	0.000000e+00	0.000000e+00	0.000000e+00	
1052	1.015500e-07	0.000000e+00	0.000000e+00	0.000000e+00	
1053	1.016500e-07	0.000000e+00	0.000000e+00	0.000000e+00	
1054	1.017500e-07	0.000000e+00	0.000000e+00	0.000000e+00	
1055	1.018500e-07	0.000000e+00	0.000000e+00	0.000000e+00	
1056	1.019500e-07	0.000000e+00	0.000000e+00	0.000000e+00	
1057	1.020500e-07	0.000000e+00	0.000000e+00	0.000000e+00	
1058	1.021500e-07	0.000000e+00	0.000000e+00	0.000000e+00	
1059	1.022500e-07	0.000000e+00	0.000000e+00	0.000000e+00	
1060	1.023500e-07	0.000000e+00	0.000000e+00	0.000000e+00	
1061	1.024500e-07	0.000000e+00	0.000000e+00	0.000000e+00	
1062	1.025500e-07	0.000000e+00	0.000000e+00	0.000000e+00	
1063	1.026500e-07	0.000000e+00	0.000000e+00	0.000000e+00	
1064	1.027500e-07	0.000000e+00	0.000000e+00	0.000000e+00	
1065	1.028500e-07	0.000000e+00	0.000000e+00	0.000000e+00	
1066	1.029500e-07	0.000000e+00	0.000000e+00	0.000000e+00	
1067	1.030500e-07	0.000000e+00	0.000000e+00	0.000000e+00	
1068	1.031500e-07	0.000000e+00	0.000000e+00	0.000000e+00	
1069	1.032500e-07	0.000000e+00	0.000000e+00	0.000000e+00	
1070	1.033500e-07	0.000000e+00	0.000000e+00	0.000000e+00	
1071	1.034500e-07	0.000000e+00	0.000000e+00	0.000000e+00	
1072	1.035500e-07	0.000000e+00	0.000000e+00	0.000000e+00	
1073	1.036500e-07	0.000000e+00	0.000000e+00	0.000000e+00	
1074	1.037500e-07	0.000000e+00	0.000000e+00	0.000000e+00	
1075	1.038500e-07	0.000000e+00	0.000000e+00	0.000000e+00	
1076	1.039500e-07	0.000000e+00	0.000000e+00	0.000000e+00	
1077	1.040000e-07	0.000000e+00	0.000000e+00	0.000000e+00	
1078	1.040100e-07	0.000000e+00	0.000000e+00	0.000000e+00	
1079	1.040300e-07	0.000000e+00	0.000000e+00	0.000000e+00	
1080	1.040700e-07	0.000000e+00	0.000000e+00	0.000000e+00	
1081	1.041500e-07	0.000000e+00	0.000000e+00	0.000000e+00	
1082	1.042500e-07	0.000000e+00	0.000000e+00	0.000000e+00	
1083	1.043500e-07	0.000000e+00	0.000000e+00	0.000000e+00	
1084	1.044500e-07	0.000000e+00	0.000000e+00	0.000000e+00	
1085	1.045500e-07	0.000000e+00	0.000000e+00	0.000000e+00	
1086	1.046500e-07	0.000000e+00	0.000000e+00	0.000000e+00	
1087	1.047500e-07	0.000000e+00	0.000000e+00	0.000000e+00	
1088	1.048500e-07	0.000000e+00	0.000000e+00	0.000000e+00	
1089	1.049500e-07	0.000000e+00	0.000000e+00	0.000000e+00	
1090	1.050000e-07	0.000000e+00	0.000000e+00	0.000000e+00	
1091	1.050100e-07	0.000000e+00	0.000000e+00	0.000000e+00	
1092	1.050300e-07	0.000000e+00	0.000000e+00	0.000000e+00	
1093	1.050700e-07	0.000000e+00	0.000000e+00	0.000000e+00	
1094	1.051500e-07	0.000000e+00	0.000000e+00	0.000000e+00	
1095	1.052500e-07	0.000000e+00	0.000000e+00	0.000000e+00	
1096	1.053500e-07	0.000000e+00	0.000000e+00	0.000000e+00	
1097	1.054500e-07	0.000000e+00	0.000000e+00	0.000000e+00	
1098	1.055500e-07	0.000000e+00	0.000000e+00	0.000000e+00	

Index   time            v(rfa)          v(drvg)         v(rga)          
--------------------------------------------------------------------------------
1099	1.056500e-07	0.000000e+00	0.000000e+00	0.000000e+00	
1100	1.057500e-07	0.000000e+00	0.000000e+00	0.000000e+00	
1101	1.058500e-07	0.000000e+00	0.000000e+00	0.000000e+00	
1102	1.059500e-07	0.000000e+00	0.000000e+00	0.000000e+00	
1103	1.060000e-07	0.000000e+00	0.000000e+00	0.000000e+00	
1104	1.060100e-07	0.000000e+00	0.000000e+00	0.000000e+00	
1105	1.060300e-07	0.000000e+00	0.000000e+00	0.000000e+00	
1106	1.060700e-07	0.000000e+00	0.000000e+00	0.000000e+00	
1107	1.061500e-07	0.000000e+00	0.000000e+00	0.000000e+00	
1108	1.062500e-07	0.000000e+00	0.000000e+00	0.000000e+00	
1109	1.063500e-07	0.000000e+00	0.000000e+00	0.000000e+00	
1110	1.064500e-07	0.000000e+00	0.000000e+00	0.000000e+00	
1111	1.065500e-07	0.000000e+00	0.000000e+00	0.000000e+00	
1112	1.066500e-07	0.000000e+00	0.000000e+00	0.000000e+00	
1113	1.067500e-07	0.000000e+00	0.000000e+00	0.000000e+00	
1114	1.068500e-07	0.000000e+00	0.000000e+00	0.000000e+00	
1115	1.069500e-07	0.000000e+00	0.000000e+00	0.000000e+00	
1116	1.070500e-07	0.000000e+00	0.000000e+00	0.000000e+00	
1117	1.071500e-07	0.000000e+00	0.000000e+00	0.000000e+00	
1118	1.072500e-07	0.000000e+00	0.000000e+00	0.000000e+00	
1119	1.073500e-07	0.000000e+00	0.000000e+00	0.000000e+00	
1120	1.074500e-07	0.000000e+00	0.000000e+00	0.000000e+00	
1121	1.075500e-07	0.000000e+00	0.000000e+00	0.000000e+00	
1122	1.076500e-07	0.000000e+00	0.000000e+00	0.000000e+00	
1123	1.077500e-07	0.000000e+00	0.000000e+00	0.000000e+00	
1124	1.078500e-07	0.000000e+00	0.000000e+00	0.000000e+00	
1125	1.079500e-07	0.000000e+00	0.000000e+00	0.000000e+00	
1126	1.080500e-07	0.000000e+00	0.000000e+00	0.000000e+00	
1127	1.081500e-07	0.000000e+00	0.000000e+00	0.000000e+00	
1128	1.082500e-07	0.000000e+00	0.000000e+00	0.000000e+00	
1129	1.083500e-07	0.000000e+00	0.000000e+00	0.000000e+00	
1130	1.084500e-07	0.000000e+00	0.000000e+00	0.000000e+00	
1131	1.085500e-07	0.000000e+00	0.000000e+00	0.000000e+00	
1132	1.086500e-07	0.000000e+00	0.000000e+00	0.000000e+00	
1133	1.087500e-07	0.000000e+00	0.000000e+00	0.000000e+00	
1134	1.088500e-07	0.000000e+00	0.000000e+00	0.000000e+00	
1135	1.089500e-07	0.000000e+00	0.000000e+00	0.000000e+00	
1136	1.090000e-07	0.000000e+00	0.000000e+00	0.000000e+00	
1137	1.090100e-07	0.000000e+00	0.000000e+00	0.000000e+00	
1138	1.090300e-07	0.000000e+00	0.000000e+00	0.000000e+00	
1139	1.090700e-07	0.000000e+00	0.000000e+00	0.000000e+00	
1140	1.091500e-07	0.000000e+00	0.000000e+00	0.000000e+00	
1141	1.092500e-07	0.000000e+00	0.000000e+00	0.000000e+00	
1142	1.093500e-07	0.000000e+00	0.000000e+00	0.000000e+00	
1143	1.094500e-07	0.000000e+00	0.000000e+00	0.000000e+00	
1144	1.095500e-07	0.000000e+00	0.000000e+00	0.000000e+00	
1145	1.096500e-07	0.000000e+00	0.000000e+00	0.000000e+00	
1146	1.097500e-07	0.000000e+00	0.000000e+00	0.000000e+00	
1147	1.098500e-07	0.000000e+00	0.000000e+00	0.000000e+00	
1148	1.099500e-07	0.000000e+00	0.000000e+00	0.000000e+00	
1149	1.100000e-07	0.000000e+00	0.000000e+00	0.000000e+00	
1150	1.100100e-07	0.000000e+00	0.000000e+00	0.000000e+00	
1151	1.100300e-07	0.000000e+00	0.000000e+00	0.000000e+00	
1152	1.100700e-07	0.000000e+00	0.000000e+00	0.000000e+00	
1153	1.101500e-07	0.000000e+00	0.000000e+00	0.000000e+00	
1154	1.102500e-07	0.000000e+00	0.000000e+00	0.000000e+00	
1155	1.103500e-07	0.000000e+00	0.000000e+00	0.000000e+00	
1156	1.104500e-07	0.000000e+00	0.000000e+00	0.000000e+00	

Index   time            v(rfa)          v(drvg)         v(rga)          
--------------------------------------------------------------------------------
1157	1.105500e-07	0.000000e+00	0.000000e+00	0.000000e+00	
1158	1.106500e-07	0.000000e+00	0.000000e+00	0.000000e+00	
1159	1.107500e-07	0.000000e+00	0.000000e+00	0.000000e+00	
1160	1.108500e-07	0.000000e+00	0.000000e+00	0.000000e+00	
1161	1.109500e-07	0.000000e+00	0.000000e+00	0.000000e+00	
1162	1.110500e-07	0.000000e+00	0.000000e+00	0.000000e+00	
1163	1.111500e-07	0.000000e+00	0.000000e+00	0.000000e+00	
1164	1.112500e-07	0.000000e+00	0.000000e+00	0.000000e+00	
1165	1.113500e-07	0.000000e+00	0.000000e+00	0.000000e+00	
1166	1.114500e-07	0.000000e+00	0.000000e+00	0.000000e+00	
1167	1.115500e-07	0.000000e+00	0.000000e+00	0.000000e+00	
1168	1.116500e-07	0.000000e+00	0.000000e+00	0.000000e+00	
1169	1.117500e-07	0.000000e+00	0.000000e+00	0.000000e+00	
1170	1.118500e-07	0.000000e+00	0.000000e+00	0.000000e+00	
1171	1.119500e-07	0.000000e+00	0.000000e+00	0.000000e+00	
1172	1.120500e-07	0.000000e+00	0.000000e+00	0.000000e+00	
1173	1.121500e-07	0.000000e+00	0.000000e+00	0.000000e+00	
1174	1.122500e-07	0.000000e+00	0.000000e+00	0.000000e+00	
1175	1.123500e-07	0.000000e+00	0.000000e+00	0.000000e+00	
1176	1.124500e-07	0.000000e+00	0.000000e+00	0.000000e+00	
1177	1.125500e-07	0.000000e+00	0.000000e+00	0.000000e+00	
1178	1.126500e-07	0.000000e+00	0.000000e+00	0.000000e+00	
1179	1.127500e-07	0.000000e+00	0.000000e+00	0.000000e+00	
1180	1.128500e-07	0.000000e+00	0.000000e+00	0.000000e+00	
1181	1.129500e-07	0.000000e+00	0.000000e+00	0.000000e+00	
1182	1.130500e-07	0.000000e+00	0.000000e+00	0.000000e+00	
1183	1.131500e-07	0.000000e+00	0.000000e+00	0.000000e+00	
1184	1.132500e-07	0.000000e+00	0.000000e+00	0.000000e+00	
1185	1.133500e-07	0.000000e+00	0.000000e+00	0.000000e+00	
1186	1.134500e-07	0.000000e+00	0.000000e+00	0.000000e+00	
1187	1.135500e-07	0.000000e+00	0.000000e+00	0.000000e+00	
1188	1.136500e-07	0.000000e+00	0.000000e+00	0.000000e+00	
1189	1.137500e-07	0.000000e+00	0.000000e+00	0.000000e+00	
1190	1.138500e-07	0.000000e+00	0.000000e+00	0.000000e+00	
1191	1.139500e-07	0.000000e+00	0.000000e+00	0.000000e+00	
1192	1.140500e-07	0.000000e+00	0.000000e+00	0.000000e+00	
1193	1.141500e-07	0.000000e+00	0.000000e+00	0.000000e+00	
1194	1.142500e-07	0.000000e+00	0.000000e+00	0.000000e+00	
1195	1.143500e-07	0.000000e+00	0.000000e+00	0.000000e+00	
1196	1.144500e-07	0.000000e+00	0.000000e+00	0.000000e+00	
1197	1.145500e-07	0.000000e+00	0.000000e+00	0.000000e+00	
1198	1.146500e-07	0.000000e+00	0.000000e+00	0.000000e+00	
1199	1.147500e-07	0.000000e+00	0.000000e+00	0.000000e+00	
1200	1.148500e-07	0.000000e+00	0.000000e+00	0.000000e+00	
1201	1.149500e-07	0.000000e+00	0.000000e+00	0.000000e+00	
1202	1.150500e-07	0.000000e+00	0.000000e+00	0.000000e+00	
1203	1.151500e-07	0.000000e+00	0.000000e+00	0.000000e+00	
1204	1.152500e-07	0.000000e+00	0.000000e+00	0.000000e+00	
1205	1.153500e-07	0.000000e+00	0.000000e+00	0.000000e+00	
1206	1.154500e-07	0.000000e+00	0.000000e+00	0.000000e+00	
1207	1.155500e-07	0.000000e+00	0.000000e+00	0.000000e+00	
1208	1.156500e-07	0.000000e+00	0.000000e+00	0.000000e+00	
1209	1.157500e-07	0.000000e+00	0.000000e+00	0.000000e+00	
1210	1.158500e-07	0.000000e+00	0.000000e+00	0.000000e+00	
1211	1.159500e-07	0.000000e+00	0.000000e+00	0.000000e+00	
1212	1.160500e-07	0.000000e+00	0.000000e+00	0.000000e+00	
1213	1.161500e-07	0.000000e+00	0.000000e+00	0.000000e+00	
1214	1.162500e-07	0.000000e+00	0.000000e+00	0.000000e+00	

Index   time            v(rfa)          v(drvg)         v(rga)          
--------------------------------------------------------------------------------
1215	1.163500e-07	0.000000e+00	0.000000e+00	0.000000e+00	
1216	1.164500e-07	0.000000e+00	0.000000e+00	0.000000e+00	
1217	1.165500e-07	0.000000e+00	0.000000e+00	0.000000e+00	
1218	1.166500e-07	0.000000e+00	0.000000e+00	0.000000e+00	
1219	1.167500e-07	0.000000e+00	0.000000e+00	0.000000e+00	
1220	1.168500e-07	0.000000e+00	0.000000e+00	0.000000e+00	
1221	1.169500e-07	0.000000e+00	0.000000e+00	0.000000e+00	
1222	1.170500e-07	0.000000e+00	0.000000e+00	0.000000e+00	
1223	1.171500e-07	0.000000e+00	0.000000e+00	0.000000e+00	
1224	1.172500e-07	0.000000e+00	0.000000e+00	0.000000e+00	
1225	1.173500e-07	0.000000e+00	0.000000e+00	0.000000e+00	
1226	1.174500e-07	0.000000e+00	0.000000e+00	0.000000e+00	
1227	1.175500e-07	0.000000e+00	0.000000e+00	0.000000e+00	
1228	1.176500e-07	0.000000e+00	0.000000e+00	0.000000e+00	
1229	1.177500e-07	0.000000e+00	0.000000e+00	0.000000e+00	
1230	1.178500e-07	0.000000e+00	0.000000e+00	0.000000e+00	
1231	1.179500e-07	0.000000e+00	0.000000e+00	0.000000e+00	
1232	1.180500e-07	0.000000e+00	0.000000e+00	0.000000e+00	
1233	1.181500e-07	0.000000e+00	0.000000e+00	0.000000e+00	
1234	1.182500e-07	0.000000e+00	0.000000e+00	0.000000e+00	
1235	1.183500e-07	0.000000e+00	0.000000e+00	0.000000e+00	
1236	1.184500e-07	0.000000e+00	0.000000e+00	0.000000e+00	
1237	1.185500e-07	0.000000e+00	0.000000e+00	0.000000e+00	
1238	1.186500e-07	0.000000e+00	0.000000e+00	0.000000e+00	
1239	1.187500e-07	0.000000e+00	0.000000e+00	0.000000e+00	
1240	1.188500e-07	0.000000e+00	0.000000e+00	0.000000e+00	
1241	1.189500e-07	0.000000e+00	0.000000e+00	0.000000e+00	
1242	1.190500e-07	0.000000e+00	0.000000e+00	0.000000e+00	
1243	1.191500e-07	0.000000e+00	0.000000e+00	0.000000e+00	
1244	1.192500e-07	0.000000e+00	0.000000e+00	0.000000e+00	
1245	1.193500e-07	0.000000e+00	0.000000e+00	0.000000e+00	
1246	1.194500e-07	0.000000e+00	0.000000e+00	0.000000e+00	
1247	1.195500e-07	0.000000e+00	0.000000e+00	0.000000e+00	
1248	1.196500e-07	0.000000e+00	0.000000e+00	0.000000e+00	
1249	1.197500e-07	0.000000e+00	0.000000e+00	0.000000e+00	
1250	1.198500e-07	0.000000e+00	0.000000e+00	0.000000e+00	
1251	1.199500e-07	0.000000e+00	0.000000e+00	0.000000e+00	
1252	1.200000e-07	0.000000e+00	0.000000e+00	0.000000e+00	
1253	1.200100e-07	0.000000e+00	0.000000e+00	0.000000e+00	
1254	1.200300e-07	0.000000e+00	0.000000e+00	0.000000e+00	
1255	1.200700e-07	0.000000e+00	0.000000e+00	0.000000e+00	
1256	1.201200e-07	0.000000e+00	0.000000e+00	0.000000e+00	
1257	1.202000e-07	0.000000e+00	0.000000e+00	0.000000e+00	
1258	1.202100e-07	0.000000e+00	0.000000e+00	0.000000e+00	
1259	1.202300e-07	0.000000e+00	0.000000e+00	0.000000e+00	
1260	1.202699e-07	0.000000e+00	0.000000e+00	0.000000e+00	
1261	1.203499e-07	0.000000e+00	0.000000e+00	0.000000e+00	
1262	1.204499e-07	0.000000e+00	0.000000e+00	0.000000e+00	
1263	1.205499e-07	0.000000e+00	0.000000e+00	0.000000e+00	
1264	1.206499e-07	0.000000e+00	0.000000e+00	0.000000e+00	
1265	1.207499e-07	0.000000e+00	0.000000e+00	0.000000e+00	
1266	1.208499e-07	0.000000e+00	0.000000e+00	0.000000e+00	
1267	1.209499e-07	0.000000e+00	0.000000e+00	0.000000e+00	
1268	1.210499e-07	0.000000e+00	0.000000e+00	0.000000e+00	
1269	1.211499e-07	0.000000e+00	0.000000e+00	0.000000e+00	
1270	1.212000e-07	0.000000e+00	0.000000e+00	0.000000e+00	
1271	1.212100e-07	0.000000e+00	0.000000e+00	0.000000e+00	
1272	1.212300e-07	0.000000e+00	0.000000e+00	0.000000e+00	

Index   time            v(rfa)          v(drvg)         v(rga)          
--------------------------------------------------------------------------------
1273	1.212700e-07	0.000000e+00	0.000000e+00	0.000000e+00	
1274	1.213500e-07	0.000000e+00	0.000000e+00	0.000000e+00	
1275	1.214000e-07	0.000000e+00	0.000000e+00	0.000000e+00	
1276	1.214100e-07	0.000000e+00	0.000000e+00	0.000000e+00	
1277	1.214300e-07	0.000000e+00	0.000000e+00	0.000000e+00	
1278	1.214700e-07	0.000000e+00	0.000000e+00	0.000000e+00	
1279	1.215500e-07	0.000000e+00	0.000000e+00	0.000000e+00	
1280	1.216500e-07	0.000000e+00	0.000000e+00	0.000000e+00	
1281	1.217500e-07	0.000000e+00	0.000000e+00	0.000000e+00	
1282	1.218500e-07	0.000000e+00	0.000000e+00	0.000000e+00	
1283	1.219500e-07	0.000000e+00	0.000000e+00	0.000000e+00	
1284	1.220500e-07	0.000000e+00	0.000000e+00	0.000000e+00	
1285	1.221500e-07	0.000000e+00	0.000000e+00	0.000000e+00	
1286	1.222500e-07	0.000000e+00	0.000000e+00	0.000000e+00	
1287	1.223500e-07	0.000000e+00	0.000000e+00	0.000000e+00	
1288	1.224500e-07	0.000000e+00	0.000000e+00	0.000000e+00	
1289	1.225500e-07	0.000000e+00	0.000000e+00	0.000000e+00	
1290	1.226500e-07	0.000000e+00	0.000000e+00	0.000000e+00	
1291	1.227500e-07	0.000000e+00	0.000000e+00	0.000000e+00	
1292	1.228500e-07	0.000000e+00	0.000000e+00	0.000000e+00	
1293	1.229500e-07	0.000000e+00	0.000000e+00	0.000000e+00	
1294	1.230500e-07	0.000000e+00	0.000000e+00	0.000000e+00	
1295	1.231500e-07	0.000000e+00	0.000000e+00	0.000000e+00	
1296	1.232500e-07	0.000000e+00	0.000000e+00	0.000000e+00	
1297	1.233500e-07	0.000000e+00	0.000000e+00	0.000000e+00	
1298	1.234500e-07	0.000000e+00	0.000000e+00	0.000000e+00	
1299	1.235500e-07	0.000000e+00	0.000000e+00	0.000000e+00	
1300	1.236500e-07	0.000000e+00	0.000000e+00	0.000000e+00	
1301	1.237500e-07	0.000000e+00	0.000000e+00	0.000000e+00	
1302	1.238500e-07	0.000000e+00	0.000000e+00	0.000000e+00	
1303	1.239500e-07	0.000000e+00	0.000000e+00	0.000000e+00	
1304	1.240500e-07	0.000000e+00	0.000000e+00	0.000000e+00	
1305	1.241500e-07	0.000000e+00	0.000000e+00	0.000000e+00	
1306	1.242500e-07	0.000000e+00	0.000000e+00	0.000000e+00	
1307	1.243500e-07	0.000000e+00	0.000000e+00	0.000000e+00	
1308	1.244500e-07	0.000000e+00	0.000000e+00	0.000000e+00	
1309	1.245500e-07	0.000000e+00	0.000000e+00	0.000000e+00	
1310	1.246500e-07	0.000000e+00	0.000000e+00	0.000000e+00	
1311	1.247500e-07	0.000000e+00	0.000000e+00	0.000000e+00	
1312	1.248500e-07	0.000000e+00	0.000000e+00	0.000000e+00	
1313	1.249500e-07	0.000000e+00	0.000000e+00	0.000000e+00	
1314	1.250500e-07	0.000000e+00	0.000000e+00	0.000000e+00	
1315	1.251500e-07	0.000000e+00	0.000000e+00	0.000000e+00	
1316	1.252500e-07	0.000000e+00	0.000000e+00	0.000000e+00	
1317	1.253500e-07	0.000000e+00	0.000000e+00	0.000000e+00	
1318	1.254500e-07	0.000000e+00	0.000000e+00	0.000000e+00	
1319	1.255500e-07	0.000000e+00	0.000000e+00	0.000000e+00	
1320	1.256500e-07	0.000000e+00	0.000000e+00	0.000000e+00	
1321	1.257500e-07	0.000000e+00	0.000000e+00	0.000000e+00	
1322	1.258500e-07	0.000000e+00	0.000000e+00	0.000000e+00	
1323	1.259500e-07	0.000000e+00	0.000000e+00	0.000000e+00	
1324	1.260500e-07	0.000000e+00	0.000000e+00	0.000000e+00	
1325	1.261500e-07	0.000000e+00	0.000000e+00	0.000000e+00	
1326	1.262500e-07	0.000000e+00	0.000000e+00	0.000000e+00	
1327	1.263500e-07	0.000000e+00	0.000000e+00	0.000000e+00	
1328	1.264500e-07	0.000000e+00	0.000000e+00	0.000000e+00	
1329	1.265500e-07	0.000000e+00	0.000000e+00	0.000000e+00	
1330	1.266500e-07	0.000000e+00	0.000000e+00	0.000000e+00	

Index   time            v(rfa)          v(drvg)         v(rga)          
--------------------------------------------------------------------------------
1331	1.267500e-07	0.000000e+00	0.000000e+00	0.000000e+00	
1332	1.268500e-07	0.000000e+00	0.000000e+00	0.000000e+00	
1333	1.269500e-07	0.000000e+00	0.000000e+00	0.000000e+00	
1334	1.270500e-07	0.000000e+00	0.000000e+00	0.000000e+00	
1335	1.271500e-07	0.000000e+00	0.000000e+00	0.000000e+00	
1336	1.272500e-07	0.000000e+00	0.000000e+00	0.000000e+00	
1337	1.273500e-07	0.000000e+00	0.000000e+00	0.000000e+00	
1338	1.274500e-07	0.000000e+00	0.000000e+00	0.000000e+00	
1339	1.275500e-07	0.000000e+00	0.000000e+00	0.000000e+00	
1340	1.276500e-07	0.000000e+00	0.000000e+00	0.000000e+00	
1341	1.277500e-07	0.000000e+00	0.000000e+00	0.000000e+00	
1342	1.278500e-07	0.000000e+00	0.000000e+00	0.000000e+00	
1343	1.279500e-07	0.000000e+00	0.000000e+00	0.000000e+00	
1344	1.280500e-07	0.000000e+00	0.000000e+00	0.000000e+00	
1345	1.281500e-07	0.000000e+00	0.000000e+00	0.000000e+00	
1346	1.282500e-07	0.000000e+00	0.000000e+00	0.000000e+00	
1347	1.283500e-07	0.000000e+00	0.000000e+00	0.000000e+00	
1348	1.284500e-07	0.000000e+00	0.000000e+00	0.000000e+00	
1349	1.285500e-07	0.000000e+00	0.000000e+00	0.000000e+00	
1350	1.286500e-07	0.000000e+00	0.000000e+00	0.000000e+00	
1351	1.287500e-07	0.000000e+00	0.000000e+00	0.000000e+00	
1352	1.288500e-07	0.000000e+00	0.000000e+00	0.000000e+00	
1353	1.289500e-07	0.000000e+00	0.000000e+00	0.000000e+00	
1354	1.290500e-07	0.000000e+00	0.000000e+00	0.000000e+00	
1355	1.291500e-07	0.000000e+00	0.000000e+00	0.000000e+00	
1356	1.292500e-07	0.000000e+00	0.000000e+00	0.000000e+00	
1357	1.293500e-07	0.000000e+00	0.000000e+00	0.000000e+00	
1358	1.294500e-07	0.000000e+00	0.000000e+00	0.000000e+00	
1359	1.295500e-07	0.000000e+00	0.000000e+00	0.000000e+00	
1360	1.296500e-07	0.000000e+00	0.000000e+00	0.000000e+00	
1361	1.297500e-07	0.000000e+00	0.000000e+00	0.000000e+00	
1362	1.298500e-07	0.000000e+00	0.000000e+00	0.000000e+00	
1363	1.299500e-07	0.000000e+00	0.000000e+00	0.000000e+00	
1364	1.300500e-07	0.000000e+00	0.000000e+00	0.000000e+00	
1365	1.301500e-07	0.000000e+00	0.000000e+00	0.000000e+00	
1366	1.302500e-07	0.000000e+00	0.000000e+00	0.000000e+00	
1367	1.303500e-07	0.000000e+00	0.000000e+00	0.000000e+00	
1368	1.304500e-07	0.000000e+00	0.000000e+00	0.000000e+00	
1369	1.305500e-07	0.000000e+00	0.000000e+00	0.000000e+00	
1370	1.306500e-07	0.000000e+00	0.000000e+00	0.000000e+00	
1371	1.307500e-07	0.000000e+00	0.000000e+00	0.000000e+00	
1372	1.308500e-07	0.000000e+00	0.000000e+00	0.000000e+00	
1373	1.309500e-07	0.000000e+00	0.000000e+00	0.000000e+00	
1374	1.310500e-07	0.000000e+00	0.000000e+00	0.000000e+00	
1375	1.311500e-07	0.000000e+00	0.000000e+00	0.000000e+00	
1376	1.312500e-07	0.000000e+00	0.000000e+00	0.000000e+00	
1377	1.313500e-07	0.000000e+00	0.000000e+00	0.000000e+00	
1378	1.314500e-07	0.000000e+00	0.000000e+00	0.000000e+00	
1379	1.315500e-07	0.000000e+00	0.000000e+00	0.000000e+00	
1380	1.316500e-07	0.000000e+00	0.000000e+00	0.000000e+00	
1381	1.317500e-07	0.000000e+00	0.000000e+00	0.000000e+00	
1382	1.318500e-07	0.000000e+00	0.000000e+00	0.000000e+00	
1383	1.319500e-07	0.000000e+00	0.000000e+00	0.000000e+00	
1384	1.320500e-07	0.000000e+00	0.000000e+00	0.000000e+00	
1385	1.321500e-07	0.000000e+00	0.000000e+00	0.000000e+00	
1386	1.322500e-07	0.000000e+00	0.000000e+00	0.000000e+00	
1387	1.323500e-07	0.000000e+00	0.000000e+00	0.000000e+00	
1388	1.324500e-07	0.000000e+00	0.000000e+00	0.000000e+00	

Index   time            v(rfa)          v(drvg)         v(rga)          
--------------------------------------------------------------------------------
1389	1.325500e-07	0.000000e+00	0.000000e+00	0.000000e+00	
1390	1.326500e-07	0.000000e+00	0.000000e+00	0.000000e+00	
1391	1.327500e-07	0.000000e+00	0.000000e+00	0.000000e+00	
1392	1.328500e-07	0.000000e+00	0.000000e+00	0.000000e+00	
1393	1.329500e-07	0.000000e+00	0.000000e+00	0.000000e+00	
1394	1.330500e-07	0.000000e+00	0.000000e+00	0.000000e+00	
1395	1.331500e-07	0.000000e+00	0.000000e+00	0.000000e+00	
1396	1.332500e-07	0.000000e+00	0.000000e+00	0.000000e+00	
1397	1.333500e-07	0.000000e+00	0.000000e+00	0.000000e+00	
1398	1.334500e-07	0.000000e+00	0.000000e+00	0.000000e+00	
1399	1.335500e-07	0.000000e+00	0.000000e+00	0.000000e+00	
1400	1.336500e-07	0.000000e+00	0.000000e+00	0.000000e+00	
1401	1.337500e-07	0.000000e+00	0.000000e+00	0.000000e+00	
1402	1.338500e-07	0.000000e+00	0.000000e+00	0.000000e+00	
1403	1.339500e-07	0.000000e+00	0.000000e+00	0.000000e+00	
1404	1.340500e-07	0.000000e+00	0.000000e+00	0.000000e+00	
1405	1.341500e-07	0.000000e+00	0.000000e+00	0.000000e+00	
1406	1.342500e-07	0.000000e+00	0.000000e+00	0.000000e+00	
1407	1.343500e-07	0.000000e+00	0.000000e+00	0.000000e+00	
1408	1.344500e-07	0.000000e+00	0.000000e+00	0.000000e+00	
1409	1.345500e-07	0.000000e+00	0.000000e+00	0.000000e+00	
1410	1.346500e-07	0.000000e+00	0.000000e+00	0.000000e+00	
1411	1.347500e-07	0.000000e+00	0.000000e+00	0.000000e+00	
1412	1.348500e-07	0.000000e+00	0.000000e+00	0.000000e+00	
1413	1.349500e-07	0.000000e+00	0.000000e+00	0.000000e+00	
1414	1.350500e-07	0.000000e+00	0.000000e+00	0.000000e+00	
1415	1.351500e-07	0.000000e+00	0.000000e+00	0.000000e+00	
1416	1.352500e-07	0.000000e+00	0.000000e+00	0.000000e+00	
1417	1.353500e-07	0.000000e+00	0.000000e+00	0.000000e+00	
1418	1.354500e-07	0.000000e+00	0.000000e+00	0.000000e+00	
1419	1.355500e-07	0.000000e+00	0.000000e+00	0.000000e+00	
1420	1.356500e-07	0.000000e+00	0.000000e+00	0.000000e+00	
1421	1.357500e-07	0.000000e+00	0.000000e+00	0.000000e+00	
1422	1.358500e-07	0.000000e+00	0.000000e+00	0.000000e+00	
1423	1.359500e-07	0.000000e+00	0.000000e+00	0.000000e+00	
1424	1.360500e-07	0.000000e+00	0.000000e+00	0.000000e+00	
1425	1.361500e-07	0.000000e+00	0.000000e+00	0.000000e+00	
1426	1.362500e-07	0.000000e+00	0.000000e+00	0.000000e+00	
1427	1.363500e-07	0.000000e+00	0.000000e+00	0.000000e+00	
1428	1.364500e-07	0.000000e+00	0.000000e+00	0.000000e+00	
1429	1.365500e-07	0.000000e+00	0.000000e+00	0.000000e+00	
1430	1.366500e-07	0.000000e+00	0.000000e+00	0.000000e+00	
1431	1.367500e-07	0.000000e+00	0.000000e+00	0.000000e+00	
1432	1.368500e-07	0.000000e+00	0.000000e+00	0.000000e+00	
1433	1.369500e-07	0.000000e+00	0.000000e+00	0.000000e+00	
1434	1.370500e-07	0.000000e+00	0.000000e+00	0.000000e+00	
1435	1.371500e-07	0.000000e+00	0.000000e+00	0.000000e+00	
1436	1.372500e-07	0.000000e+00	0.000000e+00	0.000000e+00	
1437	1.373500e-07	0.000000e+00	0.000000e+00	0.000000e+00	
1438	1.374500e-07	0.000000e+00	0.000000e+00	0.000000e+00	
1439	1.375500e-07	0.000000e+00	0.000000e+00	0.000000e+00	
1440	1.376500e-07	0.000000e+00	0.000000e+00	0.000000e+00	
1441	1.377500e-07	0.000000e+00	0.000000e+00	0.000000e+00	
1442	1.378500e-07	0.000000e+00	0.000000e+00	0.000000e+00	
1443	1.379500e-07	0.000000e+00	0.000000e+00	0.000000e+00	
1444	1.380500e-07	0.000000e+00	0.000000e+00	0.000000e+00	
1445	1.381500e-07	0.000000e+00	0.000000e+00	0.000000e+00	
1446	1.382500e-07	0.000000e+00	0.000000e+00	0.000000e+00	

Index   time            v(rfa)          v(drvg)         v(rga)          
--------------------------------------------------------------------------------
1447	1.383500e-07	0.000000e+00	0.000000e+00	0.000000e+00	
1448	1.384500e-07	0.000000e+00	0.000000e+00	0.000000e+00	
1449	1.385500e-07	0.000000e+00	0.000000e+00	0.000000e+00	
1450	1.386500e-07	0.000000e+00	0.000000e+00	0.000000e+00	
1451	1.387500e-07	0.000000e+00	0.000000e+00	0.000000e+00	
1452	1.388500e-07	0.000000e+00	0.000000e+00	0.000000e+00	
1453	1.389500e-07	0.000000e+00	0.000000e+00	0.000000e+00	
1454	1.390500e-07	0.000000e+00	0.000000e+00	0.000000e+00	
1455	1.391500e-07	0.000000e+00	0.000000e+00	0.000000e+00	
1456	1.392500e-07	0.000000e+00	0.000000e+00	0.000000e+00	
1457	1.393500e-07	0.000000e+00	0.000000e+00	0.000000e+00	
1458	1.394500e-07	0.000000e+00	0.000000e+00	0.000000e+00	
1459	1.395500e-07	0.000000e+00	0.000000e+00	0.000000e+00	
1460	1.396500e-07	0.000000e+00	0.000000e+00	0.000000e+00	
1461	1.397500e-07	0.000000e+00	0.000000e+00	0.000000e+00	
1462	1.398500e-07	0.000000e+00	0.000000e+00	0.000000e+00	
1463	1.399500e-07	0.000000e+00	0.000000e+00	0.000000e+00	
1464	1.400000e-07	0.000000e+00	0.000000e+00	0.000000e+00	
1465	1.400100e-07	1.817567e-04	0.000000e+00	0.000000e+00	
1466	1.400300e-07	8.883184e-04	0.000000e+00	0.000000e+00	
1467	1.400700e-07	4.147511e-03	0.000000e+00	0.000000e+00	
1468	1.401203e-07	1.122350e-02	0.000000e+00	0.000000e+00	
1469	1.402000e-07	2.766974e-02	0.000000e+00	0.000000e+00	
1470	1.402100e-07	2.997624e-02	0.000000e+00	0.000000e+00	
1471	1.402300e-07	3.437058e-02	0.000000e+00	0.000000e+00	
1472	1.402700e-07	4.192974e-02	0.000000e+00	0.000000e+00	
1473	1.403500e-07	5.337559e-02	0.000000e+00	0.000000e+00	
1474	1.404500e-07	6.311533e-02	0.000000e+00	0.000000e+00	
1475	1.405500e-07	6.993191e-02	0.000000e+00	0.000000e+00	
1476	1.406500e-07	8.293158e-02	0.000000e+00	0.000000e+00	
1477	1.407500e-07	1.163559e-01	0.000000e+00	0.000000e+00	
1478	1.408500e-07	1.612452e-01	0.000000e+00	0.000000e+00	
1479	1.409500e-07	2.018815e-01	0.000000e+00	0.000000e+00	
1480	1.410500e-07	2.379562e-01	0.000000e+00	0.000000e+00	
1481	1.411500e-07	2.699028e-01	0.000000e+00	0.000000e+00	
1482	1.412000e-07	2.844231e-01	0.000000e+00	0.000000e+00	
1483	1.412100e-07	2.869505e-01	0.000000e+00	0.000000e+00	
1484	1.412300e-07	2.913944e-01	0.000000e+00	0.000000e+00	
1485	1.412700e-07	2.963965e-01	0.000000e+00	0.000000e+00	
1486	1.413500e-07	2.906981e-01	0.000000e+00	0.000000e+00	
1487	1.414000e-07	2.769930e-01	0.000000e+00	0.000000e+00	
1488	1.414100e-07	2.734922e-01	0.000000e+00	0.000000e+00	
1489	1.414300e-07	2.664801e-01	0.000000e+00	0.000000e+00	
1490	1.414700e-07	2.526857e-01	0.000000e+00	0.000000e+00	
1491	1.415500e-07	2.271145e-01	0.000000e+00	0.000000e+00	
1492	1.416500e-07	1.991934e-01	0.000000e+00	0.000000e+00	
1493	1.417500e-07	1.751607e-01	0.000000e+00	0.000000e+00	
1494	1.418500e-07	1.543314e-01	0.000000e+00	0.000000e+00	
1495	1.419500e-07	1.362096e-01	0.000000e+00	0.000000e+00	
1496	1.420500e-07	1.203994e-01	0.000000e+00	0.000000e+00	
1497	1.421500e-07	1.065777e-01	0.000000e+00	0.000000e+00	
1498	1.422500e-07	9.447544e-02	0.000000e+00	0.000000e+00	
1499	1.423500e-07	8.386450e-02	0.000000e+00	0.000000e+00	
1500	1.424500e-07	7.455003e-02	0.000000e+00	0.000000e+00	
1501	1.425500e-07	6.636442e-02	0.000000e+00	0.000000e+00	
1502	1.426500e-07	5.916296e-02	0.000000e+00	0.000000e+00	
1503	1.427500e-07	5.282041e-02	0.000000e+00	0.000000e+00	
1504	1.428500e-07	4.722813e-02	0.000000e+00	0.000000e+00	

Index   time            v(rfa)          v(drvg)         v(rga)          
--------------------------------------------------------------------------------
1505	1.429500e-07	4.229182e-02	0.000000e+00	0.000000e+00	
1506	1.430500e-07	3.792951e-02	0.000000e+00	0.000000e+00	
1507	1.431500e-07	3.406991e-02	0.000000e+00	0.000000e+00	
1508	1.432500e-07	3.065098e-02	0.000000e+00	0.000000e+00	
1509	1.433500e-07	2.761865e-02	0.000000e+00	0.000000e+00	
1510	1.434500e-07	2.492582e-02	0.000000e+00	0.000000e+00	
1511	1.435500e-07	2.253142e-02	0.000000e+00	0.000000e+00	
1512	1.436500e-07	2.039957e-02	0.000000e+00	0.000000e+00	
1513	1.437500e-07	1.849897e-02	0.000000e+00	0.000000e+00	
1514	1.438500e-07	1.680224e-02	0.000000e+00	0.000000e+00	
1515	1.439500e-07	1.528544e-02	0.000000e+00	0.000000e+00	
1516	1.440500e-07	1.392762e-02	0.000000e+00	0.000000e+00	
1517	1.441500e-07	1.271041e-02	0.000000e+00	0.000000e+00	
1518	1.442500e-07	1.161771e-02	0.000000e+00	0.000000e+00	
1519	1.443500e-07	1.063540e-02	0.000000e+00	0.000000e+00	
1520	1.444500e-07	9.751068e-03	0.000000e+00	0.000000e+00	
1521	1.445500e-07	8.953804e-03	0.000000e+00	0.000000e+00	
1522	1.446500e-07	8.234007e-03	0.000000e+00	0.000000e+00	
1523	1.447500e-07	7.583219e-03	0.000000e+00	0.000000e+00	
1524	1.448500e-07	6.993981e-03	0.000000e+00	0.000000e+00	
1525	1.449500e-07	6.459711e-03	0.000000e+00	0.000000e+00	
1526	1.450500e-07	5.974593e-03	0.000000e+00	0.000000e+00	
1527	1.451500e-07	5.533480e-03	0.000000e+00	0.000000e+00	
1528	1.452500e-07	5.131817e-03	0.000000e+00	0.000000e+00	
1529	1.453500e-07	4.765566e-03	0.000000e+00	0.000000e+00	
1530	1.454500e-07	4.431140e-03	0.000000e+00	0.000000e+00	
1531	1.455500e-07	4.125356e-03	0.000000e+00	0.000000e+00	
1532	1.456500e-07	3.845381e-03	0.000000e+00	0.000000e+00	
1533	1.457500e-07	3.588691e-03	0.000000e+00	0.000000e+00	
1534	1.458500e-07	3.353038e-03	0.000000e+00	0.000000e+00	
1535	1.459500e-07	3.136415e-03	0.000000e+00	0.000000e+00	
1536	1.460500e-07	2.937026e-03	0.000000e+00	0.000000e+00	
1537	1.461500e-07	2.753268e-03	0.000000e+00	0.000000e+00	
1538	1.462500e-07	2.583701e-03	0.000000e+00	0.000000e+00	
1539	1.463500e-07	2.427037e-03	0.000000e+00	0.000000e+00	
1540	1.464500e-07	2.282118e-03	0.000000e+00	0.000000e+00	
1541	1.465500e-07	2.147902e-03	0.000000e+00	0.000000e+00	
1542	1.466500e-07	2.023454e-03	0.000000e+00	0.000000e+00	
1543	1.467500e-07	1.907928e-03	0.000000e+00	0.000000e+00	
1544	1.468500e-07	1.800565e-03	0.000000e+00	0.000000e+00	
1545	1.469500e-07	1.700676e-03	0.000000e+00	0.000000e+00	
1546	1.470500e-07	1.607639e-03	0.000000e+00	0.000000e+00	
1547	1.471500e-07	1.520892e-03	0.000000e+00	0.000000e+00	
1548	1.472500e-07	1.439924e-03	0.000000e+00	0.000000e+00	
1549	1.473500e-07	1.364273e-03	0.000000e+00	0.000000e+00	
1550	1.474500e-07	1.293518e-03	0.000000e+00	0.000000e+00	
1551	1.475500e-07	1.227277e-03	0.000000e+00	0.000000e+00	
1552	1.476500e-07	1.165203e-03	0.000000e+00	0.000000e+00	
1553	1.477500e-07	1.106977e-03	0.000000e+00	0.000000e+00	
1554	1.478500e-07	1.052311e-03	0.000000e+00	0.000000e+00	
1555	1.479500e-07	1.000940e-03	0.000000e+00	0.000000e+00	
1556	1.480500e-07	9.526234e-04	0.000000e+00	0.000000e+00	
1557	1.481500e-07	9.071397e-04	0.000000e+00	0.000000e+00	
1558	1.482500e-07	8.642864e-04	0.000000e+00	0.000000e+00	
1559	1.483500e-07	8.238777e-04	0.000000e+00	0.000000e+00	
1560	1.484500e-07	7.857434e-04	0.000000e+00	0.000000e+00	
1561	1.485500e-07	7.497266e-04	0.000000e+00	0.000000e+00	
1562	1.486500e-07	7.156833e-04	0.000000e+00	0.000000e+00	

Index   time            v(rfa)          v(drvg)         v(rga)          
--------------------------------------------------------------------------------
1563	1.487500e-07	6.834810e-04	0.000000e+00	0.000000e+00	
1564	1.488500e-07	6.529973e-04	0.000000e+00	0.000000e+00	
1565	1.489500e-07	6.241196e-04	0.000000e+00	0.000000e+00	
1566	1.490500e-07	5.967438e-04	0.000000e+00	0.000000e+00	
1567	1.491500e-07	5.707738e-04	0.000000e+00	0.000000e+00	
1568	1.492500e-07	5.461205e-04	0.000000e+00	0.000000e+00	
1569	1.493500e-07	5.227016e-04	0.000000e+00	0.000000e+00	
1570	1.494500e-07	5.004409e-04	0.000000e+00	0.000000e+00	
1571	1.495500e-07	4.792677e-04	0.000000e+00	0.000000e+00	
1572	1.496500e-07	4.591164e-04	0.000000e+00	0.000000e+00	
1573	1.497500e-07	4.399258e-04	0.000000e+00	0.000000e+00	
1574	1.498500e-07	4.216395e-04	0.000000e+00	0.000000e+00	
1575	1.499500e-07	4.042047e-04	0.000000e+00	0.000000e+00	
1576	1.500500e-07	3.875723e-04	0.000000e+00	0.000000e+00	
1577	1.501500e-07	3.716966e-04	0.000000e+00	0.000000e+00	
1578	1.502500e-07	3.565349e-04	0.000000e+00	0.000000e+00	
1579	1.503500e-07	3.420476e-04	0.000000e+00	0.000000e+00	
1580	1.504500e-07	3.281974e-04	0.000000e+00	0.000000e+00	
1581	1.505500e-07	3.149496e-04	0.000000e+00	0.000000e+00	
1582	1.506500e-07	3.022717e-04	0.000000e+00	0.000000e+00	
1583	1.507500e-07	2.901335e-04	0.000000e+00	0.000000e+00	
1584	1.508500e-07	2.785064e-04	0.000000e+00	0.000000e+00	
1585	1.509500e-07	2.673639e-04	0.000000e+00	0.000000e+00	
1586	1.510500e-07	2.566808e-04	0.000000e+00	0.000000e+00	
1587	1.511500e-07	2.464338e-04	0.000000e+00	0.000000e+00	
1588	1.512500e-07	2.366009e-04	0.000000e+00	0.000000e+00	
1589	1.513500e-07	2.271614e-04	0.000000e+00	0.000000e+00	
1590	1.514500e-07	2.180957e-04	0.000000e+00	0.000000e+00	
1591	1.515500e-07	2.093858e-04	0.000000e+00	0.000000e+00	
1592	1.516500e-07	2.010143e-04	0.000000e+00	0.000000e+00	
1593	1.517500e-07	1.929651e-04	0.000000e+00	0.000000e+00	
1594	1.518500e-07	1.852228e-04	0.000000e+00	0.000000e+00	
1595	1.519500e-07	1.777732e-04	0.000000e+00	0.000000e+00	
1596	1.520500e-07	1.706025e-04	0.000000e+00	0.000000e+00	
1597	1.521500e-07	1.636981e-04	0.000000e+00	0.000000e+00	
1598	1.522500e-07	1.570477e-04	0.000000e+00	0.000000e+00	
1599	1.523500e-07	1.506400e-04	0.000000e+00	0.000000e+00	
1600	1.524500e-07	1.444642e-04	0.000000e+00	0.000000e+00	
1601	1.525500e-07	1.385100e-04	0.000000e+00	0.000000e+00	
1602	1.526500e-07	1.327678e-04	0.000000e+00	0.000000e+00	
1603	1.527500e-07	1.272285e-04	0.000000e+00	0.000000e+00	
1604	1.528500e-07	1.218832e-04	0.000000e+00	0.000000e+00	
1605	1.529500e-07	1.167239e-04	0.000000e+00	0.000000e+00	
1606	1.530500e-07	1.117428e-04	0.000000e+00	0.000000e+00	
1607	1.531500e-07	1.069324e-04	0.000000e+00	0.000000e+00	
1608	1.532500e-07	1.022858e-04	0.000000e+00	0.000000e+00	
1609	1.533500e-07	9.779623e-05	0.000000e+00	0.000000e+00	
1610	1.534500e-07	9.345746e-05	0.000000e+00	0.000000e+00	
1611	1.535500e-07	8.926347e-05	0.000000e+00	0.000000e+00	
1612	1.536500e-07	8.520855e-05	0.000000e+00	0.000000e+00	
1613	1.537500e-07	8.128728e-05	0.000000e+00	0.000000e+00	
1614	1.538500e-07	7.749448e-05	0.000000e+00	0.000000e+00	
1615	1.539500e-07	7.382527e-05	0.000000e+00	0.000000e+00	
1616	1.540500e-07	7.027495e-05	0.000000e+00	0.000000e+00	
1617	1.541500e-07	6.683908e-05	0.000000e+00	0.000000e+00	
1618	1.542500e-07	6.351342e-05	0.000000e+00	0.000000e+00	
1619	1.543500e-07	6.029394e-05	0.000000e+00	0.000000e+00	
1620	1.544500e-07	5.717677e-05	0.000000e+00	0.000000e+00	

Index   time            v(rfa)          v(drvg)         v(rga)          
--------------------------------------------------------------------------------
1621	1.545500e-07	5.415824e-05	0.000000e+00	0.000000e+00	
1622	1.546500e-07	5.123486e-05	0.000000e+00	0.000000e+00	
1623	1.547500e-07	4.840328e-05	0.000000e+00	0.000000e+00	
1624	1.548500e-07	4.566031e-05	0.000000e+00	0.000000e+00	
1625	1.549500e-07	4.300291e-05	0.000000e+00	0.000000e+00	
1626	1.550500e-07	4.042816e-05	0.000000e+00	0.000000e+00	
1627	1.551500e-07	3.793329e-05	0.000000e+00	0.000000e+00	
1628	1.552500e-07	3.551564e-05	0.000000e+00	0.000000e+00	
1629	1.553500e-07	3.317268e-05	0.000000e+00	0.000000e+00	
1630	1.554500e-07	3.090198e-05	0.000000e+00	0.000000e+00	
1631	1.555500e-07	2.870123e-05	0.000000e+00	0.000000e+00	
1632	1.556500e-07	2.656820e-05	0.000000e+00	0.000000e+00	
1633	1.557500e-07	2.450077e-05	0.000000e+00	0.000000e+00	
1634	1.558500e-07	2.249691e-05	0.000000e+00	0.000000e+00	
1635	1.559500e-07	2.055469e-05	0.000000e+00	0.000000e+00	
1636	1.560500e-07	1.867224e-05	0.000000e+00	0.000000e+00	
1637	1.561500e-07	1.684778e-05	0.000000e+00	0.000000e+00	
1638	1.562500e-07	1.507962e-05	0.000000e+00	0.000000e+00	
1639	1.563500e-07	1.336611e-05	0.000000e+00	0.000000e+00	
1640	1.564500e-07	1.170570e-05	0.000000e+00	0.000000e+00	
1641	1.565500e-07	1.009689e-05	0.000000e+00	0.000000e+00	
1642	1.566500e-07	8.538246e-06	0.000000e+00	0.000000e+00	
1643	1.567500e-07	7.028403e-06	0.000000e+00	0.000000e+00	
1644	1.568500e-07	5.566042e-06	0.000000e+00	0.000000e+00	
1645	1.569500e-07	4.149907e-06	0.000000e+00	0.000000e+00	
1646	1.570500e-07	2.778791e-06	0.000000e+00	0.000000e+00	
1647	1.571500e-07	1.451539e-06	0.000000e+00	0.000000e+00	
1648	1.572500e-07	1.670475e-07	0.000000e+00	0.000000e+00	
1649	1.573500e-07	-1.07574e-06	0.000000e+00	0.000000e+00	
1650	1.574500e-07	-2.27785e-06	0.000000e+00	0.000000e+00	
1651	1.575500e-07	-3.44024e-06	0.000000e+00	0.000000e+00	
1652	1.576500e-07	-4.56384e-06	0.000000e+00	0.000000e+00	
1653	1.577500e-07	-5.64954e-06	0.000000e+00	0.000000e+00	
1654	1.578500e-07	-6.69819e-06	0.000000e+00	0.000000e+00	
1655	1.579500e-07	-7.71061e-06	0.000000e+00	0.000000e+00	
1656	1.580500e-07	-8.68757e-06	0.000000e+00	0.000000e+00	
1657	1.581500e-07	-9.62981e-06	0.000000e+00	0.000000e+00	
1658	1.582500e-07	-1.05381e-05	0.000000e+00	0.000000e+00	
1659	1.583500e-07	-1.14130e-05	0.000000e+00	0.000000e+00	
1660	1.584500e-07	-1.22552e-05	0.000000e+00	0.000000e+00	
1661	1.585500e-07	-1.30654e-05	0.000000e+00	0.000000e+00	
1662	1.586500e-07	-1.38441e-05	0.000000e+00	0.000000e+00	
1663	1.587500e-07	-1.45919e-05	0.000000e+00	0.000000e+00	
1664	1.588500e-07	-1.53093e-05	0.000000e+00	0.000000e+00	
1665	1.589500e-07	-1.59968e-05	0.000000e+00	0.000000e+00	
1666	1.590500e-07	-1.66549e-05	0.000000e+00	0.000000e+00	
1667	1.591500e-07	-1.72841e-05	0.000000e+00	0.000000e+00	
1668	1.592500e-07	-1.78847e-05	0.000000e+00	0.000000e+00	
1669	1.593500e-07	-1.84573e-05	0.000000e+00	0.000000e+00	
1670	1.594500e-07	-1.90021e-05	0.000000e+00	0.000000e+00	
1671	1.595500e-07	-1.95196e-05	0.000000e+00	0.000000e+00	
1672	1.596500e-07	-2.00100e-05	0.000000e+00	0.000000e+00	
1673	1.597500e-07	-2.04737e-05	0.000000e+00	0.000000e+00	
1674	1.598500e-07	-2.09111e-05	0.000000e+00	0.000000e+00	
1675	1.599500e-07	-2.13222e-05	0.000000e+00	0.000000e+00	
1676	1.600000e-07	-2.15181e-05	0.000000e+00	0.000000e+00	
1677	1.600100e-07	-2.15564e-05	5.395008e-03	2.386100e-04	
1678	1.600300e-07	-2.16324e-05	1.696592e-02	1.170709e-03	

Index   time            v(rfa)          v(drvg)         v(rga)          
--------------------------------------------------------------------------------
1679	1.600700e-07	-2.17814e-05	4.469372e-02	5.524263e-03	
1680	1.601209e-07	-2.19652e-05	8.854904e-02	1.519646e-02	
1681	1.602000e-07	-2.22374e-05	1.748214e-01	3.758983e-02	
1682	1.602100e-07	-2.22705e-05	1.820573e-01	4.081378e-02	
1683	1.602300e-07	-2.23364e-05	1.964165e-01	4.697128e-02	
1684	1.602700e-07	-2.24650e-05	2.244989e-01	5.779930e-02	
1685	1.603500e-07	-2.27102e-05	2.785768e-01	7.486496e-02	
1686	1.604500e-07	-2.29942e-05	3.432354e-01	8.992316e-02	
1687	1.605500e-07	-2.32532e-05	4.055986e-01	1.005517e-01	
1688	1.606500e-07	-2.34874e-05	4.663562e-01	1.085043e-01	
1689	1.607500e-07	-2.36969e-05	5.257601e-01	1.154401e-01	
1690	1.608500e-07	-2.38819e-05	5.805358e-01	1.350684e-01	
1691	1.609500e-07	-2.40424e-05	6.278254e-01	1.707157e-01	
1692	1.610500e-07	-2.41785e-05	6.690708e-01	2.072177e-01	
1693	1.611500e-07	-2.42902e-05	7.054979e-01	2.397653e-01	
1694	1.612000e-07	-2.43369e-05	7.220616e-01	2.547705e-01	
1695	1.612100e-07	-2.43454e-05	7.198483e-01	2.573470e-01	
1696	1.612300e-07	-2.43619e-05	7.145861e-01	2.618449e-01	
1697	1.612700e-07	-2.43920e-05	6.992441e-01	2.668623e-01	
1698	1.613500e-07	-2.44405e-05	6.509428e-01	2.614845e-01	
1699	1.614000e-07	-2.44630e-05	6.097024e-01	2.482879e-01	
1700	1.614100e-07	-2.44667e-05	6.057470e-01	2.449595e-01	
1701	1.614300e-07	-2.44738e-05	5.980031e-01	2.383612e-01	
1702	1.614700e-07	-2.44858e-05	5.834373e-01	2.256499e-01	
1703	1.615500e-07	-2.45033e-05	5.574023e-01	2.025983e-01	
1704	1.616500e-07	-2.45165e-05	5.295631e-01	1.779841e-01	
1705	1.617500e-07	-2.45235e-05	5.058104e-01	1.571819e-01	
1706	1.618500e-07	-2.45268e-05	4.852606e-01	1.393478e-01	
1707	1.619500e-07	-2.45279e-05	4.672956e-01	1.238980e-01	
1708	1.620500e-07	-2.45277e-05	4.514688e-01	1.104110e-01	
1709	1.621500e-07	-2.45267e-05	4.374458e-01	9.857148e-02	
1710	1.622500e-07	-2.45253e-05	4.249679e-01	8.813566e-02	
1711	1.623500e-07	-2.45236e-05	4.138287e-01	7.890932e-02	
1712	1.624500e-07	-2.45217e-05	4.038592e-01	7.073370e-02	
1713	1.625500e-07	-2.45197e-05	3.949181e-01	6.347639e-02	
1714	1.626500e-07	-2.45177e-05	3.868853e-01	5.702510e-02	
1715	1.627500e-07	-2.45156e-05	3.796575e-01	5.128353e-02	
1716	1.628500e-07	-2.45135e-05	3.731449e-01	4.616832e-02	
1717	1.629500e-07	-2.45114e-05	3.672692e-01	4.160688e-02	
1718	1.630500e-07	-2.45093e-05	3.619615e-01	3.753568e-02	
1719	1.631500e-07	-2.45072e-05	3.571610e-01	3.389896e-02	
1720	1.632500e-07	-2.45051e-05	3.528140e-01	3.064765e-02	
1721	1.633500e-07	-2.45030e-05	3.488730e-01	2.773849e-02	
1722	1.634500e-07	-2.45009e-05	3.452957e-01	2.513330e-02	
1723	1.635500e-07	-2.44988e-05	3.420447e-01	2.279835e-02	
1724	1.636500e-07	-2.44967e-05	3.390865e-01	2.070381e-02	
1725	1.637500e-07	-2.44946e-05	3.363916e-01	1.882326e-02	
1726	1.638500e-07	-2.44925e-05	3.339334e-01	1.713335e-02	
1727	1.639500e-07	-2.44903e-05	3.316883e-01	1.561335e-02	
1728	1.640500e-07	-2.44882e-05	3.296353e-01	1.424492e-02	
1729	1.641500e-07	-2.44861e-05	3.277556e-01	1.301176e-02	
1730	1.642500e-07	-2.44840e-05	3.260324e-01	1.189943e-02	
1731	1.643500e-07	-2.44819e-05	3.244506e-01	1.089512e-02	
1732	1.644500e-07	-2.44798e-05	3.229967e-01	9.987414e-03	
1733	1.645500e-07	-2.44777e-05	3.216588e-01	9.166202e-03	
1734	1.646500e-07	-2.44756e-05	3.204260e-01	8.422476e-03	
1735	1.647500e-07	-2.44735e-05	3.192886e-01	7.748226e-03	
1736	1.648500e-07	-2.44714e-05	3.182378e-01	7.136320e-03	

Index   time            v(rfa)          v(drvg)         v(rga)          
--------------------------------------------------------------------------------
1737	1.649500e-07	-2.44692e-05	3.172659e-01	6.580405e-03	
1738	1.650500e-07	-2.44671e-05	3.163657e-01	6.074820e-03	
1739	1.651500e-07	-2.44650e-05	3.155310e-01	5.614512e-03	
1740	1.652500e-07	-2.44629e-05	3.147560e-01	5.194973e-03	
1741	1.653500e-07	-2.44608e-05	3.140355e-01	4.812179e-03	
1742	1.654500e-07	-2.44587e-05	3.133649e-01	4.462529e-03	
1743	1.655500e-07	-2.44566e-05	3.127400e-01	4.142804e-03	
1744	1.656500e-07	-2.44545e-05	3.121569e-01	3.850125e-03	
1745	1.657500e-07	-2.44524e-05	3.116123e-01	3.581911e-03	
1746	1.658500e-07	-2.44503e-05	3.111029e-01	3.335847e-03	
1747	1.659500e-07	-2.44482e-05	3.106259e-01	3.109859e-03	
1748	1.660500e-07	-2.44461e-05	3.101788e-01	2.902083e-03	
1749	1.661500e-07	-2.44439e-05	3.097592e-01	2.710845e-03	
1750	1.662500e-07	-2.44418e-05	3.093650e-01	2.534640e-03	
1751	1.663500e-07	-2.44397e-05	3.089942e-01	2.372110e-03	
1752	1.664500e-07	-2.44376e-05	3.086451e-01	2.222037e-03	
1753	1.665500e-07	-2.44355e-05	3.083161e-01	2.083318e-03	
1754	1.666500e-07	-2.44334e-05	3.080056e-01	1.954961e-03	
1755	1.667500e-07	-2.44313e-05	3.077123e-01	1.836069e-03	
1756	1.668500e-07	-2.44292e-05	3.074350e-01	1.725830e-03	
1757	1.669500e-07	-2.44271e-05	3.071725e-01	1.623511e-03	
1758	1.670500e-07	-2.44250e-05	3.069239e-01	1.528448e-03	
1759	1.671500e-07	-2.44229e-05	3.066882e-01	1.440038e-03	
1760	1.672500e-07	-2.44208e-05	3.064644e-01	1.357735e-03	
1761	1.673500e-07	-2.44187e-05	3.062518e-01	1.281043e-03	
1762	1.674500e-07	-2.44166e-05	3.060496e-01	1.209512e-03	
1763	1.675500e-07	-2.44145e-05	3.058572e-01	1.142731e-03	
1764	1.676500e-07	-2.44124e-05	3.056739e-01	1.080327e-03	
1765	1.677500e-07	-2.44103e-05	3.054992e-01	1.021959e-03	
1766	1.678500e-07	-2.44081e-05	3.053324e-01	9.673186e-04	
1767	1.679500e-07	-2.44060e-05	3.051732e-01	9.161212e-04	
1768	1.680500e-07	-2.44039e-05	3.050210e-01	8.681084e-04	
1769	1.681500e-07	-2.44018e-05	3.048754e-01	8.230436e-04	
1770	1.682500e-07	-2.43997e-05	3.047361e-01	7.807101e-04	
1771	1.683500e-07	-2.43976e-05	3.046026e-01	7.409094e-04	
1772	1.684500e-07	-2.43955e-05	3.044746e-01	7.034596e-04	
1773	1.685500e-07	-2.43934e-05	3.043518e-01	6.681937e-04	
1774	1.686500e-07	-2.43913e-05	3.042340e-01	6.349583e-04	
1775	1.687500e-07	-2.43892e-05	3.041207e-01	6.036123e-04	
1776	1.688500e-07	-2.43871e-05	3.040118e-01	5.740261e-04	
1777	1.689500e-07	-2.43850e-05	3.039071e-01	5.460802e-04	
1778	1.690500e-07	-2.43829e-05	3.038062e-01	5.196644e-04	
1779	1.691500e-07	-2.43808e-05	3.037091e-01	4.946772e-04	
1780	1.692500e-07	-2.43787e-05	3.036155e-01	4.710247e-04	
1781	1.693500e-07	-2.43766e-05	3.035251e-01	4.486204e-04	
1782	1.694500e-07	-2.43745e-05	3.034380e-01	4.273842e-04	
1783	1.695500e-07	-2.43724e-05	3.033538e-01	4.072419e-04	
1784	1.696500e-07	-2.43703e-05	3.032725e-01	3.881248e-04	
1785	1.697500e-07	-2.43682e-05	3.031938e-01	3.699694e-04	
1786	1.698500e-07	-2.43661e-05	3.031178e-01	3.527165e-04	
1787	1.699500e-07	-2.43640e-05	3.030442e-01	3.363115e-04	
1788	1.700500e-07	-2.43619e-05	3.029729e-01	3.207034e-04	
1789	1.701500e-07	-2.43598e-05	3.029038e-01	3.058449e-04	
1790	1.702500e-07	-2.43577e-05	3.028368e-01	2.916919e-04	
1791	1.703500e-07	-2.43556e-05	3.027718e-01	2.782036e-04	
1792	1.704500e-07	-2.43535e-05	3.027088e-01	2.653416e-04	
1793	1.705500e-07	-2.43514e-05	3.026476e-01	2.530705e-04	
1794	1.706500e-07	-2.43493e-05	3.025881e-01	2.413569e-04	

Index   time            v(rfa)          v(drvg)         v(rga)          
--------------------------------------------------------------------------------
1795	1.707500e-07	-2.43472e-05	3.025304e-01	2.301700e-04	
1796	1.708500e-07	-2.43451e-05	3.024742e-01	2.194806e-04	
1797	1.709500e-07	-2.43430e-05	3.024195e-01	2.092618e-04	
1798	1.710500e-07	-2.43409e-05	3.023663e-01	1.994881e-04	
1799	1.711500e-07	-2.43388e-05	3.023145e-01	1.901360e-04	
1800	1.712500e-07	-2.43367e-05	3.022641e-01	1.811831e-04	
1801	1.713500e-07	-2.43346e-05	3.022149e-01	1.726087e-04	
1802	1.714500e-07	-2.43325e-05	3.021670e-01	1.643932e-04	
1803	1.715500e-07	-2.43304e-05	3.021202e-01	1.565183e-04	
1804	1.716500e-07	-2.43283e-05	3.020746e-01	1.489669e-04	
1805	1.717500e-07	-2.43262e-05	3.020301e-01	1.417226e-04	
1806	1.718500e-07	-2.43241e-05	3.019866e-01	1.347704e-04	
1807	1.719500e-07	-2.43221e-05	3.019442e-01	1.280960e-04	
1808	1.720500e-07	-2.43200e-05	3.019026e-01	1.216858e-04	
1809	1.721500e-07	-2.43179e-05	3.018621e-01	1.155273e-04	
1810	1.722500e-07	-2.43158e-05	3.018224e-01	1.096085e-04	
1811	1.723500e-07	-2.43137e-05	3.017835e-01	1.039182e-04	
1812	1.724500e-07	-2.43116e-05	3.017455e-01	9.844567e-05	
1813	1.725500e-07	-2.43095e-05	3.017083e-01	9.318101e-05	
1814	1.726500e-07	-2.43074e-05	3.016718e-01	8.811475e-05	
1815	1.727500e-07	-2.43053e-05	3.016361e-01	8.323796e-05	
1816	1.728500e-07	-2.43032e-05	3.016011e-01	7.854219e-05	
1817	1.729500e-07	-2.43011e-05	3.015668e-01	7.401948e-05	
1818	1.730500e-07	-2.42990e-05	3.015331e-01	6.966228e-05	
1819	1.731500e-07	-2.42969e-05	3.015001e-01	6.546345e-05	
1820	1.732500e-07	-2.42948e-05	3.014676e-01	6.141623e-05	
1821	1.733500e-07	-2.42927e-05	3.014358e-01	5.751423e-05	
1822	1.734500e-07	-2.42906e-05	3.014045e-01	5.375138e-05	
1823	1.735500e-07	-2.42885e-05	3.013738e-01	5.012192e-05	
1824	1.736500e-07	-2.42865e-05	3.013436e-01	4.662040e-05	
1825	1.737500e-07	-2.42844e-05	3.013140e-01	4.324166e-05	
1826	1.738500e-07	-2.42823e-05	3.012848e-01	3.998077e-05	
1827	1.739500e-07	-2.42802e-05	3.012561e-01	3.683309e-05	
1828	1.740500e-07	-2.42781e-05	3.012278e-01	3.379417e-05	
1829	1.741500e-07	-2.42760e-05	3.012000e-01	3.085982e-05	
1830	1.742500e-07	-2.42739e-05	3.011726e-01	2.802604e-05	
1831	1.743500e-07	-2.42718e-05	3.011457e-01	2.528901e-05	
1832	1.744500e-07	-2.42697e-05	3.011191e-01	2.264514e-05	
1833	1.745500e-07	-2.42676e-05	3.010930e-01	2.009098e-05	
1834	1.746500e-07	-2.42655e-05	3.010672e-01	1.762325e-05	
1835	1.747500e-07	-2.42634e-05	3.010417e-01	1.523885e-05	
1836	1.748500e-07	-2.42614e-05	3.010166e-01	1.293480e-05	
1837	1.749500e-07	-2.42593e-05	3.009919e-01	1.070827e-05	
1838	1.750500e-07	-2.42572e-05	3.009675e-01	8.556585e-06	
1839	1.751500e-07	-2.42551e-05	3.009433e-01	6.477169e-06	
1840	1.752500e-07	-2.42530e-05	3.009195e-01	4.467579e-06	
1841	1.753500e-07	-2.42509e-05	3.008960e-01	2.525487e-06	
1842	1.754500e-07	-2.42488e-05	3.008728e-01	6.486694e-07	
1843	1.755500e-07	-2.42467e-05	3.008499e-01	-1.16499e-06	
1844	1.756500e-07	-2.42446e-05	3.008272e-01	-2.91752e-06	
1845	1.757500e-07	-2.42425e-05	3.008048e-01	-4.61083e-06	
1846	1.758500e-07	-2.42405e-05	3.007826e-01	-6.24677e-06	
1847	1.759500e-07	-2.42384e-05	3.007606e-01	-7.82710e-06	
1848	1.760500e-07	-2.42363e-05	3.007389e-01	-9.35348e-06	
1849	1.761500e-07	-2.42342e-05	3.007175e-01	-1.08275e-05	
1850	1.762500e-07	-2.42321e-05	3.006962e-01	-1.22507e-05	
1851	1.763500e-07	-2.42300e-05	3.006751e-01	-1.36246e-05	
1852	1.764500e-07	-2.42279e-05	3.006543e-01	-1.49504e-05	

Index   time            v(rfa)          v(drvg)         v(rga)          
--------------------------------------------------------------------------------
1853	1.765500e-07	-2.42258e-05	3.006336e-01	-1.62296e-05	
1854	1.766500e-07	-2.42238e-05	3.006132e-01	-1.74634e-05	
1855	1.767500e-07	-2.42217e-05	3.005929e-01	-1.86529e-05	
1856	1.768500e-07	-2.42196e-05	3.005727e-01	-1.97994e-05	
1857	1.769500e-07	-2.42175e-05	3.005528e-01	-2.09040e-05	
1858	1.770500e-07	-2.42154e-05	3.005330e-01	-2.19676e-05	
1859	1.771500e-07	-2.42133e-05	3.005134e-01	-2.29913e-05	
1860	1.772500e-07	-2.42112e-05	3.004939e-01	-2.39760e-05	
1861	1.773500e-07	-2.42092e-05	3.004745e-01	-2.49227e-05	
1862	1.774500e-07	-2.42071e-05	3.004553e-01	-2.58321e-05	
1863	1.775500e-07	-2.42050e-05	3.004363e-01	-2.67050e-05	
1864	1.776500e-07	-2.42029e-05	3.004173e-01	-2.75423e-05	
1865	1.777500e-07	-2.42008e-05	3.003985e-01	-2.83447e-05	
1866	1.778500e-07	-2.41987e-05	3.003798e-01	-2.91129e-05	
1867	1.779500e-07	-2.41966e-05	3.003612e-01	-2.98475e-05	
1868	1.780500e-07	-2.41946e-05	3.003427e-01	-3.05492e-05	
1869	1.781500e-07	-2.41925e-05	3.003243e-01	-3.12184e-05	
1870	1.782500e-07	-2.41904e-05	3.003060e-01	-3.18559e-05	
1871	1.783500e-07	-2.41883e-05	3.002878e-01	-3.24621e-05	
1872	1.784500e-07	-2.41862e-05	3.002697e-01	-3.30375e-05	
1873	1.785500e-07	-2.41841e-05	3.002517e-01	-3.35826e-05	
1874	1.786500e-07	-2.41821e-05	3.002337e-01	-3.40977e-05	
1875	1.787500e-07	-2.41800e-05	3.002159e-01	-3.45833e-05	
1876	1.788500e-07	-2.41779e-05	3.001981e-01	-3.50398e-05	
1877	1.789500e-07	-2.41758e-05	3.001803e-01	-3.54675e-05	
1878	1.790500e-07	-2.41737e-05	3.001626e-01	-3.58666e-05	
1879	1.791500e-07	-2.41716e-05	3.001450e-01	-3.62376e-05	
1880	1.792500e-07	-2.41696e-05	3.001274e-01	-3.65806e-05	
1881	1.793500e-07	-2.41675e-05	3.001099e-01	-3.68960e-05	
1882	1.794500e-07	-2.41654e-05	3.000924e-01	-3.71838e-05	
1883	1.795500e-07	-2.41633e-05	3.000749e-01	-3.74443e-05	
1884	1.796500e-07	-2.41612e-05	3.000575e-01	-3.76776e-05	
1885	1.797500e-07	-2.41592e-05	3.000401e-01	-3.78839e-05	
1886	1.798500e-07	-2.41571e-05	3.000228e-01	-3.80632e-05	
1887	1.799500e-07	-2.41550e-05	3.000054e-01	-3.82157e-05	
1888	1.800500e-07	-2.41529e-05	2.999881e-01	-3.83414e-05	
1889	1.801500e-07	-2.41508e-05	2.999708e-01	-3.84403e-05	
1890	1.802500e-07	-2.41488e-05	2.999535e-01	-3.85130e-05	
1891	1.803500e-07	-2.41467e-05	2.999362e-01	-3.85631e-05	
1892	1.804500e-07	-2.41446e-05	2.999189e-01	-3.85972e-05	
1893	1.805500e-07	-2.41425e-05	2.999016e-01	-3.86202e-05	
1894	1.806500e-07	-2.41404e-05	2.998843e-01	-3.86353e-05	
1895	1.807500e-07	-2.41384e-05	2.998670e-01	-3.86451e-05	
1896	1.808500e-07	-2.41363e-05	2.998498e-01	-3.86512e-05	
1897	1.809500e-07	-2.41342e-05	2.998325e-01	-3.86546e-05	
1898	1.810500e-07	-2.41321e-05	2.998152e-01	-3.86562e-05	
1899	1.811500e-07	-2.41300e-05	2.997979e-01	-3.86566e-05	
1900	1.812500e-07	-2.41280e-05	2.997806e-01	-3.86561e-05	
1901	1.813500e-07	-2.41259e-05	2.997634e-01	-3.86550e-05	
1902	1.814500e-07	-2.41238e-05	2.997461e-01	-3.86534e-05	
1903	1.815500e-07	-2.41217e-05	2.997288e-01	-3.86515e-05	
1904	1.816500e-07	-2.41197e-05	2.997115e-01	-3.86494e-05	
1905	1.817500e-07	-2.41176e-05	2.996943e-01	-3.86472e-05	
1906	1.818500e-07	-2.41155e-05	2.996770e-01	-3.86449e-05	
1907	1.819500e-07	-2.41134e-05	2.996597e-01	-3.86425e-05	
1908	1.820500e-07	-2.41113e-05	2.996425e-01	-3.86400e-05	
1909	1.821500e-07	-2.41093e-05	2.996252e-01	-3.86375e-05	
1910	1.822500e-07	-2.41072e-05	2.996079e-01	-3.86350e-05	

Index   time            v(rfa)          v(drvg)         v(rga)          
--------------------------------------------------------------------------------
1911	1.823500e-07	-2.41051e-05	2.995907e-01	-3.86324e-05	
1912	1.824500e-07	-2.41030e-05	2.995734e-01	-3.86299e-05	
1913	1.825500e-07	-2.41010e-05	2.995561e-01	-3.86273e-05	
1914	1.826500e-07	-2.40989e-05	2.995389e-01	-3.86248e-05	
1915	1.827500e-07	-2.40968e-05	2.995216e-01	-3.86222e-05	
1916	1.828500e-07	-2.40947e-05	2.995043e-01	-3.86196e-05	
1917	1.829500e-07	-2.40927e-05	2.994871e-01	-3.86171e-05	
1918	1.830500e-07	-2.40906e-05	2.994698e-01	-3.86145e-05	
1919	1.831500e-07	-2.40885e-05	2.994526e-01	-3.86119e-05	
1920	1.832500e-07	-2.40864e-05	2.994353e-01	-3.86093e-05	
1921	1.833500e-07	-2.40844e-05	2.994181e-01	-3.86068e-05	
1922	1.834500e-07	-2.40823e-05	2.994008e-01	-3.86042e-05	
1923	1.835500e-07	-2.40802e-05	2.993835e-01	-3.86016e-05	
1924	1.836500e-07	-2.40781e-05	2.993663e-01	-3.85990e-05	
1925	1.837500e-07	-2.40761e-05	2.993490e-01	-3.85964e-05	
1926	1.838500e-07	-2.40740e-05	2.993318e-01	-3.85939e-05	
1927	1.839500e-07	-2.40719e-05	2.993145e-01	-3.85913e-05	
1928	1.840500e-07	-2.40699e-05	2.992973e-01	-3.85887e-05	
1929	1.841500e-07	-2.40678e-05	2.992800e-01	-3.85861e-05	
1930	1.842500e-07	-2.40657e-05	2.992628e-01	-3.85836e-05	
1931	1.843500e-07	-2.40636e-05	2.992455e-01	-3.85810e-05	
1932	1.844500e-07	-2.40616e-05	2.992283e-01	-3.85784e-05	
1933	1.845500e-07	-2.40595e-05	2.992110e-01	-3.85758e-05	
1934	1.846500e-07	-2.40574e-05	2.991938e-01	-3.85733e-05	
1935	1.847500e-07	-2.40553e-05	2.991766e-01	-3.85707e-05	
1936	1.848500e-07	-2.40533e-05	2.991593e-01	-3.85681e-05	
1937	1.849500e-07	-2.40512e-05	2.991421e-01	-3.85655e-05	
1938	1.850500e-07	-2.40491e-05	2.991248e-01	-3.85629e-05	
1939	1.851500e-07	-2.40471e-05	2.991076e-01	-3.85604e-05	
1940	1.852500e-07	-2.40450e-05	2.990904e-01	-3.85578e-05	
1941	1.853500e-07	-2.40429e-05	2.990731e-01	-3.85552e-05	
1942	1.854500e-07	-2.40409e-05	2.990559e-01	-3.85526e-05	
1943	1.855500e-07	-2.40388e-05	2.990386e-01	-3.85501e-05	
1944	1.856500e-07	-2.40367e-05	2.990214e-01	-3.85475e-05	
1945	1.857500e-07	-2.40346e-05	2.990042e-01	-3.85449e-05	
1946	1.858500e-07	-2.40326e-05	2.989869e-01	-3.85423e-05	
1947	1.859500e-07	-2.40305e-05	2.989697e-01	-3.85398e-05	
1948	1.860500e-07	-2.40284e-05	2.989525e-01	-3.85372e-05	
1949	1.861500e-07	-2.40264e-05	2.989353e-01	-3.85346e-05	
1950	1.862500e-07	-2.40243e-05	2.989180e-01	-3.85321e-05	
1951	1.863500e-07	-2.40222e-05	2.989008e-01	-3.85295e-05	
1952	1.864500e-07	-2.40202e-05	2.988836e-01	-3.85269e-05	
1953	1.865500e-07	-2.40181e-05	2.988663e-01	-3.85243e-05	
1954	1.866500e-07	-2.40160e-05	2.988491e-01	-3.85218e-05	
1955	1.867500e-07	-2.40140e-05	2.988319e-01	-3.85192e-05	
1956	1.868500e-07	-2.40119e-05	2.988147e-01	-3.85166e-05	
1957	1.869500e-07	-2.40098e-05	2.987974e-01	-3.85140e-05	
1958	1.870500e-07	-2.40078e-05	2.987802e-01	-3.85115e-05	
1959	1.871500e-07	-2.40057e-05	2.987630e-01	-3.85089e-05	
1960	1.872500e-07	-2.40036e-05	2.987458e-01	-3.85063e-05	
1961	1.873500e-07	-2.40016e-05	2.987286e-01	-3.85038e-05	
1962	1.874500e-07	-2.39995e-05	2.987113e-01	-3.85012e-05	
1963	1.875500e-07	-2.39974e-05	2.986941e-01	-3.84986e-05	
1964	1.876500e-07	-2.39954e-05	2.986769e-01	-3.84960e-05	
1965	1.877500e-07	-2.39933e-05	2.986597e-01	-3.84935e-05	
1966	1.878500e-07	-2.39912e-05	2.986425e-01	-3.84909e-05	
1967	1.879500e-07	-2.39892e-05	2.986253e-01	-3.84883e-05	
1968	1.880500e-07	-2.39871e-05	2.986081e-01	-3.84858e-05	

Index   time            v(rfa)          v(drvg)         v(rga)          
--------------------------------------------------------------------------------
1969	1.881500e-07	-2.39850e-05	2.985908e-01	-3.84832e-05	
1970	1.882500e-07	-2.39830e-05	2.985736e-01	-3.84806e-05	
1971	1.883500e-07	-2.39809e-05	2.985564e-01	-3.84781e-05	
1972	1.884500e-07	-2.39788e-05	2.985392e-01	-3.84755e-05	
1973	1.885500e-07	-2.39768e-05	2.985220e-01	-3.84729e-05	
1974	1.886500e-07	-2.39747e-05	2.985048e-01	-3.84703e-05	
1975	1.887500e-07	-2.39726e-05	2.984876e-01	-3.84678e-05	
1976	1.888500e-07	-2.39706e-05	2.984704e-01	-3.84652e-05	
1977	1.889500e-07	-2.39685e-05	2.984532e-01	-3.84626e-05	
1978	1.890500e-07	-2.39665e-05	2.984360e-01	-3.84601e-05	
1979	1.891500e-07	-2.39644e-05	2.984188e-01	-3.84575e-05	
1980	1.892500e-07	-2.39623e-05	2.984016e-01	-3.84549e-05	
1981	1.893500e-07	-2.39603e-05	2.983844e-01	-3.84524e-05	
1982	1.894500e-07	-2.39582e-05	2.983672e-01	-3.84498e-05	
1983	1.895500e-07	-2.39561e-05	2.983500e-01	-3.84472e-05	
1984	1.896500e-07	-2.39541e-05	2.983328e-01	-3.84447e-05	
1985	1.897500e-07	-2.39520e-05	2.983156e-01	-3.84421e-05	
1986	1.898500e-07	-2.39500e-05	2.982984e-01	-3.84395e-05	
1987	1.899500e-07	-2.39479e-05	2.982812e-01	-3.84370e-05	
1988	1.900500e-07	-2.39458e-05	2.982640e-01	-3.84344e-05	
1989	1.901500e-07	-2.39438e-05	2.982468e-01	-3.84318e-05	
1990	1.902500e-07	-2.39417e-05	2.982296e-01	-3.84293e-05	
1991	1.903500e-07	-2.39396e-05	2.982124e-01	-3.84267e-05	
1992	1.904500e-07	-2.39376e-05	2.981952e-01	-3.84241e-05	
1993	1.905500e-07	-2.39355e-05	2.981780e-01	-3.84216e-05	
1994	1.906500e-07	-2.39335e-05	2.981609e-01	-3.84190e-05	
1995	1.907500e-07	-2.39314e-05	2.981437e-01	-3.84164e-05	
1996	1.908500e-07	-2.39293e-05	2.981265e-01	-3.84139e-05	
1997	1.909500e-07	-2.39273e-05	2.981093e-01	-3.84113e-05	
1998	1.910500e-07	-2.39252e-05	2.980921e-01	-3.84087e-05	
1999	1.911500e-07	-2.39232e-05	2.980749e-01	-3.84062e-05	
2000	1.912500e-07	-2.39211e-05	2.980577e-01	-3.84036e-05	
2001	1.913500e-07	-2.39190e-05	2.980406e-01	-3.84011e-05	
2002	1.914500e-07	-2.39170e-05	2.980234e-01	-3.83985e-05	
2003	1.915500e-07	-2.39149e-05	2.980062e-01	-3.83959e-05	
2004	1.916500e-07	-2.39129e-05	2.979890e-01	-3.83934e-05	
2005	1.917500e-07	-2.39108e-05	2.979718e-01	-3.83908e-05	
2006	1.918500e-07	-2.39088e-05	2.979547e-01	-3.83882e-05	
2007	1.919500e-07	-2.39067e-05	2.979375e-01	-3.83857e-05	
2008	1.920500e-07	-2.39046e-05	2.979203e-01	-3.83831e-05	
2009	1.921500e-07	-2.39026e-05	2.979031e-01	-3.83805e-05	
2010	1.922500e-07	-2.39005e-05	2.978860e-01	-3.83780e-05	
2011	1.923500e-07	-2.38985e-05	2.978688e-01	-3.83754e-05	
2012	1.924500e-07	-2.38964e-05	2.978516e-01	-3.83729e-05	
2013	1.925500e-07	-2.38944e-05	2.978345e-01	-3.83703e-05	
2014	1.926500e-07	-2.38923e-05	2.978173e-01	-3.83677e-05	
2015	1.927500e-07	-2.38902e-05	2.978001e-01	-3.83652e-05	
2016	1.928500e-07	-2.38882e-05	2.977830e-01	-3.83626e-05	
2017	1.929500e-07	-2.38861e-05	2.977658e-01	-3.83600e-05	
2018	1.930500e-07	-2.38841e-05	2.977486e-01	-3.83575e-05	
2019	1.931500e-07	-2.38820e-05	2.977315e-01	-3.83549e-05	
2020	1.932500e-07	-2.38800e-05	2.977143e-01	-3.83524e-05	
2021	1.933500e-07	-2.38779e-05	2.976971e-01	-3.83498e-05	
2022	1.934500e-07	-2.38759e-05	2.976800e-01	-3.83472e-05	
2023	1.935500e-07	-2.38738e-05	2.976628e-01	-3.83447e-05	
2024	1.936500e-07	-2.38717e-05	2.976456e-01	-3.83421e-05	
2025	1.937500e-07	-2.38697e-05	2.976285e-01	-3.83396e-05	
2026	1.938500e-07	-2.38676e-05	2.976113e-01	-3.83370e-05	

Index   time            v(rfa)          v(drvg)         v(rga)          
--------------------------------------------------------------------------------
2027	1.939500e-07	-2.38656e-05	2.975942e-01	-3.83344e-05	
2028	1.940500e-07	-2.38635e-05	2.975770e-01	-3.83319e-05	
2029	1.941500e-07	-2.38615e-05	2.975599e-01	-3.83293e-05	
2030	1.942500e-07	-2.38594e-05	2.975427e-01	-3.83268e-05	
2031	1.943500e-07	-2.38574e-05	2.975256e-01	-3.83242e-05	
2032	1.944500e-07	-2.38553e-05	2.975084e-01	-3.83216e-05	
2033	1.945500e-07	-2.38533e-05	2.974912e-01	-3.83191e-05	
2034	1.946500e-07	-2.38512e-05	2.974741e-01	-3.83165e-05	
2035	1.947500e-07	-2.38492e-05	2.974569e-01	-3.83140e-05	
2036	1.948500e-07	-2.38471e-05	2.974398e-01	-3.83114e-05	
2037	1.949500e-07	-2.38450e-05	2.974226e-01	-3.83089e-05	
2038	1.950500e-07	-2.38430e-05	2.974055e-01	-3.83063e-05	
2039	1.951500e-07	-2.38409e-05	2.973884e-01	-3.83037e-05	
2040	1.952500e-07	-2.38389e-05	2.973712e-01	-3.83012e-05	
2041	1.953500e-07	-2.38368e-05	2.973541e-01	-3.82986e-05	
2042	1.954500e-07	-2.38348e-05	2.973369e-01	-3.82961e-05	
2043	1.955500e-07	-2.38327e-05	2.973198e-01	-3.82935e-05	
2044	1.956500e-07	-2.38307e-05	2.973026e-01	-3.82910e-05	
2045	1.957500e-07	-2.38286e-05	2.972855e-01	-3.82884e-05	
2046	1.958500e-07	-2.38266e-05	2.972684e-01	-3.82858e-05	
2047	1.959500e-07	-2.38245e-05	2.972512e-01	-3.82833e-05	
2048	1.960500e-07	-2.38225e-05	2.972341e-01	-3.82807e-05	
2049	1.961500e-07	-2.38204e-05	2.972169e-01	-3.82782e-05	
2050	1.962500e-07	-2.38184e-05	2.971998e-01	-3.82756e-05	
2051	1.963500e-07	-2.38163e-05	2.971827e-01	-3.82731e-05	
2052	1.964500e-07	-2.38143e-05	2.971655e-01	-3.82705e-05	
2053	1.965500e-07	-2.38122e-05	2.971484e-01	-3.82680e-05	
2054	1.966500e-07	-2.38102e-05	2.971313e-01	-3.82654e-05	
2055	1.967500e-07	-2.38081e-05	2.971141e-01	-3.82628e-05	
2056	1.968500e-07	-2.38061e-05	2.970970e-01	-3.82603e-05	
2057	1.969500e-07	-2.38040e-05	2.970799e-01	-3.82577e-05	
2058	1.970500e-07	-2.38020e-05	2.970628e-01	-3.82552e-05	
2059	1.971500e-07	-2.37999e-05	2.970456e-01	-3.82526e-05	
2060	1.972500e-07	-2.37979e-05	2.970285e-01	-3.82501e-05	
2061	1.973500e-07	-2.37959e-05	2.970114e-01	-3.82475e-05	
2062	1.974500e-07	-2.37938e-05	2.969943e-01	-3.82450e-05	
2063	1.975500e-07	-2.37918e-05	2.969771e-01	-3.82424e-05	
2064	1.976500e-07	-2.37897e-05	2.969600e-01	-3.82399e-05	
2065	1.977500e-07	-2.37877e-05	2.969429e-01	-3.82373e-05	
2066	1.978500e-07	-2.37856e-05	2.969258e-01	-3.82348e-05	
2067	1.979500e-07	-2.37836e-05	2.969086e-01	-3.82322e-05	
2068	1.980500e-07	-2.37815e-05	2.968915e-01	-3.82296e-05	
2069	1.981500e-07	-2.37795e-05	2.968744e-01	-3.82271e-05	
2070	1.982500e-07	-2.37774e-05	2.968573e-01	-3.82245e-05	
2071	1.983500e-07	-2.37754e-05	2.968402e-01	-3.82220e-05	
2072	1.984500e-07	-2.37733e-05	2.968231e-01	-3.82194e-05	
2073	1.985500e-07	-2.37713e-05	2.968059e-01	-3.82169e-05	
2074	1.986500e-07	-2.37692e-05	2.967888e-01	-3.82143e-05	
2075	1.987500e-07	-2.37672e-05	2.967717e-01	-3.82118e-05	
2076	1.988500e-07	-2.37652e-05	2.967546e-01	-3.82092e-05	
2077	1.989500e-07	-2.37631e-05	2.967375e-01	-3.82067e-05	
2078	1.990500e-07	-2.37611e-05	2.967204e-01	-3.82041e-05	
2079	1.991500e-07	-2.37590e-05	2.967033e-01	-3.82016e-05	
2080	1.992500e-07	-2.37570e-05	2.966862e-01	-3.81990e-05	
2081	1.993500e-07	-2.37549e-05	2.966691e-01	-3.81965e-05	
2082	1.994500e-07	-2.37529e-05	2.966520e-01	-3.81939e-05	
2083	1.995500e-07	-2.37509e-05	2.966349e-01	-3.81914e-05	
2084	1.996500e-07	-2.37488e-05	2.966177e-01	-3.81888e-05	

Index   time            v(rfa)          v(drvg)         v(rga)          
--------------------------------------------------------------------------------
2085	1.997500e-07	-2.37468e-05	2.966006e-01	-3.81863e-05	
2086	1.998500e-07	-2.37447e-05	2.965835e-01	-3.81837e-05	
2087	1.999500e-07	-2.37427e-05	2.965664e-01	-3.81812e-05	
2088	2.000500e-07	-2.37406e-05	2.965493e-01	-3.81786e-05	
2089	2.001500e-07	-2.37386e-05	2.965322e-01	-3.81761e-05	
2090	2.002500e-07	-2.37366e-05	2.965151e-01	-3.81735e-05	
2091	2.003500e-07	-2.37345e-05	2.964980e-01	-3.81710e-05	
2092	2.004500e-07	-2.37325e-05	2.964810e-01	-3.81684e-05	
2093	2.005500e-07	-2.37304e-05	2.964639e-01	-3.81659e-05	
2094	2.006500e-07	-2.37284e-05	2.964468e-01	-3.81633e-05	
2095	2.007500e-07	-2.37263e-05	2.964297e-01	-3.81608e-05	
2096	2.008500e-07	-2.37243e-05	2.964126e-01	-3.81583e-05	
2097	2.009500e-07	-2.37223e-05	2.963955e-01	-3.81557e-05	
2098	2.010500e-07	-2.37202e-05	2.963784e-01	-3.81532e-05	
2099	2.011500e-07	-2.37182e-05	2.963613e-01	-3.81506e-05	
2100	2.012500e-07	-2.37161e-05	2.963442e-01	-3.81481e-05	
2101	2.013500e-07	-2.37141e-05	2.963271e-01	-3.81455e-05	
2102	2.014500e-07	-2.37121e-05	2.963100e-01	-3.81430e-05	
2103	2.015500e-07	-2.37100e-05	2.962929e-01	-3.81404e-05	
2104	2.016500e-07	-2.37080e-05	2.962759e-01	-3.81379e-05	
2105	2.017500e-07	-2.37059e-05	2.962588e-01	-3.81353e-05	
2106	2.018500e-07	-2.37039e-05	2.962417e-01	-3.81328e-05	
2107	2.019500e-07	-2.37019e-05	2.962246e-01	-3.81302e-05	
2108	2.020500e-07	-2.36998e-05	2.962075e-01	-3.81277e-05	
2109	2.021500e-07	-2.36978e-05	2.961905e-01	-3.81252e-05	
2110	2.022500e-07	-2.36957e-05	2.961734e-01	-3.81226e-05	
2111	2.023500e-07	-2.36937e-05	2.961563e-01	-3.81201e-05	
2112	2.024500e-07	-2.36917e-05	2.961392e-01	-3.81175e-05	
2113	2.025500e-07	-2.36896e-05	2.961221e-01	-3.81150e-05	
2114	2.026500e-07	-2.36876e-05	2.961051e-01	-3.81124e-05	
2115	2.027500e-07	-2.36856e-05	2.960880e-01	-3.81099e-05	
2116	2.028500e-07	-2.36835e-05	2.960709e-01	-3.81073e-05	
2117	2.029500e-07	-2.36815e-05	2.960538e-01	-3.81048e-05	
2118	2.030500e-07	-2.36794e-05	2.960368e-01	-3.81023e-05	
2119	2.031500e-07	-2.36774e-05	2.960197e-01	-3.80997e-05	
2120	2.032500e-07	-2.36754e-05	2.960026e-01	-3.80972e-05	
2121	2.033500e-07	-2.36733e-05	2.959856e-01	-3.80946e-05	
2122	2.034500e-07	-2.36713e-05	2.959685e-01	-3.80921e-05	
2123	2.035500e-07	-2.36693e-05	2.959514e-01	-3.80895e-05	
2124	2.036500e-07	-2.36672e-05	2.959344e-01	-3.80870e-05	
2125	2.037500e-07	-2.36652e-05	2.959173e-01	-3.80845e-05	
2126	2.038500e-07	-2.36632e-05	2.959002e-01	-3.80819e-05	
2127	2.039500e-07	-2.36611e-05	2.958832e-01	-3.80794e-05	
2128	2.040500e-07	-2.36591e-05	2.958661e-01	-3.80768e-05	
2129	2.041500e-07	-2.36570e-05	2.958490e-01	-3.80743e-05	
2130	2.042500e-07	-2.36550e-05	2.958320e-01	-3.80717e-05	
2131	2.043500e-07	-2.36530e-05	2.958149e-01	-3.80692e-05	
2132	2.044500e-07	-2.36509e-05	2.957978e-01	-3.80667e-05	
2133	2.045500e-07	-2.36489e-05	2.957808e-01	-3.80641e-05	
2134	2.046500e-07	-2.36469e-05	2.957637e-01	-3.80616e-05	
2135	2.047500e-07	-2.36448e-05	2.957467e-01	-3.80590e-05	
2136	2.048500e-07	-2.36428e-05	2.957296e-01	-3.80565e-05	
2137	2.049500e-07	-2.36408e-05	2.957126e-01	-3.80540e-05	
2138	2.050500e-07	-2.36387e-05	2.956955e-01	-3.80514e-05	
2139	2.051500e-07	-2.36367e-05	2.956785e-01	-3.80489e-05	
2140	2.052500e-07	-2.36347e-05	2.956614e-01	-3.80463e-05	
2141	2.053500e-07	-2.36326e-05	2.956444e-01	-3.80438e-05	
2142	2.054500e-07	-2.36306e-05	2.956273e-01	-3.80413e-05	

Index   time            v(rfa)          v(drvg)         v(rga)          
--------------------------------------------------------------------------------
2143	2.055500e-07	-2.36286e-05	2.956103e-01	-3.80387e-05	
2144	2.056500e-07	-2.36265e-05	2.955932e-01	-3.80362e-05	
2145	2.057500e-07	-2.36245e-05	2.955762e-01	-3.80336e-05	
2146	2.058500e-07	-2.36225e-05	2.955591e-01	-3.80311e-05	
2147	2.059500e-07	-2.36205e-05	2.955421e-01	-3.80286e-05	
2148	2.060500e-07	-2.36184e-05	2.955250e-01	-3.80260e-05	
2149	2.061500e-07	-2.36164e-05	2.955080e-01	-3.80235e-05	
2150	2.062500e-07	-2.36144e-05	2.954909e-01	-3.80210e-05	
2151	2.063500e-07	-2.36123e-05	2.954739e-01	-3.80184e-05	
2152	2.064500e-07	-2.36103e-05	2.954569e-01	-3.80159e-05	
2153	2.065500e-07	-2.36083e-05	2.954398e-01	-3.80133e-05	
2154	2.066500e-07	-2.36062e-05	2.954228e-01	-3.80108e-05	
2155	2.067500e-07	-2.36042e-05	2.954057e-01	-3.80083e-05	
2156	2.068500e-07	-2.36022e-05	2.953887e-01	-3.80057e-05	
2157	2.069500e-07	-2.36001e-05	2.953717e-01	-3.80032e-05	
2158	2.070500e-07	-2.35981e-05	2.953546e-01	-3.80007e-05	
2159	2.071500e-07	-2.35961e-05	2.953376e-01	-3.79981e-05	
2160	2.072500e-07	-2.35941e-05	2.953206e-01	-3.79956e-05	
2161	2.073500e-07	-2.35920e-05	2.953035e-01	-3.79930e-05	
2162	2.074500e-07	-2.35900e-05	2.952865e-01	-3.79905e-05	
2163	2.075500e-07	-2.35880e-05	2.952695e-01	-3.79880e-05	
2164	2.076500e-07	-2.35859e-05	2.952524e-01	-3.79854e-05	
2165	2.077500e-07	-2.35839e-05	2.952354e-01	-3.79829e-05	
2166	2.078500e-07	-2.35819e-05	2.952184e-01	-3.79804e-05	
2167	2.079500e-07	-2.35799e-05	2.952014e-01	-3.79778e-05	
2168	2.080500e-07	-2.35778e-05	2.951843e-01	-3.79753e-05	
2169	2.081500e-07	-2.35758e-05	2.951673e-01	-3.79728e-05	
2170	2.082500e-07	-2.35738e-05	2.951503e-01	-3.79702e-05	
2171	2.083500e-07	-2.35718e-05	2.951333e-01	-3.79677e-05	
2172	2.084500e-07	-2.35697e-05	2.951162e-01	-3.79652e-05	
2173	2.085500e-07	-2.35677e-05	2.950992e-01	-3.79626e-05	
2174	2.086500e-07	-2.35657e-05	2.950822e-01	-3.79601e-05	
2175	2.087500e-07	-2.35636e-05	2.950652e-01	-3.79576e-05	
2176	2.088500e-07	-2.35616e-05	2.950482e-01	-3.79550e-05	
2177	2.089500e-07	-2.35596e-05	2.950311e-01	-3.79525e-05	
2178	2.090500e-07	-2.35576e-05	2.950141e-01	-3.79500e-05	
2179	2.091500e-07	-2.35555e-05	2.949971e-01	-3.79474e-05	
2180	2.092500e-07	-2.35535e-05	2.949801e-01	-3.79449e-05	
2181	2.093500e-07	-2.35515e-05	2.949631e-01	-3.79424e-05	
2182	2.094500e-07	-2.35495e-05	2.949461e-01	-3.79398e-05	
2183	2.095500e-07	-2.35474e-05	2.949291e-01	-3.79373e-05	
2184	2.096500e-07	-2.35454e-05	2.949120e-01	-3.79348e-05	
2185	2.097500e-07	-2.35434e-05	2.948950e-01	-3.79322e-05	
2186	2.098500e-07	-2.35414e-05	2.948780e-01	-3.79297e-05	
2187	2.099500e-07	-2.35393e-05	2.948610e-01	-3.79272e-05	
2188	2.100000e-07	-2.35383e-05	2.948525e-01	-3.79259e-05	
2189	2.100100e-07	-2.35381e-05	2.948508e-01	-3.79256e-05	
2190	2.100300e-07	-2.35376e-05	2.948474e-01	-3.79251e-05	
2191	2.100700e-07	-2.35368e-05	2.948406e-01	-3.79240e-05	
2192	2.101500e-07	-2.35350e-05	2.948270e-01	-3.79219e-05	
2193	2.102500e-07	-2.35329e-05	2.948100e-01	-3.79192e-05	
2194	2.103500e-07	-2.35308e-05	2.947930e-01	-3.79166e-05	
2195	2.104500e-07	-2.35287e-05	2.947760e-01	-3.79140e-05	
2196	2.105500e-07	-2.35266e-05	2.947590e-01	-3.79114e-05	
2197	2.106500e-07	-2.35246e-05	2.947420e-01	-3.79088e-05	
2198	2.107500e-07	-2.35226e-05	2.947250e-01	-3.79063e-05	
2199	2.108500e-07	-2.35205e-05	2.947080e-01	-3.79037e-05	
2200	2.109500e-07	-2.35185e-05	2.946910e-01	-3.79012e-05	

Index   time            v(rfa)          v(drvg)         v(rga)          
--------------------------------------------------------------------------------
2201	2.110000e-07	-2.35175e-05	2.946825e-01	-3.78999e-05	
2202	2.110100e-07	-2.35173e-05	2.946808e-01	-3.78997e-05	
2203	2.110300e-07	-2.35169e-05	2.946774e-01	-3.78992e-05	
2204	2.110700e-07	-2.35161e-05	2.946706e-01	-3.78982e-05	
2205	2.111500e-07	-2.35146e-05	2.946570e-01	-3.78962e-05	
2206	2.112500e-07	-2.35127e-05	2.946400e-01	-3.78938e-05	
2207	2.113500e-07	-2.35108e-05	2.946230e-01	-3.78914e-05	
2208	2.114500e-07	-2.35089e-05	2.946060e-01	-3.78890e-05	
2209	2.115500e-07	-2.35069e-05	2.945890e-01	-3.78865e-05	
2210	2.116500e-07	-2.35049e-05	2.945720e-01	-3.78841e-05	
2211	2.117500e-07	-2.35029e-05	2.945550e-01	-3.78816e-05	
2212	2.118500e-07	-2.35009e-05	2.945380e-01	-3.78791e-05	
2213	2.119500e-07	-2.34989e-05	2.945210e-01	-3.78765e-05	
2214	2.120500e-07	-2.34969e-05	2.945041e-01	-3.78740e-05	
2215	2.121500e-07	-2.34949e-05	2.944871e-01	-3.78715e-05	
2216	2.122500e-07	-2.34928e-05	2.944701e-01	-3.78690e-05	
2217	2.123500e-07	-2.34908e-05	2.944531e-01	-3.78665e-05	
2218	2.124500e-07	-2.34888e-05	2.944361e-01	-3.78639e-05	
2219	2.125500e-07	-2.34868e-05	2.944191e-01	-3.78614e-05	
2220	2.126500e-07	-2.34848e-05	2.944021e-01	-3.78589e-05	
2221	2.127500e-07	-2.34827e-05	2.943852e-01	-3.78564e-05	
2222	2.128500e-07	-2.34807e-05	2.943682e-01	-3.78538e-05	
2223	2.129500e-07	-2.34787e-05	2.943512e-01	-3.78513e-05	
2224	2.130500e-07	-2.34767e-05	2.943342e-01	-3.78488e-05	
2225	2.131500e-07	-2.34747e-05	2.943172e-01	-3.78463e-05	
2226	2.132500e-07	-2.34726e-05	2.943003e-01	-3.78437e-05	
2227	2.133500e-07	-2.34706e-05	2.942833e-01	-3.78412e-05	
2228	2.134500e-07	-2.34686e-05	2.942663e-01	-3.78387e-05	
2229	2.135500e-07	-2.34666e-05	2.942493e-01	-3.78362e-05	
2230	2.136500e-07	-2.34646e-05	2.942324e-01	-3.78336e-05	
2231	2.137500e-07	-2.34626e-05	2.942154e-01	-3.78311e-05	
2232	2.138500e-07	-2.34605e-05	2.941984e-01	-3.78286e-05	
2233	2.139500e-07	-2.34585e-05	2.941814e-01	-3.78261e-05	
2234	2.140000e-07	-2.34575e-05	2.941730e-01	-3.78248e-05	
2235	2.140100e-07	-2.34573e-05	2.941713e-01	-3.78245e-05	
2236	2.140300e-07	-2.34568e-05	2.941679e-01	-3.78240e-05	
2237	2.140700e-07	-2.34560e-05	2.941611e-01	-3.78229e-05	
2238	2.141500e-07	-2.34542e-05	2.941475e-01	-3.78208e-05	
2239	2.142500e-07	-2.34521e-05	2.941305e-01	-3.78181e-05	
2240	2.143500e-07	-2.34500e-05	2.941136e-01	-3.78155e-05	
2241	2.144500e-07	-2.34479e-05	2.940966e-01	-3.78129e-05	
2242	2.145500e-07	-2.34459e-05	2.940796e-01	-3.78103e-05	
2243	2.146500e-07	-2.34438e-05	2.940627e-01	-3.78078e-05	
2244	2.147500e-07	-2.34418e-05	2.940457e-01	-3.78052e-05	
2245	2.148500e-07	-2.34398e-05	2.940287e-01	-3.78027e-05	
2246	2.149500e-07	-2.34378e-05	2.940118e-01	-3.78002e-05	
2247	2.150000e-07	-2.34368e-05	2.940033e-01	-3.77989e-05	
2248	2.150100e-07	-2.34366e-05	2.940016e-01	-3.77987e-05	
2249	2.150300e-07	-2.34362e-05	2.939982e-01	-3.77982e-05	
2250	2.150700e-07	-2.34354e-05	2.939914e-01	-3.77972e-05	
2251	2.151500e-07	-2.34339e-05	2.939779e-01	-3.77952e-05	
2252	2.152500e-07	-2.34320e-05	2.939609e-01	-3.77928e-05	
2253	2.153500e-07	-2.34301e-05	2.939439e-01	-3.77904e-05	
2254	2.154500e-07	-2.34282e-05	2.939270e-01	-3.77880e-05	
2255	2.155500e-07	-2.34262e-05	2.939100e-01	-3.77855e-05	
2256	2.156500e-07	-2.34242e-05	2.938931e-01	-3.77831e-05	
2257	2.157500e-07	-2.34222e-05	2.938761e-01	-3.77806e-05	
2258	2.158500e-07	-2.34202e-05	2.938592e-01	-3.77781e-05	

Index   time            v(rfa)          v(drvg)         v(rga)          
--------------------------------------------------------------------------------
2259	2.159500e-07	-2.34182e-05	2.938422e-01	-3.77756e-05	
2260	2.160500e-07	-2.34162e-05	2.938253e-01	-3.77731e-05	
2261	2.161500e-07	-2.34142e-05	2.938083e-01	-3.77706e-05	
2262	2.162500e-07	-2.34122e-05	2.937914e-01	-3.77680e-05	
2263	2.163500e-07	-2.34102e-05	2.937744e-01	-3.77655e-05	
2264	2.164500e-07	-2.34082e-05	2.937575e-01	-3.77630e-05	
2265	2.165500e-07	-2.34062e-05	2.937405e-01	-3.77605e-05	
2266	2.166500e-07	-2.34041e-05	2.937236e-01	-3.77580e-05	
2267	2.167500e-07	-2.34021e-05	2.937066e-01	-3.77555e-05	
2268	2.168500e-07	-2.34001e-05	2.936897e-01	-3.77529e-05	
2269	2.169500e-07	-2.33981e-05	2.936727e-01	-3.77504e-05	
2270	2.170500e-07	-2.33961e-05	2.936558e-01	-3.77479e-05	
2271	2.171500e-07	-2.33941e-05	2.936389e-01	-3.77454e-05	
2272	2.172500e-07	-2.33921e-05	2.936219e-01	-3.77429e-05	
2273	2.173500e-07	-2.33901e-05	2.936050e-01	-3.77403e-05	
2274	2.174500e-07	-2.33881e-05	2.935880e-01	-3.77378e-05	
2275	2.175500e-07	-2.33860e-05	2.935711e-01	-3.77353e-05	
2276	2.176500e-07	-2.33840e-05	2.935542e-01	-3.77328e-05	
2277	2.177500e-07	-2.33820e-05	2.935372e-01	-3.77303e-05	
2278	2.178500e-07	-2.33800e-05	2.935203e-01	-3.77277e-05	
2279	2.179500e-07	-2.33780e-05	2.935034e-01	-3.77252e-05	
2280	2.180500e-07	-2.33760e-05	2.934864e-01	-3.77227e-05	
2281	2.181500e-07	-2.33740e-05	2.934695e-01	-3.77202e-05	
2282	2.182500e-07	-2.33720e-05	2.934526e-01	-3.77177e-05	
2283	2.183500e-07	-2.33700e-05	2.934356e-01	-3.77152e-05	
2284	2.184500e-07	-2.33680e-05	2.934187e-01	-3.77126e-05	
2285	2.185500e-07	-2.33660e-05	2.934018e-01	-3.77101e-05	
2286	2.186500e-07	-2.33640e-05	2.933848e-01	-3.77076e-05	
2287	2.187500e-07	-2.33619e-05	2.933679e-01	-3.77051e-05	
2288	2.188500e-07	-2.33599e-05	2.933510e-01	-3.77026e-05	
2289	2.189500e-07	-2.33579e-05	2.933341e-01	-3.77001e-05	
2290	2.190500e-07	-2.33559e-05	2.933171e-01	-3.76976e-05	
2291	2.191500e-07	-2.33539e-05	2.933002e-01	-3.76950e-05	
2292	2.192500e-07	-2.33519e-05	2.932833e-01	-3.76925e-05	
2293	2.193500e-07	-2.33499e-05	2.932664e-01	-3.76900e-05	
2294	2.194500e-07	-2.33479e-05	2.932494e-01	-3.76875e-05	
2295	2.195500e-07	-2.33459e-05	2.932325e-01	-3.76850e-05	
2296	2.196500e-07	-2.33439e-05	2.932156e-01	-3.76825e-05	
2297	2.197500e-07	-2.33419e-05	2.931987e-01	-3.76799e-05	
2298	2.198500e-07	-2.33399e-05	2.931818e-01	-3.76774e-05	
2299	2.199500e-07	-2.33379e-05	2.931649e-01	-3.76749e-05	
2300	2.200000e-07	-2.33368e-05	2.931564e-01	-3.76736e-05	


Total analysis time (seconds) = 0.110428

Total elapsed time (seconds) = 0.140 

Total DRAM available = 62177.336 MB.
DRAM currently available = 14301.047 MB.
Maximum ngspice program size =   24.582 MB.
Current ngspice program size =   14.758 MB.

Shared ngspice pages =   11.695 MB.
Text (code) pages =    7.578 MB.
Stack = 0 bytes.
Library pages =    3.176 MB.

