Note: Starting dynamic gmin stepping
Note: Dynamic gmin stepping completed

Note: No compatibility mode selected!


Circuit: * =====================================================================


================ TRELAX relaxation demo (alpha=2/3, 7-cell pod) ================
Field in F = 27*u units (u = F/27); center spike = +27 (u=1), ring = 0.
step 0: u_center=27/27 u_ring=0  variance_u=0.122449
step 1: u_center=9/27 u_ring=3  variance_u=0.00604686
step 2: u_center=5/27 u_ring=2  variance_u=0.00151172
step 3: u_center=3/27 u_ring=1.22222  variance_u=0.000530863
step 4: u_center=1.81481/27 u_ring=0.740741  variance_u=0.000193774
  (variance_u is the population variance of the 7 field values; it
   decreases monotonically -> the non-uniform spike relaxes toward
   uniform = the O->E attractor.)

Device counts (transistors, from the .subckt blocks above):
  tadd1 (balanced full adder) = 192 T ;  binary full adder = 58 T
  tadd6 (6-trit ripple)       = 1152 T
  per-cell-per-step: 5 reduction + 1 update adders.
    normalized field (|u|<=1.5, 6-trit sum): 6 x tadd6 = 36 tadd1 = 6912 T
    full-range safe  (8-trit sum):           46 tadd1 = 8832 T
    (yosys/sky130: trelax_cell = 891 cells / 5594.12 um^2)
  per-pod (7 cells): 48384 T (normalized) / 61824 T (safe)

Doing analysis at TEMP = 27.000000 and TNOM = 27.000000

Using SPARSE 1.3 as Direct Linear Solver

Initial Transient Solution
--------------------------

Node                                   Voltage
----                                   -------
vddt                                         1
vdd1                                         1
vdd2                                         1
vdd3                                         1
vdd4                                         1
p1                                 7.92386e-11
p2                                 4.77724e-10
p3                                 5.04714e-10
p4                                 2.58796e-11
e1ap                                         0
e1an                                         0
e1bp                                         1
e1bn                                         0
e1cp                                         0
e1cn                                         0
xe1.xab1.mid                                 1
xe1.xab1.x1.mid                              0
xe1.mab                              7.575e-10
xe1.xac1.mid                                 1
xe1.xac1.x1.mid                              0
xe1.mac                              7.575e-10
xe1.xbc1.mid                                 1
xe1.xbc1.x1.mid                       0.599977
xe1.mbc                              7.575e-10
xe1.xp2.x1.m1                                1
xe1.xp2.x1.m2                                1
xe1.xp2.mid                                  1
xe1.p2                               7.575e-10
xe1.xab2.mid                                 1
xe1.xab2.x1.mid                              0
xe1.mabn                             7.575e-10
xe1.xac2.mid                                 1
xe1.xac2.x1.mid                              0
xe1.macn                             7.575e-10
xe1.xbc2.mid                                 1
xe1.xbc2.x1.mid                              0
xe1.mbcn                             7.575e-10
xe1.xn2.x1.m1                                1
xe1.xn2.x1.m2                                1
xe1.xn2.mid                                  1
xe1.n2                               7.575e-10
xe1.xa3p.mid                                 1
xe1.xa3p.x1.m1                               0
xe1.xa3p.x1.m2                               0
xe1.all3p                            7.575e-10
xe1.xa3n.mid                                 1
xe1.xa3n.x1.m1                               0
xe1.xa3n.x1.m2                               0
xe1.all3n                            7.575e-10
xe1.xnz.m1                                   1
xe1.xnz.m2                                   1
xe1.nz                                       1
xe1.xpz.m1                                   1
xe1.xpz.m2                            0.400136
xe1.pz                              1.6723e-09
xe1.na3p                                     1
xe1.xp2x.mid                                 1
xe1.xp2x.x1.mid                              0
xe1.p2x                              7.575e-10
xe1.na3n                                     1
xe1.xn2x.mid                                 1
xe1.xn2x.x1.mid                              0
xe1.n2x                              7.575e-10
xe1.xop.x1.m1                                1
xe1.xop.x1.m2                         0.400136
xe1.xop.mid                         1.6723e-09
xe1.op                                       1
xe1.xon.x1.m1                                1
xe1.xon.x1.m2                                1
xe1.xon.mid                                  1
xe1.on                               7.575e-10
xe1.np2                                      1
xe1.xp1.mid                          1.515e-09
xe1.xp1.x1.mid                       7.575e-10
xe1.p1                                       1
xe1.nn2                                      1
xe1.xn1.mid                                  1
xe1.xn1.x1.mid                               0
xe1.n1                               7.575e-10
xe1.xcop.mid                                 1
xe1.xcop.x1.mid                       0.599977
e1cop                                7.575e-10
xe1.xcon.mid                                 1
xe1.xcon.x1.mid                              0
e1con                                7.575e-10
xe1.xsp1.mid                         1.515e-09
xe1.xsp1.x1.mid                      7.575e-10
xe1.sp1                                      1
xe1.xsp2.mid                                 1
xe1.xsp2.x1.mid                              0
xe1.sp2                              7.575e-10
xe1.xsp3.mid                                 1
xe1.xsp3.x1.mid                              0
xe1.sp3                              7.575e-10
xe1.xspo.x1.m1                        0.400138
xe1.xspo.x1.m2                        0.400137
xe1.xspo.mid                       2.58709e-09
e1sp                                         1
xe1.xsn1.mid                                 1
xe1.xsn1.x1.mid                              0
xe1.sn1                              7.575e-10
xe1.xsn2.mid                                 1
xe1.xsn2.x1.mid                              0
xe1.sn2                              7.575e-10
xe1.xsn3.mid                                 1
xe1.xsn3.x1.mid                       0.599977
xe1.sn3                              7.575e-10
xe1.xsno.x1.m1                               1
xe1.xsno.x1.m2                               1
xe1.xsno.mid                                 1
e1sn                                 7.575e-10
e4a                                          0
e4b                                          1
e4c                                          0
xe4.xc1.mid                                  1
xe4.xc1.x1.mid                               0
xe4.c1                               7.575e-10
xe4.xc2.mid                                  1
xe4.xc2.x1.mid                               0
xe4.c2                               7.575e-10
xe4.xc3.mid                                  1
xe4.xc3.x1.mid                        0.599977
xe4.c3                               7.575e-10
xe4.xco.x1.m1                                1
xe4.xco.x1.m2                                1
xe4.xco.mid                                  1
e4cout                               7.575e-10
xe4.abn                                      1
xe4.xabn.mid                                 0
xe4.xabo.x1.mid                              1
xe4.xabo.mid                         7.575e-10
xe4.abo                                      1
xe4.xx.mid                           1.515e-09
xe4.xx.x1.mid                        7.575e-10
xe4.x                                        1
xe4.xn                                       1
xe4.xxn.mid                           0.599977
xe4.xxo.x1.mid                        0.400137
xe4.xxo.mid                         1.6723e-09
xe4.xo                                       1
xe4.xs.mid                           1.515e-09
xe4.xs.x1.mid                        7.575e-10
e4sum                                        1
e2b0                                         0
xe2.x0.xab1.mid                              1
xe2.x0.xab1.x1.mid                           0
xe2.x0.mab                           7.575e-10
xe2.x0.xac1.mid                              1
xe2.x0.xac1.x1.mid                           0
xe2.x0.mac                           7.575e-10
xe2.x0.xbc1.mid                              1
xe2.x0.xbc1.x1.mid                           0
xe2.x0.mbc                           7.575e-10
xe2.x0.xp2.x1.m1                             1
xe2.x0.xp2.x1.m2                             1
xe2.x0.xp2.mid                               1
xe2.x0.p2                            7.575e-10
xe2.x0.xab2.mid                              1
xe2.x0.xab2.x1.mid                           0
xe2.x0.mabn                          7.575e-10
xe2.x0.xac2.mid                              1
xe2.x0.xac2.x1.mid                           0
xe2.x0.macn                          7.575e-10
xe2.x0.xbc2.mid                              1
xe2.x0.xbc2.x1.mid                           0
xe2.x0.mbcn                          7.575e-10
xe2.x0.xn2.x1.m1                             1
xe2.x0.xn2.x1.m2                             1
xe2.x0.xn2.mid                               1
xe2.x0.n2                            7.575e-10
xe2.x0.xa3p.mid                              1
xe2.x0.xa3p.x1.m1                            0
xe2.x0.xa3p.x1.m2                            0
xe2.x0.all3p                         7.575e-10
xe2.x0.xa3n.mid                              1
xe2.x0.xa3n.x1.m1                            0
xe2.x0.xa3n.x1.m2                            0
xe2.x0.all3n                         7.575e-10
xe2.x0.xnz.m1                                1
xe2.x0.xnz.m2                                1
xe2.x0.nz                                    1
xe2.x0.xpz.m1                                1
xe2.x0.xpz.m2                                1
xe2.x0.pz                                    1
xe2.x0.na3p                                  1
xe2.x0.xp2x.mid                              1
xe2.x0.xp2x.x1.mid                           0
xe2.x0.p2x                           7.575e-10
xe2.x0.na3n                                  1
xe2.x0.xn2x.mid                              1
xe2.x0.xn2x.x1.mid                           0
xe2.x0.n2x                           7.575e-10
xe2.x0.xop.x1.m1                             1
xe2.x0.xop.x1.m2                             1
xe2.x0.xop.mid                               1
xe2.x0.op                            7.575e-10
xe2.x0.xon.x1.m1                             1
xe2.x0.xon.x1.m2                             1
xe2.x0.xon.mid                               1
xe2.x0.on                            7.575e-10
xe2.x0.np2                                   1
xe2.x0.xp1.mid                               1
xe2.x0.xp1.x1.mid                            0
xe2.x0.p1                            7.575e-10
xe2.x0.nn2                                   1
xe2.x0.xn1.mid                               1
xe2.x0.xn1.x1.mid                            0
xe2.x0.n1                            7.575e-10
xe2.x0.xcop.mid                              1
xe2.x0.xcop.x1.mid                    0.599977
xe2.c1p                              7.575e-10
xe2.x0.xcon.mid                              1
xe2.x0.xcon.x1.mid                    0.599977
xe2.c1n                              7.575e-10
xe2.x0.xsp1.mid                              1
xe2.x0.xsp1.x1.mid                           0
xe2.x0.sp1                           7.575e-10
xe2.x0.xsp2.mid                              1
xe2.x0.xsp2.x1.mid                           0
xe2.x0.sp2                           7.575e-10
xe2.x0.xsp3.mid                              1
xe2.x0.xsp3.x1.mid                    0.599977
xe2.x0.sp3                           7.575e-10
xe2.x0.xspo.x1.m1                            1
xe2.x0.xspo.x1.m2                            1
xe2.x0.xspo.mid                              1
e2s0p                                7.575e-10
xe2.x0.xsn1.mid                              1
xe2.x0.xsn1.x1.mid                           0
xe2.x0.sn1                           7.575e-10
xe2.x0.xsn2.mid                              1
xe2.x0.xsn2.x1.mid                           0
xe2.x0.sn2                           7.575e-10
xe2.x0.xsn3.mid                              1
xe2.x0.xsn3.x1.mid                    0.599977
xe2.x0.sn3                           7.575e-10
xe2.x0.xsno.x1.m1                            1
xe2.x0.xsno.x1.m2                            1
xe2.x0.xsno.mid                              1
e2s0n                                7.575e-10
xe2.x1.xab1.mid                              1
xe2.x1.xab1.x1.mid                           0
xe2.x1.mab                           7.575e-10
xe2.x1.xac1.mid                              1
xe2.x1.xac1.x1.mid                           0
xe2.x1.mac                           7.575e-10
xe2.x1.xbc1.mid                              1
xe2.x1.xbc1.x1.mid                           0
xe2.x1.mbc                           7.575e-10
xe2.x1.xp2.x1.m1                             1
xe2.x1.xp2.x1.m2                             1
xe2.x1.xp2.mid                               1
xe2.x1.p2                            7.575e-10
xe2.x1.xab2.mid                              1
xe2.x1.xab2.x1.mid                           0
xe2.x1.mabn                          7.575e-10
xe2.x1.xac2.mid                              1
xe2.x1.xac2.x1.mid                           0
xe2.x1.macn                          7.575e-10
xe2.x1.xbc2.mid                              1
xe2.x1.xbc2.x1.mid                           0
xe2.x1.mbcn                          7.575e-10
xe2.x1.xn2.x1.m1                             1
xe2.x1.xn2.x1.m2                             1
xe2.x1.xn2.mid                               1
xe2.x1.n2                            7.575e-10
xe2.x1.xa3p.mid                              1
xe2.x1.xa3p.x1.m1                            0
xe2.x1.xa3p.x1.m2                            0
xe2.x1.all3p                         7.575e-10
xe2.x1.xa3n.mid                              1
xe2.x1.xa3n.x1.m1                            0
xe2.x1.xa3n.x1.m2                            0
xe2.x1.all3n                         7.575e-10
xe2.x1.xnz.m1                                1
xe2.x1.xnz.m2                                1
xe2.x1.nz                                    1
xe2.x1.xpz.m1                                1
xe2.x1.xpz.m2                                1
xe2.x1.pz                                    1
xe2.x1.na3p                                  1
xe2.x1.xp2x.mid                              1
xe2.x1.xp2x.x1.mid                           0
xe2.x1.p2x                           7.575e-10
xe2.x1.na3n                                  1
xe2.x1.xn2x.mid                              1
xe2.x1.xn2x.x1.mid                           0
xe2.x1.n2x                           7.575e-10
xe2.x1.xop.x1.m1                             1
xe2.x1.xop.x1.m2                             1
xe2.x1.xop.mid                               1
xe2.x1.op                            7.575e-10
xe2.x1.xon.x1.m1                             1
xe2.x1.xon.x1.m2                             1
xe2.x1.xon.mid                               1
xe2.x1.on                            7.575e-10
xe2.x1.np2                                   1
xe2.x1.xp1.mid                               1
xe2.x1.xp1.x1.mid                            0
xe2.x1.p1                            7.575e-10
xe2.x1.nn2                                   1
xe2.x1.xn1.mid                               1
xe2.x1.xn1.x1.mid                            0
xe2.x1.n1                            7.575e-10
xe2.x1.xcop.mid                              1
xe2.x1.xcop.x1.mid                    0.599977
xe2.c2p                              7.575e-10
xe2.x1.xcon.mid                              1
xe2.x1.xcon.x1.mid                    0.599977
xe2.c2n                              7.575e-10
xe2.x1.xsp1.mid                              1
xe2.x1.xsp1.x1.mid                           0
xe2.x1.sp1                           7.575e-10
xe2.x1.xsp2.mid                              1
xe2.x1.xsp2.x1.mid                           0
xe2.x1.sp2                           7.575e-10
xe2.x1.xsp3.mid                              1
xe2.x1.xsp3.x1.mid                    0.599977
xe2.x1.sp3                           7.575e-10
xe2.x1.xspo.x1.m1                            1
xe2.x1.xspo.x1.m2                            1
xe2.x1.xspo.mid                              1
e2s1p                                7.575e-10
xe2.x1.xsn1.mid                              1
xe2.x1.xsn1.x1.mid                           0
xe2.x1.sn1                           7.575e-10
xe2.x1.xsn2.mid                              1
xe2.x1.xsn2.x1.mid                           0
xe2.x1.sn2                           7.575e-10
xe2.x1.xsn3.mid                              1
xe2.x1.xsn3.x1.mid                    0.599977
xe2.x1.sn3                           7.575e-10
xe2.x1.xsno.x1.m1                            1
xe2.x1.xsno.x1.m2                            1
xe2.x1.xsno.mid                              1
e2s1n                                7.575e-10
xe2.x2.xab1.mid                              1
xe2.x2.xab1.x1.mid                           0
xe2.x2.mab                           7.575e-10
xe2.x2.xac1.mid                              1
xe2.x2.xac1.x1.mid                           0
xe2.x2.mac                           7.575e-10
xe2.x2.xbc1.mid                              1
xe2.x2.xbc1.x1.mid                           0
xe2.x2.mbc                           7.575e-10
xe2.x2.xp2.x1.m1                             1
xe2.x2.xp2.x1.m2                             1
xe2.x2.xp2.mid                               1
xe2.x2.p2                            7.575e-10
xe2.x2.xab2.mid                              1
xe2.x2.xab2.x1.mid                           0
xe2.x2.mabn                          7.575e-10
xe2.x2.xac2.mid                              1
xe2.x2.xac2.x1.mid                           0
xe2.x2.macn                          7.575e-10
xe2.x2.xbc2.mid                              1
xe2.x2.xbc2.x1.mid                           0
xe2.x2.mbcn                          7.575e-10
xe2.x2.xn2.x1.m1                             1
xe2.x2.xn2.x1.m2                             1
xe2.x2.xn2.mid                               1
xe2.x2.n2                            7.575e-10
xe2.x2.xa3p.mid                              1
xe2.x2.xa3p.x1.m1                            0
xe2.x2.xa3p.x1.m2                            0
xe2.x2.all3p                         7.575e-10
xe2.x2.xa3n.mid                              1
xe2.x2.xa3n.x1.m1                            0
xe2.x2.xa3n.x1.m2                            0
xe2.x2.all3n                         7.575e-10
xe2.x2.xnz.m1                                1
xe2.x2.xnz.m2                                1
xe2.x2.nz                                    1
xe2.x2.xpz.m1                                1
xe2.x2.xpz.m2                                1
xe2.x2.pz                                    1
xe2.x2.na3p                                  1
xe2.x2.xp2x.mid                              1
xe2.x2.xp2x.x1.mid                           0
xe2.x2.p2x                           7.575e-10
xe2.x2.na3n                                  1
xe2.x2.xn2x.mid                              1
xe2.x2.xn2x.x1.mid                           0
xe2.x2.n2x                           7.575e-10
xe2.x2.xop.x1.m1                             1
xe2.x2.xop.x1.m2                             1
xe2.x2.xop.mid                               1
xe2.x2.op                            7.575e-10
xe2.x2.xon.x1.m1                             1
xe2.x2.xon.x1.m2                             1
xe2.x2.xon.mid                               1
xe2.x2.on                            7.575e-10
xe2.x2.np2                                   1
xe2.x2.xp1.mid                               1
xe2.x2.xp1.x1.mid                            0
xe2.x2.p1                            7.575e-10
xe2.x2.nn2                                   1
xe2.x2.xn1.mid                               1
xe2.x2.xn1.x1.mid                            0
xe2.x2.n1                            7.575e-10
xe2.x2.xcop.mid                              1
xe2.x2.xcop.x1.mid                    0.599977
xe2.c3p                              7.575e-10
xe2.x2.xcon.mid                              1
xe2.x2.xcon.x1.mid                    0.599977
xe2.c3n                              7.575e-10
xe2.x2.xsp1.mid                              1
xe2.x2.xsp1.x1.mid                           0
xe2.x2.sp1                           7.575e-10
xe2.x2.xsp2.mid                              1
xe2.x2.xsp2.x1.mid                           0
xe2.x2.sp2                           7.575e-10
xe2.x2.xsp3.mid                              1
xe2.x2.xsp3.x1.mid                    0.599977
xe2.x2.sp3                           7.575e-10
xe2.x2.xspo.x1.m1                            1
xe2.x2.xspo.x1.m2                            1
xe2.x2.xspo.mid                              1
e2s2p                                7.575e-10
xe2.x2.xsn1.mid                              1
xe2.x2.xsn1.x1.mid                           0
xe2.x2.sn1                           7.575e-10
xe2.x2.xsn2.mid                              1
xe2.x2.xsn2.x1.mid                           0
xe2.x2.sn2                           7.575e-10
xe2.x2.xsn3.mid                              1
xe2.x2.xsn3.x1.mid                    0.599977
xe2.x2.sn3                           7.575e-10
xe2.x2.xsno.x1.m1                            1
xe2.x2.xsno.x1.m2                            1
xe2.x2.xsno.mid                              1
e2s2n                                7.575e-10
xe2.x3.xab1.mid                              1
xe2.x3.xab1.x1.mid                           0
xe2.x3.mab                           7.575e-10
xe2.x3.xac1.mid                              1
xe2.x3.xac1.x1.mid                           0
xe2.x3.mac                           7.575e-10
xe2.x3.xbc1.mid                              1
xe2.x3.xbc1.x1.mid                           0
xe2.x3.mbc                           7.575e-10
xe2.x3.xp2.x1.m1                             1
xe2.x3.xp2.x1.m2                             1
xe2.x3.xp2.mid                               1
xe2.x3.p2                            7.575e-10
xe2.x3.xab2.mid                              1
xe2.x3.xab2.x1.mid                           0
xe2.x3.mabn                          7.575e-10
xe2.x3.xac2.mid                              1
xe2.x3.xac2.x1.mid                           0
xe2.x3.macn                          7.575e-10
xe2.x3.xbc2.mid                              1
xe2.x3.xbc2.x1.mid                           0
xe2.x3.mbcn                          7.575e-10
xe2.x3.xn2.x1.m1                             1
xe2.x3.xn2.x1.m2                             1
xe2.x3.xn2.mid                               1
xe2.x3.n2                            7.575e-10
xe2.x3.xa3p.mid                              1
xe2.x3.xa3p.x1.m1                            0
xe2.x3.xa3p.x1.m2                            0
xe2.x3.all3p                         7.575e-10
xe2.x3.xa3n.mid                              1
xe2.x3.xa3n.x1.m1                            0
xe2.x3.xa3n.x1.m2                            0
xe2.x3.all3n                         7.575e-10
xe2.x3.xnz.m1                                1
xe2.x3.xnz.m2                                1
xe2.x3.nz                                    1
xe2.x3.xpz.m1                                1
xe2.x3.xpz.m2                                1
xe2.x3.pz                                    1
xe2.x3.na3p                                  1
xe2.x3.xp2x.mid                              1
xe2.x3.xp2x.x1.mid                           0
xe2.x3.p2x                           7.575e-10
xe2.x3.na3n                                  1
xe2.x3.xn2x.mid                              1
xe2.x3.xn2x.x1.mid                           0
xe2.x3.n2x                           7.575e-10
xe2.x3.xop.x1.m1                             1
xe2.x3.xop.x1.m2                             1
xe2.x3.xop.mid                               1
xe2.x3.op                            7.575e-10
xe2.x3.xon.x1.m1                             1
xe2.x3.xon.x1.m2                             1
xe2.x3.xon.mid                               1
xe2.x3.on                            7.575e-10
xe2.x3.np2                                   1
xe2.x3.xp1.mid                               1
xe2.x3.xp1.x1.mid                            0
xe2.x3.p1                            7.575e-10
xe2.x3.nn2                                   1
xe2.x3.xn1.mid                               1
xe2.x3.xn1.x1.mid                            0
xe2.x3.n1                            7.575e-10
xe2.x3.xcop.mid                              1
xe2.x3.xcop.x1.mid                    0.599977
xe2.c4p                              7.575e-10
xe2.x3.xcon.mid                              1
xe2.x3.xcon.x1.mid                    0.599977
xe2.c4n                              7.575e-10
xe2.x3.xsp1.mid                              1
xe2.x3.xsp1.x1.mid                           0
xe2.x3.sp1                           7.575e-10
xe2.x3.xsp2.mid                              1
xe2.x3.xsp2.x1.mid                           0
xe2.x3.sp2                           7.575e-10
xe2.x3.xsp3.mid                              1
xe2.x3.xsp3.x1.mid                    0.599977
xe2.x3.sp3                           7.575e-10
xe2.x3.xspo.x1.m1                            1
xe2.x3.xspo.x1.m2                            1
xe2.x3.xspo.mid                              1
e2s3p                                7.575e-10
xe2.x3.xsn1.mid                              1
xe2.x3.xsn1.x1.mid                           0
xe2.x3.sn1                           7.575e-10
xe2.x3.xsn2.mid                              1
xe2.x3.xsn2.x1.mid                           0
xe2.x3.sn2                           7.575e-10
xe2.x3.xsn3.mid                              1
xe2.x3.xsn3.x1.mid                    0.599977
xe2.x3.sn3                           7.575e-10
xe2.x3.xsno.x1.m1                            1
xe2.x3.xsno.x1.m2                            1
xe2.x3.xsno.mid                              1
e2s3n                                7.575e-10
xe2.x4.xab1.mid                              1
xe2.x4.xab1.x1.mid                           0
xe2.x4.mab                           7.575e-10
xe2.x4.xac1.mid                              1
xe2.x4.xac1.x1.mid                           0
xe2.x4.mac                           7.575e-10
xe2.x4.xbc1.mid                              1
xe2.x4.xbc1.x1.mid                           0
xe2.x4.mbc                           7.575e-10
xe2.x4.xp2.x1.m1                             1
xe2.x4.xp2.x1.m2                             1
xe2.x4.xp2.mid                               1
xe2.x4.p2                            7.575e-10
xe2.x4.xab2.mid                              1
xe2.x4.xab2.x1.mid                           0
xe2.x4.mabn                          7.575e-10
xe2.x4.xac2.mid                              1
xe2.x4.xac2.x1.mid                           0
xe2.x4.macn                          7.575e-10
xe2.x4.xbc2.mid                              1
xe2.x4.xbc2.x1.mid                           0
xe2.x4.mbcn                          7.575e-10
xe2.x4.xn2.x1.m1                             1
xe2.x4.xn2.x1.m2                             1
xe2.x4.xn2.mid                               1
xe2.x4.n2                            7.575e-10
xe2.x4.xa3p.mid                              1
xe2.x4.xa3p.x1.m1                            0
xe2.x4.xa3p.x1.m2                            0
xe2.x4.all3p                         7.575e-10
xe2.x4.xa3n.mid                              1
xe2.x4.xa3n.x1.m1                            0
xe2.x4.xa3n.x1.m2                            0
xe2.x4.all3n                         7.575e-10
xe2.x4.xnz.m1                                1
xe2.x4.xnz.m2                                1
xe2.x4.nz                                    1
xe2.x4.xpz.m1                                1
xe2.x4.xpz.m2                                1
xe2.x4.pz                                    1
xe2.x4.na3p                                  1
xe2.x4.xp2x.mid                              1
xe2.x4.xp2x.x1.mid                           0
xe2.x4.p2x                           7.575e-10
xe2.x4.na3n                                  1
xe2.x4.xn2x.mid                              1
xe2.x4.xn2x.x1.mid                           0
xe2.x4.n2x                           7.575e-10
xe2.x4.xop.x1.m1                             1
xe2.x4.xop.x1.m2                             1
xe2.x4.xop.mid                               1
xe2.x4.op                            7.575e-10
xe2.x4.xon.x1.m1                             1
xe2.x4.xon.x1.m2                             1
xe2.x4.xon.mid                               1
xe2.x4.on                            7.575e-10
xe2.x4.np2                                   1
xe2.x4.xp1.mid                               1
xe2.x4.xp1.x1.mid                            0
xe2.x4.p1                            7.575e-10
xe2.x4.nn2                                   1
xe2.x4.xn1.mid                               1
xe2.x4.xn1.x1.mid                            0
xe2.x4.n1                            7.575e-10
xe2.x4.xcop.mid                              1
xe2.x4.xcop.x1.mid                    0.599977
xe2.c5p                              7.575e-10
xe2.x4.xcon.mid                              1
xe2.x4.xcon.x1.mid                    0.599977
xe2.c5n                              7.575e-10
xe2.x4.xsp1.mid                              1
xe2.x4.xsp1.x1.mid                           0
xe2.x4.sp1                           7.575e-10
xe2.x4.xsp2.mid                              1
xe2.x4.xsp2.x1.mid                           0
xe2.x4.sp2                           7.575e-10
xe2.x4.xsp3.mid                              1
xe2.x4.xsp3.x1.mid                    0.599977
xe2.x4.sp3                           7.575e-10
xe2.x4.xspo.x1.m1                            1
xe2.x4.xspo.x1.m2                            1
xe2.x4.xspo.mid                              1
e2s4p                                7.575e-10
xe2.x4.xsn1.mid                              1
xe2.x4.xsn1.x1.mid                           0
xe2.x4.sn1                           7.575e-10
xe2.x4.xsn2.mid                              1
xe2.x4.xsn2.x1.mid                           0
xe2.x4.sn2                           7.575e-10
xe2.x4.xsn3.mid                              1
xe2.x4.xsn3.x1.mid                    0.599977
xe2.x4.sn3                           7.575e-10
xe2.x4.xsno.x1.m1                            1
xe2.x4.xsno.x1.m2                            1
xe2.x4.xsno.mid                              1
e2s4n                                7.575e-10
xe2.x5.xab1.mid                              1
xe2.x5.xab1.x1.mid                           0
xe2.x5.mab                           7.575e-10
xe2.x5.xac1.mid                              1
xe2.x5.xac1.x1.mid                           0
xe2.x5.mac                           7.575e-10
xe2.x5.xbc1.mid                              1
xe2.x5.xbc1.x1.mid                           0
xe2.x5.mbc                           7.575e-10
xe2.x5.xp2.x1.m1                             1
xe2.x5.xp2.x1.m2                             1
xe2.x5.xp2.mid                               1
xe2.x5.p2                            7.575e-10
xe2.x5.xab2.mid                              1
xe2.x5.xab2.x1.mid                           0
xe2.x5.mabn                          7.575e-10
xe2.x5.xac2.mid                              1
xe2.x5.xac2.x1.mid                           0
xe2.x5.macn                          7.575e-10
xe2.x5.xbc2.mid                              1
xe2.x5.xbc2.x1.mid                           0
xe2.x5.mbcn                          7.575e-10
xe2.x5.xn2.x1.m1                             1
xe2.x5.xn2.x1.m2                             1
xe2.x5.xn2.mid                               1
xe2.x5.n2                            7.575e-10
xe2.x5.xa3p.mid                              1
xe2.x5.xa3p.x1.m1                            0
xe2.x5.xa3p.x1.m2                            0
xe2.x5.all3p                         7.575e-10
xe2.x5.xa3n.mid                              1
xe2.x5.xa3n.x1.m1                            0
xe2.x5.xa3n.x1.m2                            0
xe2.x5.all3n                         7.575e-10
xe2.x5.xnz.m1                                1
xe2.x5.xnz.m2                                1
xe2.x5.nz                                    1
xe2.x5.xpz.m1                                1
xe2.x5.xpz.m2                                1
xe2.x5.pz                                    1
xe2.x5.na3p                                  1
xe2.x5.xp2x.mid                              1
xe2.x5.xp2x.x1.mid                           0
xe2.x5.p2x                           7.575e-10
xe2.x5.na3n                                  1
xe2.x5.xn2x.mid                              1
xe2.x5.xn2x.x1.mid                           0
xe2.x5.n2x                           7.575e-10
xe2.x5.xop.x1.m1                             1
xe2.x5.xop.x1.m2                             1
xe2.x5.xop.mid                               1
xe2.x5.op                            7.575e-10
xe2.x5.xon.x1.m1                             1
xe2.x5.xon.x1.m2                             1
xe2.x5.xon.mid                               1
xe2.x5.on                            7.575e-10
xe2.x5.np2                                   1
xe2.x5.xp1.mid                               1
xe2.x5.xp1.x1.mid                            0
xe2.x5.p1                            7.575e-10
xe2.x5.nn2                                   1
xe2.x5.xn1.mid                               1
xe2.x5.xn1.x1.mid                            0
xe2.x5.n1                            7.575e-10
xe2.x5.xcop.mid                              1
xe2.x5.xcop.x1.mid                    0.599977
e2cop                                7.575e-10
xe2.x5.xcon.mid                              1
xe2.x5.xcon.x1.mid                    0.599977
e2con                                7.575e-10
xe2.x5.xsp1.mid                              1
xe2.x5.xsp1.x1.mid                           0
xe2.x5.sp1                           7.575e-10
xe2.x5.xsp2.mid                              1
xe2.x5.xsp2.x1.mid                           0
xe2.x5.sp2                           7.575e-10
xe2.x5.xsp3.mid                              1
xe2.x5.xsp3.x1.mid                    0.599977
xe2.x5.sp3                           7.575e-10
xe2.x5.xspo.x1.m1                            1
xe2.x5.xspo.x1.m2                            1
xe2.x5.xspo.mid                              1
e2s5p                                7.575e-10
xe2.x5.xsn1.mid                              1
xe2.x5.xsn1.x1.mid                           0
xe2.x5.sn1                           7.575e-10
xe2.x5.xsn2.mid                              1
xe2.x5.xsn2.x1.mid                           0
xe2.x5.sn2                           7.575e-10
xe2.x5.xsn3.mid                              1
xe2.x5.xsn3.x1.mid                    0.599977
xe2.x5.sn3                           7.575e-10
xe2.x5.xsno.x1.m1                            1
xe2.x5.xsno.x1.m2                            1
xe2.x5.xsno.mid                              1
e2s5n                                7.575e-10
e3b0                                         0
e3b1                                         0
e3b2                                         0
e3b3                                         0
e3b4                                         0
e3b5                                         0
xe3.x0.xab1.mid                              1
xe3.x0.xab1.x1.mid                    0.599977
xe3.x0.mab                           7.575e-10
xe3.x0.xac1.mid                              1
xe3.x0.xac1.x1.mid                    0.599977
xe3.x0.mac                           7.575e-10
xe3.x0.xbc1.mid                              1
xe3.x0.xbc1.x1.mid                           0
xe3.x0.mbc                           7.575e-10
xe3.x0.xp2.x1.m1                             1
xe3.x0.xp2.x1.m2                             1
xe3.x0.xp2.mid                               1
xe3.x0.p2                            7.575e-10
xe3.x0.xab2.mid                              1
xe3.x0.xab2.x1.mid                           0
xe3.x0.mabn                          7.575e-10
xe3.x0.xac2.mid                              1
xe3.x0.xac2.x1.mid                           0
xe3.x0.macn                          7.575e-10
xe3.x0.xbc2.mid                              1
xe3.x0.xbc2.x1.mid                           0
xe3.x0.mbcn                          7.575e-10
xe3.x0.xn2.x1.m1                             1
xe3.x0.xn2.x1.m2                             1
xe3.x0.xn2.mid                               1
xe3.x0.n2                            7.575e-10
xe3.x0.xa3p.mid                              1
xe3.x0.xa3p.x1.m1                     0.599981
xe3.x0.xa3p.x1.m2                            0
xe3.x0.all3p                         7.575e-10
xe3.x0.xa3n.mid                              1
xe3.x0.xa3n.x1.m1                            0
xe3.x0.xa3n.x1.m2                            0
xe3.x0.all3n                         7.575e-10
xe3.x0.xnz.m1                                1
xe3.x0.xnz.m2                                1
xe3.x0.nz                                    1
xe3.x0.xpz.m1                         0.400138
xe3.x0.xpz.m2                         0.400137
xe3.x0.pz                          2.58709e-09
xe3.x0.na3p                                  1
xe3.x0.xp2x.mid                              1
xe3.x0.xp2x.x1.mid                           0
xe3.x0.p2x                           7.575e-10
xe3.x0.na3n                                  1
xe3.x0.xn2x.mid                              1
xe3.x0.xn2x.x1.mid                           0
xe3.x0.n2x                           7.575e-10
xe3.x0.xop.x1.m1                      0.400138
xe3.x0.xop.x1.m2                      0.400137
xe3.x0.xop.mid                     2.58709e-09
xe3.x0.op                                    1
xe3.x0.xon.x1.m1                             1
xe3.x0.xon.x1.m2                             1
xe3.x0.xon.mid                               1
xe3.x0.on                            7.575e-10
xe3.x0.np2                                   1
xe3.x0.xp1.mid                       1.515e-09
xe3.x0.xp1.x1.mid                    7.575e-10
xe3.x0.p1                                    1
xe3.x0.nn2                                   1
xe3.x0.xn1.mid                               1
xe3.x0.xn1.x1.mid                            0
xe3.x0.n1                            7.575e-10
xe3.x0.xcop.mid                              1
xe3.x0.xcop.x1.mid                    0.599977
xe3.c1p                              7.575e-10
xe3.x0.xcon.mid                              1
xe3.x0.xcon.x1.mid                           0
xe3.c1n                              7.575e-10
xe3.x0.xsp1.mid                      1.515e-09
xe3.x0.xsp1.x1.mid                   7.575e-10
xe3.x0.sp1                                   1
xe3.x0.xsp2.mid                              1
xe3.x0.xsp2.x1.mid                           0
xe3.x0.sp2                           7.575e-10
xe3.x0.xsp3.mid                              1
xe3.x0.xsp3.x1.mid                           0
xe3.x0.sp3                           7.575e-10
xe3.x0.xspo.x1.m1                     0.400138
xe3.x0.xspo.x1.m2                     0.400137
xe3.x0.xspo.mid                    2.58709e-09
e3s0p                                        1
xe3.x0.xsn1.mid                              1
xe3.x0.xsn1.x1.mid                           0
xe3.x0.sn1                           7.575e-10
xe3.x0.xsn2.mid                              1
xe3.x0.xsn2.x1.mid                           0
xe3.x0.sn2                           7.575e-10
xe3.x0.xsn3.mid                              1
xe3.x0.xsn3.x1.mid                    0.599977
xe3.x0.sn3                           7.575e-10
xe3.x0.xsno.x1.m1                            1
xe3.x0.xsno.x1.m2                            1
xe3.x0.xsno.mid                              1
e3s0n                                7.575e-10
xe3.x1.xab1.mid                              1
xe3.x1.xab1.x1.mid                    0.599977
xe3.x1.mab                           7.575e-10
xe3.x1.xac1.mid                              1
xe3.x1.xac1.x1.mid                    0.599977
xe3.x1.mac                           7.575e-10
xe3.x1.xbc1.mid                              1
xe3.x1.xbc1.x1.mid                           0
xe3.x1.mbc                           7.575e-10
xe3.x1.xp2.x1.m1                             1
xe3.x1.xp2.x1.m2                             1
xe3.x1.xp2.mid                               1
xe3.x1.p2                            7.575e-10
xe3.x1.xab2.mid                              1
xe3.x1.xab2.x1.mid                           0
xe3.x1.mabn                          7.575e-10
xe3.x1.xac2.mid                              1
xe3.x1.xac2.x1.mid                           0
xe3.x1.macn                          7.575e-10
xe3.x1.xbc2.mid                              1
xe3.x1.xbc2.x1.mid                           0
xe3.x1.mbcn                          7.575e-10
xe3.x1.xn2.x1.m1                             1
xe3.x1.xn2.x1.m2                             1
xe3.x1.xn2.mid                               1
xe3.x1.n2                            7.575e-10
xe3.x1.xa3p.mid                              1
xe3.x1.xa3p.x1.m1                     0.599981
xe3.x1.xa3p.x1.m2                            0
xe3.x1.all3p                         7.575e-10
xe3.x1.xa3n.mid                              1
xe3.x1.xa3n.x1.m1                            0
xe3.x1.xa3n.x1.m2                            0
xe3.x1.all3n                         7.575e-10
xe3.x1.xnz.m1                                1
xe3.x1.xnz.m2                                1
xe3.x1.nz                                    1
xe3.x1.xpz.m1                         0.400138
xe3.x1.xpz.m2                         0.400137
xe3.x1.pz                          2.58709e-09
xe3.x1.na3p                                  1
xe3.x1.xp2x.mid                              1
xe3.x1.xp2x.x1.mid                           0
xe3.x1.p2x                           7.575e-10
xe3.x1.na3n                                  1
xe3.x1.xn2x.mid                              1
xe3.x1.xn2x.x1.mid                           0
xe3.x1.n2x                           7.575e-10
xe3.x1.xop.x1.m1                      0.400138
xe3.x1.xop.x1.m2                      0.400137
xe3.x1.xop.mid                     2.58709e-09
xe3.x1.op                                    1
xe3.x1.xon.x1.m1                             1
xe3.x1.xon.x1.m2                             1
xe3.x1.xon.mid                               1
xe3.x1.on                            7.575e-10
xe3.x1.np2                                   1
xe3.x1.xp1.mid                       1.515e-09
xe3.x1.xp1.x1.mid                    7.575e-10
xe3.x1.p1                                    1
xe3.x1.nn2                                   1
xe3.x1.xn1.mid                               1
xe3.x1.xn1.x1.mid                            0
xe3.x1.n1                            7.575e-10
xe3.x1.xcop.mid                              1
xe3.x1.xcop.x1.mid                    0.599977
xe3.c2p                              7.575e-10
xe3.x1.xcon.mid                              1
xe3.x1.xcon.x1.mid                           0
xe3.c2n                              7.575e-10
xe3.x1.xsp1.mid                      1.515e-09
xe3.x1.xsp1.x1.mid                   7.575e-10
xe3.x1.sp1                                   1
xe3.x1.xsp2.mid                              1
xe3.x1.xsp2.x1.mid                           0
xe3.x1.sp2                           7.575e-10
xe3.x1.xsp3.mid                              1
xe3.x1.xsp3.x1.mid                           0
xe3.x1.sp3                           7.575e-10
xe3.x1.xspo.x1.m1                     0.400138
xe3.x1.xspo.x1.m2                     0.400137
xe3.x1.xspo.mid                    2.58709e-09
e3s1p                                        1
xe3.x1.xsn1.mid                              1
xe3.x1.xsn1.x1.mid                           0
xe3.x1.sn1                           7.575e-10
xe3.x1.xsn2.mid                              1
xe3.x1.xsn2.x1.mid                           0
xe3.x1.sn2                           7.575e-10
xe3.x1.xsn3.mid                              1
xe3.x1.xsn3.x1.mid                    0.599977
xe3.x1.sn3                           7.575e-10
xe3.x1.xsno.x1.m1                            1
xe3.x1.xsno.x1.m2                            1
xe3.x1.xsno.mid                              1
e3s1n                                7.575e-10
xe3.x2.xab1.mid                              1
xe3.x2.xab1.x1.mid                    0.599977
xe3.x2.mab                           7.575e-10
xe3.x2.xac1.mid                              1
xe3.x2.xac1.x1.mid                    0.599977
xe3.x2.mac                           7.575e-10
xe3.x2.xbc1.mid                              1
xe3.x2.xbc1.x1.mid                           0
xe3.x2.mbc                           7.575e-10
xe3.x2.xp2.x1.m1                             1
xe3.x2.xp2.x1.m2                             1
xe3.x2.xp2.mid                               1
xe3.x2.p2                            7.575e-10
xe3.x2.xab2.mid                              1
xe3.x2.xab2.x1.mid                           0
xe3.x2.mabn                          7.575e-10
xe3.x2.xac2.mid                              1
xe3.x2.xac2.x1.mid                           0
xe3.x2.macn                          7.575e-10
xe3.x2.xbc2.mid                              1
xe3.x2.xbc2.x1.mid                           0
xe3.x2.mbcn                          7.575e-10
xe3.x2.xn2.x1.m1                             1
xe3.x2.xn2.x1.m2                             1
xe3.x2.xn2.mid                               1
xe3.x2.n2                            7.575e-10
xe3.x2.xa3p.mid                              1
xe3.x2.xa3p.x1.m1                     0.599981
xe3.x2.xa3p.x1.m2                            0
xe3.x2.all3p                         7.575e-10
xe3.x2.xa3n.mid                              1
xe3.x2.xa3n.x1.m1                            0
xe3.x2.xa3n.x1.m2                            0
xe3.x2.all3n                         7.575e-10
xe3.x2.xnz.m1                                1
xe3.x2.xnz.m2                                1
xe3.x2.nz                                    1
xe3.x2.xpz.m1                         0.400138
xe3.x2.xpz.m2                         0.400137
xe3.x2.pz                          2.58709e-09
xe3.x2.na3p                                  1
xe3.x2.xp2x.mid                              1
xe3.x2.xp2x.x1.mid                           0
xe3.x2.p2x                           7.575e-10
xe3.x2.na3n                                  1
xe3.x2.xn2x.mid                              1
xe3.x2.xn2x.x1.mid                           0
xe3.x2.n2x                           7.575e-10
xe3.x2.xop.x1.m1                      0.400138
xe3.x2.xop.x1.m2                      0.400137
xe3.x2.xop.mid                     2.58709e-09
xe3.x2.op                                    1
xe3.x2.xon.x1.m1                             1
xe3.x2.xon.x1.m2                             1
xe3.x2.xon.mid                               1
xe3.x2.on                            7.575e-10
xe3.x2.np2                                   1
xe3.x2.xp1.mid                       1.515e-09
xe3.x2.xp1.x1.mid                    7.575e-10
xe3.x2.p1                                    1
xe3.x2.nn2                                   1
xe3.x2.xn1.mid                               1
xe3.x2.xn1.x1.mid                            0
xe3.x2.n1                            7.575e-10
xe3.x2.xcop.mid                              1
xe3.x2.xcop.x1.mid                    0.599977
xe3.c3p                              7.575e-10
xe3.x2.xcon.mid                              1
xe3.x2.xcon.x1.mid                           0
xe3.c3n                              7.575e-10
xe3.x2.xsp1.mid                      1.515e-09
xe3.x2.xsp1.x1.mid                   7.575e-10
xe3.x2.sp1                                   1
xe3.x2.xsp2.mid                              1
xe3.x2.xsp2.x1.mid                           0
xe3.x2.sp2                           7.575e-10
xe3.x2.xsp3.mid                              1
xe3.x2.xsp3.x1.mid                           0
xe3.x2.sp3                           7.575e-10
xe3.x2.xspo.x1.m1                     0.400138
xe3.x2.xspo.x1.m2                     0.400137
xe3.x2.xspo.mid                    2.58709e-09
e3s2p                                        1
xe3.x2.xsn1.mid                              1
xe3.x2.xsn1.x1.mid                           0
xe3.x2.sn1                           7.575e-10
xe3.x2.xsn2.mid                              1
xe3.x2.xsn2.x1.mid                           0
xe3.x2.sn2                           7.575e-10
xe3.x2.xsn3.mid                              1
xe3.x2.xsn3.x1.mid                    0.599977
xe3.x2.sn3                           7.575e-10
xe3.x2.xsno.x1.m1                            1
xe3.x2.xsno.x1.m2                            1
xe3.x2.xsno.mid                              1
e3s2n                                7.575e-10
xe3.x3.xab1.mid                              1
xe3.x3.xab1.x1.mid                    0.599977
xe3.x3.mab                           7.575e-10
xe3.x3.xac1.mid                              1
xe3.x3.xac1.x1.mid                    0.599977
xe3.x3.mac                           7.575e-10
xe3.x3.xbc1.mid                              1
xe3.x3.xbc1.x1.mid                           0
xe3.x3.mbc                           7.575e-10
xe3.x3.xp2.x1.m1                             1
xe3.x3.xp2.x1.m2                             1
xe3.x3.xp2.mid                               1
xe3.x3.p2                            7.575e-10
xe3.x3.xab2.mid                              1
xe3.x3.xab2.x1.mid                           0
xe3.x3.mabn                          7.575e-10
xe3.x3.xac2.mid                              1
xe3.x3.xac2.x1.mid                           0
xe3.x3.macn                          7.575e-10
xe3.x3.xbc2.mid                              1
xe3.x3.xbc2.x1.mid                           0
xe3.x3.mbcn                          7.575e-10
xe3.x3.xn2.x1.m1                             1
xe3.x3.xn2.x1.m2                             1
xe3.x3.xn2.mid                               1
xe3.x3.n2                            7.575e-10
xe3.x3.xa3p.mid                              1
xe3.x3.xa3p.x1.m1                     0.599981
xe3.x3.xa3p.x1.m2                            0
xe3.x3.all3p                         7.575e-10
xe3.x3.xa3n.mid                              1
xe3.x3.xa3n.x1.m1                            0
xe3.x3.xa3n.x1.m2                            0
xe3.x3.all3n                         7.575e-10
xe3.x3.xnz.m1                                1
xe3.x3.xnz.m2                                1
xe3.x3.nz                                    1
xe3.x3.xpz.m1                         0.400138
xe3.x3.xpz.m2                         0.400137
xe3.x3.pz                          2.58709e-09
xe3.x3.na3p                                  1
xe3.x3.xp2x.mid                              1
xe3.x3.xp2x.x1.mid                           0
xe3.x3.p2x                           7.575e-10
xe3.x3.na3n                                  1
xe3.x3.xn2x.mid                              1
xe3.x3.xn2x.x1.mid                           0
xe3.x3.n2x                           7.575e-10
xe3.x3.xop.x1.m1                      0.400138
xe3.x3.xop.x1.m2                      0.400137
xe3.x3.xop.mid                     2.58709e-09
xe3.x3.op                                    1
xe3.x3.xon.x1.m1                             1
xe3.x3.xon.x1.m2                             1
xe3.x3.xon.mid                               1
xe3.x3.on                            7.575e-10
xe3.x3.np2                                   1
xe3.x3.xp1.mid                       1.515e-09
xe3.x3.xp1.x1.mid                    7.575e-10
xe3.x3.p1                                    1
xe3.x3.nn2                                   1
xe3.x3.xn1.mid                               1
xe3.x3.xn1.x1.mid                            0
xe3.x3.n1                            7.575e-10
xe3.x3.xcop.mid                              1
xe3.x3.xcop.x1.mid                    0.599977
xe3.c4p                              7.575e-10
xe3.x3.xcon.mid                              1
xe3.x3.xcon.x1.mid                           0
xe3.c4n                              7.575e-10
xe3.x3.xsp1.mid                      1.515e-09
xe3.x3.xsp1.x1.mid                   7.575e-10
xe3.x3.sp1                                   1
xe3.x3.xsp2.mid                              1
xe3.x3.xsp2.x1.mid               -4.52995e-267
xe3.x3.sp2                           7.575e-10
xe3.x3.xsp3.mid                              1
xe3.x3.xsp3.x1.mid                           0
xe3.x3.sp3                           7.575e-10
xe3.x3.xspo.x1.m1                     0.400138
xe3.x3.xspo.x1.m2                     0.400137
xe3.x3.xspo.mid                    2.58709e-09
e3s3p                                        1
xe3.x3.xsn1.mid                              1
xe3.x3.xsn1.x1.mid                           0
xe3.x3.sn1                           7.575e-10
xe3.x3.xsn2.mid                              1
xe3.x3.xsn2.x1.mid                           0
xe3.x3.sn2                           7.575e-10
xe3.x3.xsn3.mid                              1
xe3.x3.xsn3.x1.mid                    0.599977
xe3.x3.sn3                           7.575e-10
xe3.x3.xsno.x1.m1                            1
xe3.x3.xsno.x1.m2                            1
xe3.x3.xsno.mid                              1
e3s3n                                7.575e-10
xe3.x4.xab1.mid                              1
xe3.x4.xab1.x1.mid                    0.599977
xe3.x4.mab                           7.575e-10
xe3.x4.xac1.mid                              1
xe3.x4.xac1.x1.mid                    0.599977
xe3.x4.mac                           7.575e-10
xe3.x4.xbc1.mid                              1
xe3.x4.xbc1.x1.mid                           0
xe3.x4.mbc                           7.575e-10
xe3.x4.xp2.x1.m1                             1
xe3.x4.xp2.x1.m2                             1
xe3.x4.xp2.mid                               1
xe3.x4.p2                            7.575e-10
xe3.x4.xab2.mid                              1
xe3.x4.xab2.x1.mid                           0
xe3.x4.mabn                          7.575e-10
xe3.x4.xac2.mid                              1
xe3.x4.xac2.x1.mid                           0
xe3.x4.macn                          7.575e-10
xe3.x4.xbc2.mid                              1
xe3.x4.xbc2.x1.mid                           0
xe3.x4.mbcn                          7.575e-10
xe3.x4.xn2.x1.m1                             1
xe3.x4.xn2.x1.m2                             1
xe3.x4.xn2.mid                               1
xe3.x4.n2                            7.575e-10
xe3.x4.xa3p.mid                              1
xe3.x4.xa3p.x1.m1                     0.599981
xe3.x4.xa3p.x1.m2                            0
xe3.x4.all3p                         7.575e-10
xe3.x4.xa3n.mid                              1
xe3.x4.xa3n.x1.m1                            0
xe3.x4.xa3n.x1.m2                            0
xe3.x4.all3n                         7.575e-10
xe3.x4.xnz.m1                                1
xe3.x4.xnz.m2                                1
xe3.x4.nz                                    1
xe3.x4.xpz.m1                         0.400138
xe3.x4.xpz.m2                         0.400137
xe3.x4.pz                          2.58709e-09
xe3.x4.na3p                                  1
xe3.x4.xp2x.mid                              1
xe3.x4.xp2x.x1.mid                           0
xe3.x4.p2x                           7.575e-10
xe3.x4.na3n                                  1
xe3.x4.xn2x.mid                              1
xe3.x4.xn2x.x1.mid                           0
xe3.x4.n2x                           7.575e-10
xe3.x4.xop.x1.m1                      0.400138
xe3.x4.xop.x1.m2                      0.400137
xe3.x4.xop.mid                     2.58709e-09
xe3.x4.op                                    1
xe3.x4.xon.x1.m1                             1
xe3.x4.xon.x1.m2                             1
xe3.x4.xon.mid                               1
xe3.x4.on                            7.575e-10
xe3.x4.np2                                   1
xe3.x4.xp1.mid                       1.515e-09
xe3.x4.xp1.x1.mid                    7.575e-10
xe3.x4.p1                                    1
xe3.x4.nn2                                   1
xe3.x4.xn1.mid                               1
xe3.x4.xn1.x1.mid                            0
xe3.x4.n1                            7.575e-10
xe3.x4.xcop.mid                              1
xe3.x4.xcop.x1.mid                    0.599977
xe3.c5p                              7.575e-10
xe3.x4.xcon.mid                              1
xe3.x4.xcon.x1.mid                           0
xe3.c5n                              7.575e-10
xe3.x4.xsp1.mid                      1.515e-09
xe3.x4.xsp1.x1.mid                   7.575e-10
xe3.x4.sp1                                   1
xe3.x4.xsp2.mid                              1
xe3.x4.xsp2.x1.mid               -1.35631e-216
xe3.x4.sp2                           7.575e-10
xe3.x4.xsp3.mid                              1
xe3.x4.xsp3.x1.mid                           0
xe3.x4.sp3                           7.575e-10
xe3.x4.xspo.x1.m1                     0.400138
xe3.x4.xspo.x1.m2                     0.400137
xe3.x4.xspo.mid                    2.58709e-09
e3s4p                                        1
xe3.x4.xsn1.mid                              1
xe3.x4.xsn1.x1.mid                           0
xe3.x4.sn1                           7.575e-10
xe3.x4.xsn2.mid                              1
xe3.x4.xsn2.x1.mid                           0
xe3.x4.sn2                           7.575e-10
xe3.x4.xsn3.mid                              1
xe3.x4.xsn3.x1.mid                    0.599977
xe3.x4.sn3                           7.575e-10
xe3.x4.xsno.x1.m1                            1
xe3.x4.xsno.x1.m2                            1
xe3.x4.xsno.mid                              1
e3s4n                                7.575e-10
xe3.x5.xab1.mid                              1
xe3.x5.xab1.x1.mid                    0.599977
xe3.x5.mab                           7.575e-10
xe3.x5.xac1.mid                              1
xe3.x5.xac1.x1.mid                    0.599977
xe3.x5.mac                           7.575e-10
xe3.x5.xbc1.mid                              1
xe3.x5.xbc1.x1.mid                           0
xe3.x5.mbc                           7.575e-10
xe3.x5.xp2.x1.m1                             1
xe3.x5.xp2.x1.m2                             1
xe3.x5.xp2.mid                               1
xe3.x5.p2                            7.575e-10
xe3.x5.xab2.mid                              1
xe3.x5.xab2.x1.mid                           0
xe3.x5.mabn                          7.575e-10
xe3.x5.xac2.mid                              1
xe3.x5.xac2.x1.mid                           0
xe3.x5.macn                          7.575e-10
xe3.x5.xbc2.mid                              1
xe3.x5.xbc2.x1.mid                           0
xe3.x5.mbcn                          7.575e-10
xe3.x5.xn2.x1.m1                             1
xe3.x5.xn2.x1.m2                             1
xe3.x5.xn2.mid                               1
xe3.x5.n2                            7.575e-10
xe3.x5.xa3p.mid                              1
xe3.x5.xa3p.x1.m1                     0.599981
xe3.x5.xa3p.x1.m2                            0
xe3.x5.all3p                         7.575e-10
xe3.x5.xa3n.mid                              1
xe3.x5.xa3n.x1.m1                            0
xe3.x5.xa3n.x1.m2                            0
xe3.x5.all3n                         7.575e-10
xe3.x5.xnz.m1                                1
xe3.x5.xnz.m2                                1
xe3.x5.nz                                    1
xe3.x5.xpz.m1                         0.400138
xe3.x5.xpz.m2                         0.400137
xe3.x5.pz                          2.58709e-09
xe3.x5.na3p                                  1
xe3.x5.xp2x.mid                              1
xe3.x5.xp2x.x1.mid                           0
xe3.x5.p2x                           7.575e-10
xe3.x5.na3n                                  1
xe3.x5.xn2x.mid                              1
xe3.x5.xn2x.x1.mid                           0
xe3.x5.n2x                           7.575e-10
xe3.x5.xop.x1.m1                      0.400138
xe3.x5.xop.x1.m2                      0.400137
xe3.x5.xop.mid                     2.58709e-09
xe3.x5.op                                    1
xe3.x5.xon.x1.m1                             1
xe3.x5.xon.x1.m2                             1
xe3.x5.xon.mid                               1
xe3.x5.on                            7.575e-10
xe3.x5.np2                                   1
xe3.x5.xp1.mid                       1.515e-09
xe3.x5.xp1.x1.mid                    7.575e-10
xe3.x5.p1                                    1
xe3.x5.nn2                                   1
xe3.x5.xn1.mid                               1
xe3.x5.xn1.x1.mid                            0
xe3.x5.n1                            7.575e-10
xe3.x5.xcop.mid                              1
xe3.x5.xcop.x1.mid                    0.599977
e3cop                                7.575e-10
xe3.x5.xcon.mid                              1
xe3.x5.xcon.x1.mid                           0
e3con                                7.575e-10
xe3.x5.xsp1.mid                      1.515e-09
xe3.x5.xsp1.x1.mid                   7.575e-10
xe3.x5.sp1                                   1
xe3.x5.xsp2.mid                              1
xe3.x5.xsp2.x1.mid               -4.06093e-166
xe3.x5.sp2                           7.575e-10
xe3.x5.xsp3.mid                              1
xe3.x5.xsp3.x1.mid                           0
xe3.x5.sp3                           7.575e-10
xe3.x5.xspo.x1.m1                     0.400138
xe3.x5.xspo.x1.m2                     0.400137
xe3.x5.xspo.mid                    2.58709e-09
e3s5p                                        1
xe3.x5.xsn1.mid                              1
xe3.x5.xsn1.x1.mid                           0
xe3.x5.sn1                           7.575e-10
xe3.x5.xsn2.mid                              1
xe3.x5.xsn2.x1.mid                           0
xe3.x5.sn2                           7.575e-10
xe3.x5.xsn3.mid                              1
xe3.x5.xsn3.x1.mid                    0.599977
xe3.x5.sn3                           7.575e-10
xe3.x5.xsno.x1.m1                            1
xe3.x5.xsno.x1.m2                            1
xe3.x5.xsno.mid                              1
e3s5n                                7.575e-10
t1ap                                         1
t1an                                         0
t1bp                                         1
t1bn                                         0
t1cp                                         0
t1cn                                         0
xtt1.xab1.mid                        1.515e-09
xtt1.xab1.x1.mid                     7.575e-10
xtt1.mab                                     1
xtt1.xac1.mid                                1
xtt1.xac1.x1.mid                      0.599977
xtt1.mac                             7.575e-10
xtt1.xbc1.mid                                1
xtt1.xbc1.x1.mid                      0.599977
xtt1.mbc                             7.575e-10
xtt1.xp2.x1.m1                        0.400138
xtt1.xp2.x1.m2                        0.400137
xtt1.xp2.mid                       2.58709e-09
xtt1.p2                                      1
xtt1.xab2.mid                                1
xtt1.xab2.x1.mid                             0
xtt1.mabn                            7.575e-10
xtt1.xac2.mid                                1
xtt1.xac2.x1.mid                             0
xtt1.macn                            7.575e-10
xtt1.xbc2.mid                                1
xtt1.xbc2.x1.mid                             0
xtt1.mbcn                            7.575e-10
xtt1.xn2.x1.m1                               1
xtt1.xn2.x1.m2                               1
xtt1.xn2.mid                                 1
xtt1.n2                              7.575e-10
xtt1.xa3p.mid                                1
xtt1.xa3p.x1.m1                       0.599973
xtt1.xa3p.x1.m2                       0.599967
xtt1.all3p                           7.575e-10
xtt1.xa3n.mid                                1
xtt1.xa3n.x1.m1                              0
xtt1.xa3n.x1.m2                              0
xtt1.all3n                           7.575e-10
xtt1.xnz.m1                                  1
xtt1.xnz.m2                                  1
xtt1.nz                                      1
xtt1.xpz.m1                            1.00062
xtt1.xpz.m2                           0.400136
xtt1.pz                            8.36148e-10
xtt1.na3p                                    1
xtt1.xp2x.mid                        1.515e-09
xtt1.xp2x.x1.mid                     7.575e-10
xtt1.p2x                                     1
xtt1.na3n                                    1
xtt1.xn2x.mid                                1
xtt1.xn2x.x1.mid                             0
xtt1.n2x                             7.575e-10
xtt1.xop.x1.m1                         1.00062
xtt1.xop.x1.m2                        0.400136
xtt1.xop.mid                       8.36148e-10
xtt1.op                                      1
xtt1.xon.x1.m1                               1
xtt1.xon.x1.m2                               1
xtt1.xon.mid                                 1
xtt1.on                              7.575e-10
xtt1.np2                             7.575e-10
xtt1.xp1.mid                                 1
xtt1.xp1.x1.mid                       0.599977
xtt1.p1                              7.575e-10
xtt1.nn2                                     1
xtt1.xn1.mid                                 1
xtt1.xn1.x1.mid                              0
xtt1.n1                              7.575e-10
xtt1.xcop.mid                        1.515e-09
xtt1.xcop.x1.mid                     7.575e-10
t1cop                                        1
xtt1.xcon.mid                                1
xtt1.xcon.x1.mid                             0
t1con                                7.575e-10
xtt1.xsp1.mid                                1
xtt1.xsp1.x1.mid                             0
xtt1.sp1                             7.575e-10
xtt1.xsp2.mid                                1
xtt1.xsp2.x1.mid                      0.599977
xtt1.sp2                             7.575e-10
xtt1.xsp3.mid                                1
xtt1.xsp3.x1.mid                             0
xtt1.sp3                             7.575e-10
xtt1.xspo.x1.m1                              1
xtt1.xspo.x1.m2                              1
xtt1.xspo.mid                                1
t1sp                                 7.575e-10
xtt1.xsn1.mid                                1
xtt1.xsn1.x1.mid                             0
xtt1.sn1                             7.575e-10
xtt1.xsn2.mid                                1
xtt1.xsn2.x1.mid                             0
xtt1.sn2                             7.575e-10
xtt1.xsn3.mid                        1.515e-09
xtt1.xsn3.x1.mid                     7.575e-10
xtt1.sn3                                     1
xtt1.xsno.x1.m1                              1
xtt1.xsno.x1.m2                              1
xtt1.xsno.mid                        7.575e-10
t1sn                                         1
xref1.s                                      2
t1copr                                       1
t1conr                                       0
t1spr                                        0
t1snr                                        1
dsp1                                 7.575e-10
dsn1                                -7.575e-10
dcop1                               -7.575e-10
dcon1                                7.575e-10
t2ap                                         0
t2an                                         1
t2bp                                         0
t2bn                                         1
t2cp                                         0
t2cn                                         0
xtt2.xab1.mid                                1
xtt2.xab1.x1.mid                             0
xtt2.mab                             7.575e-10
xtt2.xac1.mid                                1
xtt2.xac1.x1.mid                             0
xtt2.mac                             7.575e-10
xtt2.xbc1.mid                                1
xtt2.xbc1.x1.mid                             0
xtt2.mbc                             7.575e-10
xtt2.xp2.x1.m1                               1
xtt2.xp2.x1.m2                               1
xtt2.xp2.mid                                 1
xtt2.p2                              7.575e-10
xtt2.xab2.mid                        1.515e-09
xtt2.xab2.x1.mid                     7.575e-10
xtt2.mabn                                    1
xtt2.xac2.mid                                1
xtt2.xac2.x1.mid                      0.599977
xtt2.macn                            7.575e-10
xtt2.xbc2.mid                                1
xtt2.xbc2.x1.mid                      0.599977
xtt2.mbcn                            7.575e-10
xtt2.xn2.x1.m1                        0.400138
xtt2.xn2.x1.m2                        0.400137
xtt2.xn2.mid                       2.58709e-09
xtt2.n2                                      1
xtt2.xa3p.mid                                1
xtt2.xa3p.x1.m1                              0
xtt2.xa3p.x1.m2                              0
xtt2.all3p                           7.575e-10
xtt2.xa3n.mid                                1
xtt2.xa3n.x1.m1                       0.599973
xtt2.xa3n.x1.m2                       0.599967
xtt2.all3n                           7.575e-10
xtt2.xnz.m1                            1.00062
xtt2.xnz.m2                           0.400136
xtt2.nz                            8.36148e-10
xtt2.xpz.m1                                  1
xtt2.xpz.m2                                  1
xtt2.pz                                      1
xtt2.na3p                                    1
xtt2.xp2x.mid                                1
xtt2.xp2x.x1.mid                             0
xtt2.p2x                             7.575e-10
xtt2.na3n                                    1
xtt2.xn2x.mid                        1.515e-09
xtt2.xn2x.x1.mid                     7.575e-10
xtt2.n2x                                     1
xtt2.xop.x1.m1                               1
xtt2.xop.x1.m2                               1
xtt2.xop.mid                                 1
xtt2.op                              7.575e-10
xtt2.xon.x1.m1                         1.00062
xtt2.xon.x1.m2                        0.400136
xtt2.xon.mid                       8.36148e-10
xtt2.on                                      1
xtt2.np2                                     1
xtt2.xp1.mid                                 1
xtt2.xp1.x1.mid                              0
xtt2.p1                              7.575e-10
xtt2.nn2                             7.575e-10
xtt2.xn1.mid                                 1
xtt2.xn1.x1.mid                       0.599977
xtt2.n1                              7.575e-10
xtt2.xcop.mid                                1
xtt2.xcop.x1.mid                             0
t2cop                                7.575e-10
xtt2.xcon.mid                        1.515e-09
xtt2.xcon.x1.mid                     7.575e-10
t2con                                        1
xtt2.xsp1.mid                                1
xtt2.xsp1.x1.mid                             0
xtt2.sp1                             7.575e-10
xtt2.xsp2.mid                                1
xtt2.xsp2.x1.mid                             0
xtt2.sp2                             7.575e-10
xtt2.xsp3.mid                        1.515e-09
xtt2.xsp3.x1.mid                     7.575e-10
xtt2.sp3                                     1
xtt2.xspo.x1.m1                              1
xtt2.xspo.x1.m2                              1
xtt2.xspo.mid                        7.575e-10
t2sp                                         1
xtt2.xsn1.mid                                1
xtt2.xsn1.x1.mid                             0
xtt2.sn1                             7.575e-10
xtt2.xsn2.mid                                1
xtt2.xsn2.x1.mid                      0.599977
xtt2.sn2                             7.575e-10
xtt2.xsn3.mid                                1
xtt2.xsn3.x1.mid                             0
xtt2.sn3                             7.575e-10
xtt2.xsno.x1.m1                              1
xtt2.xsno.x1.m2                              1
xtt2.xsno.mid                                1
t2sn                                 7.575e-10
xref2.s                                     -2
t2copr                                       0
t2conr                                       1
t2spr                                        1
t2snr                                        0
dsp2                                -7.575e-10
dsn2                                 7.575e-10
dcop2                                7.575e-10
dcon2                               -7.575e-10
t3ap                                         1
t3an                                         0
t3bp                                         0
t3bn                                         1
t3cp                                         0
t3cn                                         0
xtt3.xab1.mid                                1
xtt3.xab1.x1.mid                      0.599977
xtt3.mab                             7.575e-10
xtt3.xac1.mid                                1
xtt3.xac1.x1.mid                      0.599977
xtt3.mac                             7.575e-10
xtt3.xbc1.mid                                1
xtt3.xbc1.x1.mid                             0
xtt3.mbc                             7.575e-10
xtt3.xp2.x1.m1                               1
xtt3.xp2.x1.m2                               1
xtt3.xp2.mid                                 1
xtt3.p2                              7.575e-10
xtt3.xab2.mid                                1
xtt3.xab2.x1.mid                             0
xtt3.mabn                            7.575e-10
xtt3.xac2.mid                                1
xtt3.xac2.x1.mid                             0
xtt3.macn                            7.575e-10
xtt3.xbc2.mid                                1
xtt3.xbc2.x1.mid                      0.599977
xtt3.mbcn                            7.575e-10
xtt3.xn2.x1.m1                               1
xtt3.xn2.x1.m2                               1
xtt3.xn2.mid                                 1
xtt3.n2                              7.575e-10
xtt3.xa3p.mid                                1
xtt3.xa3p.x1.m1                       0.599981
xtt3.xa3p.x1.m2                              0
xtt3.all3p                           7.575e-10
xtt3.xa3n.mid                                1
xtt3.xa3n.x1.m1                              0
xtt3.xa3n.x1.m2                              0
xtt3.all3n                           7.575e-10
xtt3.xnz.m1                                  1
xtt3.xnz.m2                           0.400136
xtt3.nz                             1.6723e-09
xtt3.xpz.m1                           0.400138
xtt3.xpz.m2                           0.400137
xtt3.pz                            2.58709e-09
xtt3.na3p                                    1
xtt3.xp2x.mid                                1
xtt3.xp2x.x1.mid                             0
xtt3.p2x                             7.575e-10
xtt3.na3n                                    1
xtt3.xn2x.mid                                1
xtt3.xn2x.x1.mid                             0
xtt3.n2x                             7.575e-10
xtt3.xop.x1.m1                        0.400138
xtt3.xop.x1.m2                        0.400137
xtt3.xop.mid                       2.58709e-09
xtt3.op                                      1
xtt3.xon.x1.m1                               1
xtt3.xon.x1.m2                        0.400136
xtt3.xon.mid                        1.6723e-09
xtt3.on                                      1
xtt3.np2                                     1
xtt3.xp1.mid                         1.515e-09
xtt3.xp1.x1.mid                      7.575e-10
xtt3.p1                                      1
xtt3.nn2                                     1
xtt3.xn1.mid                         1.515e-09
xtt3.xn1.x1.mid                      7.575e-10
xtt3.n1                                      1
xtt3.xcop.mid                                1
xtt3.xcop.x1.mid                             0
t3cop                                7.575e-10
xtt3.xcon.mid                                1
xtt3.xcon.x1.mid                             0
t3con                                7.575e-10
xtt3.xsp1.mid                                1
xtt3.xsp1.x1.mid                      0.599977
xtt3.sp1                             7.575e-10
xtt3.xsp2.mid                                1
xtt3.xsp2.x1.mid                             0
xtt3.sp2                             7.575e-10
xtt3.xsp3.mid                                1
xtt3.xsp3.x1.mid                             0
xtt3.sp3                             7.575e-10
xtt3.xspo.x1.m1                              1
xtt3.xspo.x1.m2                              1
xtt3.xspo.mid                                1
t3sp                                 7.575e-10
xtt3.xsn1.mid                                1
xtt3.xsn1.x1.mid                      0.599977
xtt3.sn1                             7.575e-10
xtt3.xsn2.mid                                1
xtt3.xsn2.x1.mid                             0
xtt3.sn2                             7.575e-10
xtt3.xsn3.mid                                1
xtt3.xsn3.x1.mid                             0
xtt3.sn3                             7.575e-10
xtt3.xsno.x1.m1                              1
xtt3.xsno.x1.m2                              1
xtt3.xsno.mid                                1
t3sn                                 7.575e-10
xref3.s                                      0
t3copr                                       0
t3conr                                       0
t3spr                                        0
t3snr                                        0
dsp3                                 7.575e-10
dsn3                                 7.575e-10
dcop3                                7.575e-10
dcon3                                7.575e-10
t4ap                                         1
t4an                                         0
t4bp                                         0
t4bn                                         0
t4cp                                         0
t4cn                                         0
xtt4.xab1.mid                                1
xtt4.xab1.x1.mid                      0.599977
xtt4.mab                             7.575e-10
xtt4.xac1.mid                                1
xtt4.xac1.x1.mid                      0.599977
xtt4.mac                             7.575e-10
xtt4.xbc1.mid                                1
xtt4.xbc1.x1.mid                             0
xtt4.mbc                             7.575e-10
xtt4.xp2.x1.m1                               1
xtt4.xp2.x1.m2                               1
xtt4.xp2.mid                                 1
xtt4.p2                              7.575e-10
xtt4.xab2.mid                                1
xtt4.xab2.x1.mid                             0
xtt4.mabn                            7.575e-10
xtt4.xac2.mid                                1
xtt4.xac2.x1.mid                             0
xtt4.macn                            7.575e-10
xtt4.xbc2.mid                                1
xtt4.xbc2.x1.mid                             0
xtt4.mbcn                            7.575e-10
xtt4.xn2.x1.m1                               1
xtt4.xn2.x1.m2                               1
xtt4.xn2.mid                                 1
xtt4.n2                              7.575e-10
xtt4.xa3p.mid                                1
xtt4.xa3p.x1.m1                       0.599981
xtt4.xa3p.x1.m2                              0
xtt4.all3p                           7.575e-10
xtt4.xa3n.mid                                1
xtt4.xa3n.x1.m1                              0
xtt4.xa3n.x1.m2                              0
xtt4.all3n                           7.575e-10
xtt4.xnz.m1                                  1
xtt4.xnz.m2                                  1
xtt4.nz                                      1
xtt4.xpz.m1                           0.400138
xtt4.xpz.m2                           0.400137
xtt4.pz                            2.58709e-09
xtt4.na3p                                    1
xtt4.xp2x.mid                                1
xtt4.xp2x.x1.mid                             0
xtt4.p2x                             7.575e-10
xtt4.na3n                                    1
xtt4.xn2x.mid                                1
xtt4.xn2x.x1.mid                             0
xtt4.n2x                             7.575e-10
xtt4.xop.x1.m1                        0.400138
xtt4.xop.x1.m2                        0.400137
xtt4.xop.mid                       2.58709e-09
xtt4.op                                      1
xtt4.xon.x1.m1                               1
xtt4.xon.x1.m2                               1
xtt4.xon.mid                                 1
xtt4.on                              7.575e-10
xtt4.np2                                     1
xtt4.xp1.mid                         1.515e-09
xtt4.xp1.x1.mid                      7.575e-10
xtt4.p1                                      1
xtt4.nn2                                     1
xtt4.xn1.mid                                 1
xtt4.xn1.x1.mid                              0
xtt4.n1                              7.575e-10
xtt4.xcop.mid                                1
xtt4.xcop.x1.mid                      0.599977
t4cop                                7.575e-10
xtt4.xcon.mid                                1
xtt4.xcon.x1.mid                             0
t4con                                7.575e-10
xtt4.xsp1.mid                        1.515e-09
xtt4.xsp1.x1.mid                     7.575e-10
xtt4.sp1                                     1
xtt4.xsp2.mid                                1
xtt4.xsp2.x1.mid                             0
xtt4.sp2                             7.575e-10
xtt4.xsp3.mid                                1
xtt4.xsp3.x1.mid                             0
xtt4.sp3                             7.575e-10
xtt4.xspo.x1.m1                       0.400138
xtt4.xspo.x1.m2                       0.400137
xtt4.xspo.mid                      2.58709e-09
t4sp                                         1
xtt4.xsn1.mid                                1
xtt4.xsn1.x1.mid                             0
xtt4.sn1                             7.575e-10
xtt4.xsn2.mid                                1
xtt4.xsn2.x1.mid                             0
xtt4.sn2                             7.575e-10
xtt4.xsn3.mid                                1
xtt4.xsn3.x1.mid                      0.599977
xtt4.sn3                             7.575e-10
xtt4.xsno.x1.m1                              1
xtt4.xsno.x1.m2                              1
xtt4.xsno.mid                                1
t4sn                                 7.575e-10
xref4.s                                      1
t4copr                                       0
t4conr                                       0
t4spr                                        1
t4snr                                        0
dsp4                                -7.575e-10
dsn4                                 7.575e-10
dcop4                                7.575e-10
dcon4                                7.575e-10
t5ap                                         0
t5an                                         1
t5bp                                         1
t5bn                                         0
t5cp                                         1
t5cn                                         0
xtt5.xab1.mid                                1
xtt5.xab1.x1.mid                             0
xtt5.mab                             7.575e-10
xtt5.xac1.mid                                1
xtt5.xac1.x1.mid                             0
xtt5.mac                             7.575e-10
xtt5.xbc1.mid                        1.515e-09
xtt5.xbc1.x1.mid                     7.575e-10
xtt5.mbc                                     1
xtt5.xp2.x1.m1                               1
xtt5.xp2.x1.m2                               1
xtt5.xp2.mid                         7.575e-10
xtt5.p2                                      1
xtt5.xab2.mid                                1
xtt5.xab2.x1.mid                      0.599977
xtt5.mabn                            7.575e-10
xtt5.xac2.mid                                1
xtt5.xac2.x1.mid                      0.599977
xtt5.macn                            7.575e-10
xtt5.xbc2.mid                                1
xtt5.xbc2.x1.mid                             0
xtt5.mbcn                            7.575e-10
xtt5.xn2.x1.m1                               1
xtt5.xn2.x1.m2                               1
xtt5.xn2.mid                                 1
xtt5.n2                              7.575e-10
xtt5.xa3p.mid                                1
xtt5.xa3p.x1.m1                              0
xtt5.xa3p.x1.m2                              0
xtt5.all3p                           7.575e-10
xtt5.xa3n.mid                                1
xtt5.xa3n.x1.m1                       0.599981
xtt5.xa3n.x1.m2                              0
xtt5.all3n                           7.575e-10
xtt5.xnz.m1                           0.400138
xtt5.xnz.m2                           0.400137
xtt5.nz                            2.58709e-09
xtt5.xpz.m1                                  1
xtt5.xpz.m2                            1.00062
xtt5.pz                             3.7875e-10
xtt5.na3p                                    1
xtt5.xp2x.mid                        1.515e-09
xtt5.xp2x.x1.mid                     7.575e-10
xtt5.p2x                                     1
xtt5.na3n                                    1
xtt5.xn2x.mid                                1
xtt5.xn2x.x1.mid                             0
xtt5.n2x                             7.575e-10
xtt5.xop.x1.m1                               1
xtt5.xop.x1.m2                         1.00062
xtt5.xop.mid                        3.7875e-10
xtt5.op                                      1
xtt5.xon.x1.m1                        0.400138
xtt5.xon.x1.m2                        0.400137
xtt5.xon.mid                       2.58709e-09
xtt5.on                                      1
xtt5.np2                             7.575e-10
xtt5.xp1.mid                                 1
xtt5.xp1.x1.mid                       0.599977
xtt5.p1                              7.575e-10
xtt5.nn2                                     1
xtt5.xn1.mid                         1.515e-09
xtt5.xn1.x1.mid                      7.575e-10
xtt5.n1                                      1
xtt5.xcop.mid                                1
xtt5.xcop.x1.mid                             0
t5cop                                7.575e-10
xtt5.xcon.mid                                1
xtt5.xcon.x1.mid                             0
t5con                                7.575e-10
xtt5.xsp1.mid                                1
xtt5.xsp1.x1.mid                             0
xtt5.sp1                             7.575e-10
xtt5.xsp2.mid                        1.515e-09
xtt5.xsp2.x1.mid                     7.575e-10
xtt5.sp2                                     1
xtt5.xsp3.mid                                1
xtt5.xsp3.x1.mid                             0
xtt5.sp3                             7.575e-10
xtt5.xspo.x1.m1                              1
xtt5.xspo.x1.m2                       0.400136
xtt5.xspo.mid                       1.6723e-09
t5sp                                         1
xtt5.xsn1.mid                                1
xtt5.xsn1.x1.mid                      0.599977
xtt5.sn1                             7.575e-10
xtt5.xsn2.mid                                1
xtt5.xsn2.x1.mid                             0
xtt5.sn2                             7.575e-10
xtt5.xsn3.mid                                1
xtt5.xsn3.x1.mid                             0
xtt5.sn3                             7.575e-10
xtt5.xsno.x1.m1                              1
xtt5.xsno.x1.m2                              1
xtt5.xsno.mid                                1
t5sn                                 7.575e-10
xref5.s                                      1
t5copr                                       0
t5conr                                       0
t5spr                                        1
t5snr                                        0
dsp5                                -7.575e-10
dsn5                                 7.575e-10
dcop5                                7.575e-10
dcon5                                7.575e-10
t6ap                                         1
t6an                                         0
t6bp                                         1
t6bn                                         0
t6cp                                         1
t6cn                                         0
xtt6.xab1.mid                        1.515e-09
xtt6.xab1.x1.mid                     7.575e-10
xtt6.mab                                     1
xtt6.xac1.mid                        1.515e-09
xtt6.xac1.x1.mid                     7.575e-10
xtt6.mac                                     1
xtt6.xbc1.mid                        1.515e-09
xtt6.xbc1.x1.mid                     7.575e-10
xtt6.mbc                                     1
xtt6.xp2.x1.m1                         1.00062
xtt6.xp2.x1.m2                         1.00062
xtt6.xp2.mid                         2.525e-10
xtt6.p2                                      1
xtt6.xab2.mid                                1
xtt6.xab2.x1.mid                             0
xtt6.mabn                            7.575e-10
xtt6.xac2.mid                                1
xtt6.xac2.x1.mid                             0
xtt6.macn                            7.575e-10
xtt6.xbc2.mid                                1
xtt6.xbc2.x1.mid                             0
xtt6.mbcn                            7.575e-10
xtt6.xn2.x1.m1                               1
xtt6.xn2.x1.m2                               1
xtt6.xn2.mid                                 1
xtt6.n2                              7.575e-10
xtt6.xa3p.mid                       2.2725e-09
xtt6.xa3p.x1.m1                      1.515e-09
xtt6.xa3p.x1.m2                      7.575e-10
xtt6.all3p                                   1
xtt6.xa3n.mid                                1
xtt6.xa3n.x1.m1                              0
xtt6.xa3n.x1.m2                              0
xtt6.all3n                           7.575e-10
xtt6.xnz.m1                                  1
xtt6.xnz.m2                                  1
xtt6.nz                                      1
xtt6.xpz.m1                            1.00062
xtt6.xpz.m2                            1.00062
xtt6.pz                              2.525e-10
xtt6.na3p                            7.575e-10
xtt6.xp2x.mid                                1
xtt6.xp2x.x1.mid                      0.599977
xtt6.p2x                             7.575e-10
xtt6.na3n                                    1
xtt6.xn2x.mid                                1
xtt6.xn2x.x1.mid                             0
xtt6.n2x                             7.575e-10
xtt6.xop.x1.m1                         1.00062
xtt6.xop.x1.m2                         1.00062
xtt6.xop.mid                         2.525e-10
xtt6.op                                      1
xtt6.xon.x1.m1                               1
xtt6.xon.x1.m2                               1
xtt6.xon.mid                                 1
xtt6.on                              7.575e-10
xtt6.np2                             7.575e-10
xtt6.xp1.mid                                 1
xtt6.xp1.x1.mid                       0.599977
xtt6.p1                              7.575e-10
xtt6.nn2                                     1
xtt6.xn1.mid                                 1
xtt6.xn1.x1.mid                              0
xtt6.n1                              7.575e-10
xtt6.xcop.mid                        1.515e-09
xtt6.xcop.x1.mid                     7.575e-10
t6cop                                        1
xtt6.xcon.mid                                1
xtt6.xcon.x1.mid                             0
t6con                                7.575e-10
xtt6.xsp1.mid                                1
xtt6.xsp1.x1.mid                             0
xtt6.sp1                             7.575e-10
xtt6.xsp2.mid                                1
xtt6.xsp2.x1.mid                             0
xtt6.sp2                             7.575e-10
xtt6.xsp3.mid                                1
xtt6.xsp3.x1.mid                             0
xtt6.sp3                             7.575e-10
xtt6.xspo.x1.m1                              1
xtt6.xspo.x1.m2                              1
xtt6.xspo.mid                                1
t6sp                                 7.575e-10
xtt6.xsn1.mid                                1
xtt6.xsn1.x1.mid                             0
xtt6.sn1                             7.575e-10
xtt6.xsn2.mid                                1
xtt6.xsn2.x1.mid                             0
xtt6.sn2                             7.575e-10
xtt6.xsn3.mid                                1
xtt6.xsn3.x1.mid                      0.599977
xtt6.sn3                             7.575e-10
xtt6.xsno.x1.m1                              1
xtt6.xsno.x1.m2                              1
xtt6.xsno.mid                                1
t6sn                                 7.575e-10
xref6.s                                      3
t6copr                                       1
t6conr                                       0
t6spr                                        0
t6snr                                        0
dsp6                                 7.575e-10
dsn6                                 7.575e-10
dcop6                               -7.575e-10
dcon6                                7.575e-10
t7ap                                         0
t7an                                         0
t7bp                                         0
t7bn                                         1
t7cp                                         0
t7cn                                         1
xtt7.xab1.mid                                1
xtt7.xab1.x1.mid                             0
xtt7.mab                             7.575e-10
xtt7.xac1.mid                                1
xtt7.xac1.x1.mid                             0
xtt7.mac                             7.575e-10
xtt7.xbc1.mid                                1
xtt7.xbc1.x1.mid                             0
xtt7.mbc                             7.575e-10
xtt7.xp2.x1.m1                               1
xtt7.xp2.x1.m2                               1
xtt7.xp2.mid                                 1
xtt7.p2                              7.575e-10
xtt7.xab2.mid                                1
xtt7.xab2.x1.mid                             0
xtt7.mabn                            7.575e-10
xtt7.xac2.mid                                1
xtt7.xac2.x1.mid                             0
xtt7.macn                            7.575e-10
xtt7.xbc2.mid                        1.515e-09
xtt7.xbc2.x1.mid                     7.575e-10
xtt7.mbcn                                    1
xtt7.xn2.x1.m1                               1
xtt7.xn2.x1.m2                               1
xtt7.xn2.mid                         7.575e-10
xtt7.n2                                      1
xtt7.xa3p.mid                                1
xtt7.xa3p.x1.m1                              0
xtt7.xa3p.x1.m2                              0
xtt7.all3p                           7.575e-10
xtt7.xa3n.mid                                1
xtt7.xa3n.x1.m1                              0
xtt7.xa3n.x1.m2                              0
xtt7.all3n                           7.575e-10
xtt7.xnz.m1                                  1
xtt7.xnz.m2                            1.00062
xtt7.nz                             3.7875e-10
xtt7.xpz.m1                                  1
xtt7.xpz.m2                                  1
xtt7.pz                                      1
xtt7.na3p                                    1
xtt7.xp2x.mid                                1
xtt7.xp2x.x1.mid                             0
xtt7.p2x                             7.575e-10
xtt7.na3n                                    1
xtt7.xn2x.mid                        1.515e-09
xtt7.xn2x.x1.mid                     7.575e-10
xtt7.n2x                                     1
xtt7.xop.x1.m1                               1
xtt7.xop.x1.m2                               1
xtt7.xop.mid                                 1
xtt7.op                              7.575e-10
xtt7.xon.x1.m1                               1
xtt7.xon.x1.m2                         1.00062
xtt7.xon.mid                        3.7875e-10
xtt7.on                                      1
xtt7.np2                                     1
xtt7.xp1.mid                                 1
xtt7.xp1.x1.mid                              0
xtt7.p1                              7.575e-10
xtt7.nn2                             7.575e-10
xtt7.xn1.mid                                 1
xtt7.xn1.x1.mid                       0.599977
xtt7.n1                              7.575e-10
xtt7.xcop.mid                                1
xtt7.xcop.x1.mid                             0
t7cop                                7.575e-10
xtt7.xcon.mid                        1.515e-09
xtt7.xcon.x1.mid                     7.575e-10
t7con                                        1
xtt7.xsp1.mid                                1
xtt7.xsp1.x1.mid                             0
xtt7.sp1                             7.575e-10
xtt7.xsp2.mid                                1
xtt7.xsp2.x1.mid                             0
xtt7.sp2                             7.575e-10
xtt7.xsp3.mid                        1.515e-09
xtt7.xsp3.x1.mid                     7.575e-10
xtt7.sp3                                     1
xtt7.xspo.x1.m1                              1
xtt7.xspo.x1.m2                              1
xtt7.xspo.mid                        7.575e-10
t7sp                                         1
xtt7.xsn1.mid                                1
xtt7.xsn1.x1.mid                             0
xtt7.sn1                             7.575e-10
xtt7.xsn2.mid                                1
xtt7.xsn2.x1.mid                      0.599977
xtt7.sn2                             7.575e-10
xtt7.xsn3.mid                                1
xtt7.xsn3.x1.mid                             0
xtt7.sn3                             7.575e-10
xtt7.xsno.x1.m1                              1
xtt7.xsno.x1.m2                              1
xtt7.xsno.mid                                1
t7sn                                 7.575e-10
xref7.s                                     -2
t7copr                                       0
t7conr                                       1
t7spr                                        1
t7snr                                        0
dsp7                                -7.575e-10
dsn7                                 7.575e-10
dcop7                                7.575e-10
dcon7                               -7.575e-10
t8ap                                         0
t8an                                         1
t8bp                                         0
t8bn                                         0
t8cp                                         1
t8cn                                         0
xtt8.xab1.mid                                1
xtt8.xab1.x1.mid                             0
xtt8.mab                             7.575e-10
xtt8.xac1.mid                                1
xtt8.xac1.x1.mid                             0
xtt8.mac                             7.575e-10
xtt8.xbc1.mid                                1
xtt8.xbc1.x1.mid                             0
xtt8.mbc                             7.575e-10
xtt8.xp2.x1.m1                               1
xtt8.xp2.x1.m2                               1
xtt8.xp2.mid                                 1
xtt8.p2                              7.575e-10
xtt8.xab2.mid                                1
xtt8.xab2.x1.mid                      0.599977
xtt8.mabn                            7.575e-10
xtt8.xac2.mid                                1
xtt8.xac2.x1.mid                      0.599977
xtt8.macn                            7.575e-10
xtt8.xbc2.mid                                1
xtt8.xbc2.x1.mid                             0
xtt8.mbcn                            7.575e-10
xtt8.xn2.x1.m1                               1
xtt8.xn2.x1.m2                               1
xtt8.xn2.mid                                 1
xtt8.n2                              7.575e-10
xtt8.xa3p.mid                                1
xtt8.xa3p.x1.m1                              0
xtt8.xa3p.x1.m2                              0
xtt8.all3p                           7.575e-10
xtt8.xa3n.mid                                1
xtt8.xa3n.x1.m1                       0.599981
xtt8.xa3n.x1.m2                              0
xtt8.all3n                           7.575e-10
xtt8.xnz.m1                           0.400138
xtt8.xnz.m2                           0.400137
xtt8.nz                            2.58709e-09
xtt8.xpz.m1                                  1
xtt8.xpz.m2                                  1
xtt8.pz                              7.575e-10
xtt8.na3p                                    1
xtt8.xp2x.mid                                1
xtt8.xp2x.x1.mid                             0
xtt8.p2x                             7.575e-10
xtt8.na3n                                    1
xtt8.xn2x.mid                                1
xtt8.xn2x.x1.mid                             0
xtt8.n2x                             7.575e-10
xtt8.xop.x1.m1                               1
xtt8.xop.x1.m2                               1
xtt8.xop.mid                         7.575e-10
xtt8.op                                      1
xtt8.xon.x1.m1                        0.400138
xtt8.xon.x1.m2                        0.400137
xtt8.xon.mid                       2.58709e-09
xtt8.on                                      1
xtt8.np2                                     1
xtt8.xp1.mid                         1.515e-09
xtt8.xp1.x1.mid                      7.575e-10
xtt8.p1                                      1
xtt8.nn2                                     1
xtt8.xn1.mid                         1.515e-09
xtt8.xn1.x1.mid                      7.575e-10
xtt8.n1                                      1
xtt8.xcop.mid                                1
xtt8.xcop.x1.mid                             0
t8cop                                7.575e-10
xtt8.xcon.mid                                1
xtt8.xcon.x1.mid                             0
t8con                                7.575e-10
xtt8.xsp1.mid                                1
xtt8.xsp1.x1.mid                      0.599977
xtt8.sp1                             7.575e-10
xtt8.xsp2.mid                                1
xtt8.xsp2.x1.mid                             0
xtt8.sp2                             7.575e-10
xtt8.xsp3.mid                                1
xtt8.xsp3.x1.mid                             0
xtt8.sp3                             7.575e-10
xtt8.xspo.x1.m1                              1
xtt8.xspo.x1.m2                              1
xtt8.xspo.mid                                1
t8sp                                 7.575e-10
xtt8.xsn1.mid                                1
xtt8.xsn1.x1.mid                      0.599977
xtt8.sn1                             7.575e-10
xtt8.xsn2.mid                                1
xtt8.xsn2.x1.mid                             0
xtt8.sn2                             7.575e-10
xtt8.xsn3.mid                                1
xtt8.xsn3.x1.mid                             0
xtt8.sn3                             7.575e-10
xtt8.xsno.x1.m1                              1
xtt8.xsno.x1.m2                              1
xtt8.xsno.mid                                1
t8sn                                 7.575e-10
xref8.s                                      0
t8copr                                       0
t8conr                                       0
t8spr                                        0
t8snr                                        0
dsp8                                 7.575e-10
dsn8                                 7.575e-10
dcop8                                7.575e-10
dcon8                                7.575e-10
bdcon8#branch                                0
bdcop8#branch                                0
bdsn8#branch                                 0
bdsp8#branch                                 0
b.xref8.bsn#branch                           0
b.xref8.bsp#branch                           0
b.xref8.bcon#branch                          0
b.xref8.bcop#branch                          0
b.xref8.bs#branch                            0
bdcon7#branch                                0
bdcop7#branch                                0
bdsn7#branch                                 0
bdsp7#branch                                 0
b.xref7.bsn#branch                           0
b.xref7.bsp#branch                           0
b.xref7.bcon#branch                          0
b.xref7.bcop#branch                          0
b.xref7.bs#branch                            0
bdcon6#branch                                0
bdcop6#branch                                0
bdsn6#branch                                 0
bdsp6#branch                                 0
b.xref6.bsn#branch                           0
b.xref6.bsp#branch                           0
b.xref6.bcon#branch                          0
b.xref6.bcop#branch                          0
b.xref6.bs#branch                            0
bdcon5#branch                                0
bdcop5#branch                                0
bdsn5#branch                                 0
bdsp5#branch                                 0
b.xref5.bsn#branch                           0
b.xref5.bsp#branch                           0
b.xref5.bcon#branch                          0
b.xref5.bcop#branch                          0
b.xref5.bs#branch                            0
bdcon4#branch                                0
bdcop4#branch                                0
bdsn4#branch                                 0
bdsp4#branch                                 0
b.xref4.bsn#branch                           0
b.xref4.bsp#branch                           0
b.xref4.bcon#branch                          0
b.xref4.bcop#branch                          0
b.xref4.bs#branch                            0
bdcon3#branch                                0
bdcop3#branch                                0
bdsn3#branch                                 0
bdsp3#branch                                 0
b.xref3.bsn#branch                           0
b.xref3.bsp#branch                           0
b.xref3.bcon#branch                          0
b.xref3.bcop#branch                          0
b.xref3.bs#branch                            0
bdcon2#branch                                0
bdcop2#branch                                0
bdsn2#branch                                 0
bdsp2#branch                                 0
b.xref2.bsn#branch                           0
b.xref2.bsp#branch                           0
b.xref2.bcon#branch                          0
b.xref2.bcop#branch                          0
b.xref2.bs#branch                            0
bdcon1#branch                                0
bdcop1#branch                                0
bdsn1#branch                                 0
bdsp1#branch                                 0
b.xref1.bsn#branch                           0
b.xref1.bsp#branch                           0
b.xref1.bcon#branch                          0
b.xref1.bcop#branch                          0
b.xref1.bs#branch                            0
bp4#branch                                   0
vdd4#branch                       -2.58796e-11
bp3#branch                                   0
vdd3#branch                       -5.04714e-10
bp2#branch                                   0
vdd2#branch                       -4.77724e-10
bp1#branch                                   0
vdd1#branch                       -7.92386e-11
vt8cn#branch                                 0
vt8cp#branch                                 0
vt8bn#branch                                 0
vt8bp#branch                                 0
vt8an#branch                                 0
vt8ap#branch                                 0
vt7cn#branch                                 0
vt7cp#branch                                 0
vt7bn#branch                                 0
vt7bp#branch                                 0
vt7an#branch                                 0
vt7ap#branch                                 0
vt6cn#branch                                 0
vt6cp#branch                                 0
vt6bn#branch                                 0
vt6bp#branch                                 0
vt6an#branch                                 0
vt6ap#branch                                 0
vt5cn#branch                                 0
vt5cp#branch                                 0
vt5bn#branch                                 0
vt5bp#branch                                 0
vt5an#branch                                 0
vt5ap#branch                                 0
vt4cn#branch                                 0
vt4cp#branch                                 0
vt4bn#branch                                 0
vt4bp#branch                                 0
vt4an#branch                                 0
vt4ap#branch                                 0
vt3cn#branch                                 0
vt3cp#branch                                 0
vt3bn#branch                                 0
vt3bp#branch                                 0
vt3an#branch                                 0
vt3ap#branch                                 0
vt2cn#branch                                 0
vt2cp#branch                                 0
vt2bn#branch                                 0
vt2bp#branch                                 0
vt2an#branch                                 0
vt2ap#branch                                 0
vt1cn#branch                                 0
vt1cp#branch                                 0
vt1bn#branch                                 0
vt1bp#branch                                 0
vt1an#branch                                 0
vt1ap#branch                                 0
ve3b5#branch                                 0
ve3b4#branch                                 0
ve3b3#branch                                 0
ve3b2#branch                                 0
ve3b1#branch                                 0
ve3b0#branch                                 0
ve2b0#branch                                 0
ve4c#branch                                  0
ve4b#branch                                  0
ve4a#branch                                  0
ve1cn#branch                                 0
ve1cp#branch                                 0
ve1bn#branch                                 0
ve1bp#branch                                 0
ve1an#branch                                 0
ve1ap#branch                                 0
vddt#branch                       -6.43293e-10

 Reference value :  0.00000e+00 Reference value :  9.25600e-10 Reference value :  2.04560e-09 Reference value :  3.12560e-09 Reference value :  4.10560e-09 Reference value :  5.10560e-09 Reference value :  6.16560e-09 Reference value :  7.24560e-09 Reference value :  8.32560e-09 Reference value :  9.42560e-09 Reference value :  1.05456e-08 Reference value :  1.18056e-08 Reference value :  1.30856e-08 Reference value :  1.42056e-08 Reference value :  1.52856e-08 Reference value :  1.63656e-08 Reference value :  1.74856e-08 Reference value :  1.85856e-08 Reference value :  1.96456e-08 Reference value :  2.07456e-08 Reference value :  2.18456e-08 Reference value :  2.30456e-08 Reference value :  2.42656e-08 Reference value :  2.53056e-08 Reference value :  2.63456e-08 Reference value :  2.75856e-08 Reference value :  2.87856e-08 Reference value :  3.00056e-08 Reference value :  3.12256e-08 Reference value :  3.24256e-08 Reference value :  3.36456e-08 Reference value :  3.48656e-08 Reference value :  3.61056e-08 Reference value :  3.73056e-08 Reference value :  3.85056e-08 Reference value :  3.96056e-08 Reference value :  4.07656e-08 Reference value :  4.18856e-08 Reference value :  4.30856e-08 Reference value :  4.42856e-08 Reference value :  4.54256e-08 Reference value :  4.64656e-08 Reference value :  4.75856e-08 Reference value :  4.86656e-08 Reference value :  4.95456e-08 Reference value :  5.00160e-08 Reference value :  5.01415e-08 Reference value :  5.03725e-08 Reference value :  5.04163e-08 Reference value :  5.04687e-08 Reference value :  5.06895e-08 Reference value :  5.08270e-08 Reference value :  5.09201e-08 Reference value :  5.09351e-08 Reference value :  5.10088e-08 Reference value :  5.12713e-08 Reference value :  5.12807e-08 Reference value :  5.20332e-08 Reference value :  5.31132e-08 Reference value :  5.43332e-08 Reference value :  5.55332e-08 Reference value :  5.67932e-08 Reference value :  5.80732e-08 Reference value :  5.93532e-08 Reference value :  6.06132e-08 Reference value :  6.18932e-08 Reference value :  6.31732e-08 Reference value :  6.44332e-08 Reference value :  6.56732e-08 Reference value :  6.69532e-08 Reference value :  6.81732e-08 Reference value :  6.92932e-08 Reference value :  7.02500e-08 Reference value :  7.05637e-08 Reference value :  7.07662e-08 Reference value :  7.08401e-08 Reference value :  7.10376e-08 Reference value :  7.10961e-08 Reference value :  7.15561e-08 Reference value :  7.17986e-08 Reference value :  7.20561e-08 Reference value :  7.24911e-08 Reference value :  7.25599e-08 Reference value :  7.26559e-08 Reference value :  7.27646e-08 Reference value :  7.28072e-08 Reference value :  7.30095e-08 Reference value :  7.33120e-08 Reference value :  7.35059e-08 Reference value :  7.35152e-08 Reference value :  7.36884e-08 Reference value :  7.40484e-08 Reference value :  7.42259e-08 Reference value :  7.43146e-08 Reference value :  7.47912e-08 Reference value :  7.49056e-08 Reference value :  7.58056e-08 Reference value :  7.70256e-08 Reference value :  7.82056e-08 Reference value :  7.93656e-08 Reference value :  8.06256e-08 Reference value :  8.18656e-08 Reference value :  8.31056e-08 Reference value :  8.43456e-08 Reference value :  8.56056e-08 Reference value :  8.68856e-08 Reference value :  8.81656e-08 Reference value :  8.94056e-08
No. of Data Rows : 4610

  Measurements for Transient Analysis

e1_cycle            =   7.09394e-13 from=  4.90000e-08 to=  8.00000e-08
e1_pt               =  3.54697e-13
e4_cycle            =   3.68904e-13 from=  4.90000e-08 to=  8.00000e-08
e4_pt               =  1.84452e-13
ratio_ener          =  1.92298e+00
e2_cycle            =   3.96090e-13 from=  4.90000e-08 to=  8.00000e-08
e2_pt               =  1.98045e-13
e3_cycle            =   6.66008e-12 from=  4.90000e-08 to=  8.00000e-08
e3_pt               =  3.33004e-12
e4sum_r             =  7.575000e-10
e4cout_r            =  9.999995e-01
e4sum_f             =  1.000000e+00
e4cout_f            =  7.575000e-10
e1sp_r              =  7.575049e-10
e1sn_r              =  1.000000e+00
e1cop_r             =  1.000000e+00
e1sp_f              =  9.999985e-01
e1sn_f              =  7.601656e-10
e1cop_f             =  1.128469e-08
dsp1                =  7.575000e-10
dsn1                =  -7.575001e-10
dcop1               =  -7.575001e-10
dcon1               =  7.575000e-10
dsp2                =  -7.574999e-10
dsn2                =  7.575000e-10
dcop2               =  7.575000e-10
dcon2               =  -7.575000e-10
dsp3                =  7.574999e-10
dsn3                =  7.575000e-10
dcop3               =  7.575000e-10
dcon3               =  7.575000e-10
dsp4                =  -7.581765e-10
dsn4                =  7.574999e-10
dcop4               =  7.575000e-10
dcon4               =  7.575001e-10
dsp5                =  -7.579878e-10
dsn5                =  7.575001e-10
dcop5               =  7.575000e-10
dcon5               =  7.575000e-10
dsp6                =  7.575001e-10
dsn6                =  7.574999e-10
dcop6               =  -7.575000e-10
dcon6               =  7.575000e-10
dsp7                =  -7.575001e-10
dsn7                =  7.575000e-10
dcop7               =  7.575000e-10
dcon7               =  -7.574998e-10
dsp8                =  7.575000e-10
dsn8                =  7.574999e-10
dcop8               =  7.575000e-10
dcon8               =  7.575000e-10


Total analysis time (seconds) = 29.3983

Total elapsed time (seconds) = 29.449 

Total DRAM available = 61921.320 MB.
DRAM currently available = 27531.910 MB.
Maximum ngspice program size =   36.410 MB.
Current ngspice program size =   25.516 MB.

Shared ngspice pages =   10.613 MB.
Text (code) pages =    7.578 MB.
Stack = 0 bytes.
Library pages =   15.004 MB.

